"PersonId","month_key","Internal_network_size","External_network_size","Strong_ties","Diverse_ties","Network_outside_organization"
"PID0001","2026-01",54,12,22,11,5
"PID0001","2026-02",63,12,22,14,4
"PID0001","2026-03",60,12,20,11,5
"PID0001","2026-04",71,13,22,16,5
"PID0001","2026-05",52,18,17,7,3
"PID0001","2026-06",62,11,25,17,7
"PID0002","2026-01",59,10,17,14,4
"PID0002","2026-02",65,18,19,13,5
"PID0002","2026-03",62,8,22,15,2
"PID0002","2026-04",60,19,21,11,5
"PID0002","2026-05",67,16,24,19,8
"PID0002","2026-06",71,15,24,20,4
"PID0003","2026-01",39,16,13,6,5
"PID0003","2026-02",56,17,17,11,3
"PID0003","2026-03",44,12,17,11,1
"PID0003","2026-04",54,10,15,10,4
"PID0003","2026-05",49,11,16,15,4
"PID0003","2026-06",50,19,18,9,5
"PID0004","2026-01",50,14,20,10,4
"PID0004","2026-02",57,8,19,9,4
"PID0004","2026-03",51,10,16,13,1
"PID0004","2026-04",60,17,17,13,5
"PID0004","2026-05",56,13,18,11,2
"PID0004","2026-06",49,14,16,9,4
"PID0005","2026-01",43,14,14,13,5
"PID0005","2026-02",57,15,17,9,4
"PID0005","2026-03",52,16,15,11,2
"PID0005","2026-04",55,10,20,18,1
"PID0005","2026-05",48,15,14,12,1
"PID0005","2026-06",55,17,14,11,5
"PID0006","2026-01",47,6,12,12,5
"PID0006","2026-02",35,11,4,8,5
"PID0006","2026-03",37,3,13,10,3
"PID0006","2026-04",58,15,19,7,4
"PID0006","2026-05",63,12,19,14,5
"PID0006","2026-06",41,14,16,9,4
"PID0007","2026-01",53,13,20,9,3
"PID0007","2026-02",42,9,15,10,4
"PID0007","2026-03",50,13,21,12,4
"PID0007","2026-04",36,3,14,10,2
"PID0007","2026-05",54,13,22,13,4
"PID0007","2026-06",32,9,6,5,4
"PID0008","2026-01",45,16,19,7,7
"PID0008","2026-02",45,18,16,10,8
"PID0008","2026-03",65,12,22,9,5
"PID0008","2026-04",64,6,23,11,3
"PID0008","2026-05",66,9,25,16,5
"PID0008","2026-06",59,4,18,14,3
"PID0009","2026-01",50,12,16,15,2
"PID0009","2026-02",52,1,13,14,3
"PID0009","2026-03",48,5,18,9,2
"PID0009","2026-04",36,8,10,8,3
"PID0009","2026-05",53,10,23,9,3
"PID0009","2026-06",43,13,15,8,3
"PID0010","2026-01",72,10,26,13,4
"PID0010","2026-02",74,10,26,14,5
"PID0010","2026-03",92,17,33,14,6
"PID0010","2026-04",91,14,25,21,7
"PID0010","2026-05",53,14,19,12,4
"PID0010","2026-06",64,14,23,12,8
"PID0011","2026-01",39,14,12,11,1
"PID0011","2026-02",25,10,11,6,5
"PID0011","2026-03",45,17,19,9,3
"PID0011","2026-04",33,9,10,7,1
"PID0011","2026-05",48,13,19,15,4
"PID0011","2026-06",50,5,19,17,3
"PID0012","2026-01",53,5,19,10,3
"PID0012","2026-02",56,17,17,12,4
"PID0012","2026-03",40,17,10,11,2
"PID0012","2026-04",40,8,12,6,5
"PID0012","2026-05",67,9,23,12,4
"PID0012","2026-06",46,12,17,4,4
"PID0013","2026-01",41,13,13,7,3
"PID0013","2026-02",44,10,16,13,4
"PID0013","2026-03",37,17,18,13,4
"PID0013","2026-04",68,7,22,14,4
"PID0013","2026-05",50,9,20,11,4
"PID0013","2026-06",54,7,16,13,3
"PID0014","2026-01",37,11,15,6,3
"PID0014","2026-02",50,17,16,12,6
"PID0014","2026-03",56,12,19,13,4
"PID0014","2026-04",37,11,14,9,2
"PID0014","2026-05",46,15,17,5,5
"PID0014","2026-06",54,13,20,16,4
"PID0015","2026-01",45,9,16,7,5
"PID0015","2026-02",55,17,23,12,4
"PID0015","2026-03",50,10,14,12,1
"PID0015","2026-04",50,14,18,13,4
"PID0015","2026-05",41,10,12,6,3
"PID0015","2026-06",52,18,19,12,0
"PID0016","2026-01",62,7,18,17,7
"PID0016","2026-02",61,14,14,15,6
"PID0016","2026-03",52,17,18,10,5
"PID0016","2026-04",52,15,14,13,5
"PID0016","2026-05",54,8,21,8,5
"PID0016","2026-06",59,17,22,12,7
"PID0017","2026-01",68,10,27,16,6
"PID0017","2026-02",72,14,25,13,6
"PID0017","2026-03",63,23,22,11,3
"PID0017","2026-04",71,16,27,12,7
"PID0017","2026-05",66,21,23,19,8
"PID0017","2026-06",66,16,24,11,4
"PID0018","2026-01",64,14,23,15,6
"PID0018","2026-02",67,10,24,14,5
"PID0018","2026-03",73,20,30,16,4
"PID0018","2026-04",64,14,23,12,3
"PID0018","2026-05",70,16,27,12,7
"PID0018","2026-06",64,9,22,12,3
"PID0019","2026-01",49,13,23,9,1
"PID0019","2026-02",58,10,21,14,3
"PID0019","2026-03",30,6,12,6,2
"PID0019","2026-04",45,9,17,14,4
"PID0019","2026-05",42,8,13,15,3
"PID0019","2026-06",52,18,18,11,3
"PID0020","2026-01",37,20,13,5,4
"PID0020","2026-02",58,2,16,15,4
"PID0020","2026-03",48,16,19,10,4
"PID0020","2026-04",55,6,13,13,2
"PID0020","2026-05",54,8,14,11,2
"PID0020","2026-06",51,13,18,13,2
"PID0021","2026-01",57,18,22,12,4
"PID0021","2026-02",69,6,24,15,4
"PID0021","2026-03",59,18,17,11,5
"PID0021","2026-04",62,9,23,14,3
"PID0021","2026-05",54,19,15,12,6
"PID0021","2026-06",65,19,22,9,6
"PID0022","2026-01",63,9,25,12,3
"PID0022","2026-02",38,11,14,11,2
"PID0022","2026-03",47,6,15,9,2
"PID0022","2026-04",43,10,15,12,2
"PID0022","2026-05",63,3,21,14,3
"PID0022","2026-06",56,12,19,10,1
"PID0023","2026-01",47,9,17,12,6
"PID0023","2026-02",44,19,14,12,4
"PID0023","2026-03",38,5,18,10,4
"PID0023","2026-04",54,11,21,13,4
"PID0023","2026-05",69,13,24,12,6
"PID0023","2026-06",54,7,21,10,3
"PID0024","2026-01",55,14,19,10,4
"PID0024","2026-02",43,13,16,8,2
"PID0024","2026-03",38,10,15,5,2
"PID0024","2026-04",55,8,17,14,1
"PID0024","2026-05",50,19,19,9,2
"PID0024","2026-06",53,16,16,14,3
"PID0025","2026-01",26,15,5,7,1
"PID0025","2026-02",25,1,4,7,2
"PID0025","2026-03",46,16,16,10,3
"PID0025","2026-04",50,10,14,11,1
"PID0025","2026-05",40,18,19,7,1
"PID0025","2026-06",43,11,16,10,4
"PID0026","2026-01",59,22,19,16,6
"PID0026","2026-02",67,9,25,14,4
"PID0026","2026-03",58,19,20,13,6
"PID0026","2026-04",67,13,24,13,5
"PID0026","2026-05",57,15,21,13,4
"PID0026","2026-06",66,17,15,15,7
"PID0027","2026-01",42,12,8,10,4
"PID0027","2026-02",49,13,19,13,5
"PID0027","2026-03",42,17,13,7,2
"PID0027","2026-04",46,14,18,5,3
"PID0027","2026-05",39,13,13,12,1
"PID0027","2026-06",59,15,15,14,3
"PID0028","2026-01",43,9,9,5,5
"PID0028","2026-02",52,10,11,8,3
"PID0028","2026-03",31,6,6,6,3
"PID0028","2026-04",33,8,7,11,1
"PID0028","2026-05",34,6,10,0,3
"PID0028","2026-06",60,10,23,18,2
"PID0029","2026-01",57,9,21,13,4
"PID0029","2026-02",46,11,15,16,1
"PID0029","2026-03",45,12,18,6,3
"PID0029","2026-04",51,10,18,4,4
"PID0029","2026-05",57,15,20,12,4
"PID0029","2026-06",49,13,19,8,3
"PID0030","2026-01",38,13,7,8,4
"PID0030","2026-02",47,13,20,8,2
"PID0030","2026-03",52,11,17,12,6
"PID0030","2026-04",55,9,13,11,5
"PID0030","2026-05",59,7,20,11,0
"PID0030","2026-06",48,0,18,11,4
"PID0031","2026-01",59,13,24,16,4
"PID0031","2026-02",46,16,21,11,5
"PID0031","2026-03",62,11,21,18,5
"PID0031","2026-04",58,17,16,14,5
"PID0031","2026-05",48,10,14,10,5
"PID0031","2026-06",66,14,23,17,5
"PID0032","2026-01",47,12,16,15,5
"PID0032","2026-02",47,12,18,12,3
"PID0032","2026-03",59,14,26,13,4
"PID0032","2026-04",51,3,16,9,3
"PID0032","2026-05",62,10,21,9,3
"PID0032","2026-06",58,9,22,7,4
"PID0033","2026-01",47,14,11,8,3
"PID0033","2026-02",41,6,16,1,2
"PID0033","2026-03",33,5,11,12,3
"PID0033","2026-04",32,2,11,6,2
"PID0033","2026-05",44,11,14,9,5
"PID0033","2026-06",47,6,22,9,4
"PID0034","2026-01",52,12,17,4,3
"PID0034","2026-02",44,10,16,14,3
"PID0034","2026-03",29,20,14,6,3
"PID0034","2026-04",36,10,13,9,3
"PID0034","2026-05",48,13,17,11,4
"PID0034","2026-06",43,12,18,14,3
"PID0035","2026-01",53,10,16,7,5
"PID0035","2026-02",49,16,23,12,2
"PID0035","2026-03",57,18,18,12,4
"PID0035","2026-04",64,13,19,13,4
"PID0035","2026-05",58,13,19,14,5
"PID0035","2026-06",39,13,13,4,3
"PID0036","2026-01",55,12,19,10,5
"PID0036","2026-02",49,6,11,11,5
"PID0036","2026-03",47,10,19,10,5
"PID0036","2026-04",47,8,16,8,1
"PID0036","2026-05",43,15,16,7,3
"PID0036","2026-06",50,11,14,10,6
"PID0037","2026-01",41,15,20,12,3
"PID0037","2026-02",48,10,17,10,3
"PID0037","2026-03",52,8,15,8,4
"PID0037","2026-04",34,6,12,9,2
"PID0037","2026-05",45,10,17,8,3
"PID0037","2026-06",28,11,10,6,2
"PID0038","2026-01",60,12,23,10,4
"PID0038","2026-02",70,9,23,14,5
"PID0038","2026-03",64,8,24,10,7
"PID0038","2026-04",70,22,28,15,7
"PID0038","2026-05",61,15,22,15,7
"PID0038","2026-06",80,11,25,17,6
"PID0039","2026-01",54,9,18,10,3
"PID0039","2026-02",60,13,18,13,6
"PID0039","2026-03",38,15,10,11,2
"PID0039","2026-04",33,7,11,5,2
"PID0039","2026-05",46,13,16,17,3
"PID0039","2026-06",41,15,16,10,2
"PID0040","2026-01",53,10,18,11,4
"PID0040","2026-02",61,2,18,13,2
"PID0040","2026-03",54,10,18,8,6
"PID0040","2026-04",45,10,17,10,2
"PID0040","2026-05",44,10,12,11,4
"PID0040","2026-06",47,7,19,9,2
"PID0041","2026-01",68,17,23,23,5
"PID0041","2026-02",79,12,27,16,6
"PID0041","2026-03",63,9,25,14,5
"PID0041","2026-04",58,20,22,11,8
"PID0041","2026-05",39,13,9,11,6
"PID0041","2026-06",57,8,20,13,2
"PID0042","2026-01",59,14,26,12,3
"PID0042","2026-02",61,11,22,6,4
"PID0042","2026-03",53,16,10,10,2
"PID0042","2026-04",57,11,19,19,5
"PID0042","2026-05",66,13,23,11,5
"PID0042","2026-06",63,6,19,12,4
"PID0043","2026-01",57,14,18,20,3
"PID0043","2026-02",58,9,15,12,6
"PID0043","2026-03",59,13,21,14,5
"PID0043","2026-04",68,13,26,11,4
"PID0043","2026-05",57,8,23,15,2
"PID0043","2026-06",72,15,25,15,3
"PID0044","2026-01",35,8,18,7,2
"PID0044","2026-02",49,8,16,13,4
"PID0044","2026-03",61,9,25,12,2
"PID0044","2026-04",40,7,12,10,1
"PID0044","2026-05",40,12,14,9,2
"PID0044","2026-06",58,15,18,10,2
"PID0045","2026-01",39,6,13,10,5
"PID0045","2026-02",42,9,9,7,6
"PID0045","2026-03",39,12,21,7,6
"PID0045","2026-04",44,6,13,11,4
"PID0045","2026-05",56,12,24,10,4
"PID0045","2026-06",53,1,17,12,4
"PID0046","2026-01",61,11,22,12,3
"PID0046","2026-02",58,7,20,16,6
"PID0046","2026-03",62,9,23,11,4
"PID0046","2026-04",48,17,10,10,4
"PID0046","2026-05",60,10,18,15,2
"PID0046","2026-06",57,12,18,13,5
"PID0047","2026-01",43,16,12,8,2
"PID0047","2026-02",54,12,17,8,3
"PID0047","2026-03",67,3,22,10,1
"PID0047","2026-04",49,11,16,10,4
"PID0047","2026-05",47,11,16,13,4
"PID0047","2026-06",48,10,15,8,6
"PID0048","2026-01",44,16,19,11,3
"PID0048","2026-02",53,9,21,6,4
"PID0048","2026-03",47,14,16,9,0
"PID0048","2026-04",49,5,16,8,4
"PID0048","2026-05",48,7,14,9,2
"PID0048","2026-06",35,13,11,0,3
"PID0049","2026-01",61,13,21,9,5
"PID0049","2026-02",61,9,26,9,4
"PID0049","2026-03",64,18,22,17,7
"PID0049","2026-04",65,8,25,8,5
"PID0049","2026-05",65,7,27,15,6
"PID0049","2026-06",62,9,21,15,5
"PID0050","2026-01",58,11,17,11,3
"PID0050","2026-02",52,13,23,10,4
"PID0050","2026-03",60,14,19,15,4
"PID0050","2026-04",65,15,21,14,6
"PID0050","2026-05",50,20,19,5,1
"PID0050","2026-06",51,12,14,11,2
"PID0051","2026-01",56,13,16,14,4
"PID0051","2026-02",56,15,17,11,4
"PID0051","2026-03",49,12,12,8,4
"PID0051","2026-04",58,7,18,17,3
"PID0051","2026-05",54,15,14,9,4
"PID0051","2026-06",49,11,15,14,5
"PID0052","2026-01",39,14,12,8,2
"PID0052","2026-02",45,9,18,13,3
"PID0052","2026-03",55,9,17,16,5
"PID0052","2026-04",44,15,11,9,3
"PID0052","2026-05",48,7,16,12,3
"PID0052","2026-06",59,8,19,12,3
"PID0053","2026-01",51,16,16,16,7
"PID0053","2026-02",38,15,19,11,2
"PID0053","2026-03",47,13,13,9,2
"PID0053","2026-04",44,17,12,11,1
"PID0053","2026-05",45,15,11,3,5
"PID0053","2026-06",41,13,19,12,2
"PID0054","2026-01",84,14,28,20,7
"PID0054","2026-02",67,11,18,7,6
"PID0054","2026-03",89,20,34,20,6
"PID0054","2026-04",81,15,30,20,7
"PID0054","2026-05",65,12,25,15,5
"PID0054","2026-06",70,17,25,12,5
"PID0055","2026-01",59,10,21,13,3
"PID0055","2026-02",45,0,15,8,4
"PID0055","2026-03",48,6,16,6,4
"PID0055","2026-04",53,14,16,15,3
"PID0055","2026-05",62,11,21,14,6
"PID0055","2026-06",55,14,21,9,6
"PID0056","2026-01",69,18,22,15,7
"PID0056","2026-02",53,13,13,15,8
"PID0056","2026-03",74,13,24,18,4
"PID0056","2026-04",48,9,13,5,6
"PID0056","2026-05",61,16,22,12,6
"PID0056","2026-06",59,16,19,14,7
"PID0057","2026-01",69,10,22,9,3
"PID0057","2026-02",54,11,17,12,2
"PID0057","2026-03",56,17,17,12,2
"PID0057","2026-04",68,11,21,12,3
"PID0057","2026-05",51,18,20,6,4
"PID0057","2026-06",72,11,27,15,0
"PID0058","2026-01",54,18,15,6,5
"PID0058","2026-02",51,5,22,16,1
"PID0058","2026-03",63,19,18,14,1
"PID0058","2026-04",62,16,22,9,3
"PID0058","2026-05",54,7,16,11,2
"PID0058","2026-06",46,13,20,11,3
"PID0059","2026-01",44,15,19,11,5
"PID0059","2026-02",44,19,15,10,4
"PID0059","2026-03",50,15,15,11,5
"PID0059","2026-04",43,6,10,8,4
"PID0059","2026-05",48,8,17,14,3
"PID0059","2026-06",52,12,22,11,3
"PID0060","2026-01",58,4,21,13,3
"PID0060","2026-02",49,11,15,17,3
"PID0060","2026-03",47,15,15,12,0
"PID0060","2026-04",42,9,17,8,4
"PID0060","2026-05",43,17,17,10,2
"PID0060","2026-06",40,11,12,15,1
"PID0061","2026-01",50,10,14,11,2
"PID0061","2026-02",46,14,17,14,3
"PID0061","2026-03",52,10,21,10,4
"PID0061","2026-04",45,11,18,9,2
"PID0061","2026-05",48,6,22,12,4
"PID0061","2026-06",45,4,18,7,4
"PID0062","2026-01",52,14,19,6,1
"PID0062","2026-02",52,10,21,7,4
"PID0062","2026-03",50,13,15,4,0
"PID0062","2026-04",55,15,13,17,4
"PID0062","2026-05",43,15,15,11,2
"PID0062","2026-06",54,15,20,7,3
"PID0063","2026-01",44,21,17,6,5
"PID0063","2026-02",49,7,13,11,4
"PID0063","2026-03",37,13,15,11,3
"PID0063","2026-04",54,12,19,17,9
"PID0063","2026-05",48,17,11,7,6
"PID0063","2026-06",57,10,19,13,6
"PID0064","2026-01",48,7,14,11,3
"PID0064","2026-02",34,13,15,5,2
"PID0064","2026-03",44,12,12,12,4
"PID0064","2026-04",56,15,22,13,4
"PID0064","2026-05",28,10,8,5,6
"PID0064","2026-06",26,19,11,3,0
"PID0065","2026-01",64,14,20,10,5
"PID0065","2026-02",56,14,19,7,7
"PID0065","2026-03",50,12,17,7,3
"PID0065","2026-04",45,13,15,11,2
"PID0065","2026-05",64,12,21,18,5
"PID0065","2026-06",56,19,18,11,5
"PID0066","2026-01",51,12,13,11,2
"PID0066","2026-02",51,10,17,14,4
"PID0066","2026-03",39,3,14,9,4
"PID0066","2026-04",44,9,16,12,2
"PID0066","2026-05",52,16,20,9,4
"PID0066","2026-06",29,12,10,4,3
"PID0067","2026-01",49,12,15,7,4
"PID0067","2026-02",49,14,18,10,1
"PID0067","2026-03",60,10,16,15,2
"PID0067","2026-04",36,14,14,6,4
"PID0067","2026-05",46,13,17,12,3
"PID0067","2026-06",64,9,24,12,3
"PID0068","2026-01",45,15,14,8,6
"PID0068","2026-02",45,8,16,12,3
"PID0068","2026-03",43,8,13,9,4
"PID0068","2026-04",55,14,10,12,5
"PID0068","2026-05",46,6,11,13,3
"PID0068","2026-06",45,9,16,11,4
"PID0069","2026-01",40,17,12,12,5
"PID0069","2026-02",56,14,15,12,2
"PID0069","2026-03",67,12,27,10,6
"PID0069","2026-04",54,9,23,13,6
"PID0069","2026-05",52,9,20,8,3
"PID0069","2026-06",43,8,12,11,1
"PID0070","2026-01",50,8,21,8,0
"PID0070","2026-02",31,12,9,6,2
"PID0070","2026-03",48,15,19,16,3
"PID0070","2026-04",33,13,13,9,2
"PID0070","2026-05",31,15,16,12,3
"PID0070","2026-06",29,15,9,6,4
"PID0071","2026-01",40,13,14,8,4
"PID0071","2026-02",50,13,20,9,6
"PID0071","2026-03",36,4,15,5,1
"PID0071","2026-04",58,13,15,14,2
"PID0071","2026-05",55,12,17,14,4
"PID0071","2026-06",43,16,15,7,0
"PID0072","2026-01",48,1,16,10,4
"PID0072","2026-02",50,6,19,12,5
"PID0072","2026-03",37,12,11,11,7
"PID0072","2026-04",37,8,11,8,1
"PID0072","2026-05",42,5,16,4,3
"PID0072","2026-06",38,6,13,6,5
"PID0073","2026-01",53,18,15,11,6
"PID0073","2026-02",49,28,20,9,6
"PID0073","2026-03",61,14,28,12,4
"PID0073","2026-04",67,9,20,15,6
"PID0073","2026-05",52,15,19,8,4
"PID0073","2026-06",56,12,17,11,7
"PID0074","2026-01",60,9,19,12,6
"PID0074","2026-02",68,10,24,15,8
"PID0074","2026-03",80,12,30,13,6
"PID0074","2026-04",68,13,21,14,4
"PID0074","2026-05",70,17,27,14,4
"PID0074","2026-06",68,7,22,16,6
"PID0075","2026-01",56,14,20,13,3
"PID0075","2026-02",49,10,16,9,2
"PID0075","2026-03",48,10,20,8,3
"PID0075","2026-04",63,14,22,13,4
"PID0075","2026-05",49,11,19,12,1
"PID0075","2026-06",42,3,15,4,2
"PID0076","2026-01",54,9,19,14,4
"PID0076","2026-02",62,11,23,9,6
"PID0076","2026-03",31,10,3,6,3
"PID0076","2026-04",56,11,20,13,4
"PID0076","2026-05",51,11,12,15,4
"PID0076","2026-06",73,20,28,16,4
"PID0077","2026-01",44,17,15,5,4
"PID0077","2026-02",50,13,18,14,4
"PID0077","2026-03",60,16,18,13,2
"PID0077","2026-04",39,9,8,12,2
"PID0077","2026-05",61,8,21,13,0
"PID0077","2026-06",39,7,9,3,2
"PID0078","2026-01",63,17,19,16,3
"PID0078","2026-02",52,14,17,17,3
"PID0078","2026-03",36,17,17,7,1
"PID0078","2026-04",58,15,22,18,4
"PID0078","2026-05",40,11,15,8,4
"PID0078","2026-06",43,11,14,10,2
"PID0079","2026-01",38,7,12,4,4
"PID0079","2026-02",60,8,21,16,4
"PID0079","2026-03",48,21,18,8,5
"PID0079","2026-04",55,11,19,15,2
"PID0079","2026-05",55,20,18,11,3
"PID0079","2026-06",55,13,16,7,4
"PID0080","2026-01",61,9,22,18,3
"PID0080","2026-02",58,10,18,10,4
"PID0080","2026-03",52,9,15,7,2
"PID0080","2026-04",45,6,17,8,3
"PID0080","2026-05",40,20,13,7,4
"PID0080","2026-06",54,2,18,12,2
"PID0081","2026-01",50,15,21,12,4
"PID0081","2026-02",64,12,24,16,3
"PID0081","2026-03",46,11,17,9,4
"PID0081","2026-04",68,14,21,10,4
"PID0081","2026-05",75,16,25,13,3
"PID0081","2026-06",60,17,20,12,4
"PID0082","2026-01",44,15,15,8,4
"PID0082","2026-02",49,12,5,14,3
"PID0082","2026-03",48,14,19,9,2
"PID0082","2026-04",36,4,16,13,2
"PID0082","2026-05",50,16,18,15,3
"PID0082","2026-06",35,4,11,13,2
"PID0083","2026-01",52,14,26,11,5
"PID0083","2026-02",51,18,20,14,5
"PID0083","2026-03",55,10,18,10,4
"PID0083","2026-04",54,24,18,15,2
"PID0083","2026-05",54,12,20,16,3
"PID0083","2026-06",45,13,18,10,5
"PID0084","2026-01",58,12,18,13,5
"PID0084","2026-02",42,10,13,11,3
"PID0084","2026-03",47,8,11,8,3
"PID0084","2026-04",38,4,16,5,4
"PID0084","2026-05",48,7,18,9,3
"PID0084","2026-06",56,16,18,14,4
"PID0085","2026-01",52,6,17,3,4
"PID0085","2026-02",59,14,26,16,3
"PID0085","2026-03",49,11,18,16,3
"PID0085","2026-04",58,12,18,10,3
"PID0085","2026-05",52,8,20,14,3
"PID0085","2026-06",52,14,21,19,4
"PID0086","2026-01",60,12,24,16,9
"PID0086","2026-02",57,16,18,11,5
"PID0086","2026-03",38,8,10,10,6
"PID0086","2026-04",60,11,20,16,7
"PID0086","2026-05",61,8,24,10,6
"PID0086","2026-06",68,12,17,19,5
"PID0087","2026-01",40,8,10,13,3
"PID0087","2026-02",47,14,17,10,1
"PID0087","2026-03",49,9,16,10,1
"PID0087","2026-04",59,17,17,11,4
"PID0087","2026-05",53,14,15,7,1
"PID0087","2026-06",41,17,15,10,2
"PID0088","2026-01",51,14,18,12,6
"PID0088","2026-02",60,11,20,12,6
"PID0088","2026-03",63,16,21,10,5
"PID0088","2026-04",50,13,20,10,4
"PID0088","2026-05",57,8,19,13,5
"PID0088","2026-06",56,8,22,11,4
"PID0089","2026-01",55,8,18,7,6
"PID0089","2026-02",44,18,15,7,2
"PID0089","2026-03",48,17,11,10,2
"PID0089","2026-04",45,15,15,7,3
"PID0089","2026-05",54,16,14,13,4
"PID0089","2026-06",60,6,19,10,3
"PID0090","2026-01",44,12,18,8,4
"PID0090","2026-02",42,15,16,10,2
"PID0090","2026-03",47,12,16,8,1
"PID0090","2026-04",50,16,15,2,3
"PID0090","2026-05",33,12,14,2,4
"PID0090","2026-06",46,12,16,12,5
"PID0091","2026-01",45,15,13,11,3
"PID0091","2026-02",61,9,13,18,5
"PID0091","2026-03",39,16,13,5,0
"PID0091","2026-04",57,7,18,11,4
"PID0091","2026-05",49,5,18,6,4
"PID0091","2026-06",53,12,18,17,2
"PID0092","2026-01",55,12,15,17,4
"PID0092","2026-02",53,10,15,9,3
"PID0092","2026-03",50,12,15,11,5
"PID0092","2026-04",56,13,17,13,3
"PID0092","2026-05",58,10,17,11,3
"PID0092","2026-06",53,17,18,12,4
"PID0093","2026-01",71,13,20,12,7
"PID0093","2026-02",61,7,22,15,7
"PID0093","2026-03",63,11,28,15,4
"PID0093","2026-04",66,12,22,10,4
"PID0093","2026-05",71,9,27,13,4
"PID0093","2026-06",64,15,19,11,3
"PID0094","2026-01",66,17,25,14,4
"PID0094","2026-02",39,10,13,10,4
"PID0094","2026-03",63,6,19,9,3
"PID0094","2026-04",69,13,22,14,5
"PID0094","2026-05",52,18,23,8,4
"PID0094","2026-06",75,15,25,16,5
"PID0095","2026-01",50,14,20,8,3
"PID0095","2026-02",29,15,11,3,4
"PID0095","2026-03",47,13,12,4,2
"PID0095","2026-04",59,14,23,10,3
"PID0095","2026-05",46,11,14,15,5
"PID0095","2026-06",52,9,13,12,4
"PID0096","2026-01",50,4,16,6,2
"PID0096","2026-02",54,9,19,13,3
"PID0096","2026-03",45,16,18,5,2
"PID0096","2026-04",62,10,22,13,2
"PID0096","2026-05",51,7,17,14,4
"PID0096","2026-06",54,15,14,10,4
"PID0097","2026-01",54,19,14,13,2
"PID0097","2026-02",54,17,16,12,0
"PID0097","2026-03",63,13,22,15,2
"PID0097","2026-04",51,11,16,13,1
"PID0097","2026-05",57,19,21,11,4
"PID0097","2026-06",76,13,28,15,2
"PID0098","2026-01",37,13,6,3,2
"PID0098","2026-02",61,11,18,14,1
"PID0098","2026-03",50,16,19,9,3
"PID0098","2026-04",55,16,21,18,0
"PID0098","2026-05",44,7,9,12,3
"PID0098","2026-06",56,16,20,9,2
"PID0099","2026-01",70,16,24,12,2
"PID0099","2026-02",62,14,26,13,6
"PID0099","2026-03",57,11,18,12,6
"PID0099","2026-04",46,21,17,7,4
"PID0099","2026-05",54,9,15,8,5
"PID0099","2026-06",57,12,25,11,4
"PID0100","2026-01",47,11,17,10,1
"PID0100","2026-02",40,6,18,14,4
"PID0100","2026-03",32,16,11,5,4
"PID0100","2026-04",64,10,23,12,3
"PID0100","2026-05",69,10,21,13,3
"PID0100","2026-06",65,12,24,16,3
"PID0101","2026-01",52,15,17,12,4
"PID0101","2026-02",50,12,14,9,6
"PID0101","2026-03",52,15,15,16,6
"PID0101","2026-04",58,11,17,11,4
"PID0101","2026-05",65,10,24,17,7
"PID0101","2026-06",49,10,19,15,5
"PID0102","2026-01",44,16,20,11,5
"PID0102","2026-02",65,13,20,13,0
"PID0102","2026-03",60,14,23,15,4
"PID0102","2026-04",49,16,19,11,5
"PID0102","2026-05",56,17,21,15,5
"PID0102","2026-06",49,10,14,12,5
"PID0103","2026-01",52,10,22,12,4
"PID0103","2026-02",60,15,24,8,6
"PID0103","2026-03",80,10,24,20,5
"PID0103","2026-04",70,8,28,19,3
"PID0103","2026-05",72,12,25,14,7
"PID0103","2026-06",60,4,21,14,5
"PID0104","2026-01",60,7,19,12,4
"PID0104","2026-02",54,13,22,11,5
"PID0104","2026-03",51,6,22,6,4
"PID0104","2026-04",52,8,16,16,4
"PID0104","2026-05",39,8,16,5,6
"PID0104","2026-06",50,10,22,13,4
"PID0105","2026-01",42,15,18,5,6
"PID0105","2026-02",57,7,19,11,4
"PID0105","2026-03",61,8,20,17,2
"PID0105","2026-04",65,12,20,13,4
"PID0105","2026-05",56,4,17,11,3
"PID0105","2026-06",51,15,21,4,5
"PID0106","2026-01",55,10,19,9,4
"PID0106","2026-02",46,3,19,9,6
"PID0106","2026-03",63,13,23,14,5
"PID0106","2026-04",47,11,11,10,5
"PID0106","2026-05",65,14,24,18,5
"PID0106","2026-06",47,13,14,9,3
"PID0107","2026-01",43,12,18,12,5
"PID0107","2026-02",61,13,21,11,2
"PID0107","2026-03",65,12,23,16,3
"PID0107","2026-04",72,9,26,17,5
"PID0107","2026-05",47,10,19,15,2
"PID0107","2026-06",56,13,22,11,1
"PID0108","2026-01",46,14,15,10,3
"PID0108","2026-02",58,13,24,7,3
"PID0108","2026-03",41,10,19,8,6
"PID0108","2026-04",44,12,15,7,3
"PID0108","2026-05",62,10,24,10,4
"PID0108","2026-06",38,8,11,6,3
"PID0109","2026-01",41,10,12,8,3
"PID0109","2026-02",54,9,20,17,2
"PID0109","2026-03",45,4,19,15,4
"PID0109","2026-04",33,2,9,7,4
"PID0109","2026-05",44,5,20,7,4
"PID0109","2026-06",40,10,16,9,2
"PID0110","2026-01",69,14,22,18,7
"PID0110","2026-02",71,14,22,18,6
"PID0110","2026-03",56,15,18,11,7
"PID0110","2026-04",88,17,29,18,4
"PID0110","2026-05",76,18,24,20,4
"PID0110","2026-06",66,7,25,18,6
"PID0111","2026-01",41,16,14,8,1
"PID0111","2026-02",58,20,14,11,3
"PID0111","2026-03",47,20,18,7,4
"PID0111","2026-04",56,12,18,12,4
"PID0111","2026-05",49,7,8,9,3
"PID0111","2026-06",47,6,19,13,3
"PID0112","2026-01",67,14,26,9,4
"PID0112","2026-02",55,14,16,10,3
"PID0112","2026-03",60,12,22,11,3
"PID0112","2026-04",60,14,21,10,3
"PID0112","2026-05",62,14,21,17,5
"PID0112","2026-06",59,13,18,10,5
"PID0113","2026-01",53,18,20,10,3
"PID0113","2026-02",64,7,25,10,3
"PID0113","2026-03",56,20,20,18,5
"PID0113","2026-04",50,18,22,4,4
"PID0113","2026-05",66,14,20,14,5
"PID0113","2026-06",69,15,17,11,5
"PID0114","2026-01",38,7,15,7,3
"PID0114","2026-02",45,19,13,7,3
"PID0114","2026-03",65,10,24,11,3
"PID0114","2026-04",50,5,18,4,3
"PID0114","2026-05",49,6,18,13,4
"PID0114","2026-06",55,5,9,14,4
"PID0115","2026-01",47,6,15,8,0
"PID0115","2026-02",46,1,19,6,3
"PID0115","2026-03",58,4,22,13,2
"PID0115","2026-04",48,0,16,12,1
"PID0115","2026-05",33,10,12,12,5
"PID0115","2026-06",53,10,21,12,5
"PID0116","2026-01",47,11,16,10,2
"PID0116","2026-02",55,13,17,9,5
"PID0116","2026-03",48,15,21,11,1
"PID0116","2026-04",44,9,11,12,3
"PID0116","2026-05",49,8,14,12,3
"PID0116","2026-06",36,12,11,3,5
"PID0117","2026-01",44,9,12,7,3
"PID0117","2026-02",58,23,20,18,3
"PID0117","2026-03",56,19,21,13,4
"PID0117","2026-04",43,9,13,8,3
"PID0117","2026-05",51,23,19,12,1
"PID0117","2026-06",42,12,17,3,4
"PID0118","2026-01",32,16,10,7,4
"PID0118","2026-02",33,10,9,6,6
"PID0118","2026-03",37,11,12,7,2
"PID0118","2026-04",42,11,11,8,3
"PID0118","2026-05",33,11,10,7,4
"PID0118","2026-06",53,21,16,12,5
"PID0119","2026-01",52,19,18,16,6
"PID0119","2026-02",50,18,16,7,2
"PID0119","2026-03",44,12,14,11,3
"PID0119","2026-04",41,16,11,7,2
"PID0119","2026-05",64,14,21,14,1
"PID0119","2026-06",45,9,10,11,5
"PID0120","2026-01",51,12,16,8,5
"PID0120","2026-02",62,16,18,12,2
"PID0120","2026-03",58,14,20,13,3
"PID0120","2026-04",45,20,11,4,3
"PID0120","2026-05",54,8,11,7,4
"PID0120","2026-06",45,9,11,9,5
"PID0121","2026-01",65,14,21,13,5
"PID0121","2026-02",73,10,30,14,3
"PID0121","2026-03",72,16,30,21,6
"PID0121","2026-04",74,9,21,14,5
"PID0121","2026-05",82,19,29,16,7
"PID0121","2026-06",85,15,24,19,6
"PID0122","2026-01",43,9,11,9,0
"PID0122","2026-02",37,13,7,4,0
"PID0122","2026-03",34,12,7,8,3
"PID0122","2026-04",48,4,20,15,2
"PID0122","2026-05",39,7,18,15,2
"PID0122","2026-06",48,10,16,7,4
"PID0123","2026-01",70,13,30,15,1
"PID0123","2026-02",57,13,18,17,4
"PID0123","2026-03",59,9,18,8,2
"PID0123","2026-04",67,5,21,16,0
"PID0123","2026-05",51,14,20,9,4
"PID0123","2026-06",49,14,16,10,2
"PID0124","2026-01",52,2,16,13,3
"PID0124","2026-02",42,17,15,8,5
"PID0124","2026-03",53,10,14,14,2
"PID0124","2026-04",60,19,23,11,5
"PID0124","2026-05",57,12,22,10,3
"PID0124","2026-06",60,17,21,15,1
"PID0125","2026-01",64,11,23,11,4
"PID0125","2026-02",47,10,18,16,4
"PID0125","2026-03",44,18,15,8,4
"PID0125","2026-04",44,0,18,4,1
"PID0125","2026-05",48,9,15,10,3
"PID0125","2026-06",50,10,17,6,4
"PID0126","2026-01",54,11,13,2,1
"PID0126","2026-02",50,9,17,11,2
"PID0126","2026-03",48,13,16,14,5
"PID0126","2026-04",58,9,21,14,6
"PID0126","2026-05",62,4,19,13,2
"PID0126","2026-06",44,16,16,7,2
"PID0127","2026-01",51,14,16,11,2
"PID0127","2026-02",62,13,19,10,5
"PID0127","2026-03",54,11,16,6,1
"PID0127","2026-04",45,11,13,7,3
"PID0127","2026-05",69,18,24,10,1
"PID0127","2026-06",44,15,11,11,3
"PID0128","2026-01",61,23,20,16,6
"PID0128","2026-02",68,9,32,8,5
"PID0128","2026-03",63,5,17,15,6
"PID0128","2026-04",62,12,21,14,6
"PID0128","2026-05",57,15,14,9,4
"PID0128","2026-06",65,15,18,16,4
"PID0129","2026-01",35,8,14,10,2
"PID0129","2026-02",45,15,14,9,4
"PID0129","2026-03",55,11,16,10,1
"PID0129","2026-04",49,13,18,13,3
"PID0129","2026-05",43,11,13,9,4
"PID0129","2026-06",53,13,13,11,4
"PID0130","2026-01",60,18,18,11,5
"PID0130","2026-02",50,17,16,10,4
"PID0130","2026-03",63,19,20,16,4
"PID0130","2026-04",42,9,17,12,5
"PID0130","2026-05",66,9,21,14,2
"PID0130","2026-06",55,6,18,10,3
"PID0131","2026-01",37,7,13,9,1
"PID0131","2026-02",41,10,14,10,4
"PID0131","2026-03",47,11,16,12,1
"PID0131","2026-04",33,10,14,8,2
"PID0131","2026-05",44,5,14,10,1
"PID0131","2026-06",54,15,20,13,2
"PID0132","2026-01",37,2,15,10,5
"PID0132","2026-02",32,8,12,4,5
"PID0132","2026-03",45,14,16,11,3
"PID0132","2026-04",18,2,8,7,3
"PID0132","2026-05",33,8,11,7,3
"PID0132","2026-06",35,5,16,9,5
"PID0133","2026-01",56,10,23,12,2
"PID0133","2026-02",55,14,19,13,1
"PID0133","2026-03",52,14,18,8,3
"PID0133","2026-04",44,10,19,11,4
"PID0133","2026-05",48,9,17,8,3
"PID0133","2026-06",49,9,23,7,2
"PID0134","2026-01",62,20,15,10,3
"PID0134","2026-02",50,15,15,13,3
"PID0134","2026-03",39,9,13,6,5
"PID0134","2026-04",41,12,12,4,3
"PID0134","2026-05",45,9,11,14,4
"PID0134","2026-06",54,12,14,5,3
"PID0135","2026-01",63,18,27,11,4
"PID0135","2026-02",79,15,28,16,4
"PID0135","2026-03",75,16,28,14,5
"PID0135","2026-04",56,15,21,10,5
"PID0135","2026-05",66,12,25,12,4
"PID0135","2026-06",66,14,21,14,2
"PID0136","2026-01",69,8,25,14,6
"PID0136","2026-02",79,13,22,19,6
"PID0136","2026-03",68,10,25,18,7
"PID0136","2026-04",82,11,28,20,5
"PID0136","2026-05",63,8,25,15,6
"PID0136","2026-06",69,15,31,19,5
"PID0137","2026-01",52,11,9,16,2
"PID0137","2026-02",46,12,22,13,6
"PID0137","2026-03",52,6,13,11,3
"PID0137","2026-04",53,11,16,13,2
"PID0137","2026-05",39,15,15,7,3
"PID0137","2026-06",58,15,15,11,2
"PID0138","2026-01",54,18,20,9,4
"PID0138","2026-02",35,16,10,8,4
"PID0138","2026-03",44,15,16,10,3
"PID0138","2026-04",52,6,18,9,4
"PID0138","2026-05",50,9,17,8,3
"PID0138","2026-06",53,8,22,12,4
"PID0139","2026-01",45,16,14,4,5
"PID0139","2026-02",47,17,17,11,5
"PID0139","2026-03",43,12,16,10,5
"PID0139","2026-04",47,9,20,13,3
"PID0139","2026-05",58,9,21,7,5
"PID0139","2026-06",59,9,25,18,4
"PID0140","2026-01",49,11,19,11,2
"PID0140","2026-02",44,12,20,4,5
"PID0140","2026-03",52,15,16,11,4
"PID0140","2026-04",52,21,12,10,2
"PID0140","2026-05",53,11,14,4,3
"PID0140","2026-06",52,13,15,6,4
"PID0141","2026-01",63,17,17,13,4
"PID0141","2026-02",57,12,20,11,4
"PID0141","2026-03",41,10,16,12,6
"PID0141","2026-04",53,16,21,10,2
"PID0141","2026-05",64,14,21,17,3
"PID0141","2026-06",54,11,20,6,4
"PID0142","2026-01",68,8,22,11,4
"PID0142","2026-02",68,11,23,19,4
"PID0142","2026-03",60,11,19,10,2
"PID0142","2026-04",39,22,11,4,2
"PID0142","2026-05",46,4,20,10,4
"PID0142","2026-06",54,13,20,10,4
"PID0143","2026-01",48,12,15,14,4
"PID0143","2026-02",49,4,21,14,3
"PID0143","2026-03",51,13,11,12,3
"PID0143","2026-04",36,4,7,8,1
"PID0143","2026-05",50,7,18,9,3
"PID0143","2026-06",49,8,15,11,2
"PID0144","2026-01",48,23,20,15,3
"PID0144","2026-02",53,9,24,6,3
"PID0144","2026-03",58,18,19,17,3
"PID0144","2026-04",49,11,17,13,3
"PID0144","2026-05",59,15,15,8,3
"PID0144","2026-06",55,21,18,11,0
"PID0145","2026-01",66,5,25,13,7
"PID0145","2026-02",77,15,22,11,4
"PID0145","2026-03",65,14,24,11,5
"PID0145","2026-04",80,17,26,20,6
"PID0145","2026-05",76,19,23,17,6
"PID0145","2026-06",61,8,27,11,4
"PID0146","2026-01",52,6,19,13,3
"PID0146","2026-02",46,12,18,7,4
"PID0146","2026-03",54,12,20,13,2
"PID0146","2026-04",46,3,18,10,6
"PID0146","2026-05",53,12,18,14,0
"PID0146","2026-06",41,10,13,10,3
"PID0147","2026-01",51,7,19,16,2
"PID0147","2026-02",56,17,23,16,5
"PID0147","2026-03",65,9,21,17,4
"PID0147","2026-04",35,11,11,5,4
"PID0147","2026-05",42,15,18,7,3
"PID0147","2026-06",47,13,12,14,6
"PID0148","2026-01",69,11,22,14,3
"PID0148","2026-02",83,19,26,15,4
"PID0148","2026-03",65,17,18,15,5
"PID0148","2026-04",74,17,20,21,4
"PID0148","2026-05",81,20,25,15,6
"PID0148","2026-06",70,16,17,15,5
"PID0149","2026-01",53,16,21,14,3
"PID0149","2026-02",60,14,21,3,1
"PID0149","2026-03",45,14,20,12,2
"PID0149","2026-04",53,8,17,7,2
"PID0149","2026-05",31,14,7,8,0
"PID0149","2026-06",65,16,17,15,3
"PID0150","2026-01",53,8,17,8,6
"PID0150","2026-02",36,12,14,1,1
"PID0150","2026-03",50,17,21,11,6
"PID0150","2026-04",46,16,14,11,3
"PID0150","2026-05",38,7,7,12,6
"PID0150","2026-06",36,6,14,8,4
"PID0151","2026-01",58,5,19,12,4
"PID0151","2026-02",62,17,22,11,4
"PID0151","2026-03",51,11,16,8,5
"PID0151","2026-04",53,14,17,10,4
"PID0151","2026-05",53,9,15,16,2
"PID0151","2026-06",54,20,16,11,5
"PID0152","2026-01",41,11,11,7,4
"PID0152","2026-02",51,12,18,12,1
"PID0152","2026-03",37,16,11,0,5
"PID0152","2026-04",36,8,11,2,2
"PID0152","2026-05",35,9,12,8,1
"PID0152","2026-06",22,9,8,3,3
"PID0153","2026-01",48,11,20,12,2
"PID0153","2026-02",36,4,13,4,3
"PID0153","2026-03",34,0,14,2,2
"PID0153","2026-04",39,7,17,4,4
"PID0153","2026-05",56,12,20,15,2
"PID0153","2026-06",47,10,14,5,4
"PID0154","2026-01",59,4,25,10,4
"PID0154","2026-02",48,10,21,14,9
"PID0154","2026-03",56,13,15,11,4
"PID0154","2026-04",60,18,18,15,5
"PID0154","2026-05",60,8,20,15,4
"PID0154","2026-06",66,18,26,12,7
"PID0155","2026-01",42,19,14,8,4
"PID0155","2026-02",55,13,21,12,3
"PID0155","2026-03",50,8,21,12,3
"PID0155","2026-04",60,11,21,10,3
"PID0155","2026-05",62,14,19,10,6
"PID0155","2026-06",58,10,19,14,5
"PID0156","2026-01",59,5,22,11,3
"PID0156","2026-02",44,16,16,11,0
"PID0156","2026-03",57,19,22,14,3
"PID0156","2026-04",47,16,13,10,3
"PID0156","2026-05",41,11,13,9,4
"PID0156","2026-06",57,6,14,11,3
"PID0157","2026-01",54,14,13,13,2
"PID0157","2026-02",43,11,18,10,4
"PID0157","2026-03",56,8,24,14,2
"PID0157","2026-04",37,7,18,9,3
"PID0157","2026-05",46,14,15,7,4
"PID0157","2026-06",45,15,18,4,4
"PID0158","2026-01",50,13,17,9,5
"PID0158","2026-02",66,10,18,11,6
"PID0158","2026-03",58,13,25,13,7
"PID0158","2026-04",62,20,21,7,4
"PID0158","2026-05",59,11,22,12,5
"PID0158","2026-06",56,16,22,9,5
"PID0159","2026-01",52,18,16,13,5
"PID0159","2026-02",49,10,11,16,3
"PID0159","2026-03",49,12,16,13,4
"PID0159","2026-04",50,9,12,13,3
"PID0159","2026-05",41,13,17,15,8
"PID0159","2026-06",66,11,24,9,4
"PID0160","2026-01",54,18,19,13,5
"PID0160","2026-02",50,15,18,13,2
"PID0160","2026-03",43,15,19,12,6
"PID0160","2026-04",45,17,20,14,2
"PID0160","2026-05",33,13,10,9,4
"PID0160","2026-06",53,7,12,11,4
"PID0161","2026-01",63,0,24,17,1
"PID0161","2026-02",58,11,17,8,1
"PID0161","2026-03",53,3,16,11,3
"PID0161","2026-04",63,17,24,10,3
"PID0161","2026-05",61,10,24,9,4
"PID0161","2026-06",53,13,9,8,4
"PID0162","2026-01",48,12,18,9,1
"PID0162","2026-02",51,10,19,6,5
"PID0162","2026-03",64,10,19,13,1
"PID0162","2026-04",72,10,25,10,3
"PID0162","2026-05",41,9,15,11,1
"PID0162","2026-06",25,12,5,6,2
"PID0163","2026-01",59,8,20,13,2
"PID0163","2026-02",53,12,17,11,3
"PID0163","2026-03",44,13,20,12,3
"PID0163","2026-04",44,12,15,12,0
"PID0163","2026-05",53,9,14,11,3
"PID0163","2026-06",50,21,18,13,3
"PID0164","2026-01",60,9,16,10,4
"PID0164","2026-02",60,13,25,14,5
"PID0164","2026-03",77,13,26,15,4
"PID0164","2026-04",59,14,23,16,2
"PID0164","2026-05",53,20,20,14,2
"PID0164","2026-06",46,11,16,12,2
"PID0165","2026-01",53,14,14,12,5
"PID0165","2026-02",51,12,17,8,4
"PID0165","2026-03",60,19,17,8,6
"PID0165","2026-04",64,10,17,11,7
"PID0165","2026-05",64,16,21,17,2
"PID0165","2026-06",58,16,18,9,3
"PID0166","2026-01",76,15,25,16,4
"PID0166","2026-02",65,12,20,13,7
"PID0166","2026-03",62,13,22,16,6
"PID0166","2026-04",86,17,30,16,7
"PID0166","2026-05",77,17,25,17,6
"PID0166","2026-06",55,22,23,15,7
"PID0167","2026-01",58,16,15,14,4
"PID0167","2026-02",43,10,19,10,3
"PID0167","2026-03",62,12,25,9,3
"PID0167","2026-04",66,14,22,15,4
"PID0167","2026-05",58,22,22,17,8
"PID0167","2026-06",66,9,27,10,5
"PID0168","2026-01",40,8,11,14,3
"PID0168","2026-02",62,15,22,15,1
"PID0168","2026-03",34,9,10,7,4
"PID0168","2026-04",48,14,16,11,3
"PID0168","2026-05",43,19,17,13,3
"PID0168","2026-06",59,16,20,11,6
"PID0169","2026-01",63,12,24,15,4
"PID0169","2026-02",46,5,18,5,4
"PID0169","2026-03",54,3,16,13,4
"PID0169","2026-04",60,10,14,10,3
"PID0169","2026-05",46,2,17,9,4
"PID0169","2026-06",43,9,19,16,3
"PID0170","2026-01",69,12,23,6,1
"PID0170","2026-02",58,15,19,9,4
"PID0170","2026-03",43,14,9,12,4
"PID0170","2026-04",62,13,14,13,4
"PID0170","2026-05",53,12,23,10,3
"PID0170","2026-06",53,14,15,13,2
"PID0171","2026-01",60,13,21,13,6
"PID0171","2026-02",54,11,15,11,2
"PID0171","2026-03",34,15,15,3,3
"PID0171","2026-04",48,14,16,9,3
"PID0171","2026-05",67,14,27,14,2
"PID0171","2026-06",50,13,20,11,1
"PID0172","2026-01",54,15,16,16,6
"PID0172","2026-02",54,15,16,7,2
"PID0172","2026-03",67,8,28,8,6
"PID0172","2026-04",68,11,26,15,4
"PID0172","2026-05",61,17,21,14,5
"PID0172","2026-06",43,5,14,2,5
"PID0173","2026-01",67,17,22,14,7
"PID0173","2026-02",48,10,21,14,4
"PID0173","2026-03",58,10,14,10,4
"PID0173","2026-04",59,22,19,13,3
"PID0173","2026-05",74,10,26,18,3
"PID0173","2026-06",60,12,20,15,4
"PID0174","2026-01",48,5,20,13,0
"PID0174","2026-02",42,7,14,3,3
"PID0174","2026-03",51,7,20,10,4
"PID0174","2026-04",44,10,12,4,4
"PID0174","2026-05",51,11,17,9,3
"PID0174","2026-06",41,15,16,12,3
"PID0175","2026-01",33,11,10,7,5
"PID0175","2026-02",32,13,4,8,3
"PID0175","2026-03",39,11,12,3,1
"PID0175","2026-04",37,12,16,4,2
"PID0175","2026-05",40,15,11,11,2
"PID0175","2026-06",48,14,19,14,2
"PID0176","2026-01",69,16,21,16,6
"PID0176","2026-02",56,18,24,11,6
"PID0176","2026-03",61,19,23,9,4
"PID0176","2026-04",58,19,21,13,3
"PID0176","2026-05",64,10,21,13,5
"PID0176","2026-06",65,11,24,12,6
"PID0177","2026-01",66,11,25,13,2
"PID0177","2026-02",52,12,21,10,3
"PID0177","2026-03",69,15,21,15,4
"PID0177","2026-04",64,16,23,18,4
"PID0177","2026-05",59,13,26,10,3
"PID0177","2026-06",72,13,23,15,2
"PID0178","2026-01",47,6,14,11,2
"PID0178","2026-02",55,13,17,13,5
"PID0178","2026-03",40,21,15,10,3
"PID0178","2026-04",44,8,12,12,6
"PID0178","2026-05",38,5,10,5,4
"PID0178","2026-06",56,7,23,16,6
"PID0179","2026-01",54,15,19,10,5
"PID0179","2026-02",51,11,17,6,3
"PID0179","2026-03",55,14,23,11,4
"PID0179","2026-04",67,7,18,18,5
"PID0179","2026-05",48,13,14,8,3
"PID0179","2026-06",64,13,25,12,4
"PID0180","2026-01",69,10,27,14,5
"PID0180","2026-02",56,5,18,10,4
"PID0180","2026-03",47,8,17,13,4
"PID0180","2026-04",49,11,20,16,6
"PID0180","2026-05",65,12,23,12,1
"PID0180","2026-06",41,3,16,11,3
"PID0181","2026-01",64,4,24,13,8
"PID0181","2026-02",63,17,20,20,5
"PID0181","2026-03",59,18,20,15,4
"PID0181","2026-04",61,9,23,12,5
"PID0181","2026-05",71,12,27,13,5
"PID0181","2026-06",70,8,20,14,5
"PID0182","2026-01",50,5,14,13,1
"PID0182","2026-02",37,15,18,4,3
"PID0182","2026-03",51,5,12,12,1
"PID0182","2026-04",54,20,22,11,2
"PID0182","2026-05",44,12,14,11,3
"PID0182","2026-06",56,7,23,14,4
"PID0183","2026-01",57,9,21,8,2
"PID0183","2026-02",66,14,23,13,5
"PID0183","2026-03",60,22,25,16,4
"PID0183","2026-04",60,10,20,9,5
"PID0183","2026-05",51,10,19,9,5
"PID0183","2026-06",60,11,18,11,5
"PID0184","2026-01",59,11,21,9,8
"PID0184","2026-02",72,22,24,18,4
"PID0184","2026-03",59,16,21,15,5
"PID0184","2026-04",64,11,19,16,4
"PID0184","2026-05",75,13,27,16,5
"PID0184","2026-06",65,11,20,17,5
"PID0185","2026-01",36,16,14,8,3
"PID0185","2026-02",63,10,18,17,4
"PID0185","2026-03",60,13,14,17,2
"PID0185","2026-04",47,12,14,11,4
"PID0185","2026-05",40,5,13,5,1
"PID0185","2026-06",47,16,16,9,7
"PID0186","2026-01",67,15,25,16,4
"PID0186","2026-02",57,11,13,16,2
"PID0186","2026-03",50,13,21,11,6
"PID0186","2026-04",53,15,18,10,5
"PID0186","2026-05",60,7,17,12,3
"PID0186","2026-06",46,13,14,8,3
"PID0187","2026-01",59,12,20,11,6
"PID0187","2026-02",67,13,22,16,2
"PID0187","2026-03",48,8,12,15,4
"PID0187","2026-04",50,8,17,6,4
"PID0187","2026-05",61,11,24,15,4
"PID0187","2026-06",45,20,17,6,4
"PID0188","2026-01",56,10,24,13,3
"PID0188","2026-02",73,12,22,16,5
"PID0188","2026-03",71,9,24,14,4
"PID0188","2026-04",74,13,28,16,4
"PID0188","2026-05",67,7,26,13,4
"PID0188","2026-06",55,9,16,11,4
"PID0189","2026-01",55,11,18,11,4
"PID0189","2026-02",71,8,34,14,5
"PID0189","2026-03",51,14,16,15,2
"PID0189","2026-04",55,11,19,11,4
"PID0189","2026-05",49,6,14,13,4
"PID0189","2026-06",57,8,16,5,1
"PID0190","2026-01",66,8,21,12,4
"PID0190","2026-02",59,10,19,10,6
"PID0190","2026-03",60,17,16,10,3
"PID0190","2026-04",53,13,17,8,2
"PID0190","2026-05",54,9,16,10,3
"PID0190","2026-06",62,11,27,10,2
"PID0191","2026-01",48,4,16,13,3
"PID0191","2026-02",62,13,20,15,3
"PID0191","2026-03",57,8,17,11,4
"PID0191","2026-04",36,14,12,6,3
"PID0191","2026-05",54,9,22,7,1
"PID0191","2026-06",47,8,10,11,0
"PID0192","2026-01",77,12,25,16,4
"PID0192","2026-02",71,9,26,13,7
"PID0192","2026-03",61,10,23,13,5
"PID0192","2026-04",74,17,27,19,3
"PID0192","2026-05",83,15,28,11,4
"PID0192","2026-06",70,16,24,20,6
"PID0193","2026-01",69,14,22,11,6
"PID0193","2026-02",64,11,19,14,5
"PID0193","2026-03",59,14,20,14,3
"PID0193","2026-04",60,12,18,14,2
"PID0193","2026-05",52,16,13,7,3
"PID0193","2026-06",69,16,28,11,5
"PID0194","2026-01",48,9,15,12,4
"PID0194","2026-02",60,16,19,11,4
"PID0194","2026-03",54,14,15,11,6
"PID0194","2026-04",65,3,23,13,5
"PID0194","2026-05",58,9,21,15,3
"PID0194","2026-06",47,14,16,15,5
"PID0195","2026-01",51,12,16,14,4
"PID0195","2026-02",43,14,7,11,3
"PID0195","2026-03",50,6,14,11,2
"PID0195","2026-04",57,13,20,12,3
"PID0195","2026-05",54,14,17,11,2
"PID0195","2026-06",50,5,16,14,2
"PID0196","2026-01",55,11,13,12,3
"PID0196","2026-02",42,17,14,10,4
"PID0196","2026-03",47,10,17,6,1
"PID0196","2026-04",43,0,15,12,4
"PID0196","2026-05",31,8,10,3,3
"PID0196","2026-06",40,5,15,8,2
"PID0197","2026-01",68,17,21,12,7
"PID0197","2026-02",60,22,21,9,4
"PID0197","2026-03",65,12,23,13,5
"PID0197","2026-04",52,13,20,10,6
"PID0197","2026-05",67,14,27,21,4
"PID0197","2026-06",69,12,23,13,4
"PID0198","2026-01",51,5,22,11,6
"PID0198","2026-02",41,8,15,6,4
"PID0198","2026-03",48,17,16,9,5
"PID0198","2026-04",52,7,11,9,4
"PID0198","2026-05",40,14,15,4,6
"PID0198","2026-06",40,16,14,8,6
"PID0199","2026-01",50,14,13,10,5
"PID0199","2026-02",46,12,15,9,4
"PID0199","2026-03",51,9,18,9,4
"PID0199","2026-04",29,8,6,9,4
"PID0199","2026-05",57,12,18,12,4
"PID0199","2026-06",56,15,23,10,4
"PID0200","2026-01",53,17,16,12,4
"PID0200","2026-02",42,12,16,11,5
"PID0200","2026-03",47,14,15,6,3
"PID0200","2026-04",40,18,21,10,4
"PID0200","2026-05",50,11,13,10,3
"PID0200","2026-06",42,17,15,17,7
"PID0201","2026-01",72,14,24,23,5
"PID0201","2026-02",69,7,23,15,4
"PID0201","2026-03",65,15,25,17,6
"PID0201","2026-04",62,21,17,16,7
"PID0201","2026-05",41,16,18,8,4
"PID0201","2026-06",65,19,20,8,5
"PID0202","2026-01",78,18,30,13,8
"PID0202","2026-02",64,13,22,17,5
"PID0202","2026-03",69,14,22,19,5
"PID0202","2026-04",62,12,28,13,4
"PID0202","2026-05",80,14,25,19,6
"PID0202","2026-06",64,13,22,15,5
"PID0203","2026-01",44,18,10,13,4
"PID0203","2026-02",56,14,21,15,6
"PID0203","2026-03",62,13,19,11,4
"PID0203","2026-04",40,14,12,3,6
"PID0203","2026-05",60,8,25,14,3
"PID0203","2026-06",56,11,19,8,3
"PID0204","2026-01",52,16,17,8,2
"PID0204","2026-02",42,13,16,3,2
"PID0204","2026-03",51,16,17,7,2
"PID0204","2026-04",48,15,20,16,4
"PID0204","2026-05",54,13,16,11,2
"PID0204","2026-06",62,10,21,9,5
"PID0205","2026-01",46,20,20,6,5
"PID0205","2026-02",68,13,20,14,5
"PID0205","2026-03",52,21,21,6,4
"PID0205","2026-04",51,19,21,13,6
"PID0205","2026-05",53,11,21,12,5
"PID0205","2026-06",53,20,20,12,5
"PID0206","2026-01",57,11,18,9,4
"PID0206","2026-02",54,15,23,6,4
"PID0206","2026-03",62,12,24,16,4
"PID0206","2026-04",41,13,14,8,2
"PID0206","2026-05",39,16,16,14,2
"PID0206","2026-06",60,27,18,5,4
"PID0207","2026-01",51,17,15,16,2
"PID0207","2026-02",45,11,13,8,3
"PID0207","2026-03",54,15,21,10,4
"PID0207","2026-04",44,11,13,5,3
"PID0207","2026-05",62,10,25,14,3
"PID0207","2026-06",33,8,11,11,4
"PID0208","2026-01",52,3,23,16,3
"PID0208","2026-02",57,16,25,16,2
"PID0208","2026-03",34,16,9,9,4
"PID0208","2026-04",38,2,10,2,3
"PID0208","2026-05",46,10,13,10,3
"PID0208","2026-06",48,11,20,12,5
"PID0209","2026-01",45,16,13,9,1
"PID0209","2026-02",47,7,19,7,4
"PID0209","2026-03",39,13,13,3,3
"PID0209","2026-04",28,12,10,3,2
"PID0209","2026-05",44,7,14,4,4
"PID0209","2026-06",38,13,9,11,3
"PID0210","2026-01",62,12,17,8,3
"PID0210","2026-02",36,13,13,14,0
"PID0210","2026-03",54,20,19,16,4
"PID0210","2026-04",65,18,23,14,1
"PID0210","2026-05",60,15,24,13,4
"PID0210","2026-06",52,14,20,9,4
"PID0211","2026-01",64,14,19,14,7
"PID0211","2026-02",74,14,26,17,8
"PID0211","2026-03",61,10,22,13,10
"PID0211","2026-04",78,18,20,23,8
"PID0211","2026-05",70,20,24,16,5
"PID0211","2026-06",80,9,25,16,5
"PID0212","2026-01",43,7,10,11,4
"PID0212","2026-02",44,6,14,11,5
"PID0212","2026-03",41,15,16,7,1
"PID0212","2026-04",52,15,16,10,2
"PID0212","2026-05",55,13,24,15,4
"PID0212","2026-06",51,7,21,11,1
"PID0213","2026-01",42,10,9,5,2
"PID0213","2026-02",50,9,16,12,4
"PID0213","2026-03",55,17,21,15,4
"PID0213","2026-04",48,19,18,11,5
"PID0213","2026-05",44,11,14,9,4
"PID0213","2026-06",56,16,26,8,2
"PID0214","2026-01",45,4,19,9,2
"PID0214","2026-02",36,16,12,10,2
"PID0214","2026-03",50,17,16,9,4
"PID0214","2026-04",46,11,18,10,5
"PID0214","2026-05",39,11,13,11,3
"PID0214","2026-06",42,8,16,9,3
"PID0215","2026-01",69,20,24,14,4
"PID0215","2026-02",63,9,25,10,6
"PID0215","2026-03",65,10,20,17,6
"PID0215","2026-04",60,13,21,12,5
"PID0215","2026-05",72,10,23,19,2
"PID0215","2026-06",43,14,16,7,4
"PID0216","2026-01",59,15,17,9,7
"PID0216","2026-02",69,18,25,16,2
"PID0216","2026-03",58,11,21,14,4
"PID0216","2026-04",62,19,24,14,2
"PID0216","2026-05",59,10,16,16,4
"PID0216","2026-06",48,20,17,11,5
"PID0217","2026-01",63,15,15,14,5
"PID0217","2026-02",57,9,16,12,4
"PID0217","2026-03",66,12,22,12,7
"PID0217","2026-04",57,8,19,13,5
"PID0217","2026-05",64,10,18,14,4
"PID0217","2026-06",52,10,14,7,6
"PID0218","2026-01",59,15,18,9,4
"PID0218","2026-02",59,15,19,9,4
"PID0218","2026-03",63,12,22,11,5
"PID0218","2026-04",67,8,20,13,3
"PID0218","2026-05",56,14,19,8,6
"PID0218","2026-06",64,15,21,10,3
"PID0219","2026-01",57,13,22,12,2
"PID0219","2026-02",53,12,16,10,2
"PID0219","2026-03",60,15,19,13,4
"PID0219","2026-04",49,18,20,10,2
"PID0219","2026-05",52,15,18,12,4
"PID0219","2026-06",56,17,17,13,1
"PID0220","2026-01",58,14,16,14,2
"PID0220","2026-02",37,3,13,7,5
"PID0220","2026-03",52,12,13,5,4
"PID0220","2026-04",48,14,15,9,5
"PID0220","2026-05",57,16,21,14,2
"PID0220","2026-06",49,7,20,14,6
"PID0221","2026-01",51,16,21,8,4
"PID0221","2026-02",60,13,18,13,4
"PID0221","2026-03",56,10,22,8,4
"PID0221","2026-04",57,9,23,16,5
"PID0221","2026-05",57,9,20,11,3
"PID0221","2026-06",43,17,14,14,3
"PID0222","2026-01",52,13,20,12,3
"PID0222","2026-02",35,13,18,9,4
"PID0222","2026-03",56,14,17,8,3
"PID0222","2026-04",50,16,18,4,4
"PID0222","2026-05",53,10,17,13,3
"PID0222","2026-06",53,25,18,15,5
"PID0223","2026-01",49,14,17,7,3
"PID0223","2026-02",36,9,18,10,1
"PID0223","2026-03",53,18,12,12,5
"PID0223","2026-04",44,13,14,10,2
"PID0223","2026-05",44,12,19,9,2
"PID0223","2026-06",49,10,15,8,6
"PID0224","2026-01",59,14,15,19,4
"PID0224","2026-02",51,15,12,14,1
"PID0224","2026-03",52,13,16,9,4
"PID0224","2026-04",58,12,21,12,2
"PID0224","2026-05",63,10,18,16,4
"PID0224","2026-06",60,11,20,12,6
"PID0225","2026-01",34,15,12,9,3
"PID0225","2026-02",47,17,14,7,2
"PID0225","2026-03",51,13,18,9,3
"PID0225","2026-04",58,9,29,17,2
"PID0225","2026-05",50,20,16,12,5
"PID0225","2026-06",47,14,13,12,2
"PID0226","2026-01",52,20,13,17,4
"PID0226","2026-02",59,12,16,10,0
"PID0226","2026-03",62,13,18,9,4
"PID0226","2026-04",59,17,20,12,1
"PID0226","2026-05",50,4,15,10,1
"PID0226","2026-06",51,10,19,7,4
"PID0227","2026-01",51,4,15,9,0
"PID0227","2026-02",57,15,19,10,5
"PID0227","2026-03",32,8,13,6,4
"PID0227","2026-04",57,13,20,12,4
"PID0227","2026-05",63,10,24,14,3
"PID0227","2026-06",28,6,8,3,7
"PID0228","2026-01",43,10,19,6,4
"PID0228","2026-02",59,10,21,13,2
"PID0228","2026-03",37,11,10,11,5
"PID0228","2026-04",40,13,11,6,4
"PID0228","2026-05",55,7,18,17,2
"PID0228","2026-06",44,10,14,8,4
"PID0229","2026-01",66,16,20,19,7
"PID0229","2026-02",65,12,29,10,6
"PID0229","2026-03",62,11,22,16,6
"PID0229","2026-04",77,9,28,17,7
"PID0229","2026-05",71,11,25,16,6
"PID0229","2026-06",69,16,28,14,6
"PID0230","2026-01",65,12,26,14,7
"PID0230","2026-02",66,21,16,16,4
"PID0230","2026-03",62,17,22,11,7
"PID0230","2026-04",75,18,23,16,4
"PID0230","2026-05",50,10,18,10,7
"PID0230","2026-06",67,15,19,13,5
"PID0231","2026-01",45,9,15,8,4
"PID0231","2026-02",46,1,19,7,6
"PID0231","2026-03",45,17,16,4,5
"PID0231","2026-04",46,12,17,11,1
"PID0231","2026-05",63,8,23,14,4
"PID0231","2026-06",53,6,16,10,2
"PID0232","2026-01",44,5,16,8,4
"PID0232","2026-02",55,12,19,11,5
"PID0232","2026-03",51,9,21,10,4
"PID0232","2026-04",46,15,17,8,6
"PID0232","2026-05",46,11,14,13,3
"PID0232","2026-06",42,13,13,8,4
"PID0233","2026-01",51,12,18,12,2
"PID0233","2026-02",56,8,17,19,2
"PID0233","2026-03",55,12,18,16,1
"PID0233","2026-04",53,12,21,9,4
"PID0233","2026-05",72,20,24,14,2
"PID0233","2026-06",58,8,24,15,3
"PID0234","2026-01",67,7,22,14,4
"PID0234","2026-02",59,15,20,12,3
"PID0234","2026-03",47,17,12,9,2
"PID0234","2026-04",65,18,24,13,4
"PID0234","2026-05",61,9,19,18,7
"PID0234","2026-06",42,14,13,11,4
"PID0235","2026-01",55,7,19,12,4
"PID0235","2026-02",53,11,19,8,6
"PID0235","2026-03",49,10,20,4,2
"PID0235","2026-04",54,13,16,15,2
"PID0235","2026-05",52,19,18,16,2
"PID0235","2026-06",51,17,21,10,7
"PID0236","2026-01",41,11,12,10,3
"PID0236","2026-02",53,5,16,9,3
"PID0236","2026-03",39,5,14,6,4
"PID0236","2026-04",49,15,18,8,5
"PID0236","2026-05",58,13,26,13,4
"PID0236","2026-06",48,11,15,10,6
"PID0237","2026-01",56,14,20,10,2
"PID0237","2026-02",61,12,23,13,5
"PID0237","2026-03",48,9,17,6,3
"PID0237","2026-04",65,19,26,13,5
"PID0237","2026-05",56,17,24,12,4
"PID0237","2026-06",63,10,24,13,4
"PID0238","2026-01",48,9,11,7,5
"PID0238","2026-02",62,8,19,8,2
"PID0238","2026-03",34,10,8,6,4
"PID0238","2026-04",45,9,14,10,4
"PID0238","2026-05",42,14,16,8,4
"PID0238","2026-06",34,4,12,7,2
"PID0239","2026-01",41,15,12,13,5
"PID0239","2026-02",44,9,14,9,3
"PID0239","2026-03",57,10,15,12,4
"PID0239","2026-04",64,8,19,14,4
"PID0239","2026-05",69,17,29,13,2
"PID0239","2026-06",71,13,19,12,4
"PID0240","2026-01",59,19,21,6,7
"PID0240","2026-02",62,7,26,15,4
"PID0240","2026-03",57,6,19,13,7
"PID0240","2026-04",47,16,11,10,5
"PID0240","2026-05",59,16,23,14,4
"PID0240","2026-06",41,13,12,8,3
"PID0241","2026-01",51,13,15,13,2
"PID0241","2026-02",50,9,15,11,2
"PID0241","2026-03",47,19,21,12,1
"PID0241","2026-04",54,8,18,15,1
"PID0241","2026-05",47,13,14,11,5
"PID0241","2026-06",45,17,18,15,2
"PID0242","2026-01",53,22,20,10,6
"PID0242","2026-02",57,7,20,9,0
"PID0242","2026-03",56,8,14,8,5
"PID0242","2026-04",57,24,19,19,3
"PID0242","2026-05",44,11,20,7,2
"PID0242","2026-06",49,17,15,8,2
"PID0243","2026-01",58,7,19,13,3
"PID0243","2026-02",50,14,15,6,1
"PID0243","2026-03",66,11,22,13,5
"PID0243","2026-04",44,13,11,15,3
"PID0243","2026-05",57,7,15,13,3
"PID0243","2026-06",49,12,18,14,4
"PID0244","2026-01",59,19,24,12,5
"PID0244","2026-02",59,14,15,15,5
"PID0244","2026-03",42,13,11,13,4
"PID0244","2026-04",43,13,25,6,6
"PID0244","2026-05",47,6,21,4,6
"PID0244","2026-06",43,13,14,15,4
"PID0245","2026-01",56,10,17,11,5
"PID0245","2026-02",42,11,12,10,2
"PID0245","2026-03",50,13,14,8,5
"PID0245","2026-04",53,13,24,16,6
"PID0245","2026-05",51,13,14,8,3
"PID0245","2026-06",41,9,9,10,2
"PID0246","2026-01",53,10,20,13,4
"PID0246","2026-02",72,16,22,11,4
"PID0246","2026-03",60,9,16,12,6
"PID0246","2026-04",65,8,25,14,4
"PID0246","2026-05",75,12,28,12,6
"PID0246","2026-06",65,10,23,15,4
"PID0247","2026-01",46,3,14,10,1
"PID0247","2026-02",54,11,22,6,2
"PID0247","2026-03",54,12,19,13,3
"PID0247","2026-04",44,17,16,7,5
"PID0247","2026-05",55,12,20,8,2
"PID0247","2026-06",62,7,24,14,3
"PID0248","2026-01",70,19,18,15,4
"PID0248","2026-02",62,5,24,15,5
"PID0248","2026-03",73,13,22,14,4
"PID0248","2026-04",76,14,25,18,4
"PID0248","2026-05",59,14,18,11,5
"PID0248","2026-06",65,14,23,8,4
"PID0249","2026-01",58,12,27,7,6
"PID0249","2026-02",71,26,27,14,7
"PID0249","2026-03",59,11,10,18,6
"PID0249","2026-04",59,13,19,17,8
"PID0249","2026-05",66,16,27,12,3
"PID0249","2026-06",62,9,21,14,6
"PID0250","2026-01",57,10,17,11,1
"PID0250","2026-02",46,8,14,9,3
"PID0250","2026-03",54,20,19,12,4
"PID0250","2026-04",43,11,18,9,5
"PID0250","2026-05",58,14,23,12,3
"PID0250","2026-06",32,13,14,0,2
"PID0251","2026-01",68,16,18,17,3
"PID0251","2026-02",53,15,17,7,3
"PID0251","2026-03",62,11,24,10,4
"PID0251","2026-04",61,9,18,17,6
"PID0251","2026-05",66,9,24,19,5
"PID0251","2026-06",59,12,20,16,7
"PID0252","2026-01",43,12,14,4,1
"PID0252","2026-02",22,9,8,6,5
"PID0252","2026-03",40,11,8,9,1
"PID0252","2026-04",41,23,10,10,3
"PID0252","2026-05",49,6,17,10,5
"PID0252","2026-06",32,11,10,6,4
"PID0253","2026-01",57,9,22,13,4
"PID0253","2026-02",51,9,17,15,5
"PID0253","2026-03",55,8,19,11,1
"PID0253","2026-04",56,15,16,5,4
"PID0253","2026-05",69,10,26,9,5
"PID0253","2026-06",50,5,21,16,7
"PID0254","2026-01",61,16,17,12,7
"PID0254","2026-02",69,19,24,14,6
"PID0254","2026-03",65,17,26,13,4
"PID0254","2026-04",49,14,16,11,5
"PID0254","2026-05",63,13,14,13,4
"PID0254","2026-06",29,9,9,5,6
"PID0255","2026-01",35,19,12,6,1
"PID0255","2026-02",38,13,10,8,3
"PID0255","2026-03",47,8,16,7,3
"PID0255","2026-04",42,9,17,4,6
"PID0255","2026-05",53,14,18,13,4
"PID0255","2026-06",52,13,18,13,2
"PID0256","2026-01",61,10,19,10,3
"PID0256","2026-02",39,18,9,13,3
"PID0256","2026-03",39,20,17,13,1
"PID0256","2026-04",48,8,20,10,2
"PID0256","2026-05",35,12,17,13,2
"PID0256","2026-06",55,10,22,13,2
"PID0257","2026-01",63,13,21,18,6
"PID0257","2026-02",61,19,19,16,4
"PID0257","2026-03",69,12,21,11,5
"PID0257","2026-04",51,10,16,8,6
"PID0257","2026-05",55,17,20,17,8
"PID0257","2026-06",63,3,25,14,8
"PID0258","2026-01",62,19,24,12,3
"PID0258","2026-02",66,13,22,18,6
"PID0258","2026-03",65,7,26,16,3
"PID0258","2026-04",73,19,22,15,4
"PID0258","2026-05",58,10,23,7,1
"PID0258","2026-06",61,4,21,12,7
"PID0259","2026-01",58,15,22,10,2
"PID0259","2026-02",71,5,29,16,4
"PID0259","2026-03",56,12,17,16,4
"PID0259","2026-04",56,14,26,15,4
"PID0259","2026-05",72,15,24,13,4
"PID0259","2026-06",56,11,23,8,5
"PID0260","2026-01",46,10,17,12,5
"PID0260","2026-02",48,20,11,11,5
"PID0260","2026-03",35,7,8,9,2
"PID0260","2026-04",53,15,14,14,3
"PID0260","2026-05",55,10,19,8,2
"PID0260","2026-06",46,10,19,9,0
"PID0261","2026-01",56,13,20,12,3
"PID0261","2026-02",58,14,19,4,3
"PID0261","2026-03",55,12,15,15,1
"PID0261","2026-04",52,9,21,12,4
"PID0261","2026-05",52,10,17,12,0
"PID0261","2026-06",71,13,20,19,3
"PID0262","2026-01",39,18,13,12,3
"PID0262","2026-02",47,14,21,11,6
"PID0262","2026-03",54,15,12,15,2
"PID0262","2026-04",39,10,17,11,6
"PID0262","2026-05",45,7,16,12,3
"PID0262","2026-06",63,19,23,14,4
"PID0263","2026-01",75,18,26,17,6
"PID0263","2026-02",78,10,29,15,5
"PID0263","2026-03",58,13,20,14,2
"PID0263","2026-04",63,11,20,9,5
"PID0263","2026-05",66,14,22,14,5
"PID0263","2026-06",57,13,18,14,5
"PID0264","2026-01",62,11,18,15,5
"PID0264","2026-02",61,15,20,13,5
"PID0264","2026-03",47,7,18,16,3
"PID0264","2026-04",53,11,17,14,4
"PID0264","2026-05",57,8,25,9,4
"PID0264","2026-06",36,9,19,5,4
"PID0265","2026-01",65,14,26,14,3
"PID0265","2026-02",50,20,19,11,4
"PID0265","2026-03",56,15,20,14,3
"PID0265","2026-04",63,13,19,12,5
"PID0265","2026-05",77,22,27,16,6
"PID0265","2026-06",83,15,27,20,4
"PID0266","2026-01",48,18,14,8,4
"PID0266","2026-02",55,14,23,13,1
"PID0266","2026-03",39,12,15,10,3
"PID0266","2026-04",41,21,9,11,1
"PID0266","2026-05",60,13,19,16,1
"PID0266","2026-06",54,8,15,10,4
"PID0267","2026-01",39,10,19,4,3
"PID0267","2026-02",64,8,24,17,4
"PID0267","2026-03",50,11,14,10,5
"PID0267","2026-04",42,15,12,8,4
"PID0267","2026-05",54,15,14,10,3
"PID0267","2026-06",64,10,26,18,5
"PID0268","2026-01",51,9,14,11,3
"PID0268","2026-02",48,16,18,8,1
"PID0268","2026-03",39,13,12,14,2
"PID0268","2026-04",44,14,16,9,5
"PID0268","2026-05",45,15,14,14,2
"PID0268","2026-06",52,13,17,9,2
"PID0269","2026-01",42,11,11,6,4
"PID0269","2026-02",53,7,22,13,5
"PID0269","2026-03",42,13,16,8,2
"PID0269","2026-04",38,13,10,5,4
"PID0269","2026-05",47,18,15,11,2
"PID0269","2026-06",27,5,8,4,2
"PID0270","2026-01",57,8,18,16,2
"PID0270","2026-02",54,3,27,9,3
"PID0270","2026-03",68,20,24,10,5
"PID0270","2026-04",38,9,13,6,0
"PID0270","2026-05",46,12,14,10,2
"PID0270","2026-06",54,12,15,11,4
"PID0271","2026-01",38,12,12,11,5
"PID0271","2026-02",42,16,16,9,2
"PID0271","2026-03",35,13,13,1,4
"PID0271","2026-04",48,16,12,9,3
"PID0271","2026-05",41,9,16,12,5
"PID0271","2026-06",40,9,16,11,3
"PID0272","2026-01",57,14,16,12,4
"PID0272","2026-02",50,13,12,13,5
"PID0272","2026-03",48,7,15,12,3
"PID0272","2026-04",70,14,23,10,3
"PID0272","2026-05",49,17,18,13,6
"PID0272","2026-06",53,11,14,9,4
"PID0273","2026-01",52,21,11,12,5
"PID0273","2026-02",60,1,23,11,4
"PID0273","2026-03",51,9,20,5,3
"PID0273","2026-04",56,17,16,15,6
"PID0273","2026-05",35,13,12,8,3
"PID0273","2026-06",54,9,24,9,5
"PID0274","2026-01",64,18,24,15,5
"PID0274","2026-02",83,10,21,21,8
"PID0274","2026-03",72,5,25,19,7
"PID0274","2026-04",69,16,19,4,8
"PID0274","2026-05",77,10,26,19,7
"PID0274","2026-06",72,9,20,13,6
"PID0275","2026-01",47,13,13,13,2
"PID0275","2026-02",43,11,12,7,4
"PID0275","2026-03",63,10,21,14,3
"PID0275","2026-04",52,14,20,14,4
"PID0275","2026-05",44,9,12,14,5
"PID0275","2026-06",53,15,13,8,1
"PID0276","2026-01",40,10,12,6,4
"PID0276","2026-02",46,15,16,12,4
"PID0276","2026-03",42,10,15,9,5
"PID0276","2026-04",48,11,19,6,4
"PID0276","2026-05",56,13,18,5,2
"PID0276","2026-06",61,12,18,16,5
"PID0277","2026-01",60,12,19,9,2
"PID0277","2026-02",56,12,15,13,4
"PID0277","2026-03",67,8,25,11,2
"PID0277","2026-04",60,17,19,10,4
"PID0277","2026-05",68,14,20,16,3
"PID0277","2026-06",55,13,30,11,2
"PID0278","2026-01",35,14,11,13,5
"PID0278","2026-02",56,18,19,14,0
"PID0278","2026-03",58,14,19,9,2
"PID0278","2026-04",44,14,15,10,4
"PID0278","2026-05",49,19,15,15,0
"PID0278","2026-06",43,13,12,11,3
"PID0279","2026-01",52,2,20,8,4
"PID0279","2026-02",56,16,20,9,1
"PID0279","2026-03",45,7,18,4,4
"PID0279","2026-04",27,3,7,6,2
"PID0279","2026-05",61,9,19,12,1
"PID0279","2026-06",47,9,17,11,5
"PID0280","2026-01",59,14,21,16,4
"PID0280","2026-02",57,15,19,12,4
"PID0280","2026-03",53,16,18,12,1
"PID0280","2026-04",35,9,15,10,4
"PID0280","2026-05",57,14,11,13,2
"PID0280","2026-06",46,10,19,5,5
"PID0281","2026-01",65,15,22,10,6
"PID0281","2026-02",59,21,26,14,8
"PID0281","2026-03",63,18,23,8,6
"PID0281","2026-04",70,15,23,15,6
"PID0281","2026-05",63,14,21,13,7
"PID0281","2026-06",69,20,23,10,7
"PID0282","2026-01",59,13,20,9,6
"PID0282","2026-02",43,12,16,9,2
"PID0282","2026-03",38,10,11,9,4
"PID0282","2026-04",54,6,18,12,4
"PID0282","2026-05",59,14,24,10,2
"PID0282","2026-06",49,5,21,13,3
"PID0283","2026-01",48,18,16,11,4
"PID0283","2026-02",62,17,25,14,4
"PID0283","2026-03",38,12,12,8,5
"PID0283","2026-04",57,8,16,16,7
"PID0283","2026-05",43,17,13,7,7
"PID0283","2026-06",41,6,16,8,4
"PID0284","2026-01",48,17,19,12,6
"PID0284","2026-02",59,24,19,7,4
"PID0284","2026-03",41,19,13,7,5
"PID0284","2026-04",64,16,28,18,2
"PID0284","2026-05",42,11,19,7,3
"PID0284","2026-06",57,13,20,9,5
"PID0285","2026-01",54,12,19,12,1
"PID0285","2026-02",54,7,17,14,1
"PID0285","2026-03",41,12,13,12,4
"PID0285","2026-04",56,16,22,11,2
"PID0285","2026-05",44,7,15,8,3
"PID0285","2026-06",51,9,15,13,2
"PID0286","2026-01",58,5,18,16,4
"PID0286","2026-02",45,3,14,13,2
"PID0286","2026-03",37,15,15,7,4
"PID0286","2026-04",50,14,16,10,1
"PID0286","2026-05",48,10,17,9,3
"PID0286","2026-06",38,13,7,6,4
"PID0287","2026-01",78,20,24,16,6
"PID0287","2026-02",58,15,22,15,9
"PID0287","2026-03",69,9,18,16,6
"PID0287","2026-04",55,14,18,14,7
"PID0287","2026-05",72,16,27,15,6
"PID0287","2026-06",69,7,25,18,8
"PID0288","2026-01",72,8,20,16,3
"PID0288","2026-02",47,13,17,5,4
"PID0288","2026-03",38,6,16,5,4
"PID0288","2026-04",43,9,14,11,4
"PID0288","2026-05",48,4,19,8,5
"PID0288","2026-06",49,6,12,14,3
"PID0289","2026-01",40,11,16,8,4
"PID0289","2026-02",69,14,26,12,4
"PID0289","2026-03",46,12,17,6,5
"PID0289","2026-04",49,16,22,13,4
"PID0289","2026-05",57,15,21,12,4
"PID0289","2026-06",55,13,18,10,4
"PID0290","2026-01",46,15,15,12,5
"PID0290","2026-02",43,11,16,7,3
"PID0290","2026-03",47,9,17,13,4
"PID0290","2026-04",53,6,20,11,4
"PID0290","2026-05",60,13,21,12,6
"PID0290","2026-06",70,14,23,18,1
"PID0291","2026-01",54,8,12,7,5
"PID0291","2026-02",41,10,11,9,6
"PID0291","2026-03",54,6,15,15,3
"PID0291","2026-04",62,6,24,12,3
"PID0291","2026-05",65,11,22,10,6
"PID0291","2026-06",53,9,17,15,3
"PID0292","2026-01",59,21,18,11,6
"PID0292","2026-02",63,16,22,10,6
"PID0292","2026-03",66,12,24,16,7
"PID0292","2026-04",61,14,16,21,4
"PID0292","2026-05",45,9,14,15,5
"PID0292","2026-06",54,11,18,14,5
"PID0293","2026-01",54,8,21,16,2
"PID0293","2026-02",39,14,10,2,4
"PID0293","2026-03",41,18,17,12,3
"PID0293","2026-04",54,13,21,9,4
"PID0293","2026-05",58,17,15,14,5
"PID0293","2026-06",56,8,20,15,5
"PID0294","2026-01",46,7,15,15,2
"PID0294","2026-02",63,8,26,16,5
"PID0294","2026-03",39,18,12,12,3
"PID0294","2026-04",62,10,25,14,3
"PID0294","2026-05",62,11,13,14,1
"PID0294","2026-06",46,9,16,10,1
"PID0295","2026-01",50,13,12,13,6
"PID0295","2026-02",61,19,17,11,3
"PID0295","2026-03",43,16,20,10,5
"PID0295","2026-04",66,12,21,10,5
"PID0295","2026-05",59,14,18,7,3
"PID0295","2026-06",57,16,12,9,3
"PID0296","2026-01",43,3,15,12,7
"PID0296","2026-02",47,11,16,8,3
"PID0296","2026-03",49,4,19,10,1
"PID0296","2026-04",41,10,16,7,4
"PID0296","2026-05",44,12,16,10,2
"PID0296","2026-06",49,1,18,11,2
"PID0297","2026-01",70,7,26,11,5
"PID0297","2026-02",58,14,22,15,3
"PID0297","2026-03",44,17,20,10,3
"PID0297","2026-04",63,16,20,16,3
"PID0297","2026-05",55,16,21,6,5
"PID0297","2026-06",57,15,16,16,2
"PID0298","2026-01",59,17,16,9,5
"PID0298","2026-02",56,14,18,16,2
"PID0298","2026-03",56,11,17,11,3
"PID0298","2026-04",61,15,24,16,4
"PID0298","2026-05",68,16,25,16,6
"PID0298","2026-06",54,15,19,10,6
"PID0299","2026-01",50,13,19,11,3
"PID0299","2026-02",42,14,13,9,6
"PID0299","2026-03",57,10,16,11,4
"PID0299","2026-04",60,15,18,8,5
"PID0299","2026-05",53,4,21,4,4
"PID0299","2026-06",46,14,15,9,2
"PID0300","2026-01",59,12,18,12,5
"PID0300","2026-02",67,16,27,15,5
"PID0300","2026-03",73,12,24,14,3
"PID0300","2026-04",60,4,18,12,7
"PID0300","2026-05",62,11,21,16,4
"PID0300","2026-06",58,16,21,11,5
"PID0301","2026-01",60,15,19,12,6
"PID0301","2026-02",59,20,20,13,4
"PID0301","2026-03",54,20,14,14,4
"PID0301","2026-04",50,16,22,8,5
"PID0301","2026-05",63,13,24,15,7
"PID0301","2026-06",38,16,11,10,6
"PID0302","2026-01",42,15,13,7,5
"PID0302","2026-02",62,13,24,16,1
"PID0302","2026-03",51,5,15,11,5
"PID0302","2026-04",42,11,15,8,6
"PID0302","2026-05",55,12,23,9,3
"PID0302","2026-06",52,18,22,13,4
"PID0303","2026-01",53,14,17,10,3
"PID0303","2026-02",55,14,19,15,3
"PID0303","2026-03",29,16,9,9,1
"PID0303","2026-04",49,2,14,9,3
"PID0303","2026-05",45,13,7,13,1
"PID0303","2026-06",52,10,17,11,1
"PID0304","2026-01",68,14,22,16,5
"PID0304","2026-02",64,14,16,17,3
"PID0304","2026-03",71,15,24,10,1
"PID0304","2026-04",57,5,16,9,4
"PID0304","2026-05",58,11,19,22,6
"PID0304","2026-06",65,8,23,17,3
"PID0305","2026-01",52,16,15,10,3
"PID0305","2026-02",60,17,18,9,5
"PID0305","2026-03",54,16,18,13,3
"PID0305","2026-04",55,14,20,7,3
"PID0305","2026-05",55,15,21,16,3
"PID0305","2026-06",65,24,21,14,3
"PID0306","2026-01",55,11,22,8,4
"PID0306","2026-02",72,6,21,11,6
"PID0306","2026-03",63,17,19,18,7
"PID0306","2026-04",55,19,18,13,7
"PID0306","2026-05",68,16,24,9,4
"PID0306","2026-06",55,14,25,10,6
"PID0307","2026-01",51,7,16,6,3
"PID0307","2026-02",48,15,12,7,3
"PID0307","2026-03",60,5,21,15,3
"PID0307","2026-04",54,15,20,18,0
"PID0307","2026-05",51,10,15,11,3
"PID0307","2026-06",46,14,21,12,3
"PID0308","2026-01",44,14,14,3,1
"PID0308","2026-02",34,12,10,6,2
"PID0308","2026-03",50,11,11,15,3
"PID0308","2026-04",46,9,16,5,3
"PID0308","2026-05",60,17,24,15,3
"PID0308","2026-06",27,10,9,6,0
"PID0309","2026-01",63,18,23,12,4
"PID0309","2026-02",49,17,22,9,4
"PID0309","2026-03",66,11,21,14,5
"PID0309","2026-04",72,11,24,19,4
"PID0309","2026-05",58,13,18,11,4
"PID0309","2026-06",60,10,22,14,2
"PID0310","2026-01",50,10,13,11,5
"PID0310","2026-02",59,7,19,20,4
"PID0310","2026-03",41,12,10,7,6
"PID0310","2026-04",50,15,24,17,4
"PID0310","2026-05",40,11,11,9,2
"PID0310","2026-06",60,16,21,14,4
"PID0311","2026-01",55,15,12,13,4
"PID0311","2026-02",58,16,23,12,6
"PID0311","2026-03",59,13,18,13,4
"PID0311","2026-04",59,12,21,16,4
"PID0311","2026-05",53,19,24,12,7
"PID0311","2026-06",59,8,17,15,3
"PID0312","2026-01",38,5,8,2,5
"PID0312","2026-02",37,13,12,10,5
"PID0312","2026-03",56,12,24,10,1
"PID0312","2026-04",44,11,15,11,6
"PID0312","2026-05",57,7,20,14,2
"PID0312","2026-06",43,15,13,7,3
"PID0313","2026-01",56,14,20,13,2
"PID0313","2026-02",50,16,21,10,4
"PID0313","2026-03",42,17,15,11,8
"PID0313","2026-04",56,9,16,10,5
"PID0313","2026-05",38,0,16,11,4
"PID0313","2026-06",49,12,16,8,3
"PID0314","2026-01",69,17,26,15,3
"PID0314","2026-02",57,11,15,10,5
"PID0314","2026-03",44,12,14,8,3
"PID0314","2026-04",57,14,27,18,3
"PID0314","2026-05",42,12,9,9,3
"PID0314","2026-06",51,17,17,9,4
"PID0315","2026-01",39,5,14,10,1
"PID0315","2026-02",39,13,11,6,4
"PID0315","2026-03",56,18,23,11,2
"PID0315","2026-04",73,14,24,18,2
"PID0315","2026-05",54,17,18,12,5
"PID0315","2026-06",62,25,19,6,1
"PID0316","2026-01",55,15,20,10,4
"PID0316","2026-02",56,15,15,9,4
"PID0316","2026-03",75,13,26,15,4
"PID0316","2026-04",56,13,23,11,5
"PID0316","2026-05",33,14,10,5,3
"PID0316","2026-06",56,5,16,10,5
"PID0317","2026-01",64,23,23,14,3
"PID0317","2026-02",56,11,16,15,4
"PID0317","2026-03",67,7,21,15,6
"PID0317","2026-04",72,12,24,18,8
"PID0317","2026-05",77,16,29,19,6
"PID0317","2026-06",53,13,21,17,6
"PID0318","2026-01",53,8,19,19,7
"PID0318","2026-02",59,13,23,9,5
"PID0318","2026-03",58,11,18,13,4
"PID0318","2026-04",67,6,24,16,5
"PID0318","2026-05",60,17,21,10,7
"PID0318","2026-06",61,12,17,14,5
"PID0319","2026-01",64,9,20,8,4
"PID0319","2026-02",81,19,33,19,5
"PID0319","2026-03",70,12,28,15,6
"PID0319","2026-04",59,8,25,9,5
"PID0319","2026-05",83,16,31,12,6
"PID0319","2026-06",49,16,14,13,7
"PID0320","2026-01",41,4,16,6,4
"PID0320","2026-02",44,20,17,12,3
"PID0320","2026-03",59,10,18,11,3
"PID0320","2026-04",55,19,18,13,4
"PID0320","2026-05",28,13,9,5,3
"PID0320","2026-06",50,11,17,8,3
"PID0321","2026-01",32,8,9,5,4
"PID0321","2026-02",41,12,12,6,2
"PID0321","2026-03",42,12,20,10,2
"PID0321","2026-04",43,10,14,11,4
"PID0321","2026-05",35,10,12,3,2
"PID0321","2026-06",38,11,20,8,2
"PID0322","2026-01",32,15,11,9,5
"PID0322","2026-02",54,14,21,11,1
"PID0322","2026-03",42,6,12,7,4
"PID0322","2026-04",40,18,9,9,3
"PID0322","2026-05",55,15,19,17,4
"PID0322","2026-06",59,10,20,9,3
"PID0323","2026-01",85,13,29,19,4
"PID0323","2026-02",74,11,32,16,6
"PID0323","2026-03",74,8,23,13,4
"PID0323","2026-04",67,10,23,12,5
"PID0323","2026-05",56,5,21,9,5
"PID0323","2026-06",67,21,21,17,5
"PID0324","2026-01",46,17,18,3,3
"PID0324","2026-02",59,11,22,11,7
"PID0324","2026-03",70,29,23,7,3
"PID0324","2026-04",82,11,27,16,6
"PID0324","2026-05",77,20,26,16,4
"PID0324","2026-06",61,14,24,14,5
"PID0325","2026-01",63,11,23,7,2
"PID0325","2026-02",56,11,20,13,7
"PID0325","2026-03",63,11,19,9,4
"PID0325","2026-04",59,13,19,14,4
"PID0325","2026-05",63,17,20,19,5
"PID0325","2026-06",68,18,27,14,4
"PID0326","2026-01",49,15,13,8,5
"PID0326","2026-02",46,8,20,10,4
"PID0326","2026-03",37,2,8,14,4
"PID0326","2026-04",34,4,8,11,5
"PID0326","2026-05",58,12,20,12,2
"PID0326","2026-06",42,15,14,4,3
"PID0327","2026-01",64,12,22,18,2
"PID0327","2026-02",32,12,11,2,0
"PID0327","2026-03",44,6,20,11,4
"PID0327","2026-04",45,7,21,9,3
"PID0327","2026-05",52,12,19,13,3
"PID0327","2026-06",36,15,18,7,3
"PID0328","2026-01",55,12,19,14,4
"PID0328","2026-02",57,15,20,16,1
"PID0328","2026-03",45,14,13,10,2
"PID0328","2026-04",35,10,11,5,2
"PID0328","2026-05",60,13,20,16,4
"PID0328","2026-06",50,9,22,5,2
"PID0329","2026-01",56,10,20,16,4
"PID0329","2026-02",50,3,22,6,2
"PID0329","2026-03",64,8,17,13,4
"PID0329","2026-04",32,14,9,8,3
"PID0329","2026-05",48,11,16,7,2
"PID0329","2026-06",53,17,16,10,4
"PID0330","2026-01",52,16,21,10,5
"PID0330","2026-02",54,11,18,12,5
"PID0330","2026-03",61,14,24,8,3
"PID0330","2026-04",55,20,19,11,6
"PID0330","2026-05",59,15,17,12,5
"PID0330","2026-06",54,20,17,7,2
"PID0331","2026-01",53,23,22,15,1
"PID0331","2026-02",44,11,10,6,3
"PID0331","2026-03",39,6,16,8,3
"PID0331","2026-04",50,10,12,10,2
"PID0331","2026-05",36,11,15,5,3
"PID0331","2026-06",36,17,12,7,4
"PID0332","2026-01",62,16,20,7,4
"PID0332","2026-02",62,17,27,15,4
"PID0332","2026-03",54,11,20,15,5
"PID0332","2026-04",47,15,17,12,6
"PID0332","2026-05",41,8,14,8,4
"PID0332","2026-06",52,11,16,13,4
"PID0333","2026-01",53,14,19,9,1
"PID0333","2026-02",42,12,7,10,5
"PID0333","2026-03",48,16,16,9,3
"PID0333","2026-04",40,2,14,6,6
"PID0333","2026-05",59,10,19,16,5
"PID0333","2026-06",46,13,15,11,4
"PID0334","2026-01",73,17,22,14,3
"PID0334","2026-02",62,16,18,11,5
"PID0334","2026-03",67,10,21,11,5
"PID0334","2026-04",58,8,22,12,4
"PID0334","2026-05",66,13,22,15,4
"PID0334","2026-06",54,4,15,8,6
"PID0335","2026-01",50,14,19,10,4
"PID0335","2026-02",57,16,22,15,5
"PID0335","2026-03",51,14,16,16,3
"PID0335","2026-04",35,18,16,11,3
"PID0335","2026-05",61,2,26,18,4
"PID0335","2026-06",52,10,17,10,2
"PID0336","2026-01",63,15,24,14,7
"PID0336","2026-02",54,17,16,10,2
"PID0336","2026-03",56,12,22,17,5
"PID0336","2026-04",58,17,18,11,5
"PID0336","2026-05",57,25,18,11,4
"PID0336","2026-06",61,14,23,8,4
"PID0337","2026-01",53,14,18,8,4
"PID0337","2026-02",48,4,13,14,2
"PID0337","2026-03",43,5,14,15,5
"PID0337","2026-04",46,18,14,5,3
"PID0337","2026-05",59,12,15,8,1
"PID0337","2026-06",44,5,12,11,4
"PID0338","2026-01",58,16,16,8,5
"PID0338","2026-02",49,15,14,8,3
"PID0338","2026-03",52,15,22,16,7
"PID0338","2026-04",47,9,12,8,4
"PID0338","2026-05",51,8,18,12,2
"PID0338","2026-06",63,7,23,17,4
"PID0339","2026-01",67,8,22,13,7
"PID0339","2026-02",68,10,28,16,2
"PID0339","2026-03",65,18,22,13,6
"PID0339","2026-04",55,9,25,14,5
"PID0339","2026-05",64,12,23,12,6
"PID0339","2026-06",63,14,24,15,6
"PID0340","2026-01",63,17,21,12,3
"PID0340","2026-02",51,13,10,8,2
"PID0340","2026-03",66,15,22,8,3
"PID0340","2026-04",48,18,14,14,6
"PID0340","2026-05",64,11,20,11,4
"PID0340","2026-06",53,11,15,13,2
"PID0341","2026-01",44,10,14,8,3
"PID0341","2026-02",49,12,13,4,4
"PID0341","2026-03",42,12,18,8,3
"PID0341","2026-04",49,11,18,13,3
"PID0341","2026-05",45,12,15,8,3
"PID0341","2026-06",64,13,18,19,5
"PID0342","2026-01",49,12,13,10,3
"PID0342","2026-02",52,11,17,12,4
"PID0342","2026-03",46,9,14,6,4
"PID0342","2026-04",43,21,16,5,4
"PID0342","2026-05",25,15,6,8,4
"PID0342","2026-06",50,12,22,10,2
"PID0343","2026-01",58,13,22,17,3
"PID0343","2026-02",39,10,15,6,3
"PID0343","2026-03",37,8,6,5,4
"PID0343","2026-04",53,8,24,10,3
"PID0343","2026-05",43,9,18,13,0
"PID0343","2026-06",34,13,12,11,6
"PID0344","2026-01",38,9,7,8,4
"PID0344","2026-02",63,7,18,12,4
"PID0344","2026-03",58,13,20,10,2
"PID0344","2026-04",50,14,19,8,2
"PID0344","2026-05",43,16,14,10,5
"PID0344","2026-06",51,17,20,10,5
"PID0345","2026-01",39,14,9,10,4
"PID0345","2026-02",35,13,8,5,3
"PID0345","2026-03",46,8,16,2,4
"PID0345","2026-04",49,8,16,11,2
"PID0345","2026-05",51,15,17,10,3
"PID0345","2026-06",45,16,18,11,0
"PID0346","2026-01",61,21,21,12,5
"PID0346","2026-02",52,22,19,9,3
"PID0346","2026-03",82,12,30,16,8
"PID0346","2026-04",75,17,31,19,6
"PID0346","2026-05",67,16,29,18,6
"PID0346","2026-06",59,12,20,8,8
"PID0347","2026-01",53,16,18,13,5
"PID0347","2026-02",46,6,14,8,2
"PID0347","2026-03",46,15,14,5,3
"PID0347","2026-04",61,13,21,17,3
"PID0347","2026-05",61,3,22,8,4
"PID0347","2026-06",56,0,20,14,4
"PID0348","2026-01",67,19,25,18,4
"PID0348","2026-02",48,16,18,10,5
"PID0348","2026-03",62,19,24,13,5
"PID0348","2026-04",50,16,19,9,3
"PID0348","2026-05",59,6,17,13,4
"PID0348","2026-06",66,8,20,13,6
"PID0349","2026-01",49,10,18,7,7
"PID0349","2026-02",55,13,21,10,3
"PID0349","2026-03",64,8,25,11,5
"PID0349","2026-04",56,11,24,9,8
"PID0349","2026-05",51,14,17,9,5
"PID0349","2026-06",60,11,24,19,4
"PID0350","2026-01",60,12,20,9,4
"PID0350","2026-02",57,14,22,15,3
"PID0350","2026-03",57,12,20,12,1
"PID0350","2026-04",41,14,14,10,6
"PID0350","2026-05",45,17,14,8,6
"PID0350","2026-06",50,4,16,11,2
"PID0351","2026-01",44,19,17,10,4
"PID0351","2026-02",43,5,15,10,1
"PID0351","2026-03",39,6,14,13,2
"PID0351","2026-04",57,16,17,10,2
"PID0351","2026-05",55,9,19,7,3
"PID0351","2026-06",45,13,13,7,3
"PID0352","2026-01",36,18,15,8,3
"PID0352","2026-02",53,7,18,11,3
"PID0352","2026-03",44,11,13,9,3
"PID0352","2026-04",58,8,17,12,4
"PID0352","2026-05",54,8,22,14,5
"PID0352","2026-06",53,13,21,9,6
"PID0353","2026-01",44,9,10,9,6
"PID0353","2026-02",40,14,14,13,4
"PID0353","2026-03",31,13,10,3,5
"PID0353","2026-04",47,11,22,12,6
"PID0353","2026-05",52,6,19,8,4
"PID0353","2026-06",45,7,15,10,4
"PID0354","2026-01",58,11,20,12,6
"PID0354","2026-02",51,8,13,14,6
"PID0354","2026-03",57,11,18,9,7
"PID0354","2026-04",62,15,19,15,4
"PID0354","2026-05",69,10,24,14,4
"PID0354","2026-06",52,11,15,13,6
"PID0355","2026-01",54,20,17,14,4
"PID0355","2026-02",62,8,19,12,5
"PID0355","2026-03",61,15,24,15,4
"PID0355","2026-04",68,13,23,20,5
"PID0355","2026-05",52,9,19,16,4
"PID0355","2026-06",70,17,26,19,6
"PID0356","2026-01",50,13,18,9,4
"PID0356","2026-02",58,19,21,11,2
"PID0356","2026-03",61,21,19,11,3
"PID0356","2026-04",48,17,13,11,4
"PID0356","2026-05",46,12,18,11,2
"PID0356","2026-06",62,14,16,9,4
"PID0357","2026-01",59,6,22,14,4
"PID0357","2026-02",50,9,17,4,2
"PID0357","2026-03",39,14,9,11,3
"PID0357","2026-04",59,13,19,7,4
"PID0357","2026-05",56,9,20,8,2
"PID0357","2026-06",36,22,10,6,5
"PID0358","2026-01",47,14,19,8,4
"PID0358","2026-02",44,15,12,5,3
"PID0358","2026-03",49,16,24,9,2
"PID0358","2026-04",55,14,24,9,3
"PID0358","2026-05",55,9,16,13,3
"PID0358","2026-06",38,14,13,2,1
"PID0359","2026-01",57,12,18,11,4
"PID0359","2026-02",62,7,18,7,3
"PID0359","2026-03",75,9,24,19,7
"PID0359","2026-04",60,11,18,12,4
"PID0359","2026-05",56,15,16,6,5
"PID0359","2026-06",67,5,20,15,2
"PID0360","2026-01",54,9,17,14,3
"PID0360","2026-02",36,9,17,5,2
"PID0360","2026-03",48,16,13,1,5
"PID0360","2026-04",47,12,18,9,4
"PID0360","2026-05",39,11,12,10,4
"PID0360","2026-06",64,17,22,8,5
"PID0361","2026-01",57,12,21,10,3
"PID0361","2026-02",64,8,21,14,5
"PID0361","2026-03",59,18,23,12,3
"PID0361","2026-04",55,10,17,12,2
"PID0361","2026-05",54,15,18,10,6
"PID0361","2026-06",62,5,25,8,3
"PID0362","2026-01",61,12,20,15,3
"PID0362","2026-02",56,16,24,10,3
"PID0362","2026-03",70,19,27,16,3
"PID0362","2026-04",44,10,19,9,4
"PID0362","2026-05",64,14,21,12,3
"PID0362","2026-06",79,7,29,18,3
"PID0363","2026-01",69,13,23,13,5
"PID0363","2026-02",76,12,28,14,5
"PID0363","2026-03",68,11,18,13,3
"PID0363","2026-04",73,13,24,18,6
"PID0363","2026-05",66,16,20,15,5
"PID0363","2026-06",57,16,17,14,6
"PID0364","2026-01",48,14,18,4,4
"PID0364","2026-02",41,12,8,6,0
"PID0364","2026-03",59,15,20,12,2
"PID0364","2026-04",56,7,16,3,5
"PID0364","2026-05",44,12,14,7,4
"PID0364","2026-06",55,15,19,18,2
"PID0365","2026-01",53,10,17,9,2
"PID0365","2026-02",47,14,14,12,4
"PID0365","2026-03",61,9,23,11,3
"PID0365","2026-04",46,17,18,8,6
"PID0365","2026-05",55,12,20,7,3
"PID0365","2026-06",65,13,20,11,4
"PID0366","2026-01",57,12,19,8,4
"PID0366","2026-02",56,9,21,15,6
"PID0366","2026-03",65,17,21,15,4
"PID0366","2026-04",52,12,12,13,5
"PID0366","2026-05",53,7,21,3,2
"PID0366","2026-06",64,7,23,12,4
"PID0367","2026-01",47,7,22,9,5
"PID0367","2026-02",75,10,27,15,4
"PID0367","2026-03",52,7,19,6,6
"PID0367","2026-04",67,19,23,15,4
"PID0367","2026-05",49,15,22,10,6
"PID0367","2026-06",64,7,19,15,4
"PID0368","2026-01",39,12,11,8,5
"PID0368","2026-02",37,9,12,4,4
"PID0368","2026-03",36,10,18,7,4
"PID0368","2026-04",43,4,13,10,7
"PID0368","2026-05",57,9,17,14,3
"PID0368","2026-06",46,10,17,7,5
"PID0369","2026-01",45,5,13,9,6
"PID0369","2026-02",70,14,24,12,5
"PID0369","2026-03",49,13,17,15,6
"PID0369","2026-04",37,15,17,10,5
"PID0369","2026-05",52,7,13,11,3
"PID0369","2026-06",61,18,21,12,3
"PID0370","2026-01",35,20,10,6,6
"PID0370","2026-02",52,11,13,16,3
"PID0370","2026-03",52,8,18,10,4
"PID0370","2026-04",50,10,13,15,5
"PID0370","2026-05",38,9,17,12,3
"PID0370","2026-06",51,15,15,12,2
"PID0371","2026-01",58,18,17,11,5
"PID0371","2026-02",35,20,13,11,4
"PID0371","2026-03",63,7,22,18,6
"PID0371","2026-04",51,15,16,15,4
"PID0371","2026-05",51,15,14,13,4
"PID0371","2026-06",60,10,19,11,5
"PID0372","2026-01",52,14,27,12,2
"PID0372","2026-02",63,4,20,16,3
"PID0372","2026-03",57,14,18,11,2
"PID0372","2026-04",56,18,17,11,2
"PID0372","2026-05",47,10,17,13,3
"PID0372","2026-06",58,13,28,11,2
"PID0373","2026-01",59,21,19,12,3
"PID0373","2026-02",70,15,21,10,5
"PID0373","2026-03",64,18,21,12,4
"PID0373","2026-04",51,8,18,12,7
"PID0373","2026-05",63,14,25,13,4
"PID0373","2026-06",65,8,23,11,5
"PID0374","2026-01",41,5,10,9,5
"PID0374","2026-02",42,18,11,6,3
"PID0374","2026-03",45,7,22,6,0
"PID0374","2026-04",42,5,16,6,2
"PID0374","2026-05",46,8,20,9,1
"PID0374","2026-06",50,12,15,10,4
"PID0375","2026-01",49,9,14,13,4
"PID0375","2026-02",46,10,17,14,4
"PID0375","2026-03",56,7,19,18,3
"PID0375","2026-04",48,5,13,16,4
"PID0375","2026-05",54,13,26,13,4
"PID0375","2026-06",51,11,20,11,5
"PID0376","2026-01",62,24,25,12,4
"PID0376","2026-02",72,17,24,16,4
"PID0376","2026-03",85,12,28,14,6
"PID0376","2026-04",74,20,24,14,6
"PID0376","2026-05",67,13,25,15,4
"PID0376","2026-06",70,16,22,17,6
"PID0377","2026-01",69,15,27,11,2
"PID0377","2026-02",52,2,22,15,4
"PID0377","2026-03",49,17,18,12,5
"PID0377","2026-04",50,12,18,13,4
"PID0377","2026-05",53,13,13,15,3
"PID0377","2026-06",49,10,19,12,4
"PID0378","2026-01",54,15,23,11,3
"PID0378","2026-02",61,10,18,12,2
"PID0378","2026-03",58,8,20,14,6
"PID0378","2026-04",50,7,20,18,5
"PID0378","2026-05",52,9,22,10,6
"PID0378","2026-06",65,16,16,15,4
"PID0379","2026-01",39,14,10,10,2
"PID0379","2026-02",48,8,18,13,3
"PID0379","2026-03",66,16,22,16,3
"PID0379","2026-04",39,13,9,12,5
"PID0379","2026-05",56,10,13,15,4
"PID0379","2026-06",49,8,21,7,5
"PID0380","2026-01",60,9,24,9,4
"PID0380","2026-02",51,12,14,19,3
"PID0380","2026-03",51,6,11,13,4
"PID0380","2026-04",40,10,16,10,3
"PID0380","2026-05",50,9,19,2,3
"PID0380","2026-06",37,10,10,11,5
"PID0381","2026-01",53,7,21,8,5
"PID0381","2026-02",55,9,19,9,4
"PID0381","2026-03",58,18,19,19,4
"PID0381","2026-04",64,12,20,12,3
"PID0381","2026-05",56,11,25,9,3
"PID0381","2026-06",55,14,21,14,4
"PID0382","2026-01",55,16,22,12,2
"PID0382","2026-02",55,17,16,10,4
"PID0382","2026-03",63,4,26,15,5
"PID0382","2026-04",36,5,11,7,4
"PID0382","2026-05",50,11,20,11,2
"PID0382","2026-06",59,6,23,14,2
"PID0383","2026-01",39,12,14,10,3
"PID0383","2026-02",46,8,23,12,4
"PID0383","2026-03",40,6,9,11,3
"PID0383","2026-04",46,13,17,2,3
"PID0383","2026-05",48,9,16,15,3
"PID0383","2026-06",43,15,14,13,4
"PID0384","2026-01",64,3,16,9,4
"PID0384","2026-02",52,23,17,8,5
"PID0384","2026-03",58,8,20,12,5
"PID0384","2026-04",54,9,13,8,5
"PID0384","2026-05",53,8,12,9,3
"PID0384","2026-06",49,18,20,12,6
"PID0385","2026-01",42,7,12,9,2
"PID0385","2026-02",44,13,15,14,4
"PID0385","2026-03",51,15,18,5,3
"PID0385","2026-04",58,8,20,14,3
"PID0385","2026-05",56,16,24,16,3
"PID0385","2026-06",60,10,20,14,4
"PID0386","2026-01",65,12,22,16,7
"PID0386","2026-02",80,19,30,13,5
"PID0386","2026-03",85,18,35,17,5
"PID0386","2026-04",78,15,20,17,6
"PID0386","2026-05",79,20,25,10,6
"PID0386","2026-06",68,13,27,15,6
"PID0387","2026-01",60,12,19,11,4
"PID0387","2026-02",54,5,17,12,5
"PID0387","2026-03",67,11,25,13,5
"PID0387","2026-04",44,12,17,8,4
"PID0387","2026-05",67,10,24,16,2
"PID0387","2026-06",60,10,17,19,4
"PID0388","2026-01",48,16,21,8,2
"PID0388","2026-02",44,14,17,7,3
"PID0388","2026-03",48,5,15,8,4
"PID0388","2026-04",55,8,19,8,4
"PID0388","2026-05",62,6,19,19,4
"PID0388","2026-06",55,5,19,7,1
"PID0389","2026-01",58,11,15,17,5
"PID0389","2026-02",53,6,18,10,6
"PID0389","2026-03",62,6,17,11,6
"PID0389","2026-04",69,7,25,13,7
"PID0389","2026-05",67,5,23,15,6
"PID0389","2026-06",57,8,19,4,6
"PID0390","2026-01",42,14,15,5,3
"PID0390","2026-02",41,13,17,11,6
"PID0390","2026-03",53,16,20,8,1
"PID0390","2026-04",54,13,19,9,3
"PID0390","2026-05",48,13,20,14,1
"PID0390","2026-06",64,17,19,11,2
"PID0391","2026-01",73,16,22,17,6
"PID0391","2026-02",78,15,22,19,7
"PID0391","2026-03",61,10,19,10,6
"PID0391","2026-04",82,22,26,16,5
"PID0391","2026-05",70,16,26,13,6
"PID0391","2026-06",74,15,24,17,8
"PID0392","2026-01",64,16,21,15,4
"PID0392","2026-02",47,16,17,10,0
"PID0392","2026-03",59,10,19,14,3
"PID0392","2026-04",69,8,22,13,4
"PID0392","2026-05",58,16,21,7,3
"PID0392","2026-06",78,17,29,11,6
"PID0393","2026-01",32,9,8,10,0
"PID0393","2026-02",54,19,15,10,2
"PID0393","2026-03",51,16,13,7,3
"PID0393","2026-04",40,10,9,10,2
"PID0393","2026-05",46,16,12,10,2
"PID0393","2026-06",46,22,14,6,2
"PID0394","2026-01",60,15,14,17,4
"PID0394","2026-02",59,18,19,10,7
"PID0394","2026-03",57,14,19,12,5
"PID0394","2026-04",55,14,16,11,7
"PID0394","2026-05",57,11,21,10,3
"PID0394","2026-06",51,1,16,11,3
"PID0395","2026-01",65,15,23,16,6
"PID0395","2026-02",53,10,17,15,5
"PID0395","2026-03",60,16,20,19,3
"PID0395","2026-04",50,15,13,15,6
"PID0395","2026-05",51,12,10,12,5
"PID0395","2026-06",42,14,11,14,3
"PID0396","2026-01",39,10,15,7,3
"PID0396","2026-02",45,10,15,8,2
"PID0396","2026-03",52,8,16,10,3
"PID0396","2026-04",47,14,8,11,2
"PID0396","2026-05",43,10,15,7,2
"PID0396","2026-06",35,6,6,7,6
"PID0397","2026-01",54,17,22,12,3
"PID0397","2026-02",59,17,21,14,7
"PID0397","2026-03",64,19,21,14,4
"PID0397","2026-04",65,20,23,6,4
"PID0397","2026-05",61,7,23,11,3
"PID0397","2026-06",57,12,16,10,3
"PID0398","2026-01",56,12,19,15,3
"PID0398","2026-02",47,6,16,14,1
"PID0398","2026-03",59,17,16,15,2
"PID0398","2026-04",50,19,17,13,3
"PID0398","2026-05",58,4,23,12,3
"PID0398","2026-06",56,7,19,15,3
"PID0399","2026-01",44,14,13,6,4
"PID0399","2026-02",30,6,12,3,5
"PID0399","2026-03",64,20,20,13,2
"PID0399","2026-04",51,16,14,9,5
"PID0399","2026-05",33,7,4,3,4
"PID0399","2026-06",44,21,20,6,0
"PID0400","2026-01",38,15,12,3,2
"PID0400","2026-02",53,5,18,11,7
"PID0400","2026-03",32,15,11,8,4
"PID0400","2026-04",37,9,13,2,4
"PID0400","2026-05",58,11,19,11,4
"PID0400","2026-06",47,9,16,11,4
"PID0401","2026-01",44,7,17,14,6
"PID0401","2026-02",62,15,23,19,3
"PID0401","2026-03",57,11,19,15,2
"PID0401","2026-04",56,10,17,14,2
"PID0401","2026-05",53,18,15,10,1
"PID0401","2026-06",47,8,13,9,0
"PID0402","2026-01",57,17,14,13,4
"PID0402","2026-02",57,7,25,14,8
"PID0402","2026-03",67,15,26,13,4
"PID0402","2026-04",54,16,21,13,5
"PID0402","2026-05",60,21,20,10,3
"PID0402","2026-06",71,18,17,14,5
"PID0403","2026-01",52,10,23,12,1
"PID0403","2026-02",61,8,24,15,4
"PID0403","2026-03",61,7,18,12,2
"PID0403","2026-04",55,14,16,11,4
"PID0403","2026-05",63,17,24,16,1
"PID0403","2026-06",64,13,25,18,2
"PID0404","2026-01",51,10,19,3,2
"PID0404","2026-02",52,16,21,17,1
"PID0404","2026-03",61,5,23,9,5
"PID0404","2026-04",61,9,22,12,4
"PID0404","2026-05",53,15,11,12,4
"PID0404","2026-06",64,12,19,13,4
"PID0405","2026-01",59,14,24,9,1
"PID0405","2026-02",65,10,28,14,5
"PID0405","2026-03",50,15,12,14,2
"PID0405","2026-04",59,15,24,13,2
"PID0405","2026-05",46,15,17,12,4
"PID0405","2026-06",52,11,12,11,4
"PID0406","2026-01",67,9,27,19,5
"PID0406","2026-02",75,20,24,17,6
"PID0406","2026-03",70,17,24,11,6
"PID0406","2026-04",70,18,21,16,8
"PID0406","2026-05",63,14,21,11,5
"PID0406","2026-06",63,17,21,20,6
"PID0407","2026-01",63,4,20,10,3
"PID0407","2026-02",40,5,19,10,5
"PID0407","2026-03",55,12,17,11,4
"PID0407","2026-04",48,9,18,8,4
"PID0407","2026-05",53,13,16,13,3
"PID0407","2026-06",48,11,20,12,5
"PID0408","2026-01",37,11,11,6,4
"PID0408","2026-02",35,4,14,7,4
"PID0408","2026-03",36,9,15,2,0
"PID0408","2026-04",40,8,17,11,4
"PID0408","2026-05",26,9,12,4,2
"PID0408","2026-06",60,13,19,10,3
"PID0409","2026-01",38,9,17,9,3
"PID0409","2026-02",36,0,13,6,1
"PID0409","2026-03",54,13,18,7,4
"PID0409","2026-04",38,10,13,16,2
"PID0409","2026-05",50,14,21,8,2
"PID0409","2026-06",45,13,18,8,3
"PID0410","2026-01",52,11,20,13,1
"PID0410","2026-02",48,10,13,9,3
"PID0410","2026-03",49,13,14,9,2
"PID0410","2026-04",34,15,8,3,3
"PID0410","2026-05",50,5,17,8,4
"PID0410","2026-06",56,12,17,13,3
"PID0411","2026-01",53,9,19,14,5
"PID0411","2026-02",48,3,17,9,3
"PID0411","2026-03",45,14,12,10,0
"PID0411","2026-04",37,12,12,9,5
"PID0411","2026-05",59,10,19,20,3
"PID0411","2026-06",33,8,12,4,1
"PID0412","2026-01",66,17,27,11,4
"PID0412","2026-02",78,8,23,12,2
"PID0412","2026-03",73,20,25,12,4
"PID0412","2026-04",68,19,22,16,5
"PID0412","2026-05",63,5,21,16,4
"PID0412","2026-06",72,12,25,16,7
"PID0413","2026-01",62,19,26,16,3
"PID0413","2026-02",58,12,19,12,4
"PID0413","2026-03",52,16,23,11,2
"PID0413","2026-04",67,13,22,14,4
"PID0413","2026-05",62,1,21,11,5
"PID0413","2026-06",66,15,18,18,2
"PID0414","2026-01",55,11,18,14,6
"PID0414","2026-02",54,8,16,11,3
"PID0414","2026-03",48,13,17,9,3
"PID0414","2026-04",55,14,13,11,3
"PID0414","2026-05",49,18,17,10,4
"PID0414","2026-06",50,14,14,12,5
"PID0415","2026-01",67,16,24,16,4
"PID0415","2026-02",73,16,22,11,8
"PID0415","2026-03",70,12,23,20,5
"PID0415","2026-04",69,17,22,14,7
"PID0415","2026-05",52,10,19,12,7
"PID0415","2026-06",73,14,20,15,5
"PID0416","2026-01",60,16,17,13,8
"PID0416","2026-02",61,5,20,11,5
"PID0416","2026-03",68,9,25,12,5
"PID0416","2026-04",55,4,24,11,2
"PID0416","2026-05",69,15,21,18,4
"PID0416","2026-06",59,15,24,12,5
"PID0417","2026-01",55,20,21,14,2
"PID0417","2026-02",49,9,18,9,3
"PID0417","2026-03",50,12,22,12,2
"PID0417","2026-04",50,10,12,14,3
"PID0417","2026-05",56,12,22,15,6
"PID0417","2026-06",50,19,16,8,2
"PID0418","2026-01",35,12,10,13,4
"PID0418","2026-02",52,7,21,9,3
"PID0418","2026-03",38,15,18,8,3
"PID0418","2026-04",48,14,20,8,1
"PID0418","2026-05",50,21,17,11,1
"PID0418","2026-06",34,7,15,4,2
"PID0419","2026-01",45,15,18,12,2
"PID0419","2026-02",37,11,7,7,1
"PID0419","2026-03",52,9,17,9,4
"PID0419","2026-04",41,7,14,8,3
"PID0419","2026-05",47,6,17,11,2
"PID0419","2026-06",46,8,8,9,5
"PID0420","2026-01",75,8,25,17,6
"PID0420","2026-02",55,21,19,13,5
"PID0420","2026-03",68,13,23,10,4
"PID0420","2026-04",65,9,19,18,7
"PID0420","2026-05",69,9,18,10,6
"PID0420","2026-06",54,11,16,15,4
"PID0421","2026-01",53,7,20,12,4
"PID0421","2026-02",32,10,6,4,3
"PID0421","2026-03",54,20,20,13,4
"PID0421","2026-04",48,10,18,10,0
"PID0421","2026-05",43,11,13,11,4
"PID0421","2026-06",55,12,22,6,3
"PID0422","2026-01",46,7,18,12,5
"PID0422","2026-02",60,16,18,14,1
"PID0422","2026-03",37,18,16,5,3
"PID0422","2026-04",61,9,20,9,3
"PID0422","2026-05",46,11,17,10,5
"PID0422","2026-06",55,14,22,6,3
"PID0423","2026-01",68,17,22,15,9
"PID0423","2026-02",67,7,21,16,6
"PID0423","2026-03",70,13,22,16,5
"PID0423","2026-04",78,20,26,16,5
"PID0423","2026-05",62,9,27,9,5
"PID0423","2026-06",66,4,19,16,9
"PID0424","2026-01",53,13,25,11,5
"PID0424","2026-02",60,16,14,11,4
"PID0424","2026-03",51,14,16,12,4
"PID0424","2026-04",70,12,22,16,0
"PID0424","2026-05",55,8,20,14,0
"PID0424","2026-06",52,18,17,15,4
"PID0425","2026-01",47,10,18,5,3
"PID0425","2026-02",42,6,15,5,5
"PID0425","2026-03",31,4,6,8,4
"PID0425","2026-04",53,6,16,8,2
"PID0425","2026-05",53,7,20,11,2
"PID0425","2026-06",47,11,16,13,3
"PID0426","2026-01",54,10,19,13,3
"PID0426","2026-02",47,11,17,9,2
"PID0426","2026-03",65,12,23,13,6
"PID0426","2026-04",56,17,17,14,2
"PID0426","2026-05",74,13,28,15,3
"PID0426","2026-06",47,16,14,12,4
"PID0427","2026-01",62,12,25,5,5
"PID0427","2026-02",44,15,21,12,4
"PID0427","2026-03",64,14,18,14,3
"PID0427","2026-04",48,19,16,9,3
"PID0427","2026-05",41,18,16,12,4
"PID0427","2026-06",55,9,19,11,3
"PID0428","2026-01",50,9,18,11,5
"PID0428","2026-02",44,12,17,6,5
"PID0428","2026-03",47,15,13,10,3
"PID0428","2026-04",53,7,19,13,1
"PID0428","2026-05",100,12,35,29,4
"PID0428","2026-06",51,8,13,12,6
"PID0429","2026-01",61,19,23,15,2
"PID0429","2026-02",55,9,17,13,4
"PID0429","2026-03",66,14,19,18,3
"PID0429","2026-04",56,6,17,10,2
"PID0429","2026-05",61,11,20,7,2
"PID0429","2026-06",53,15,21,10,3
"PID0430","2026-01",60,11,15,13,1
"PID0430","2026-02",55,11,19,16,5
"PID0430","2026-03",62,14,16,16,4
"PID0430","2026-04",44,10,13,7,3
"PID0430","2026-05",60,8,21,10,4
"PID0430","2026-06",55,9,20,7,4
"PID0431","2026-01",54,15,13,10,4
"PID0431","2026-02",53,14,14,11,4
"PID0431","2026-03",41,20,13,6,5
"PID0431","2026-04",59,11,18,15,3
"PID0431","2026-05",56,14,11,8,5
"PID0431","2026-06",60,18,20,17,3
"PID0432","2026-01",44,12,16,8,3
"PID0432","2026-02",58,16,20,16,5
"PID0432","2026-03",62,8,24,12,3
"PID0432","2026-04",36,12,11,8,4
"PID0432","2026-05",46,8,22,11,4
"PID0432","2026-06",64,8,21,7,4
"PID0433","2026-01",59,8,19,14,6
"PID0433","2026-02",52,19,18,6,7
"PID0433","2026-03",54,13,18,8,7
"PID0433","2026-04",53,11,20,12,6
"PID0433","2026-05",57,1,21,11,4
"PID0433","2026-06",56,14,20,7,3
"PID0434","2026-01",60,8,23,9,5
"PID0434","2026-02",59,19,21,12,5
"PID0434","2026-03",54,9,19,12,7
"PID0434","2026-04",60,15,18,12,5
"PID0434","2026-05",52,10,17,12,5
"PID0434","2026-06",52,12,18,8,6
"PID0435","2026-01",50,15,18,13,5
"PID0435","2026-02",52,8,16,9,4
"PID0435","2026-03",67,17,23,8,3
"PID0435","2026-04",66,12,17,17,5
"PID0435","2026-05",49,15,19,15,6
"PID0435","2026-06",69,21,27,21,7
"PID0436","2026-01",31,18,5,6,5
"PID0436","2026-02",53,13,13,10,4
"PID0436","2026-03",46,7,14,8,2
"PID0436","2026-04",56,14,20,7,4
"PID0436","2026-05",47,12,13,12,2
"PID0436","2026-06",46,12,11,12,3
"PID0437","2026-01",60,10,20,11,2
"PID0437","2026-02",47,9,19,3,3
"PID0437","2026-03",34,12,9,7,2
"PID0437","2026-04",55,14,22,0,6
"PID0437","2026-05",54,20,27,10,3
"PID0437","2026-06",38,8,15,9,4
"PID0438","2026-01",59,3,16,13,3
"PID0438","2026-02",65,13,21,17,8
"PID0438","2026-03",57,1,20,17,3
"PID0438","2026-04",74,13,18,14,3
"PID0438","2026-05",61,13,22,16,6
"PID0438","2026-06",58,15,21,14,4
"PID0439","2026-01",65,23,21,16,4
"PID0439","2026-02",70,15,28,18,4
"PID0439","2026-03",88,14,31,23,6
"PID0439","2026-04",79,15,22,18,3
"PID0439","2026-05",78,13,26,24,7
"PID0439","2026-06",70,13,21,14,6
"PID0440","2026-01",47,14,14,4,4
"PID0440","2026-02",41,16,10,7,6
"PID0440","2026-03",52,12,20,8,3
"PID0440","2026-04",55,22,19,13,2
"PID0440","2026-05",53,16,20,12,1
"PID0440","2026-06",57,8,20,8,2
"PID0441","2026-01",38,5,18,8,3
"PID0441","2026-02",50,13,13,13,2
"PID0441","2026-03",43,13,14,8,2
"PID0441","2026-04",15,6,9,3,1
"PID0441","2026-05",43,11,12,7,3
"PID0441","2026-06",40,15,15,10,3
"PID0442","2026-01",62,18,22,19,4
"PID0442","2026-02",68,15,23,15,5
"PID0442","2026-03",61,15,20,9,2
"PID0442","2026-04",52,6,15,12,3
"PID0442","2026-05",60,7,18,14,5
"PID0442","2026-06",57,19,28,13,3
"PID0443","2026-01",51,15,16,13,4
"PID0443","2026-02",80,14,26,19,6
"PID0443","2026-03",65,12,27,17,5
"PID0443","2026-04",63,13,18,11,5
"PID0443","2026-05",44,17,16,9,2
"PID0443","2026-06",61,18,18,11,5
"PID0444","2026-01",71,18,28,15,4
"PID0444","2026-02",82,15,28,17,6
"PID0444","2026-03",55,14,22,8,4
"PID0444","2026-04",70,16,23,12,4
"PID0444","2026-05",63,10,17,15,4
"PID0444","2026-06",66,21,21,15,7
"PID0445","2026-01",62,9,21,15,2
"PID0445","2026-02",63,13,23,16,4
"PID0445","2026-03",58,14,17,10,3
"PID0445","2026-04",57,6,20,16,0
"PID0445","2026-05",51,11,18,11,4
"PID0445","2026-06",43,14,13,5,3
"PID0446","2026-01",45,16,20,15,5
"PID0446","2026-02",36,0,15,9,4
"PID0446","2026-03",47,12,14,13,2
"PID0446","2026-04",50,14,17,12,4
"PID0446","2026-05",45,14,13,4,2
"PID0446","2026-06",52,14,17,15,6
"PID0447","2026-01",47,4,13,8,4
"PID0447","2026-02",57,15,18,11,5
"PID0447","2026-03",55,10,15,7,6
"PID0447","2026-04",53,12,17,21,3
"PID0447","2026-05",47,12,13,11,5
"PID0447","2026-06",58,7,19,9,4
"PID0448","2026-01",62,12,23,8,5
"PID0448","2026-02",74,12,26,13,6
"PID0448","2026-03",62,10,22,14,4
"PID0448","2026-04",70,14,22,12,5
"PID0448","2026-05",55,23,24,11,4
"PID0448","2026-06",61,12,27,12,3
"PID0449","2026-01",47,15,10,8,3
"PID0449","2026-02",46,13,10,13,2
"PID0449","2026-03",36,5,11,13,2
"PID0449","2026-04",63,13,19,16,1
"PID0449","2026-05",42,6,16,15,0
"PID0449","2026-06",37,13,15,5,1
"PID0450","2026-01",82,5,33,20,6
"PID0450","2026-02",62,14,16,14,5
"PID0450","2026-03",63,12,22,12,7
"PID0450","2026-04",71,16,22,15,5
"PID0450","2026-05",67,15,21,9,5
"PID0450","2026-06",52,12,16,17,7
"PID0451","2026-01",45,11,16,6,5
"PID0451","2026-02",47,13,16,9,4
"PID0451","2026-03",48,13,19,13,2
"PID0451","2026-04",43,11,12,1,1
"PID0451","2026-05",64,13,19,18,4
"PID0451","2026-06",38,16,14,11,2
"PID0452","2026-01",50,15,11,11,4
"PID0452","2026-02",63,16,27,19,4
"PID0452","2026-03",52,13,14,8,3
"PID0452","2026-04",59,12,19,13,6
"PID0452","2026-05",67,10,21,14,5
"PID0452","2026-06",55,21,21,11,4
"PID0453","2026-01",68,6,24,20,3
"PID0453","2026-02",49,9,11,9,1
"PID0453","2026-03",50,13,14,10,1
"PID0453","2026-04",50,11,19,12,2
"PID0453","2026-05",40,14,12,4,2
"PID0453","2026-06",57,9,22,11,4
"PID0454","2026-01",59,15,23,12,2
"PID0454","2026-02",53,8,23,9,4
"PID0454","2026-03",58,15,21,14,5
"PID0454","2026-04",55,11,17,15,0
"PID0454","2026-05",48,17,20,12,1
"PID0454","2026-06",52,18,14,13,4
"PID0455","2026-01",63,9,21,12,3
"PID0455","2026-02",33,8,9,4,4
"PID0455","2026-03",53,21,17,17,4
"PID0455","2026-04",56,12,24,8,1
"PID0455","2026-05",35,18,12,7,4
"PID0455","2026-06",47,12,19,14,5
"PID0456","2026-01",33,16,12,7,3
"PID0456","2026-02",43,11,18,8,5
"PID0456","2026-03",56,13,21,13,3
"PID0456","2026-04",47,14,17,13,2
"PID0456","2026-05",48,11,15,8,3
"PID0456","2026-06",52,14,14,7,4
"PID0457","2026-01",58,12,22,13,2
"PID0457","2026-02",57,12,24,11,5
"PID0457","2026-03",71,10,28,19,7
"PID0457","2026-04",67,14,17,12,3
"PID0457","2026-05",59,18,17,17,4
"PID0457","2026-06",59,10,21,12,3
"PID0458","2026-01",54,12,24,8,2
"PID0458","2026-02",40,12,17,11,3
"PID0458","2026-03",37,4,12,7,3
"PID0458","2026-04",50,6,12,12,4
"PID0458","2026-05",55,6,20,6,0
"PID0458","2026-06",44,6,14,7,3
"PID0459","2026-01",48,13,14,13,4
"PID0459","2026-02",58,11,18,12,3
"PID0459","2026-03",41,10,11,9,6
"PID0459","2026-04",45,15,11,6,5
"PID0459","2026-05",54,9,21,15,6
"PID0459","2026-06",47,8,14,8,5
"PID0460","2026-01",65,21,29,14,3
"PID0460","2026-02",42,21,17,10,4
"PID0460","2026-03",40,15,15,11,3
"PID0460","2026-04",61,12,16,17,4
"PID0460","2026-05",67,14,18,14,4
"PID0460","2026-06",48,11,20,7,3
"PID0461","2026-01",36,10,9,8,0
"PID0461","2026-02",49,16,19,11,3
"PID0461","2026-03",45,9,15,11,4
"PID0461","2026-04",42,10,14,4,3
"PID0461","2026-05",47,6,22,11,4
"PID0461","2026-06",58,14,17,17,3
"PID0462","2026-01",66,11,19,19,3
"PID0462","2026-02",52,13,16,11,3
"PID0462","2026-03",70,6,22,13,3
"PID0462","2026-04",57,6,18,10,1
"PID0462","2026-05",58,11,15,19,2
"PID0462","2026-06",48,12,13,11,0
"PID0463","2026-01",38,14,17,12,3
"PID0463","2026-02",46,10,18,11,6
"PID0463","2026-03",49,7,12,8,2
"PID0463","2026-04",57,11,20,9,1
"PID0463","2026-05",52,8,20,13,4
"PID0463","2026-06",41,12,14,13,5
"PID0464","2026-01",54,13,20,10,3
"PID0464","2026-02",34,14,13,9,4
"PID0464","2026-03",53,13,17,8,2
"PID0464","2026-04",60,5,22,15,3
"PID0464","2026-05",51,4,12,9,3
"PID0464","2026-06",53,11,18,9,3
"PID0465","2026-01",55,11,18,5,2
"PID0465","2026-02",43,4,18,9,4
"PID0465","2026-03",63,7,19,12,4
"PID0465","2026-04",61,6,17,12,3
"PID0465","2026-05",44,5,13,11,3
"PID0465","2026-06",61,20,21,11,4
"PID0466","2026-01",49,2,16,11,4
"PID0466","2026-02",49,12,11,9,5
"PID0466","2026-03",47,4,12,6,2
"PID0466","2026-04",54,18,20,14,6
"PID0466","2026-05",64,15,18,13,3
"PID0466","2026-06",54,19,18,6,1
"PID0467","2026-01",60,4,17,7,2
"PID0467","2026-02",41,14,15,5,4
"PID0467","2026-03",42,10,9,8,2
"PID0467","2026-04",38,20,8,3,3
"PID0467","2026-05",36,1,10,7,1
"PID0467","2026-06",41,14,20,9,3
"PID0468","2026-01",44,0,14,7,3
"PID0468","2026-02",35,11,12,9,1
"PID0468","2026-03",55,6,17,11,3
"PID0468","2026-04",60,14,22,13,2
"PID0468","2026-05",49,13,13,9,5
"PID0468","2026-06",51,8,23,12,3
"PID0469","2026-01",43,12,16,13,6
"PID0469","2026-02",45,13,16,10,1
"PID0469","2026-03",49,10,17,10,2
"PID0469","2026-04",41,16,22,14,2
"PID0469","2026-05",47,16,16,11,2
"PID0469","2026-06",55,18,18,11,3
"PID0470","2026-01",42,15,15,9,2
"PID0470","2026-02",45,6,19,11,4
"PID0470","2026-03",55,5,24,19,3
"PID0470","2026-04",60,20,21,18,1
"PID0470","2026-05",50,16,16,7,1
"PID0470","2026-06",58,12,20,12,3
"PID0471","2026-01",50,9,18,8,2
"PID0471","2026-02",48,12,14,5,4
"PID0471","2026-03",46,16,17,7,5
"PID0471","2026-04",58,12,24,13,3
"PID0471","2026-05",55,12,22,10,0
"PID0471","2026-06",42,10,14,5,4
"PID0472","2026-01",52,12,16,10,3
"PID0472","2026-02",52,13,18,11,4
"PID0472","2026-03",53,18,20,11,5
"PID0472","2026-04",58,16,23,14,3
"PID0472","2026-05",62,15,22,11,3
"PID0472","2026-06",54,20,15,11,3
"PID0473","2026-01",48,11,13,13,6
"PID0473","2026-02",50,9,19,12,0
"PID0473","2026-03",51,14,21,12,7
"PID0473","2026-04",38,14,11,6,4
"PID0473","2026-05",59,12,19,13,5
"PID0473","2026-06",55,5,22,13,1
"PID0474","2026-01",56,18,17,10,5
"PID0474","2026-02",69,13,23,15,7
"PID0474","2026-03",61,12,22,14,5
"PID0474","2026-04",70,8,21,12,7
"PID0474","2026-05",64,10,22,11,4
"PID0474","2026-06",70,10,27,16,5
"PID0475","2026-01",62,15,23,15,7
"PID0475","2026-02",55,15,16,8,5
"PID0475","2026-03",73,17,25,15,4
"PID0475","2026-04",59,17,19,10,7
"PID0475","2026-05",72,8,23,13,6
"PID0475","2026-06",63,8,24,13,7
"PID0476","2026-01",55,15,17,9,3
"PID0476","2026-02",43,12,12,12,2
"PID0476","2026-03",39,8,17,5,2
"PID0476","2026-04",40,6,15,5,4
"PID0476","2026-05",40,11,16,6,4
"PID0476","2026-06",57,13,24,5,2
"PID0477","2026-01",66,6,23,12,8
"PID0477","2026-02",47,9,15,10,8
"PID0477","2026-03",60,6,22,8,7
"PID0477","2026-04",68,13,23,9,6
"PID0477","2026-05",68,14,26,14,6
"PID0477","2026-06",68,15,25,15,7
"PID0478","2026-01",29,10,5,9,4
"PID0478","2026-02",51,5,14,7,3
"PID0478","2026-03",49,17,10,11,4
"PID0478","2026-04",32,10,16,4,3
"PID0478","2026-05",47,10,16,10,6
"PID0478","2026-06",53,12,16,18,4
"PID0479","2026-01",59,18,19,11,4
"PID0479","2026-02",66,15,25,19,1
"PID0479","2026-03",63,12,25,10,4
"PID0479","2026-04",71,26,28,14,2
"PID0479","2026-05",67,10,22,11,5
"PID0479","2026-06",66,12,24,17,4
"PID0480","2026-01",53,8,15,17,4
"PID0480","2026-02",45,8,19,12,4
"PID0480","2026-03",41,11,13,8,4
"PID0480","2026-04",34,8,14,9,5
"PID0480","2026-05",44,19,10,6,4
"PID0480","2026-06",33,14,5,3,3
"PID0481","2026-01",48,18,16,8,0
"PID0481","2026-02",56,16,22,13,4
"PID0481","2026-03",63,13,21,14,4
"PID0481","2026-04",51,18,19,11,5
"PID0481","2026-05",62,12,14,12,3
"PID0481","2026-06",54,14,18,17,4
"PID0482","2026-01",49,12,15,10,7
"PID0482","2026-02",54,14,19,14,3
"PID0482","2026-03",51,18,14,9,5
"PID0482","2026-04",44,13,20,7,3
"PID0482","2026-05",52,9,16,11,2
"PID0482","2026-06",43,13,14,8,6
"PID0483","2026-01",53,15,20,15,5
"PID0483","2026-02",54,11,19,9,3
"PID0483","2026-03",56,14,23,11,5
"PID0483","2026-04",49,9,21,10,4
"PID0483","2026-05",39,14,15,6,3
"PID0483","2026-06",45,19,19,7,2
"PID0484","2026-01",59,12,15,10,6
"PID0484","2026-02",60,15,21,13,8
"PID0484","2026-03",72,11,20,14,5
"PID0484","2026-04",61,10,27,12,5
"PID0484","2026-05",52,11,14,6,6
"PID0484","2026-06",67,7,24,14,7
"PID0485","2026-01",66,11,25,16,3
"PID0485","2026-02",69,13,26,17,1
"PID0485","2026-03",59,15,21,15,3
"PID0485","2026-04",50,17,22,9,7
"PID0485","2026-05",61,7,20,14,4
"PID0485","2026-06",44,14,15,6,4
"PID0486","2026-01",68,16,23,14,4
"PID0486","2026-02",59,18,15,12,5
"PID0486","2026-03",69,9,25,14,5
"PID0486","2026-04",54,20,19,12,2
"PID0486","2026-05",80,21,30,21,3
"PID0486","2026-06",54,21,21,13,3
"PID0487","2026-01",46,11,15,7,0
"PID0487","2026-02",47,6,18,9,3
"PID0487","2026-03",51,10,19,14,5
"PID0487","2026-04",49,13,14,8,2
"PID0487","2026-05",57,14,21,5,5
"PID0487","2026-06",43,17,16,11,3
"PID0488","2026-01",44,8,16,7,5
"PID0488","2026-02",44,4,14,5,3
"PID0488","2026-03",29,11,8,4,4
"PID0488","2026-04",52,5,15,11,4
"PID0488","2026-05",33,10,17,9,4
"PID0488","2026-06",51,8,15,12,5
"PID0489","2026-01",68,19,25,17,2
"PID0489","2026-02",56,22,20,14,6
"PID0489","2026-03",61,18,17,13,7
"PID0489","2026-04",46,16,15,6,5
"PID0489","2026-05",75,12,26,9,5
"PID0489","2026-06",68,17,22,17,5
"PID0490","2026-01",40,18,15,16,3
"PID0490","2026-02",43,14,18,15,0
"PID0490","2026-03",69,16,23,16,3
"PID0490","2026-04",45,21,22,11,4
"PID0490","2026-05",42,15,9,9,4
"PID0490","2026-06",45,12,19,5,4
"PID0491","2026-01",55,13,16,12,4
"PID0491","2026-02",56,6,18,9,2
"PID0491","2026-03",43,9,18,4,3
"PID0491","2026-04",47,7,17,3,2
"PID0491","2026-05",45,15,15,5,4
"PID0491","2026-06",52,13,20,10,4
"PID0492","2026-01",57,21,13,10,2
"PID0492","2026-02",58,4,24,11,6
"PID0492","2026-03",59,9,21,13,4
"PID0492","2026-04",52,7,20,9,6
"PID0492","2026-05",48,18,16,10,1
"PID0492","2026-06",47,14,15,5,5
"PID0493","2026-01",70,5,22,11,7
"PID0493","2026-02",64,16,20,14,5
"PID0493","2026-03",50,9,19,15,5
"PID0493","2026-04",45,8,14,10,4
"PID0493","2026-05",60,14,17,14,4
"PID0493","2026-06",57,17,15,13,6
"PID0494","2026-01",54,16,17,7,1
"PID0494","2026-02",45,16,13,12,2
"PID0494","2026-03",32,12,8,10,3
"PID0494","2026-04",29,17,10,3,2
"PID0494","2026-05",44,17,12,11,2
"PID0494","2026-06",51,17,17,12,6
"PID0495","2026-01",49,8,14,4,4
"PID0495","2026-02",51,13,17,6,4
"PID0495","2026-03",48,8,15,6,4
"PID0495","2026-04",57,14,18,8,4
"PID0495","2026-05",51,12,16,11,2
"PID0495","2026-06",55,12,18,14,3
"PID0496","2026-01",51,8,13,15,5
"PID0496","2026-02",67,15,28,19,6
"PID0496","2026-03",48,14,16,8,2
"PID0496","2026-04",56,19,16,7,3
"PID0496","2026-05",47,12,23,10,4
"PID0496","2026-06",59,10,23,14,4
"PID0497","2026-01",52,15,16,12,4
"PID0497","2026-02",61,15,21,15,7
"PID0497","2026-03",49,15,18,12,5
"PID0497","2026-04",57,15,20,15,7
"PID0497","2026-05",55,13,19,9,5
"PID0497","2026-06",56,9,15,12,2
"PID0498","2026-01",78,9,26,13,7
"PID0498","2026-02",65,8,21,11,9
"PID0498","2026-03",64,15,22,14,7
"PID0498","2026-04",66,14,18,14,6
"PID0498","2026-05",65,20,22,13,6
"PID0498","2026-06",55,12,18,8,6
"PID0499","2026-01",70,17,24,18,4
"PID0499","2026-02",60,15,22,6,5
"PID0499","2026-03",73,15,23,17,6
"PID0499","2026-04",58,12,18,13,5
"PID0499","2026-05",60,16,20,5,4
"PID0499","2026-06",48,23,18,10,6
"PID0500","2026-01",58,9,16,8,6
"PID0500","2026-02",50,12,16,10,5
"PID0500","2026-03",57,12,19,11,7
"PID0500","2026-04",59,17,15,17,5
"PID0500","2026-05",61,15,23,18,4
"PID0500","2026-06",60,16,24,10,4
"PID0501","2026-01",56,11,24,18,4
"PID0501","2026-02",41,8,14,8,3
"PID0501","2026-03",38,6,13,3,1
"PID0501","2026-04",46,13,6,10,1
"PID0501","2026-05",45,12,14,8,3
"PID0501","2026-06",42,1,14,8,1
"PID0502","2026-01",57,17,20,14,2
"PID0502","2026-02",43,12,17,9,4
"PID0502","2026-03",46,13,19,11,3
"PID0502","2026-04",48,10,16,11,3
"PID0502","2026-05",51,13,23,9,3
"PID0502","2026-06",53,12,17,18,2
"PID0503","2026-01",55,9,21,11,5
"PID0503","2026-02",52,8,17,12,5
"PID0503","2026-03",31,9,8,5,3
"PID0503","2026-04",55,0,12,11,5
"PID0503","2026-05",45,10,16,7,3
"PID0503","2026-06",51,20,18,10,3
"PID0504","2026-01",52,16,17,11,6
"PID0504","2026-02",49,7,20,12,6
"PID0504","2026-03",54,10,16,11,2
"PID0504","2026-04",49,10,17,16,2
"PID0504","2026-05",47,17,12,13,6
"PID0504","2026-06",47,18,9,5,5
"PID0505","2026-01",54,11,24,11,0
"PID0505","2026-02",40,12,14,8,2
"PID0505","2026-03",41,17,16,9,6
"PID0505","2026-04",60,17,18,15,3
"PID0505","2026-05",54,13,18,12,4
"PID0505","2026-06",48,9,17,10,4
"PID0506","2026-01",79,11,26,19,1
"PID0506","2026-02",59,15,24,12,4
"PID0506","2026-03",54,12,20,13,6
"PID0506","2026-04",51,14,20,10,5
"PID0506","2026-05",47,16,16,7,5
"PID0506","2026-06",49,18,17,13,6
"PID0507","2026-01",61,14,21,8,3
"PID0507","2026-02",71,12,26,15,6
"PID0507","2026-03",62,12,24,13,4
"PID0507","2026-04",50,15,13,13,4
"PID0507","2026-05",63,20,25,8,3
"PID0507","2026-06",41,13,8,9,6
"PID0508","2026-01",63,17,18,3,5
"PID0508","2026-02",54,11,18,14,8
"PID0508","2026-03",56,11,26,7,8
"PID0508","2026-04",55,15,19,10,4
"PID0508","2026-05",70,16,27,14,4
"PID0508","2026-06",69,18,22,7,5
"PID0509","2026-01",87,20,34,19,6
"PID0509","2026-02",80,11,28,17,8
"PID0509","2026-03",70,13,20,14,7
"PID0509","2026-04",54,15,24,13,5
"PID0509","2026-05",85,9,29,18,5
"PID0509","2026-06",59,13,24,14,3
"PID0510","2026-01",67,8,22,12,5
"PID0510","2026-02",53,20,17,15,5
"PID0510","2026-03",56,2,18,14,6
"PID0510","2026-04",54,18,15,10,5
"PID0510","2026-05",49,13,15,15,1
"PID0510","2026-06",42,21,14,10,4
"PID0511","2026-01",60,8,26,14,6
"PID0511","2026-02",48,13,17,10,8
"PID0511","2026-03",58,9,25,12,8
"PID0511","2026-04",53,7,17,11,4
"PID0511","2026-05",58,18,20,14,4
"PID0511","2026-06",47,13,17,10,5
"PID0512","2026-01",71,12,24,9,6
"PID0512","2026-02",64,12,22,15,6
"PID0512","2026-03",68,13,21,12,4
"PID0512","2026-04",62,11,20,8,6
"PID0512","2026-05",50,14,17,13,5
"PID0512","2026-06",57,12,22,12,5
"PID0513","2026-01",55,9,20,10,5
"PID0513","2026-02",59,13,21,9,9
"PID0513","2026-03",45,6,16,6,7
"PID0513","2026-04",48,15,16,5,5
"PID0513","2026-05",45,13,8,10,6
"PID0513","2026-06",51,9,20,11,2
"PID0514","2026-01",59,10,18,7,1
"PID0514","2026-02",48,12,17,7,3
"PID0514","2026-03",40,10,14,9,4
"PID0514","2026-04",57,12,20,14,1
"PID0514","2026-05",58,11,17,14,3
"PID0514","2026-06",53,16,19,20,4
"PID0515","2026-01",57,10,15,16,5
"PID0515","2026-02",56,13,20,11,6
"PID0515","2026-03",78,8,25,16,4
"PID0515","2026-04",72,21,22,18,5
"PID0515","2026-05",76,8,28,18,5
"PID0515","2026-06",60,15,25,12,6
"PID0516","2026-01",45,13,12,7,2
"PID0516","2026-02",73,18,22,18,4
"PID0516","2026-03",65,11,25,15,3
"PID0516","2026-04",77,16,27,23,3
"PID0516","2026-05",59,8,17,11,4
"PID0516","2026-06",81,12,21,16,4
"PID0517","2026-01",43,15,17,10,5
"PID0517","2026-02",51,6,19,10,1
"PID0517","2026-03",40,4,18,8,1
"PID0517","2026-04",42,15,12,11,4
"PID0517","2026-05",38,6,13,6,5
"PID0517","2026-06",36,8,7,4,2
"PID0518","2026-01",60,14,21,11,3
"PID0518","2026-02",53,18,22,11,2
"PID0518","2026-03",38,12,12,6,4
"PID0518","2026-04",38,13,13,8,3
"PID0518","2026-05",59,16,21,11,2
"PID0518","2026-06",56,15,16,11,1
"PID0519","2026-01",41,13,11,10,7
"PID0519","2026-02",64,16,18,16,4
"PID0519","2026-03",63,12,22,19,6
"PID0519","2026-04",54,14,21,11,3
"PID0519","2026-05",59,10,22,14,6
"PID0519","2026-06",57,15,21,12,3
"PID0520","2026-01",43,13,17,7,2
"PID0520","2026-02",49,17,15,12,5
"PID0520","2026-03",44,16,14,6,3
"PID0520","2026-04",41,12,16,8,2
"PID0520","2026-05",53,15,19,11,2
"PID0520","2026-06",52,12,20,13,3
"PID0521","2026-01",46,7,14,8,5
"PID0521","2026-02",42,16,16,10,2
"PID0521","2026-03",53,12,10,16,1
"PID0521","2026-04",48,10,18,19,3
"PID0521","2026-05",56,14,20,9,1
"PID0521","2026-06",35,3,9,10,1
"PID0522","2026-01",71,17,23,9,7
"PID0522","2026-02",52,20,12,14,4
"PID0522","2026-03",61,16,22,14,6
"PID0522","2026-04",63,6,23,16,6
"PID0522","2026-05",77,11,29,15,6
"PID0522","2026-06",70,17,23,9,5
"PID0523","2026-01",50,10,20,11,3
"PID0523","2026-02",63,13,23,12,5
"PID0523","2026-03",49,17,17,9,3
"PID0523","2026-04",58,14,17,13,4
"PID0523","2026-05",51,13,18,9,5
"PID0523","2026-06",47,12,21,10,6
"PID0524","2026-01",91,17,29,27,6
"PID0524","2026-02",69,13,26,16,8
"PID0524","2026-03",77,13,24,16,5
"PID0524","2026-04",72,17,23,15,7
"PID0524","2026-05",76,15,29,21,5
"PID0524","2026-06",83,24,25,13,7
"PID0525","2026-01",49,12,13,7,4
"PID0525","2026-02",38,14,13,5,3
"PID0525","2026-03",50,9,14,9,5
"PID0525","2026-04",53,9,18,12,3
"PID0525","2026-05",45,8,18,8,3
"PID0525","2026-06",47,6,21,12,2
"PID0526","2026-01",66,13,19,13,5
"PID0526","2026-02",58,15,22,14,5
"PID0526","2026-03",49,20,14,9,4
"PID0526","2026-04",72,11,29,16,5
"PID0526","2026-05",55,19,19,9,7
"PID0526","2026-06",60,18,20,15,5
"PID0527","2026-01",69,19,27,15,7
"PID0527","2026-02",74,9,24,14,4
"PID0527","2026-03",66,8,21,12,6
"PID0527","2026-04",81,10,21,11,8
"PID0527","2026-05",79,20,24,15,7
"PID0527","2026-06",62,12,26,11,6
"PID0528","2026-01",68,14,23,13,2
"PID0528","2026-02",53,8,19,9,4
"PID0528","2026-03",53,17,24,14,7
"PID0528","2026-04",54,8,16,15,6
"PID0528","2026-05",69,15,25,10,5
"PID0528","2026-06",55,13,21,16,5
"PID0529","2026-01",46,10,8,8,4
"PID0529","2026-02",40,15,12,6,3
"PID0529","2026-03",48,14,14,14,3
"PID0529","2026-04",54,19,17,9,2
"PID0529","2026-05",58,9,22,13,2
"PID0529","2026-06",31,12,8,4,4
"PID0530","2026-01",45,8,19,11,3
"PID0530","2026-02",35,13,12,6,3
"PID0530","2026-03",47,15,14,11,4
"PID0530","2026-04",53,15,17,12,3
"PID0530","2026-05",55,12,17,8,4
"PID0530","2026-06",50,12,14,11,3
"PID0531","2026-01",43,12,24,10,4
"PID0531","2026-02",49,16,17,13,3
"PID0531","2026-03",44,17,12,12,5
"PID0531","2026-04",59,13,23,16,3
"PID0531","2026-05",55,16,20,10,5
"PID0531","2026-06",45,12,20,13,5
"PID0532","2026-01",52,16,18,14,4
"PID0532","2026-02",64,15,24,15,3
"PID0532","2026-03",59,13,21,12,4
"PID0532","2026-04",50,11,21,9,4
"PID0532","2026-05",54,17,14,16,4
"PID0532","2026-06",62,8,18,12,3
"PID0533","2026-01",51,14,17,14,2
"PID0533","2026-02",47,13,13,11,1
"PID0533","2026-03",34,7,7,7,3
"PID0533","2026-04",29,11,13,9,6
"PID0533","2026-05",42,19,16,10,4
"PID0533","2026-06",26,8,11,8,5
"PID0534","2026-01",35,8,13,7,3
"PID0534","2026-02",52,8,17,11,5
"PID0534","2026-03",54,10,17,10,2
"PID0534","2026-04",48,11,18,14,0
"PID0534","2026-05",37,6,17,14,3
"PID0534","2026-06",55,9,18,11,3
"PID0535","2026-01",36,22,13,2,0
"PID0535","2026-02",37,9,13,11,4
"PID0535","2026-03",35,3,13,0,3
"PID0535","2026-04",43,10,14,11,2
"PID0535","2026-05",38,12,10,10,4
"PID0535","2026-06",51,16,13,7,4
"PID0536","2026-01",56,9,18,15,6
"PID0536","2026-02",52,16,21,6,5
"PID0536","2026-03",58,18,15,12,2
"PID0536","2026-04",45,16,18,10,5
"PID0536","2026-05",39,13,19,10,5
"PID0536","2026-06",62,21,17,7,3
"PID0537","2026-01",68,15,19,16,5
"PID0537","2026-02",66,15,25,17,5
"PID0537","2026-03",58,18,20,16,6
"PID0537","2026-04",66,13,19,15,5
"PID0537","2026-05",49,20,8,10,9
"PID0537","2026-06",62,13,24,18,5
"PID0538","2026-01",50,13,15,14,6
"PID0538","2026-02",45,12,10,5,5
"PID0538","2026-03",51,12,19,9,7
"PID0538","2026-04",44,11,13,11,4
"PID0538","2026-05",55,7,14,14,4
"PID0538","2026-06",51,11,17,16,6
"PID0539","2026-01",54,15,20,10,5
"PID0539","2026-02",39,15,12,9,2
"PID0539","2026-03",42,13,16,14,4
"PID0539","2026-04",56,9,19,14,4
"PID0539","2026-05",46,12,16,11,3
"PID0539","2026-06",58,2,21,8,4
"PID0540","2026-01",59,16,19,11,5
"PID0540","2026-02",60,11,14,13,8
"PID0540","2026-03",58,6,18,13,6
"PID0540","2026-04",63,16,24,14,4
"PID0540","2026-05",56,21,19,11,4
"PID0540","2026-06",69,12,21,8,6
"PID0541","2026-01",65,16,20,16,3
"PID0541","2026-02",61,10,23,19,2
"PID0541","2026-03",57,8,21,9,3
"PID0541","2026-04",49,17,17,12,4
"PID0541","2026-05",55,8,19,10,2
"PID0541","2026-06",66,10,21,15,6
"PID0542","2026-01",48,13,13,9,2
"PID0542","2026-02",40,14,13,9,1
"PID0542","2026-03",42,11,14,13,3
"PID0542","2026-04",58,14,16,12,3
"PID0542","2026-05",47,11,11,10,5
"PID0542","2026-06",40,11,17,14,3
"PID0543","2026-01",51,13,15,12,4
"PID0543","2026-02",46,13,16,11,4
"PID0543","2026-03",53,5,20,11,1
"PID0543","2026-04",28,14,14,7,4
"PID0543","2026-05",49,21,18,9,1
"PID0543","2026-06",50,8,18,11,3
"PID0544","2026-01",55,7,21,7,2
"PID0544","2026-02",50,15,23,11,5
"PID0544","2026-03",48,13,17,14,4
"PID0544","2026-04",55,16,15,9,4
"PID0544","2026-05",36,13,9,9,2
"PID0544","2026-06",57,11,24,15,3
"PID0545","2026-01",59,18,23,12,6
"PID0545","2026-02",55,13,21,9,4
"PID0545","2026-03",49,10,20,16,2
"PID0545","2026-04",62,16,23,16,3
"PID0545","2026-05",56,12,14,16,1
"PID0545","2026-06",52,13,14,14,5
"PID0546","2026-01",44,16,18,9,3
"PID0546","2026-02",57,16,24,9,2
"PID0546","2026-03",49,10,17,12,2
"PID0546","2026-04",54,11,19,8,3
"PID0546","2026-05",55,11,21,12,1
"PID0546","2026-06",44,17,11,8,4
"PID0547","2026-01",52,14,15,6,4
"PID0547","2026-02",49,13,18,13,1
"PID0547","2026-03",57,9,19,11,2
"PID0547","2026-04",52,9,17,13,2
"PID0547","2026-05",57,15,11,13,3
"PID0547","2026-06",54,14,20,11,2
"PID0548","2026-01",43,14,14,14,5
"PID0548","2026-02",49,10,17,11,3
"PID0548","2026-03",69,3,18,17,2
"PID0548","2026-04",40,12,16,10,3
"PID0548","2026-05",50,12,20,8,6
"PID0548","2026-06",44,12,21,3,4
"PID0549","2026-01",50,18,18,13,4
"PID0549","2026-02",69,15,21,16,2
"PID0549","2026-03",49,18,16,10,5
"PID0549","2026-04",61,8,17,15,1
"PID0549","2026-05",79,17,32,21,4
"PID0549","2026-06",62,17,23,16,2
"PID0550","2026-01",49,15,14,11,4
"PID0550","2026-02",52,12,15,11,5
"PID0550","2026-03",53,11,24,17,2
"PID0550","2026-04",53,15,17,9,5
"PID0550","2026-05",51,18,17,14,3
"PID0550","2026-06",62,18,23,13,6
"PID0551","2026-01",48,8,16,6,4
"PID0551","2026-02",44,11,15,9,4
"PID0551","2026-03",40,10,18,7,2
"PID0551","2026-04",37,12,17,10,2
"PID0551","2026-05",54,13,20,13,5
"PID0551","2026-06",56,11,16,7,0
"PID0552","2026-01",37,8,13,13,3
"PID0552","2026-02",46,10,13,12,3
"PID0552","2026-03",56,12,23,13,5
"PID0552","2026-04",57,7,20,15,3
"PID0552","2026-05",44,6,13,9,4
"PID0552","2026-06",43,10,11,12,2
"PID0553","2026-01",55,16,22,6,5
"PID0553","2026-02",59,17,21,13,2
"PID0553","2026-03",53,17,17,10,4
"PID0553","2026-04",56,14,20,14,5
"PID0553","2026-05",57,13,21,11,2
"PID0553","2026-06",55,11,16,9,4
"PID0554","2026-01",42,15,14,11,3
"PID0554","2026-02",47,7,15,12,6
"PID0554","2026-03",43,13,17,8,3
"PID0554","2026-04",39,16,15,11,5
"PID0554","2026-05",37,15,9,8,5
"PID0554","2026-06",51,18,21,9,3
"PID0555","2026-01",68,15,29,15,5
"PID0555","2026-02",68,13,25,11,6
"PID0555","2026-03",53,11,17,7,4
"PID0555","2026-04",64,13,19,17,4
"PID0555","2026-05",56,10,20,8,4
"PID0555","2026-06",62,16,14,13,5
"PID0556","2026-01",54,11,18,13,3
"PID0556","2026-02",55,14,21,12,4
"PID0556","2026-03",49,6,12,10,4
"PID0556","2026-04",68,12,21,19,5
"PID0556","2026-05",63,10,24,13,3
"PID0556","2026-06",61,9,22,15,1
"PID0557","2026-01",49,13,19,14,6
"PID0557","2026-02",62,13,23,15,5
"PID0557","2026-03",43,15,10,11,4
"PID0557","2026-04",34,15,15,4,5
"PID0557","2026-05",44,14,13,13,4
"PID0557","2026-06",52,8,19,6,5
"PID0558","2026-01",66,18,28,14,7
"PID0558","2026-02",69,15,26,16,6
"PID0558","2026-03",65,19,25,9,5
"PID0558","2026-04",69,8,21,12,6
"PID0558","2026-05",72,17,30,11,3
"PID0558","2026-06",54,14,18,9,4
"PID0559","2026-01",62,16,20,7,5
"PID0559","2026-02",52,13,16,15,3
"PID0559","2026-03",44,13,15,13,2
"PID0559","2026-04",51,14,18,11,1
"PID0559","2026-05",53,16,17,8,2
"PID0559","2026-06",58,12,20,11,2
"PID0560","2026-01",61,16,16,15,1
"PID0560","2026-02",81,14,25,20,6
"PID0560","2026-03",70,15,22,11,4
"PID0560","2026-04",69,12,23,13,3
"PID0560","2026-05",67,22,24,13,6
"PID0560","2026-06",67,9,25,12,5
"PID0561","2026-01",55,7,23,17,6
"PID0561","2026-02",68,15,21,19,6
"PID0561","2026-03",71,10,25,21,6
"PID0561","2026-04",65,11,20,16,6
"PID0561","2026-05",82,8,35,10,3
"PID0561","2026-06",66,12,20,14,6
"PID0562","2026-01",57,6,20,14,6
"PID0562","2026-02",60,14,19,18,5
"PID0562","2026-03",65,12,19,14,4
"PID0562","2026-04",79,14,28,17,6
"PID0562","2026-05",73,17,26,16,5
"PID0562","2026-06",60,19,27,13,5
"PID0563","2026-01",32,11,13,6,7
"PID0563","2026-02",46,10,9,5,3
"PID0563","2026-03",38,12,11,5,5
"PID0563","2026-04",59,8,15,16,6
"PID0563","2026-05",49,11,12,9,4
"PID0563","2026-06",38,8,8,7,3
"PID0564","2026-01",36,5,17,4,2
"PID0564","2026-02",60,12,21,9,3
"PID0564","2026-03",50,15,16,9,2
"PID0564","2026-04",42,16,10,10,1
"PID0564","2026-05",53,10,16,9,3
"PID0564","2026-06",55,13,27,13,2
"PID0565","2026-01",54,8,19,9,6
"PID0565","2026-02",49,11,17,13,1
"PID0565","2026-03",40,9,13,8,3
"PID0565","2026-04",53,12,17,9,2
"PID0565","2026-05",46,13,16,5,2
"PID0565","2026-06",55,5,21,10,1
"PID0566","2026-01",57,14,18,15,5
"PID0566","2026-02",44,6,18,11,5
"PID0566","2026-03",56,15,20,12,6
"PID0566","2026-04",51,13,18,7,4
"PID0566","2026-05",53,20,20,10,6
"PID0566","2026-06",68,10,20,15,4
"PID0567","2026-01",35,12,13,8,2
"PID0567","2026-02",59,17,23,7,3
"PID0567","2026-03",46,9,15,7,1
"PID0567","2026-04",46,5,14,11,3
"PID0567","2026-05",47,20,15,3,2
"PID0567","2026-06",45,12,17,12,1
"PID0568","2026-01",47,15,14,12,3
"PID0568","2026-02",46,11,11,8,1
"PID0568","2026-03",53,18,19,13,1
"PID0568","2026-04",46,11,18,5,3
"PID0568","2026-05",39,9,15,10,6
"PID0568","2026-06",30,15,11,3,2
"PID0569","2026-01",50,9,16,13,1
"PID0569","2026-02",57,17,17,15,5
"PID0569","2026-03",50,10,18,11,4
"PID0569","2026-04",38,9,17,3,2
"PID0569","2026-05",50,13,19,11,3
"PID0569","2026-06",60,9,21,15,5
"PID0570","2026-01",59,19,22,11,2
"PID0570","2026-02",49,19,22,9,4
"PID0570","2026-03",55,15,20,6,6
"PID0570","2026-04",41,10,9,6,4
"PID0570","2026-05",59,26,28,10,1
"PID0570","2026-06",51,15,17,8,3
"PID0571","2026-01",47,3,12,10,3
"PID0571","2026-02",51,10,13,9,3
"PID0571","2026-03",49,16,23,9,2
"PID0571","2026-04",38,9,12,9,6
"PID0571","2026-05",56,13,22,11,3
"PID0571","2026-06",56,10,22,7,1
"PID0572","2026-01",46,7,17,12,0
"PID0572","2026-02",43,0,19,9,0
"PID0572","2026-03",49,12,19,5,4
"PID0572","2026-04",45,14,18,9,4
"PID0572","2026-05",45,13,11,9,3
"PID0572","2026-06",40,17,12,8,4
"PID0573","2026-01",58,10,22,7,4
"PID0573","2026-02",48,14,13,6,5
"PID0573","2026-03",58,7,23,11,2
"PID0573","2026-04",57,19,17,14,5
"PID0573","2026-05",57,17,18,12,4
"PID0573","2026-06",51,24,14,12,6
"PID0574","2026-01",51,10,17,14,4
"PID0574","2026-02",58,5,22,13,3
"PID0574","2026-03",67,11,24,11,2
"PID0574","2026-04",34,11,10,5,4
"PID0574","2026-05",52,17,18,9,2
"PID0574","2026-06",56,6,16,17,2
"PID0575","2026-01",57,7,21,11,4
"PID0575","2026-02",36,10,15,11,6
"PID0575","2026-03",63,11,22,11,4
"PID0575","2026-04",50,14,15,13,0
"PID0575","2026-05",58,15,21,13,2
"PID0575","2026-06",49,12,18,13,4
"PID0576","2026-01",57,13,15,11,2
"PID0576","2026-02",71,11,31,14,4
"PID0576","2026-03",68,13,14,15,5
"PID0576","2026-04",66,10,21,16,4
"PID0576","2026-05",64,11,23,11,5
"PID0576","2026-06",64,19,19,16,3
"PID0577","2026-01",76,10,23,20,0
"PID0577","2026-02",65,17,25,18,2
"PID0577","2026-03",61,17,22,12,3
"PID0577","2026-04",62,9,19,11,2
"PID0577","2026-05",49,19,19,12,3
"PID0577","2026-06",52,12,21,8,5
"PID0578","2026-01",65,16,25,18,7
"PID0578","2026-02",68,11,22,21,5
"PID0578","2026-03",63,14,23,12,4
"PID0578","2026-04",68,15,22,13,5
"PID0578","2026-05",72,13,29,13,3
"PID0578","2026-06",66,14,22,9,3
"PID0579","2026-01",49,19,16,12,2
"PID0579","2026-02",46,12,16,10,4
"PID0579","2026-03",50,15,16,9,2
"PID0579","2026-04",56,13,17,12,1
"PID0579","2026-05",57,9,23,9,2
"PID0579","2026-06",43,17,12,2,2
"PID0580","2026-01",68,14,23,14,3
"PID0580","2026-02",58,21,18,11,4
"PID0580","2026-03",60,15,21,11,3
"PID0580","2026-04",63,19,25,17,8
"PID0580","2026-05",67,17,21,14,3
"PID0580","2026-06",65,13,25,17,5
"PID0581","2026-01",37,5,17,8,2
"PID0581","2026-02",50,7,15,13,3
"PID0581","2026-03",67,19,22,12,3
"PID0581","2026-04",52,14,18,10,3
"PID0581","2026-05",61,16,19,8,1
"PID0581","2026-06",59,15,19,11,2
"PID0582","2026-01",39,10,12,9,4
"PID0582","2026-02",50,9,14,11,4
"PID0582","2026-03",39,8,10,7,3
"PID0582","2026-04",56,7,20,9,3
"PID0582","2026-05",64,15,25,10,3
"PID0582","2026-06",56,14,17,13,3
"PID0583","2026-01",46,9,17,8,2
"PID0583","2026-02",43,17,17,6,2
"PID0583","2026-03",47,10,9,10,3
"PID0583","2026-04",55,14,17,12,1
"PID0583","2026-05",52,12,17,12,3
"PID0583","2026-06",37,5,13,11,0
"PID0584","2026-01",59,16,21,9,2
"PID0584","2026-02",50,11,16,12,3
"PID0584","2026-03",57,14,16,16,6
"PID0584","2026-04",63,10,25,13,5
"PID0584","2026-05",52,11,18,14,5
"PID0584","2026-06",56,17,18,15,1
"PID0585","2026-01",40,4,14,7,2
"PID0585","2026-02",45,14,15,14,3
"PID0585","2026-03",52,4,14,8,4
"PID0585","2026-04",54,13,16,15,3
"PID0585","2026-05",53,7,16,7,4
"PID0585","2026-06",41,14,15,7,3
"PID0586","2026-01",33,14,12,4,4
"PID0586","2026-02",51,15,19,7,5
"PID0586","2026-03",57,11,18,10,3
"PID0586","2026-04",56,16,16,12,4
"PID0586","2026-05",52,19,11,11,4
"PID0586","2026-06",52,9,15,9,4
"PID0587","2026-01",56,9,18,8,4
"PID0587","2026-02",71,13,24,16,1
"PID0587","2026-03",62,12,19,8,2
"PID0587","2026-04",61,15,21,12,2
"PID0587","2026-05",55,8,16,15,4
"PID0587","2026-06",63,7,22,13,3
"PID0588","2026-01",45,6,11,14,5
"PID0588","2026-02",63,15,20,14,5
"PID0588","2026-03",47,12,16,6,6
"PID0588","2026-04",63,8,22,13,5
"PID0588","2026-05",55,9,17,13,7
"PID0588","2026-06",49,15,19,11,4
"PID0589","2026-01",73,20,26,12,2
"PID0589","2026-02",75,13,23,13,7
"PID0589","2026-03",68,10,22,14,6
"PID0589","2026-04",56,7,20,13,6
"PID0589","2026-05",65,14,27,8,4
"PID0589","2026-06",53,12,19,8,5
"PID0590","2026-01",66,19,26,13,3
"PID0590","2026-02",67,10,26,16,4
"PID0590","2026-03",44,17,14,10,7
"PID0590","2026-04",62,14,27,11,4
"PID0590","2026-05",55,14,18,11,5
"PID0590","2026-06",68,11,23,16,4
"PID0591","2026-01",65,10,24,6,3
"PID0591","2026-02",51,21,15,9,2
"PID0591","2026-03",49,17,19,10,4
"PID0591","2026-04",40,11,15,13,5
"PID0591","2026-05",64,8,16,14,5
"PID0591","2026-06",53,16,17,14,3
"PID0592","2026-01",50,10,20,15,5
"PID0592","2026-02",56,15,19,8,4
"PID0592","2026-03",38,18,12,12,4
"PID0592","2026-04",33,16,10,4,0
"PID0592","2026-05",41,10,11,4,4
"PID0592","2026-06",53,19,11,10,3
"PID0593","2026-01",58,7,12,14,3
"PID0593","2026-02",53,13,17,10,5
"PID0593","2026-03",59,19,28,14,4
"PID0593","2026-04",44,7,11,6,4
"PID0593","2026-05",59,17,20,13,4
"PID0593","2026-06",51,15,23,12,2
"PID0594","2026-01",46,7,14,12,4
"PID0594","2026-02",55,13,17,14,3
"PID0594","2026-03",47,13,16,9,4
"PID0594","2026-04",63,7,25,17,5
"PID0594","2026-05",52,13,23,16,0
"PID0594","2026-06",73,7,27,13,2
"PID0595","2026-01",73,11,23,17,7
"PID0595","2026-02",68,13,24,12,6
"PID0595","2026-03",61,10,20,8,6
"PID0595","2026-04",56,13,16,10,4
"PID0595","2026-05",54,12,22,13,5
"PID0595","2026-06",72,12,23,18,5
"PID0596","2026-01",53,8,18,19,4
"PID0596","2026-02",37,9,16,13,4
"PID0596","2026-03",48,16,17,6,2
"PID0596","2026-04",42,10,19,2,3
"PID0596","2026-05",60,13,21,10,4
"PID0596","2026-06",64,12,18,9,1
"PID0597","2026-01",49,12,8,10,2
"PID0597","2026-02",46,16,15,15,4
"PID0597","2026-03",52,19,17,7,4
"PID0597","2026-04",50,13,14,12,3
"PID0597","2026-05",54,12,18,4,3
"PID0597","2026-06",46,14,15,5,4
"PID0598","2026-01",47,9,13,4,3
"PID0598","2026-02",37,6,12,9,3
"PID0598","2026-03",46,5,19,9,2
"PID0598","2026-04",45,13,17,13,1
"PID0598","2026-05",47,12,16,8,4
"PID0598","2026-06",38,11,13,11,4
"PID0599","2026-01",33,10,13,2,0
"PID0599","2026-02",33,11,12,5,3
"PID0599","2026-03",40,6,12,8,5
"PID0599","2026-04",49,13,19,10,5
"PID0599","2026-05",57,8,18,8,2
"PID0599","2026-06",63,10,18,15,3
"PID0600","2026-01",36,9,13,3,4
"PID0600","2026-02",42,9,18,9,4
"PID0600","2026-03",25,7,9,6,4
"PID0600","2026-04",25,11,14,6,0
"PID0600","2026-05",44,10,16,10,3
"PID0600","2026-06",35,16,12,9,4
"PID0601","2026-01",68,12,22,10,2
"PID0601","2026-02",61,13,26,14,3
"PID0601","2026-03",53,15,18,11,5
"PID0601","2026-04",51,11,19,14,3
"PID0601","2026-05",46,8,15,12,4
"PID0601","2026-06",66,18,22,12,4
"PID0602","2026-01",66,17,24,13,3
"PID0602","2026-02",57,16,23,10,2
"PID0602","2026-03",50,10,18,12,2
"PID0602","2026-04",55,17,20,8,3
"PID0602","2026-05",45,9,15,10,3
"PID0602","2026-06",40,10,16,12,4
"PID0603","2026-01",31,11,9,5,5
"PID0603","2026-02",46,8,19,16,3
"PID0603","2026-03",52,4,19,11,3
"PID0603","2026-04",49,11,17,10,3
"PID0603","2026-05",39,11,14,4,3
"PID0603","2026-06",46,15,19,10,3
"PID0604","2026-01",62,15,24,10,3
"PID0604","2026-02",40,12,13,9,4
"PID0604","2026-03",62,15,20,16,5
"PID0604","2026-04",54,13,18,12,5
"PID0604","2026-05",62,21,22,18,4
"PID0604","2026-06",44,16,13,15,0
"PID0605","2026-01",55,15,20,14,4
"PID0605","2026-02",43,5,14,6,2
"PID0605","2026-03",52,9,15,12,5
"PID0605","2026-04",46,14,12,11,3
"PID0605","2026-05",63,12,17,14,4
"PID0605","2026-06",60,11,22,14,0
"PID0606","2026-01",42,7,14,4,4
"PID0606","2026-02",55,10,15,12,3
"PID0606","2026-03",33,4,14,9,3
"PID0606","2026-04",54,20,15,7,2
"PID0606","2026-05",44,7,11,13,1
"PID0606","2026-06",46,9,20,11,4
"PID0607","2026-01",58,14,20,7,4
"PID0607","2026-02",60,13,19,19,5
"PID0607","2026-03",52,10,14,11,6
"PID0607","2026-04",61,14,19,14,6
"PID0607","2026-05",57,19,19,14,6
"PID0607","2026-06",58,15,24,14,7
"PID0608","2026-01",46,9,22,4,0
"PID0608","2026-02",37,10,11,5,3
"PID0608","2026-03",51,0,11,12,5
"PID0608","2026-04",46,0,15,9,2
"PID0608","2026-05",53,16,19,14,4
"PID0608","2026-06",54,13,15,13,4
"PID0609","2026-01",41,24,9,5,2
"PID0609","2026-02",47,10,15,10,1
"PID0609","2026-03",48,9,21,10,4
"PID0609","2026-04",49,10,17,9,3
"PID0609","2026-05",46,18,16,8,6
"PID0609","2026-06",48,10,23,8,2
"PID0610","2026-01",58,15,17,10,5
"PID0610","2026-02",40,22,16,8,2
"PID0610","2026-03",39,3,18,5,0
"PID0610","2026-04",49,18,17,12,2
"PID0610","2026-05",42,16,16,9,2
"PID0610","2026-06",53,3,22,15,2
"PID0611","2026-01",38,10,14,7,3
"PID0611","2026-02",47,16,14,11,4
"PID0611","2026-03",44,10,13,5,6
"PID0611","2026-04",34,12,14,4,4
"PID0611","2026-05",67,4,24,9,6
"PID0611","2026-06",53,11,12,11,4
"PID0612","2026-01",48,9,16,6,4
"PID0612","2026-02",42,10,9,6,3
"PID0612","2026-03",54,20,13,14,3
"PID0612","2026-04",54,15,21,16,3
"PID0612","2026-05",56,11,14,13,1
"PID0612","2026-06",46,22,19,1,2
"PID0613","2026-01",35,9,10,11,4
"PID0613","2026-02",40,6,16,6,3
"PID0613","2026-03",41,16,17,4,3
"PID0613","2026-04",41,18,10,7,4
"PID0613","2026-05",41,8,13,10,0
"PID0613","2026-06",46,20,20,17,2
"PID0614","2026-01",56,10,19,16,0
"PID0614","2026-02",52,12,20,13,3
"PID0614","2026-03",40,14,12,9,1
"PID0614","2026-04",71,16,25,12,2
"PID0614","2026-05",51,1,17,13,5
"PID0614","2026-06",41,17,16,11,4
"PID0615","2026-01",25,13,14,4,4
"PID0615","2026-02",45,9,15,12,3
"PID0615","2026-03",47,16,16,11,3
"PID0615","2026-04",30,9,10,0,3
"PID0615","2026-05",56,13,20,10,4
"PID0615","2026-06",35,11,13,4,3
"PID0616","2026-01",43,14,18,10,3
"PID0616","2026-02",47,6,14,11,3
"PID0616","2026-03",54,17,25,10,4
"PID0616","2026-04",48,13,19,13,5
"PID0616","2026-05",58,14,19,14,4
"PID0616","2026-06",42,10,12,8,0
"PID0617","2026-01",63,17,18,17,8
"PID0617","2026-02",66,19,21,21,3
"PID0617","2026-03",81,24,31,14,4
"PID0617","2026-04",57,16,20,15,6
"PID0617","2026-05",68,13,23,14,5
"PID0617","2026-06",68,21,18,11,4
"PID0618","2026-01",41,15,12,4,1
"PID0618","2026-02",27,9,9,5,4
"PID0618","2026-03",35,11,9,7,4
"PID0618","2026-04",49,12,19,14,3
"PID0618","2026-05",47,16,17,6,3
"PID0618","2026-06",46,10,16,3,1
"PID0619","2026-01",71,16,28,22,6
"PID0619","2026-02",65,16,25,8,4
"PID0619","2026-03",66,13,22,9,5
"PID0619","2026-04",80,18,25,19,3
"PID0619","2026-05",68,12,22,15,7
"PID0619","2026-06",69,12,17,19,3
"PID0620","2026-01",56,9,19,14,5
"PID0620","2026-02",62,18,19,11,5
"PID0620","2026-03",69,20,23,14,4
"PID0620","2026-04",75,10,26,15,6
"PID0620","2026-05",73,14,28,19,6
"PID0620","2026-06",62,13,24,11,8
"PID0621","2026-01",46,8,15,9,4
"PID0621","2026-02",41,15,15,11,2
"PID0621","2026-03",43,13,9,10,1
"PID0621","2026-04",55,18,17,5,3
"PID0621","2026-05",52,12,18,15,1
"PID0621","2026-06",67,10,27,18,1
"PID0622","2026-01",57,15,16,16,6
"PID0622","2026-02",60,14,21,11,4
"PID0622","2026-03",49,14,21,13,2
"PID0622","2026-04",53,19,19,12,7
"PID0622","2026-05",58,15,20,17,2
"PID0622","2026-06",69,9,24,11,2
"PID0623","2026-01",34,13,15,6,4
"PID0623","2026-02",47,0,19,10,5
"PID0623","2026-03",33,14,14,13,6
"PID0623","2026-04",29,13,13,10,1
"PID0623","2026-05",40,13,12,8,3
"PID0623","2026-06",46,10,12,14,2
"PID0624","2026-01",52,20,15,12,3
"PID0624","2026-02",53,8,15,12,2
"PID0624","2026-03",45,11,16,9,5
"PID0624","2026-04",47,16,14,12,1
"PID0624","2026-05",62,12,25,17,3
"PID0624","2026-06",65,19,24,9,3
"PID0625","2026-01",47,14,19,15,3
"PID0625","2026-02",53,13,16,11,6
"PID0625","2026-03",57,10,19,17,1
"PID0625","2026-04",64,11,25,11,4
"PID0625","2026-05",57,10,27,10,2
"PID0625","2026-06",64,10,20,15,4
"PID0626","2026-01",59,17,20,5,5
"PID0626","2026-02",73,15,28,14,5
"PID0626","2026-03",47,13,16,14,3
"PID0626","2026-04",58,18,16,13,5
"PID0626","2026-05",39,8,14,12,4
"PID0626","2026-06",48,10,18,7,6
"PID0627","2026-01",44,13,16,15,4
"PID0627","2026-02",65,6,23,10,4
"PID0627","2026-03",46,17,17,7,2
"PID0627","2026-04",72,13,25,15,2
"PID0627","2026-05",46,10,16,14,2
"PID0627","2026-06",48,11,16,7,1
"PID0628","2026-01",68,15,25,13,5
"PID0628","2026-02",47,7,19,9,4
"PID0628","2026-03",66,12,18,13,2
"PID0628","2026-04",60,13,21,12,3
"PID0628","2026-05",48,12,18,3,4
"PID0628","2026-06",48,11,19,10,5
"PID0629","2026-01",66,12,24,15,5
"PID0629","2026-02",55,10,14,10,4
"PID0629","2026-03",65,15,24,14,9
"PID0629","2026-04",44,13,9,9,6
"PID0629","2026-05",36,13,19,5,3
"PID0629","2026-06",52,17,18,12,6
"PID0630","2026-01",36,13,13,9,4
"PID0630","2026-02",56,6,18,13,2
"PID0630","2026-03",56,8,17,10,5
"PID0630","2026-04",36,14,7,9,5
"PID0630","2026-05",52,17,12,14,4
"PID0630","2026-06",34,10,16,8,5
"PID0631","2026-01",57,15,16,7,4
"PID0631","2026-02",51,17,23,12,4
"PID0631","2026-03",52,13,16,10,4
"PID0631","2026-04",61,13,19,11,3
"PID0631","2026-05",62,20,20,15,3
"PID0631","2026-06",38,7,13,5,3
"PID0632","2026-01",69,10,27,16,4
"PID0632","2026-02",41,13,15,8,4
"PID0632","2026-03",61,19,15,13,1
"PID0632","2026-04",51,19,12,9,3
"PID0632","2026-05",58,14,23,7,2
"PID0632","2026-06",60,8,17,17,2
"PID0633","2026-01",64,10,22,15,5
"PID0633","2026-02",67,13,25,14,4
"PID0633","2026-03",54,12,21,9,7
"PID0633","2026-04",52,6,18,11,6
"PID0633","2026-05",53,15,12,9,1
"PID0633","2026-06",60,6,24,12,5
"PID0634","2026-01",48,10,17,12,2
"PID0634","2026-02",54,8,17,19,4
"PID0634","2026-03",28,10,10,0,3
"PID0634","2026-04",46,12,16,11,2
"PID0634","2026-05",44,13,15,6,5
"PID0634","2026-06",43,5,11,10,0
"PID0635","2026-01",43,10,11,8,5
"PID0635","2026-02",40,14,13,6,4
"PID0635","2026-03",52,14,14,15,5
"PID0635","2026-04",56,13,22,14,6
"PID0635","2026-05",57,6,22,14,4
"PID0635","2026-06",48,17,20,6,2
"PID0636","2026-01",51,12,17,7,4
"PID0636","2026-02",46,13,13,11,5
"PID0636","2026-03",51,14,19,12,5
"PID0636","2026-04",56,12,27,11,4
"PID0636","2026-05",43,13,18,15,3
"PID0636","2026-06",57,10,18,14,1
"PID0637","2026-01",38,11,12,12,5
"PID0637","2026-02",44,10,10,9,5
"PID0637","2026-03",43,10,14,11,3
"PID0637","2026-04",44,14,13,9,4
"PID0637","2026-05",47,9,12,12,3
"PID0637","2026-06",37,13,10,5,3
"PID0638","2026-01",56,9,20,11,7
"PID0638","2026-02",75,19,27,16,4
"PID0638","2026-03",83,16,23,21,6
"PID0638","2026-04",62,19,21,15,2
"PID0638","2026-05",73,17,24,15,4
"PID0638","2026-06",69,25,16,14,6
"PID0639","2026-01",38,11,10,6,2
"PID0639","2026-02",46,14,18,2,2
"PID0639","2026-03",33,5,15,7,3
"PID0639","2026-04",46,16,10,8,2
"PID0639","2026-05",39,8,13,11,2
"PID0639","2026-06",45,8,17,10,4
"PID0640","2026-01",54,8,17,14,2
"PID0640","2026-02",51,4,15,11,2
"PID0640","2026-03",48,2,18,12,4
"PID0640","2026-04",46,11,17,8,8
"PID0640","2026-05",57,13,20,10,2
"PID0640","2026-06",47,6,14,10,4
"PID0641","2026-01",60,11,24,15,4
"PID0641","2026-02",53,10,16,13,3
"PID0641","2026-03",57,11,20,16,5
"PID0641","2026-04",70,8,29,18,7
"PID0641","2026-05",71,10,22,15,7
"PID0641","2026-06",49,11,12,13,3
"PID0642","2026-01",48,17,19,15,2
"PID0642","2026-02",57,16,17,8,5
"PID0642","2026-03",49,11,17,14,4
"PID0642","2026-04",46,13,18,10,2
"PID0642","2026-05",50,14,17,8,5
"PID0642","2026-06",60,10,19,14,4
"PID0643","2026-01",48,17,19,4,5
"PID0643","2026-02",57,13,18,12,3
"PID0643","2026-03",55,15,22,8,3
"PID0643","2026-04",57,19,22,8,6
"PID0643","2026-05",47,15,15,9,5
"PID0643","2026-06",50,13,24,11,4
"PID0644","2026-01",40,24,11,2,5
"PID0644","2026-02",38,14,10,3,2
"PID0644","2026-03",54,17,16,11,4
"PID0644","2026-04",39,14,18,8,3
"PID0644","2026-05",64,10,27,14,4
"PID0644","2026-06",49,12,18,11,5
"PID0645","2026-01",66,16,24,13,6
"PID0645","2026-02",57,17,18,10,4
"PID0645","2026-03",87,15,28,20,5
"PID0645","2026-04",67,15,27,14,4
"PID0645","2026-05",74,15,25,15,6
"PID0645","2026-06",77,20,24,18,2
"PID0646","2026-01",62,11,20,11,5
"PID0646","2026-02",55,19,13,11,4
"PID0646","2026-03",59,11,21,16,7
"PID0646","2026-04",66,8,33,7,4
"PID0646","2026-05",63,16,25,12,2
"PID0646","2026-06",65,13,19,17,5
"PID0647","2026-01",65,8,19,13,2
"PID0647","2026-02",52,9,19,13,3
"PID0647","2026-03",64,23,25,16,3
"PID0647","2026-04",53,15,20,12,5
"PID0647","2026-05",64,16,25,17,4
"PID0647","2026-06",60,14,22,17,2
"PID0648","2026-01",81,15,30,21,9
"PID0648","2026-02",81,20,28,15,7
"PID0648","2026-03",72,16,26,18,7
"PID0648","2026-04",73,18,27,11,11
"PID0648","2026-05",68,16,22,13,7
"PID0648","2026-06",73,18,26,14,6
"PID0649","2026-01",37,15,14,8,1
"PID0649","2026-02",63,13,20,16,2
"PID0649","2026-03",53,11,17,10,4
"PID0649","2026-04",55,9,19,11,2
"PID0649","2026-05",41,15,14,5,3
"PID0649","2026-06",53,15,23,10,3
"PID0650","2026-01",54,16,18,8,4
"PID0650","2026-02",52,21,17,13,6
"PID0650","2026-03",60,6,23,12,6
"PID0650","2026-04",47,14,11,8,6
"PID0650","2026-05",57,15,15,9,6
"PID0650","2026-06",61,12,20,11,3
"PID0651","2026-01",41,12,18,8,7
"PID0651","2026-02",39,5,14,11,4
"PID0651","2026-03",45,7,12,9,5
"PID0651","2026-04",45,12,20,10,5
"PID0651","2026-05",57,12,20,9,4
"PID0651","2026-06",40,18,14,6,2
"PID0652","2026-01",50,13,16,14,4
"PID0652","2026-02",62,14,22,9,1
"PID0652","2026-03",52,9,18,11,3
"PID0652","2026-04",38,13,12,6,5
"PID0652","2026-05",37,16,12,9,3
"PID0652","2026-06",54,8,18,8,5
"PID0653","2026-01",66,12,20,12,3
"PID0653","2026-02",57,5,18,10,4
"PID0653","2026-03",71,14,28,18,5
"PID0653","2026-04",59,18,22,9,4
"PID0653","2026-05",59,11,22,14,1
"PID0653","2026-06",61,12,20,7,1
"PID0654","2026-01",58,12,25,12,4
"PID0654","2026-02",57,11,22,15,3
"PID0654","2026-03",52,15,18,18,4
"PID0654","2026-04",41,8,14,12,2
"PID0654","2026-05",50,23,19,15,3
"PID0654","2026-06",43,6,17,8,4
"PID0655","2026-01",53,10,20,11,3
"PID0655","2026-02",45,15,14,6,5
"PID0655","2026-03",35,12,12,5,2
"PID0655","2026-04",36,20,8,8,4
"PID0655","2026-05",40,7,11,5,4
"PID0655","2026-06",49,10,16,10,2
"PID0656","2026-01",33,19,11,6,2
"PID0656","2026-02",41,6,14,13,6
"PID0656","2026-03",43,12,14,2,3
"PID0656","2026-04",53,9,14,13,7
"PID0656","2026-05",54,8,17,13,5
"PID0656","2026-06",35,11,10,8,4
"PID0657","2026-01",40,15,17,11,6
"PID0657","2026-02",45,10,15,12,3
"PID0657","2026-03",43,12,14,7,3
"PID0657","2026-04",56,12,18,10,2
"PID0657","2026-05",64,13,20,8,5
"PID0657","2026-06",50,18,14,13,0
"PID0658","2026-01",38,9,8,10,4
"PID0658","2026-02",60,11,17,18,3
"PID0658","2026-03",48,7,23,3,3
"PID0658","2026-04",51,9,18,10,4
"PID0658","2026-05",45,12,17,6,3
"PID0658","2026-06",60,10,25,14,3
"PID0659","2026-01",58,15,20,12,3
"PID0659","2026-02",47,15,13,12,2
"PID0659","2026-03",53,15,16,9,1
"PID0659","2026-04",57,13,23,13,1
"PID0659","2026-05",39,11,13,6,3
"PID0659","2026-06",50,7,18,12,3
"PID0660","2026-01",39,14,10,2,1
"PID0660","2026-02",63,12,22,11,1
"PID0660","2026-03",47,15,14,7,2
"PID0660","2026-04",55,12,14,12,5
"PID0660","2026-05",43,18,12,11,2
"PID0660","2026-06",51,9,13,15,2
"PID0661","2026-01",62,8,30,9,3
"PID0661","2026-02",61,9,25,13,4
"PID0661","2026-03",62,12,19,13,2
"PID0661","2026-04",55,2,19,14,4
"PID0661","2026-05",60,4,25,14,4
"PID0661","2026-06",46,16,19,15,3
"PID0662","2026-01",73,14,24,16,5
"PID0662","2026-02",67,11,19,14,5
"PID0662","2026-03",59,10,26,13,5
"PID0662","2026-04",67,11,24,13,4
"PID0662","2026-05",59,11,23,15,7
"PID0662","2026-06",62,20,21,12,6
"PID0663","2026-01",57,15,16,14,4
"PID0663","2026-02",42,12,11,8,3
"PID0663","2026-03",54,11,18,9,6
"PID0663","2026-04",52,11,21,12,2
"PID0663","2026-05",52,17,17,14,4
"PID0663","2026-06",61,16,21,16,5
"PID0664","2026-01",39,9,14,6,5
"PID0664","2026-02",46,12,14,10,5
"PID0664","2026-03",43,14,18,6,5
"PID0664","2026-04",40,8,18,7,5
"PID0664","2026-05",48,13,16,6,4
"PID0664","2026-06",61,9,20,12,4
"PID0665","2026-01",95,12,29,22,6
"PID0665","2026-02",66,20,16,3,7
"PID0665","2026-03",75,15,28,12,5
"PID0665","2026-04",74,13,25,19,7
"PID0665","2026-05",76,14,27,20,5
"PID0665","2026-06",70,14,23,18,7
"PID0666","2026-01",52,11,20,10,4
"PID0666","2026-02",55,13,20,11,4
"PID0666","2026-03",68,8,23,14,2
"PID0666","2026-04",51,12,22,11,7
"PID0666","2026-05",75,13,29,21,2
"PID0666","2026-06",56,14,23,13,2
"PID0667","2026-01",56,0,18,8,2
"PID0667","2026-02",43,9,8,11,1
"PID0667","2026-03",52,10,17,12,1
"PID0667","2026-04",39,16,15,9,1
"PID0667","2026-05",42,3,11,10,3
"PID0667","2026-06",49,10,19,10,3
"PID0668","2026-01",54,9,21,14,3
"PID0668","2026-02",49,12,17,5,5
"PID0668","2026-03",38,17,17,7,3
"PID0668","2026-04",51,16,20,11,4
"PID0668","2026-05",48,8,18,9,4
"PID0668","2026-06",42,6,12,9,4
"PID0669","2026-01",60,6,22,13,3
"PID0669","2026-02",46,14,18,13,4
"PID0669","2026-03",37,14,18,7,5
"PID0669","2026-04",50,15,20,4,2
"PID0669","2026-05",44,18,16,12,4
"PID0669","2026-06",43,12,18,8,2
"PID0670","2026-01",58,10,24,9,4
"PID0670","2026-02",69,11,25,13,4
"PID0670","2026-03",65,15,16,10,6
"PID0670","2026-04",61,15,22,10,6
"PID0670","2026-05",62,12,21,17,5
"PID0670","2026-06",70,13,30,16,6
"PID0671","2026-01",49,15,14,11,0
"PID0671","2026-02",47,17,10,7,3
"PID0671","2026-03",57,11,15,15,3
"PID0671","2026-04",58,15,22,10,2
"PID0671","2026-05",30,3,7,6,4
"PID0671","2026-06",61,6,21,13,4
"PID0672","2026-01",57,14,23,14,3
"PID0672","2026-02",44,5,22,5,3
"PID0672","2026-03",46,12,15,11,4
"PID0672","2026-04",41,17,18,7,3
"PID0672","2026-05",51,21,18,14,2
"PID0672","2026-06",43,11,17,11,3
"PID0673","2026-01",49,9,12,17,6
"PID0673","2026-02",37,14,17,6,4
"PID0673","2026-03",35,11,12,7,3
"PID0673","2026-04",36,2,15,6,2
"PID0673","2026-05",31,13,12,2,3
"PID0673","2026-06",31,11,12,5,2
"PID0674","2026-01",68,8,23,16,4
"PID0674","2026-02",50,7,18,11,7
"PID0674","2026-03",55,21,14,8,6
"PID0674","2026-04",59,17,18,11,4
"PID0674","2026-05",66,17,20,11,5
"PID0674","2026-06",63,17,20,13,2
"PID0675","2026-01",45,13,12,7,3
"PID0675","2026-02",50,15,17,17,2
"PID0675","2026-03",52,20,15,9,1
"PID0675","2026-04",64,18,24,12,3
"PID0675","2026-05",51,13,13,8,6
"PID0675","2026-06",53,17,17,14,5
"PID0676","2026-01",41,10,19,9,2
"PID0676","2026-02",43,12,14,6,2
"PID0676","2026-03",53,10,18,14,4
"PID0676","2026-04",61,11,22,14,5
"PID0676","2026-05",50,21,18,14,2
"PID0676","2026-06",57,5,19,10,1
"PID0677","2026-01",47,17,21,8,3
"PID0677","2026-02",57,10,19,13,3
"PID0677","2026-03",53,12,15,9,3
"PID0677","2026-04",51,11,16,7,5
"PID0677","2026-05",33,14,9,5,3
"PID0677","2026-06",71,13,22,17,5
"PID0678","2026-01",36,16,13,7,3
"PID0678","2026-02",66,15,25,16,3
"PID0678","2026-03",62,8,20,16,5
"PID0678","2026-04",54,10,18,6,1
"PID0678","2026-05",44,5,11,2,2
"PID0678","2026-06",54,9,17,10,5
"PID0679","2026-01",50,0,18,12,2
"PID0679","2026-02",47,11,25,11,3
"PID0679","2026-03",46,11,11,6,5
"PID0679","2026-04",50,13,20,10,2
"PID0679","2026-05",51,12,16,11,4
"PID0679","2026-06",34,15,5,9,3
"PID0680","2026-01",56,14,18,5,7
"PID0680","2026-02",49,12,20,13,5
"PID0680","2026-03",54,16,16,11,5
"PID0680","2026-04",35,5,8,13,5
"PID0680","2026-05",53,13,16,13,3
"PID0680","2026-06",42,15,13,8,5
"PID0681","2026-01",66,10,23,12,5
"PID0681","2026-02",55,15,16,12,6
"PID0681","2026-03",48,12,10,10,4
"PID0681","2026-04",53,7,22,10,4
"PID0681","2026-05",52,14,21,8,4
"PID0681","2026-06",53,13,15,14,3
"PID0682","2026-01",47,12,19,12,5
"PID0682","2026-02",61,19,25,17,7
"PID0682","2026-03",47,17,13,11,2
"PID0682","2026-04",55,12,20,11,6
"PID0682","2026-05",49,12,18,11,4
"PID0682","2026-06",55,19,21,17,7
"PID0683","2026-01",55,13,15,14,2
"PID0683","2026-02",49,10,14,7,2
"PID0683","2026-03",61,14,23,11,2
"PID0683","2026-04",55,19,21,19,4
"PID0683","2026-05",59,9,22,10,2
"PID0683","2026-06",46,10,17,11,5
"PID0684","2026-01",64,9,22,17,6
"PID0684","2026-02",55,12,13,7,5
"PID0684","2026-03",66,15,18,15,7
"PID0684","2026-04",68,15,21,13,5
"PID0684","2026-05",56,10,21,13,9
"PID0684","2026-06",65,25,24,13,5
"PID0685","2026-01",70,11,25,11,2
"PID0685","2026-02",42,11,17,4,3
"PID0685","2026-03",55,4,20,16,2
"PID0685","2026-04",62,25,21,17,2
"PID0685","2026-05",49,13,19,11,3
"PID0685","2026-06",55,5,20,15,1
"PID0686","2026-01",40,1,17,11,3
"PID0686","2026-02",35,5,12,11,3
"PID0686","2026-03",37,8,10,5,3
"PID0686","2026-04",46,8,17,8,2
"PID0686","2026-05",51,19,15,11,3
"PID0686","2026-06",45,13,14,15,3
"PID0687","2026-01",47,2,17,6,2
"PID0687","2026-02",49,8,13,6,5
"PID0687","2026-03",41,7,17,7,4
"PID0687","2026-04",43,5,17,4,4
"PID0687","2026-05",55,11,13,11,5
"PID0687","2026-06",45,4,14,10,4
"PID0688","2026-01",42,10,15,10,4
"PID0688","2026-02",72,21,24,13,4
"PID0688","2026-03",57,20,21,14,2
"PID0688","2026-04",52,13,18,12,4
"PID0688","2026-05",50,15,18,8,3
"PID0688","2026-06",54,11,18,16,3
"PID0689","2026-01",49,7,14,13,2
"PID0689","2026-02",69,17,22,12,4
"PID0689","2026-03",45,8,16,7,5
"PID0689","2026-04",43,7,20,13,2
"PID0689","2026-05",36,11,11,5,6
"PID0689","2026-06",29,11,7,3,4
"PID0690","2026-01",60,17,23,12,6
"PID0690","2026-02",57,7,17,8,7
"PID0690","2026-03",48,24,17,6,7
"PID0690","2026-04",60,14,23,15,5
"PID0690","2026-05",70,19,29,11,6
"PID0690","2026-06",60,7,21,17,6
"PID0691","2026-01",77,9,23,18,2
"PID0691","2026-02",58,16,24,12,3
"PID0691","2026-03",66,16,20,10,5
"PID0691","2026-04",63,13,18,10,5
"PID0691","2026-05",71,14,27,18,4
"PID0691","2026-06",64,15,19,11,4
"PID0692","2026-01",62,13,24,13,6
"PID0692","2026-02",62,11,24,12,5
"PID0692","2026-03",69,20,23,9,5
"PID0692","2026-04",69,9,24,19,5
"PID0692","2026-05",69,21,20,21,5
"PID0692","2026-06",63,16,19,9,7
"PID0693","2026-01",58,10,24,10,4
"PID0693","2026-02",41,11,16,7,3
"PID0693","2026-03",48,15,21,12,4
"PID0693","2026-04",44,4,18,14,4
"PID0693","2026-05",42,11,13,9,4
"PID0693","2026-06",46,9,16,8,4
"PID0694","2026-01",58,14,15,14,4
"PID0694","2026-02",57,17,24,16,4
"PID0694","2026-03",52,13,15,11,6
"PID0694","2026-04",60,6,20,5,2
"PID0694","2026-05",66,10,23,16,1
"PID0694","2026-06",64,8,26,14,5
"PID0695","2026-01",73,13,28,14,4
"PID0695","2026-02",74,12,22,15,5
"PID0695","2026-03",64,19,25,11,8
"PID0695","2026-04",77,7,28,17,8
"PID0695","2026-05",85,14,29,20,6
"PID0695","2026-06",79,13,27,21,7
"PID0696","2026-01",45,12,11,9,2
"PID0696","2026-02",57,14,22,10,2
"PID0696","2026-03",49,8,16,10,2
"PID0696","2026-04",46,11,14,10,0
"PID0696","2026-05",53,15,21,10,4
"PID0696","2026-06",47,14,14,3,2
"PID0697","2026-01",49,7,23,13,1
"PID0697","2026-02",48,15,14,12,1
"PID0697","2026-03",41,11,16,5,5
"PID0697","2026-04",51,17,19,11,3
"PID0697","2026-05",43,13,16,12,1
"PID0697","2026-06",61,10,22,11,3
"PID0698","2026-01",45,10,16,6,4
"PID0698","2026-02",58,17,18,7,5
"PID0698","2026-03",64,13,19,12,4
"PID0698","2026-04",62,10,26,13,6
"PID0698","2026-05",70,9,24,16,2
"PID0698","2026-06",47,11,19,12,7
"PID0699","2026-01",63,15,21,12,4
"PID0699","2026-02",48,14,18,10,3
"PID0699","2026-03",53,10,17,11,5
"PID0699","2026-04",41,10,13,5,2
"PID0699","2026-05",51,19,13,12,5
"PID0699","2026-06",45,14,16,9,7
"PID0700","2026-01",55,20,19,13,4
"PID0700","2026-02",66,10,26,13,3
"PID0700","2026-03",46,17,16,10,6
"PID0700","2026-04",43,11,12,8,5
"PID0700","2026-05",43,12,16,11,4
"PID0700","2026-06",54,15,19,8,4
"PID0701","2026-01",34,9,12,7,6
"PID0701","2026-02",52,12,18,6,3
"PID0701","2026-03",52,12,17,12,5
"PID0701","2026-04",41,8,13,12,7
"PID0701","2026-05",38,11,10,6,2
"PID0701","2026-06",44,8,13,3,5
"PID0702","2026-01",60,13,19,14,1
"PID0702","2026-02",55,12,19,11,4
"PID0702","2026-03",63,19,19,15,4
"PID0702","2026-04",56,7,14,11,4
"PID0702","2026-05",44,14,17,8,2
"PID0702","2026-06",54,7,24,10,3
"PID0703","2026-01",45,7,16,7,4
"PID0703","2026-02",53,13,16,15,3
"PID0703","2026-03",27,5,10,4,3
"PID0703","2026-04",52,12,20,12,1
"PID0703","2026-05",47,7,17,13,2
"PID0703","2026-06",36,14,16,4,1
"PID0704","2026-01",65,9,18,14,3
"PID0704","2026-02",57,12,16,9,6
"PID0704","2026-03",64,10,18,19,5
"PID0704","2026-04",50,14,15,7,3
"PID0704","2026-05",53,11,21,11,5
"PID0704","2026-06",47,19,20,16,3
"PID0705","2026-01",38,9,9,8,3
"PID0705","2026-02",54,4,22,8,4
"PID0705","2026-03",42,20,13,14,3
"PID0705","2026-04",60,8,19,11,0
"PID0705","2026-05",49,10,22,5,5
"PID0705","2026-06",54,16,21,11,3
"PID0706","2026-01",40,14,13,7,3
"PID0706","2026-02",61,16,21,15,3
"PID0706","2026-03",43,13,14,15,2
"PID0706","2026-04",45,20,21,7,3
"PID0706","2026-05",58,16,25,15,0
"PID0706","2026-06",61,20,23,16,4
"PID0707","2026-01",75,20,28,13,6
"PID0707","2026-02",68,9,21,13,7
"PID0707","2026-03",68,12,24,14,6
"PID0707","2026-04",62,13,23,15,7
"PID0707","2026-05",65,13,25,15,8
"PID0707","2026-06",62,8,18,10,8
"PID0708","2026-01",74,21,23,21,6
"PID0708","2026-02",63,17,20,18,7
"PID0708","2026-03",80,10,32,17,7
"PID0708","2026-04",83,14,28,16,3
"PID0708","2026-05",53,12,21,11,5
"PID0708","2026-06",70,13,20,13,6
"PID0709","2026-01",57,9,15,16,2
"PID0709","2026-02",50,10,19,16,6
"PID0709","2026-03",51,8,17,9,4
"PID0709","2026-04",68,11,29,13,4
"PID0709","2026-05",57,18,24,15,2
"PID0709","2026-06",68,17,26,17,4
"PID0710","2026-01",53,1,19,11,2
"PID0710","2026-02",55,8,18,13,4
"PID0710","2026-03",62,12,22,11,4
"PID0710","2026-04",58,13,20,13,5
"PID0710","2026-05",55,9,23,12,5
"PID0710","2026-06",54,19,18,18,3
"PID0711","2026-01",71,9,25,13,4
"PID0711","2026-02",46,11,9,4,2
"PID0711","2026-03",62,12,23,12,3
"PID0711","2026-04",49,15,19,7,4
"PID0711","2026-05",57,7,18,7,3
"PID0711","2026-06",46,12,11,10,2
"PID0712","2026-01",57,17,24,7,5
"PID0712","2026-02",46,15,15,11,3
"PID0712","2026-03",49,16,19,6,5
"PID0712","2026-04",64,6,23,11,6
"PID0712","2026-05",60,16,23,13,3
"PID0712","2026-06",52,21,14,9,5
"PID0713","2026-01",47,12,19,7,4
"PID0713","2026-02",45,8,12,13,4
"PID0713","2026-03",48,14,18,11,3
"PID0713","2026-04",39,10,10,8,4
"PID0713","2026-05",56,13,18,11,0
"PID0713","2026-06",43,1,11,13,3
"PID0714","2026-01",57,9,18,13,5
"PID0714","2026-02",56,15,20,13,5
"PID0714","2026-03",61,18,20,17,5
"PID0714","2026-04",58,8,18,6,4
"PID0714","2026-05",74,19,22,22,3
"PID0714","2026-06",77,12,27,17,5
"PID0715","2026-01",40,12,16,3,3
"PID0715","2026-02",47,17,14,13,2
"PID0715","2026-03",46,10,16,10,2
"PID0715","2026-04",41,5,18,14,1
"PID0715","2026-05",38,8,8,5,4
"PID0715","2026-06",40,13,12,11,6
"PID0716","2026-01",54,13,16,9,4
"PID0716","2026-02",53,7,16,16,6
"PID0716","2026-03",25,8,11,8,1
"PID0716","2026-04",44,14,18,15,3
"PID0716","2026-05",45,13,10,9,3
"PID0716","2026-06",60,5,21,10,2
"PID0717","2026-01",54,11,16,11,4
"PID0717","2026-02",50,12,22,11,5
"PID0717","2026-03",63,8,25,14,3
"PID0717","2026-04",66,12,22,12,3
"PID0717","2026-05",59,24,21,9,3
"PID0717","2026-06",46,12,16,7,3
"PID0718","2026-01",41,16,14,5,3
"PID0718","2026-02",50,19,18,13,3
"PID0718","2026-03",60,12,21,18,7
"PID0718","2026-04",56,16,26,11,4
"PID0718","2026-05",57,2,25,8,4
"PID0718","2026-06",39,13,16,11,4
"PID0719","2026-01",38,6,17,7,3
"PID0719","2026-02",51,12,23,14,3
"PID0719","2026-03",46,2,21,7,1
"PID0719","2026-04",54,16,18,8,4
"PID0719","2026-05",41,11,24,8,2
"PID0719","2026-06",48,13,20,13,2
"PID0720","2026-01",44,8,10,11,3
"PID0720","2026-02",47,5,14,13,4
"PID0720","2026-03",44,15,11,9,7
"PID0720","2026-04",36,13,11,4,5
"PID0720","2026-05",35,7,9,11,5
"PID0720","2026-06",54,7,19,11,4
"PID0721","2026-01",51,18,23,15,3
"PID0721","2026-02",51,16,23,10,4
"PID0721","2026-03",61,14,21,13,5
"PID0721","2026-04",58,9,19,10,3
"PID0721","2026-05",66,15,21,12,5
"PID0721","2026-06",51,20,21,11,3
"PID0722","2026-01",40,13,13,13,4
"PID0722","2026-02",63,14,22,14,2
"PID0722","2026-03",46,10,15,12,4
"PID0722","2026-04",59,10,19,16,1
"PID0722","2026-05",70,15,22,15,4
"PID0722","2026-06",63,11,21,16,3
"PID0723","2026-01",46,10,11,11,4
"PID0723","2026-02",56,1,21,14,2
"PID0723","2026-03",35,15,12,9,3
"PID0723","2026-04",53,11,19,11,2
"PID0723","2026-05",43,14,18,9,2
"PID0723","2026-06",46,13,16,9,2
"PID0724","2026-01",60,14,15,13,5
"PID0724","2026-02",54,10,13,14,4
"PID0724","2026-03",64,15,23,7,4
"PID0724","2026-04",55,8,21,14,3
"PID0724","2026-05",43,11,14,8,4
"PID0724","2026-06",49,11,22,12,5
"PID0725","2026-01",46,13,13,12,6
"PID0725","2026-02",70,18,26,15,4
"PID0725","2026-03",48,5,16,9,6
"PID0725","2026-04",72,9,25,14,5
"PID0725","2026-05",68,15,24,19,4
"PID0725","2026-06",60,9,21,16,2
"PID0726","2026-01",50,15,16,7,0
"PID0726","2026-02",47,15,15,12,7
"PID0726","2026-03",46,16,13,5,7
"PID0726","2026-04",61,6,23,15,1
"PID0726","2026-05",37,16,17,7,2
"PID0726","2026-06",58,10,20,15,2
"PID0727","2026-01",60,6,19,15,1
"PID0727","2026-02",45,10,16,4,1
"PID0727","2026-03",64,1,21,10,4
"PID0727","2026-04",52,8,20,12,4
"PID0727","2026-05",58,9,17,16,4
"PID0727","2026-06",35,14,14,11,4
"PID0728","2026-01",51,9,15,9,4
"PID0728","2026-02",74,12,21,13,5
"PID0728","2026-03",70,10,24,16,5
"PID0728","2026-04",67,7,25,7,5
"PID0728","2026-05",66,15,22,14,7
"PID0728","2026-06",63,12,23,14,5
"PID0729","2026-01",53,10,20,9,1
"PID0729","2026-02",39,10,9,14,6
"PID0729","2026-03",44,16,9,12,4
"PID0729","2026-04",52,15,17,9,5
"PID0729","2026-05",56,10,17,14,3
"PID0729","2026-06",53,8,19,11,3
"PID0730","2026-01",76,19,25,16,5
"PID0730","2026-02",75,9,22,15,4
"PID0730","2026-03",59,15,22,13,4
"PID0730","2026-04",74,14,26,18,10
"PID0730","2026-05",68,17,18,13,4
"PID0730","2026-06",64,13,23,17,7
"PID0731","2026-01",63,13,24,7,4
"PID0731","2026-02",48,11,20,19,2
"PID0731","2026-03",48,6,19,11,2
"PID0731","2026-04",37,7,10,9,3
"PID0731","2026-05",40,10,19,7,0
"PID0731","2026-06",49,7,18,11,6
"PID0732","2026-01",48,14,18,10,0
"PID0732","2026-02",51,14,18,10,3
"PID0732","2026-03",55,11,18,14,3
"PID0732","2026-04",50,14,14,10,2
"PID0732","2026-05",45,13,16,15,2
"PID0732","2026-06",48,10,12,6,4
"PID0733","2026-01",39,16,14,7,1
"PID0733","2026-02",48,15,19,8,4
"PID0733","2026-03",39,7,9,7,2
"PID0733","2026-04",57,17,23,17,2
"PID0733","2026-05",49,15,17,13,6
"PID0733","2026-06",36,15,16,6,4
"PID0734","2026-01",58,13,22,11,2
"PID0734","2026-02",40,21,11,9,5
"PID0734","2026-03",61,16,19,15,6
"PID0734","2026-04",51,8,19,10,5
"PID0734","2026-05",55,9,20,11,3
"PID0734","2026-06",57,12,19,16,3
"PID0735","2026-01",55,11,21,9,5
"PID0735","2026-02",47,20,8,6,3
"PID0735","2026-03",73,7,23,13,5
"PID0735","2026-04",56,9,17,15,5
"PID0735","2026-05",52,14,14,14,5
"PID0735","2026-06",52,8,17,11,4
"PID0736","2026-01",70,15,22,8,4
"PID0736","2026-02",58,19,18,11,6
"PID0736","2026-03",74,20,29,17,5
"PID0736","2026-04",52,15,16,9,7
"PID0736","2026-05",58,21,22,12,3
"PID0736","2026-06",64,9,18,21,4
"PID0737","2026-01",62,13,19,11,4
"PID0737","2026-02",47,13,19,11,5
"PID0737","2026-03",68,12,26,12,4
"PID0737","2026-04",71,9,23,13,5
"PID0737","2026-05",70,10,22,16,7
"PID0737","2026-06",50,18,18,13,3
"PID0738","2026-01",58,14,13,14,4
"PID0738","2026-02",51,11,19,8,3
"PID0738","2026-03",62,11,19,13,2
"PID0738","2026-04",51,6,12,4,3
"PID0738","2026-05",52,11,15,11,5
"PID0738","2026-06",59,20,19,10,3
"PID0739","2026-01",65,20,24,12,5
"PID0739","2026-02",61,13,24,7,1
"PID0739","2026-03",61,9,18,9,5
"PID0739","2026-04",73,17,26,18,6
"PID0739","2026-05",74,15,29,12,7
"PID0739","2026-06",62,19,21,11,6
"PID0740","2026-01",54,0,17,8,4
"PID0740","2026-02",54,13,18,12,7
"PID0740","2026-03",59,8,23,13,6
"PID0740","2026-04",69,15,21,15,3
"PID0740","2026-05",39,12,12,7,6
"PID0740","2026-06",53,16,23,13,3
"PID0741","2026-01",63,9,25,18,5
"PID0741","2026-02",55,19,18,9,1
"PID0741","2026-03",61,12,22,12,1
"PID0741","2026-04",49,11,21,5,3
"PID0741","2026-05",61,17,22,8,6
"PID0741","2026-06",55,13,17,12,3
"PID0742","2026-01",60,13,24,15,3
"PID0742","2026-02",53,14,15,14,2
"PID0742","2026-03",65,9,26,13,2
"PID0742","2026-04",57,11,19,15,4
"PID0742","2026-05",48,10,16,12,4
"PID0742","2026-06",62,11,24,18,4
"PID0743","2026-01",65,20,25,13,3
"PID0743","2026-02",49,16,12,16,5
"PID0743","2026-03",47,10,14,14,4
"PID0743","2026-04",68,16,23,11,4
"PID0743","2026-05",64,6,25,20,2
"PID0743","2026-06",51,9,10,13,4
"PID0744","2026-01",67,16,20,11,7
"PID0744","2026-02",75,18,20,19,5
"PID0744","2026-03",62,19,23,10,8
"PID0744","2026-04",53,14,18,11,4
"PID0744","2026-05",62,22,21,16,4
"PID0744","2026-06",60,14,28,14,4
"PID0745","2026-01",44,9,11,15,3
"PID0745","2026-02",44,3,15,10,4
"PID0745","2026-03",44,11,16,14,2
"PID0745","2026-04",51,16,21,13,2
"PID0745","2026-05",48,14,13,13,3
"PID0745","2026-06",44,12,15,8,1
"PID0746","2026-01",59,13,19,8,2
"PID0746","2026-02",43,7,14,7,2
"PID0746","2026-03",39,16,8,12,3
"PID0746","2026-04",47,12,14,7,3
"PID0746","2026-05",60,13,19,13,3
"PID0746","2026-06",45,10,14,10,4
"PID0747","2026-01",47,17,13,10,2
"PID0747","2026-02",53,11,22,7,4
"PID0747","2026-03",62,20,17,15,2
"PID0747","2026-04",58,13,24,15,2
"PID0747","2026-05",58,10,24,9,2
"PID0747","2026-06",67,9,23,8,4
"PID0748","2026-01",66,11,25,14,2
"PID0748","2026-02",48,16,13,10,6
"PID0748","2026-03",53,7,21,12,3
"PID0748","2026-04",49,12,18,13,4
"PID0748","2026-05",37,17,12,7,2
"PID0748","2026-06",44,10,11,11,3
"PID0749","2026-01",44,14,13,8,5
"PID0749","2026-02",46,8,13,14,3
"PID0749","2026-03",55,7,16,14,2
"PID0749","2026-04",59,11,17,13,5
"PID0749","2026-05",49,14,17,9,5
"PID0749","2026-06",48,13,18,9,4
"PID0750","2026-01",41,7,11,12,4
"PID0750","2026-02",49,12,14,7,1
"PID0750","2026-03",47,11,14,6,3
"PID0750","2026-04",36,12,12,8,0
"PID0750","2026-05",52,8,16,12,5
"PID0750","2026-06",39,7,14,8,2
"PID0751","2026-01",68,3,25,13,3
"PID0751","2026-02",47,11,9,13,1
"PID0751","2026-03",39,4,15,11,3
"PID0751","2026-04",47,10,21,8,3
"PID0751","2026-05",50,21,25,11,5
"PID0751","2026-06",42,7,11,9,4
"PID0752","2026-01",42,8,11,3,5
"PID0752","2026-02",45,12,15,9,4
"PID0752","2026-03",52,9,14,10,4
"PID0752","2026-04",51,13,14,9,4
"PID0752","2026-05",48,12,15,11,3
"PID0752","2026-06",46,13,14,10,5
"PID0753","2026-01",62,11,20,17,4
"PID0753","2026-02",45,14,16,8,5
"PID0753","2026-03",57,15,17,11,1
"PID0753","2026-04",54,13,14,14,4
"PID0753","2026-05",52,16,21,10,2
"PID0753","2026-06",61,13,22,14,6
"PID0754","2026-01",60,13,21,13,4
"PID0754","2026-02",48,13,12,8,4
"PID0754","2026-03",49,16,10,5,2
"PID0754","2026-04",55,18,23,8,3
"PID0754","2026-05",65,3,24,16,3
"PID0754","2026-06",67,15,17,12,4
"PID0755","2026-01",72,10,22,16,4
"PID0755","2026-02",57,14,19,8,5
"PID0755","2026-03",52,17,22,9,4
"PID0755","2026-04",65,8,17,9,8
"PID0755","2026-05",69,11,21,12,4
"PID0755","2026-06",47,14,17,10,3
"PID0756","2026-01",55,14,20,15,1
"PID0756","2026-02",57,11,22,11,2
"PID0756","2026-03",59,13,25,13,2
"PID0756","2026-04",39,18,13,14,2
"PID0756","2026-05",57,12,15,16,4
"PID0756","2026-06",57,10,18,14,5
"PID0757","2026-01",46,18,14,8,3
"PID0757","2026-02",56,8,20,10,2
"PID0757","2026-03",48,14,17,10,1
"PID0757","2026-04",47,17,18,11,4
"PID0757","2026-05",41,15,17,8,4
"PID0757","2026-06",50,13,17,17,3
"PID0758","2026-01",50,13,20,13,4
"PID0758","2026-02",46,14,17,12,5
"PID0758","2026-03",45,6,17,11,6
"PID0758","2026-04",39,5,11,8,4
"PID0758","2026-05",58,10,15,7,4
"PID0758","2026-06",49,14,12,7,6
"PID0759","2026-01",67,17,26,19,4
"PID0759","2026-02",48,14,15,8,2
"PID0759","2026-03",41,18,15,9,5
"PID0759","2026-04",50,10,14,13,3
"PID0759","2026-05",55,13,15,13,2
"PID0759","2026-06",50,13,18,13,3
"PID0760","2026-01",28,8,9,7,6
"PID0760","2026-02",41,14,13,10,1
"PID0760","2026-03",59,10,17,12,1
"PID0760","2026-04",64,13,20,9,3
"PID0760","2026-05",41,6,22,8,5
"PID0760","2026-06",61,14,23,13,3
"PID0761","2026-01",40,14,15,14,3
"PID0761","2026-02",50,11,14,15,2
"PID0761","2026-03",46,11,21,10,3
"PID0761","2026-04",41,13,15,10,4
"PID0761","2026-05",45,12,21,12,4
"PID0761","2026-06",52,7,22,7,5
"PID0762","2026-01",39,13,17,3,5
"PID0762","2026-02",62,10,25,12,3
"PID0762","2026-03",51,12,17,12,6
"PID0762","2026-04",45,12,15,17,3
"PID0762","2026-05",54,9,19,15,1
"PID0762","2026-06",52,14,18,12,3
"PID0763","2026-01",62,14,21,20,5
"PID0763","2026-02",52,5,20,13,3
"PID0763","2026-03",62,21,24,10,4
"PID0763","2026-04",55,13,18,8,4
"PID0763","2026-05",66,19,26,8,3
"PID0763","2026-06",46,15,14,9,4
"PID0764","2026-01",48,13,18,13,4
"PID0764","2026-02",61,16,20,10,3
"PID0764","2026-03",51,19,13,10,2
"PID0764","2026-04",51,10,16,13,5
"PID0764","2026-05",54,16,15,11,1
"PID0764","2026-06",51,7,15,11,4
"PID0765","2026-01",48,9,12,9,4
"PID0765","2026-02",40,9,12,10,4
"PID0765","2026-03",32,12,14,4,2
"PID0765","2026-04",42,14,12,7,5
"PID0765","2026-05",66,9,18,15,2
"PID0765","2026-06",49,10,23,9,4
"PID0766","2026-01",47,13,19,3,5
"PID0766","2026-02",68,12,22,17,2
"PID0766","2026-03",78,11,31,21,4
"PID0766","2026-04",82,17,28,18,3
"PID0766","2026-05",81,11,29,18,4
"PID0766","2026-06",63,15,16,15,6
"PID0767","2026-01",56,13,21,16,3
"PID0767","2026-02",50,14,17,12,4
"PID0767","2026-03",59,10,15,10,5
"PID0767","2026-04",42,8,9,9,4
"PID0767","2026-05",49,16,18,9,3
"PID0767","2026-06",37,18,12,6,1
"PID0768","2026-01",39,16,15,7,3
"PID0768","2026-02",50,8,11,13,1
"PID0768","2026-03",48,16,16,8,5
"PID0768","2026-04",53,4,14,13,3
"PID0768","2026-05",35,11,9,7,2
"PID0768","2026-06",54,10,16,10,3
"PID0769","2026-01",69,9,22,15,5
"PID0769","2026-02",72,14,22,12,9
"PID0769","2026-03",75,22,20,15,8
"PID0769","2026-04",70,9,20,13,7
"PID0769","2026-05",69,14,24,14,6
"PID0769","2026-06",70,16,25,19,7
"PID0770","2026-01",45,11,18,10,6
"PID0770","2026-02",73,13,23,19,9
"PID0770","2026-03",53,15,18,10,4
"PID0770","2026-04",69,12,24,13,5
"PID0770","2026-05",65,16,23,12,4
"PID0770","2026-06",63,11,23,12,3
"PID0771","2026-01",50,16,19,9,4
"PID0771","2026-02",45,16,21,13,5
"PID0771","2026-03",56,22,12,6,5
"PID0771","2026-04",55,8,19,12,1
"PID0771","2026-05",52,19,13,11,5
"PID0771","2026-06",57,12,17,9,1
"PID0772","2026-01",60,8,19,9,5
"PID0772","2026-02",46,13,19,13,5
"PID0772","2026-03",58,17,20,10,5
"PID0772","2026-04",36,7,14,7,4
"PID0772","2026-05",59,16,18,7,3
"PID0772","2026-06",37,15,8,14,4
"PID0773","2026-01",57,14,17,14,5
"PID0773","2026-02",41,15,13,8,4
"PID0773","2026-03",51,6,18,8,5
"PID0773","2026-04",41,13,10,10,4
"PID0773","2026-05",55,17,15,9,4
"PID0773","2026-06",56,9,21,12,2
"PID0774","2026-01",53,17,9,11,4
"PID0774","2026-02",49,11,15,10,7
"PID0774","2026-03",48,11,17,11,4
"PID0774","2026-04",68,21,17,17,5
"PID0774","2026-05",53,8,23,8,6
"PID0774","2026-06",53,18,19,9,4
"PID0775","2026-01",42,7,11,8,5
"PID0775","2026-02",28,3,4,8,2
"PID0775","2026-03",37,9,11,8,4
"PID0775","2026-04",31,9,2,7,2
"PID0775","2026-05",29,13,9,5,2
"PID0775","2026-06",34,10,8,9,3
"PID0776","2026-01",45,7,15,8,1
"PID0776","2026-02",46,15,21,9,1
"PID0776","2026-03",43,10,12,9,3
"PID0776","2026-04",54,8,22,16,1
"PID0776","2026-05",49,16,19,6,3
"PID0776","2026-06",50,10,17,8,3
"PID0777","2026-01",55,11,18,13,4
"PID0777","2026-02",52,16,17,9,4
"PID0777","2026-03",50,10,18,8,4
"PID0777","2026-04",41,13,12,9,2
"PID0777","2026-05",48,5,14,11,6
"PID0777","2026-06",56,11,22,6,6
"PID0778","2026-01",90,14,36,23,6
"PID0778","2026-02",82,15,27,14,6
"PID0778","2026-03",77,13,23,17,8
"PID0778","2026-04",76,14,23,20,5
"PID0778","2026-05",75,10,28,12,7
"PID0778","2026-06",82,14,29,13,4
"PID0779","2026-01",53,10,19,17,3
"PID0779","2026-02",43,11,14,11,2
"PID0779","2026-03",58,12,17,11,3
"PID0779","2026-04",56,19,23,13,2
"PID0779","2026-05",66,16,26,15,4
"PID0779","2026-06",59,12,17,8,5
"PID0780","2026-01",56,7,17,11,6
"PID0780","2026-02",51,13,20,9,3
"PID0780","2026-03",50,13,12,12,6
"PID0780","2026-04",62,18,18,12,4
"PID0780","2026-05",50,9,14,13,4
"PID0780","2026-06",60,0,17,12,4
"PID0781","2026-01",55,7,16,9,6
"PID0781","2026-02",43,10,14,9,3
"PID0781","2026-03",40,10,9,8,3
"PID0781","2026-04",55,14,20,10,4
"PID0781","2026-05",57,17,17,10,0
"PID0781","2026-06",57,5,18,11,3
"PID0782","2026-01",47,5,22,7,2
"PID0782","2026-02",52,4,18,10,4
"PID0782","2026-03",37,12,13,1,2
"PID0782","2026-04",42,12,11,9,3
"PID0782","2026-05",37,9,11,7,4
"PID0782","2026-06",44,9,14,10,3
"PID0783","2026-01",54,16,20,14,3
"PID0783","2026-02",53,6,16,8,2
"PID0783","2026-03",53,17,20,12,6
"PID0783","2026-04",58,11,25,14,3
"PID0783","2026-05",49,16,24,7,1
"PID0783","2026-06",50,8,13,11,0
"PID0784","2026-01",45,5,17,10,5
"PID0784","2026-02",31,10,9,8,3
"PID0784","2026-03",39,14,12,3,2
"PID0784","2026-04",34,13,17,9,5
"PID0784","2026-05",53,13,19,9,2
"PID0784","2026-06",48,11,15,16,4
"PID0785","2026-01",64,8,24,14,5
"PID0785","2026-02",58,13,20,15,4
"PID0785","2026-03",53,10,22,12,5
"PID0785","2026-04",46,14,19,13,3
"PID0785","2026-05",54,8,11,9,5
"PID0785","2026-06",49,8,13,11,3
"PID0786","2026-01",54,14,17,8,5
"PID0786","2026-02",54,19,17,12,2
"PID0786","2026-03",56,15,17,10,3
"PID0786","2026-04",57,17,18,15,4
"PID0786","2026-05",72,17,27,11,4
"PID0786","2026-06",64,18,21,13,3
"PID0787","2026-01",53,18,16,12,3
"PID0787","2026-02",58,13,20,17,4
"PID0787","2026-03",59,13,28,11,5
"PID0787","2026-04",58,14,23,12,6
"PID0787","2026-05",58,10,22,15,6
"PID0787","2026-06",47,12,18,4,4
"PID0788","2026-01",39,13,14,4,6
"PID0788","2026-02",46,9,12,14,5
"PID0788","2026-03",56,14,22,16,1
"PID0788","2026-04",53,7,17,11,2
"PID0788","2026-05",46,6,19,10,2
"PID0788","2026-06",53,3,13,12,2
"PID0789","2026-01",73,14,31,12,5
"PID0789","2026-02",65,18,22,21,6
"PID0789","2026-03",64,21,22,13,4
"PID0789","2026-04",65,13,25,14,6
"PID0789","2026-05",56,11,17,11,5
"PID0789","2026-06",48,17,19,8,4
"PID0790","2026-01",54,12,15,9,1
"PID0790","2026-02",45,12,16,9,4
"PID0790","2026-03",58,11,20,13,1
"PID0790","2026-04",61,8,18,10,2
"PID0790","2026-05",51,15,15,8,2
"PID0790","2026-06",38,13,15,17,1
"PID0791","2026-01",51,13,15,12,3
"PID0791","2026-02",59,1,31,12,5
"PID0791","2026-03",58,3,21,19,1
"PID0791","2026-04",62,12,29,15,4
"PID0791","2026-05",72,19,23,20,5
"PID0791","2026-06",53,16,18,17,4
"PID0792","2026-01",53,11,20,13,4
"PID0792","2026-02",55,11,22,14,4
"PID0792","2026-03",46,12,20,9,1
"PID0792","2026-04",46,6,21,13,4
"PID0792","2026-05",48,8,10,9,3
"PID0792","2026-06",46,11,16,8,7
"PID0793","2026-01",45,7,18,8,3
"PID0793","2026-02",32,8,5,9,4
"PID0793","2026-03",44,11,13,9,5
"PID0793","2026-04",58,9,16,13,4
"PID0793","2026-05",50,11,16,11,4
"PID0793","2026-06",55,7,20,15,2
"PID0794","2026-01",62,12,22,5,5
"PID0794","2026-02",48,17,17,6,5
"PID0794","2026-03",49,12,22,15,2
"PID0794","2026-04",41,19,11,3,1
"PID0794","2026-05",66,16,22,16,3
"PID0794","2026-06",52,15,14,14,1
"PID0795","2026-01",67,9,22,18,2
"PID0795","2026-02",53,12,19,9,4
"PID0795","2026-03",62,16,21,15,3
"PID0795","2026-04",55,12,16,10,1
"PID0795","2026-05",49,9,17,10,2
"PID0795","2026-06",65,10,25,7,5
"PID0796","2026-01",42,12,16,6,4
"PID0796","2026-02",45,12,15,6,1
"PID0796","2026-03",47,9,14,11,5
"PID0796","2026-04",32,6,12,3,0
"PID0796","2026-05",18,8,7,5,4
"PID0796","2026-06",39,13,16,10,3
"PID0797","2026-01",59,13,25,13,2
"PID0797","2026-02",59,9,23,17,4
"PID0797","2026-03",56,2,18,17,4
"PID0797","2026-04",29,17,10,6,2
"PID0797","2026-05",39,13,6,8,2
"PID0797","2026-06",45,12,13,17,2
"PID0798","2026-01",46,16,14,8,4
"PID0798","2026-02",51,17,16,16,3
"PID0798","2026-03",51,11,15,8,2
"PID0798","2026-04",55,15,19,11,3
"PID0798","2026-05",59,4,25,15,3
"PID0798","2026-06",50,11,13,8,3
"PID0799","2026-01",75,11,20,17,7
"PID0799","2026-02",59,14,20,9,3
"PID0799","2026-03",66,12,24,20,5
"PID0799","2026-04",70,7,26,15,4
"PID0799","2026-05",70,16,25,14,2
"PID0799","2026-06",58,15,28,7,3
"PID0800","2026-01",55,5,22,8,4
"PID0800","2026-02",49,9,13,8,4
"PID0800","2026-03",44,7,14,10,3
"PID0800","2026-04",51,11,13,7,1
"PID0800","2026-05",70,9,26,16,5
"PID0800","2026-06",65,9,19,15,5
"PID0801","2026-01",41,9,18,9,1
"PID0801","2026-02",50,10,18,16,3
"PID0801","2026-03",30,12,7,9,5
"PID0801","2026-04",31,9,10,7,4
"PID0801","2026-05",55,4,17,13,3
"PID0801","2026-06",46,14,14,9,3
"PID0802","2026-01",46,16,16,6,7
"PID0802","2026-02",53,13,17,8,3
"PID0802","2026-03",53,17,13,10,4
"PID0802","2026-04",52,14,21,14,4
"PID0802","2026-05",54,13,18,13,4
"PID0802","2026-06",65,21,26,12,6
"PID0803","2026-01",52,11,18,10,5
"PID0803","2026-02",41,9,12,5,4
"PID0803","2026-03",63,10,28,10,4
"PID0803","2026-04",61,3,25,13,5
"PID0803","2026-05",53,9,13,11,4
"PID0803","2026-06",41,20,10,7,4
"PID0804","2026-01",36,13,9,7,3
"PID0804","2026-02",41,12,11,12,4
"PID0804","2026-03",53,6,17,8,3
"PID0804","2026-04",65,11,27,17,2
"PID0804","2026-05",48,8,20,15,2
"PID0804","2026-06",52,13,13,14,2
"PID0805","2026-01",55,15,19,11,3
"PID0805","2026-02",37,11,12,6,3
"PID0805","2026-03",55,15,13,6,2
"PID0805","2026-04",53,21,22,10,3
"PID0805","2026-05",58,12,17,8,2
"PID0805","2026-06",65,11,26,17,5
"PID0806","2026-01",72,17,25,18,6
"PID0806","2026-02",70,23,28,14,6
"PID0806","2026-03",81,12,29,20,8
"PID0806","2026-04",70,10,25,14,7
"PID0806","2026-05",70,18,26,14,7
"PID0806","2026-06",71,20,25,9,6
"PID0807","2026-01",65,21,20,13,4
"PID0807","2026-02",61,7,23,19,8
"PID0807","2026-03",59,9,19,8,5
"PID0807","2026-04",52,14,18,16,6
"PID0807","2026-05",65,11,26,14,1
"PID0807","2026-06",70,10,22,13,5
"PID0808","2026-01",72,19,23,14,5
"PID0808","2026-02",63,10,21,11,3
"PID0808","2026-03",76,4,34,17,5
"PID0808","2026-04",73,12,24,18,6
"PID0808","2026-05",63,9,23,14,6
"PID0808","2026-06",72,16,25,16,6
"PID0809","2026-01",51,18,20,11,6
"PID0809","2026-02",51,11,15,9,5
"PID0809","2026-03",44,15,20,6,3
"PID0809","2026-04",38,12,14,6,0
"PID0809","2026-05",54,18,21,13,4
"PID0809","2026-06",41,9,17,8,3
"PID0810","2026-01",60,19,21,11,2
"PID0810","2026-02",63,16,22,21,5
"PID0810","2026-03",71,13,22,15,4
"PID0810","2026-04",53,6,17,16,1
"PID0810","2026-05",55,24,19,12,3
"PID0810","2026-06",41,14,17,11,3
"PID0811","2026-01",48,11,18,10,2
"PID0811","2026-02",46,12,16,8,4
"PID0811","2026-03",52,10,18,13,3
"PID0811","2026-04",47,7,14,11,3
"PID0811","2026-05",55,9,20,12,3
"PID0811","2026-06",36,10,12,12,4
"PID0812","2026-01",52,9,15,16,3
"PID0812","2026-02",61,15,23,17,2
"PID0812","2026-03",51,7,17,15,0
"PID0812","2026-04",39,15,16,11,3
"PID0812","2026-05",52,14,21,13,3
"PID0812","2026-06",56,20,21,8,3
"PID0813","2026-01",45,17,14,5,2
"PID0813","2026-02",52,16,22,13,3
"PID0813","2026-03",46,11,15,10,3
"PID0813","2026-04",39,14,17,17,5
"PID0813","2026-05",50,11,12,10,4
"PID0813","2026-06",51,14,13,12,1
"PID0814","2026-01",53,17,20,15,4
"PID0814","2026-02",47,17,17,16,1
"PID0814","2026-03",50,6,17,13,5
"PID0814","2026-04",58,12,16,18,4
"PID0814","2026-05",57,17,22,11,4
"PID0814","2026-06",63,15,21,10,6
"PID0815","2026-01",48,4,22,13,5
"PID0815","2026-02",56,12,19,18,3
"PID0815","2026-03",47,8,16,13,3
"PID0815","2026-04",49,14,16,13,4
"PID0815","2026-05",41,7,15,8,2
"PID0815","2026-06",48,11,20,10,3
"PID0816","2026-01",44,20,18,15,4
"PID0816","2026-02",50,10,19,10,3
"PID0816","2026-03",48,6,19,9,3
"PID0816","2026-04",51,7,19,5,3
"PID0816","2026-05",50,12,16,10,4
"PID0816","2026-06",48,10,20,15,3
"PID0817","2026-01",53,9,17,6,3
"PID0817","2026-02",44,14,11,14,4
"PID0817","2026-03",66,14,24,14,5
"PID0817","2026-04",35,11,11,11,5
"PID0817","2026-05",66,14,24,12,5
"PID0817","2026-06",60,16,21,13,3
"PID0818","2026-01",72,7,23,17,5
"PID0818","2026-02",76,16,30,20,6
"PID0818","2026-03",59,12,17,16,5
"PID0818","2026-04",63,6,18,11,8
"PID0818","2026-05",67,14,28,20,6
"PID0818","2026-06",42,16,18,9,5
"PID0819","2026-01",74,8,22,13,5
"PID0819","2026-02",71,14,26,13,5
"PID0819","2026-03",62,6,20,14,7
"PID0819","2026-04",50,18,20,8,9
"PID0819","2026-05",71,13,27,10,6
"PID0819","2026-06",72,11,23,11,4
"PID0820","2026-01",53,5,20,13,2
"PID0820","2026-02",56,13,15,13,3
"PID0820","2026-03",66,14,28,15,2
"PID0820","2026-04",59,13,19,9,3
"PID0820","2026-05",60,16,22,16,4
"PID0820","2026-06",51,10,15,8,0
"PID0821","2026-01",45,5,17,5,3
"PID0821","2026-02",45,6,14,8,4
"PID0821","2026-03",47,1,16,6,5
"PID0821","2026-04",36,18,9,9,3
"PID0821","2026-05",57,20,23,12,3
"PID0821","2026-06",37,4,11,7,0
"PID0822","2026-01",57,15,19,13,2
"PID0822","2026-02",59,15,18,16,4
"PID0822","2026-03",64,19,28,16,4
"PID0822","2026-04",50,10,13,8,2
"PID0822","2026-05",51,6,14,12,2
"PID0822","2026-06",31,23,13,3,4
"PID0823","2026-01",38,3,8,5,3
"PID0823","2026-02",61,3,21,12,3
"PID0823","2026-03",42,10,15,5,3
"PID0823","2026-04",51,8,23,10,3
"PID0823","2026-05",38,11,12,7,3
"PID0823","2026-06",47,10,14,8,4
"PID0824","2026-01",59,12,22,11,5
"PID0824","2026-02",66,16,28,8,5
"PID0824","2026-03",59,16,23,12,2
"PID0824","2026-04",51,16,12,10,3
"PID0824","2026-05",50,13,23,10,2
"PID0824","2026-06",65,10,23,13,6
"PID0825","2026-01",34,7,16,12,4
"PID0825","2026-02",46,11,20,11,4
"PID0825","2026-03",55,8,16,5,6
"PID0825","2026-04",46,19,21,9,5
"PID0825","2026-05",44,13,15,7,6
"PID0825","2026-06",46,12,12,9,2
"PID0826","2026-01",61,14,26,16,0
"PID0826","2026-02",58,10,22,11,4
"PID0826","2026-03",63,12,25,12,5
"PID0826","2026-04",45,10,10,14,0
"PID0826","2026-05",57,10,17,11,3
"PID0826","2026-06",54,13,24,11,2
"PID0827","2026-01",64,16,21,13,3
"PID0827","2026-02",60,17,18,19,5
"PID0827","2026-03",67,8,23,14,5
"PID0827","2026-04",57,10,21,11,2
"PID0827","2026-05",71,14,23,14,4
"PID0827","2026-06",53,11,22,13,3
"PID0828","2026-01",39,11,14,10,2
"PID0828","2026-02",52,12,16,12,2
"PID0828","2026-03",46,4,15,5,2
"PID0828","2026-04",40,10,12,11,3
"PID0828","2026-05",49,11,17,13,2
"PID0828","2026-06",55,14,15,4,3
"PID0829","2026-01",53,17,16,9,5
"PID0829","2026-02",67,13,24,12,4
"PID0829","2026-03",42,12,8,6,5
"PID0829","2026-04",53,22,19,15,6
"PID0829","2026-05",59,14,16,13,5
"PID0829","2026-06",60,13,22,15,5
"PID0830","2026-01",76,18,25,14,6
"PID0830","2026-02",73,22,25,14,4
"PID0830","2026-03",60,13,17,15,4
"PID0830","2026-04",65,15,21,16,7
"PID0830","2026-05",69,10,22,15,5
"PID0830","2026-06",71,17,22,12,6
"PID0831","2026-01",40,9,13,10,2
"PID0831","2026-02",26,11,5,8,4
"PID0831","2026-03",41,14,16,5,4
"PID0831","2026-04",56,10,20,12,5
"PID0831","2026-05",46,13,18,12,5
"PID0831","2026-06",47,3,14,7,3
"PID0832","2026-01",62,14,20,10,3
"PID0832","2026-02",52,8,16,11,4
"PID0832","2026-03",42,11,12,9,0
"PID0832","2026-04",53,15,22,14,3
"PID0832","2026-05",32,14,11,7,3
"PID0832","2026-06",50,13,15,13,3
"PID0833","2026-01",36,8,21,9,1
"PID0833","2026-02",53,10,20,13,5
"PID0833","2026-03",61,14,22,16,2
"PID0833","2026-04",32,12,15,3,0
"PID0833","2026-05",50,10,16,9,4
"PID0833","2026-06",43,21,16,8,4
"PID0834","2026-01",55,12,20,14,4
"PID0834","2026-02",60,12,24,11,4
"PID0834","2026-03",49,14,17,15,7
"PID0834","2026-04",57,17,21,13,3
"PID0834","2026-05",51,13,16,11,4
"PID0834","2026-06",37,16,16,8,5
"PID0835","2026-01",49,17,23,6,4
"PID0835","2026-02",50,6,22,11,5
"PID0835","2026-03",59,12,21,13,3
"PID0835","2026-04",46,8,17,7,4
"PID0835","2026-05",54,8,18,9,3
"PID0835","2026-06",57,10,21,14,3
"PID0836","2026-01",48,13,17,11,3
"PID0836","2026-02",58,7,21,5,3
"PID0836","2026-03",44,15,11,11,2
"PID0836","2026-04",54,11,19,10,5
"PID0836","2026-05",46,17,9,7,3
"PID0836","2026-06",48,11,18,7,0
"PID0837","2026-01",56,2,17,10,6
"PID0837","2026-02",56,11,14,12,4
"PID0837","2026-03",60,12,27,15,5
"PID0837","2026-04",58,9,16,13,4
"PID0837","2026-05",51,16,19,10,6
"PID0837","2026-06",54,11,25,11,5
"PID0838","2026-01",45,15,13,8,2
"PID0838","2026-02",46,6,18,12,4
"PID0838","2026-03",60,17,20,15,3
"PID0838","2026-04",29,13,5,8,3
"PID0838","2026-05",47,12,14,14,3
"PID0838","2026-06",43,9,13,8,0
"PID0839","2026-01",48,19,17,6,2
"PID0839","2026-02",62,16,21,12,4
"PID0839","2026-03",45,13,17,8,4
"PID0839","2026-04",57,12,24,11,0
"PID0839","2026-05",72,12,22,17,3
"PID0839","2026-06",52,8,20,13,3
"PID0840","2026-01",52,13,20,9,3
"PID0840","2026-02",45,11,14,14,3
"PID0840","2026-03",59,5,19,9,3
"PID0840","2026-04",52,8,10,8,3
"PID0840","2026-05",55,11,22,10,3
"PID0840","2026-06",62,9,18,11,5
"PID0841","2026-01",60,19,24,18,7
"PID0841","2026-02",84,21,26,16,4
"PID0841","2026-03",57,12,22,12,7
"PID0841","2026-04",63,12,24,14,6
"PID0841","2026-05",59,7,19,13,3
"PID0841","2026-06",56,17,19,10,3
"PID0842","2026-01",49,21,15,9,3
"PID0842","2026-02",52,17,21,9,2
"PID0842","2026-03",37,15,10,12,4
"PID0842","2026-04",36,9,12,5,1
"PID0842","2026-05",42,9,10,9,3
"PID0842","2026-06",58,12,23,13,2
"PID0843","2026-01",57,11,19,15,4
"PID0843","2026-02",56,7,22,12,4
"PID0843","2026-03",60,6,17,19,6
"PID0843","2026-04",53,18,20,8,5
"PID0843","2026-05",52,18,12,9,6
"PID0843","2026-06",53,11,18,10,5
"PID0844","2026-01",59,16,15,10,7
"PID0844","2026-02",81,13,30,13,6
"PID0844","2026-03",68,16,18,16,6
"PID0844","2026-04",74,9,21,14,3
"PID0844","2026-05",69,12,21,14,5
"PID0844","2026-06",74,17,23,16,6
"PID0845","2026-01",56,15,21,10,1
"PID0845","2026-02",54,13,21,9,4
"PID0845","2026-03",51,17,21,13,1
"PID0845","2026-04",67,8,25,15,2
"PID0845","2026-05",51,13,20,9,2
"PID0845","2026-06",41,10,9,10,4
"PID0846","2026-01",44,8,15,11,5
"PID0846","2026-02",41,10,15,6,5
"PID0846","2026-03",57,5,15,10,0
"PID0846","2026-04",47,13,8,9,5
"PID0846","2026-05",45,12,20,9,5
"PID0846","2026-06",52,5,20,10,4
"PID0847","2026-01",42,16,16,3,5
"PID0847","2026-02",51,12,18,4,2
"PID0847","2026-03",46,10,15,11,1
"PID0847","2026-04",44,10,13,10,1
"PID0847","2026-05",47,7,19,11,2
"PID0847","2026-06",48,11,16,14,3
"PID0848","2026-01",53,20,21,11,6
"PID0848","2026-02",62,8,20,15,2
"PID0848","2026-03",48,0,16,13,4
"PID0848","2026-04",41,13,17,7,6
"PID0848","2026-05",58,2,21,8,4
"PID0848","2026-06",33,11,10,4,6
"PID0849","2026-01",48,10,14,11,3
"PID0849","2026-02",45,6,15,13,3
"PID0849","2026-03",34,11,10,10,3
"PID0849","2026-04",39,17,14,12,2
"PID0849","2026-05",48,13,16,9,2
"PID0849","2026-06",43,4,16,0,2
"PID0850","2026-01",51,9,16,16,7
"PID0850","2026-02",35,12,10,1,3
"PID0850","2026-03",41,11,12,13,3
"PID0850","2026-04",49,12,13,6,4
"PID0850","2026-05",58,11,22,12,1
"PID0850","2026-06",54,14,21,13,3
"PID0851","2026-01",62,15,25,12,6
"PID0851","2026-02",61,17,24,13,6
"PID0851","2026-03",65,12,25,10,6
"PID0851","2026-04",66,6,26,17,4
"PID0851","2026-05",80,19,25,13,6
"PID0851","2026-06",66,9,21,11,4
"PID0852","2026-01",55,10,16,10,2
"PID0852","2026-02",55,14,21,12,2
"PID0852","2026-03",69,21,25,5,5
"PID0852","2026-04",56,8,16,11,3
"PID0852","2026-05",59,8,23,16,1
"PID0852","2026-06",57,17,14,15,4
"PID0853","2026-01",40,9,13,7,4
"PID0853","2026-02",47,12,20,6,3
"PID0853","2026-03",47,13,17,9,6
"PID0853","2026-04",54,15,24,17,6
"PID0853","2026-05",50,9,17,5,7
"PID0853","2026-06",50,7,16,8,7
"PID0854","2026-01",58,16,19,12,4
"PID0854","2026-02",30,13,11,4,6
"PID0854","2026-03",48,10,14,11,6
"PID0854","2026-04",39,15,12,8,3
"PID0854","2026-05",44,11,22,5,6
"PID0854","2026-06",53,9,14,16,3
"PID0855","2026-01",37,8,13,11,2
"PID0855","2026-02",50,12,15,7,5
"PID0855","2026-03",51,18,16,7,4
"PID0855","2026-04",46,15,17,16,3
"PID0855","2026-05",42,14,16,9,2
"PID0855","2026-06",48,12,15,3,3
"PID0856","2026-01",51,8,10,13,5
"PID0856","2026-02",53,17,21,12,3
"PID0856","2026-03",46,18,15,14,6
"PID0856","2026-04",58,14,21,14,2
"PID0856","2026-05",51,12,22,12,1
"PID0856","2026-06",47,2,9,7,3
"PID0857","2026-01",45,11,12,8,3
"PID0857","2026-02",52,11,19,13,0
"PID0857","2026-03",44,15,12,9,1
"PID0857","2026-04",57,15,16,14,5
"PID0857","2026-05",50,10,17,10,6
"PID0857","2026-06",55,13,18,11,2
"PID0858","2026-01",49,12,18,8,3
"PID0858","2026-02",59,12,19,13,2
"PID0858","2026-03",46,20,15,9,2
"PID0858","2026-04",37,21,13,3,2
"PID0858","2026-05",51,12,22,10,3
"PID0858","2026-06",62,13,19,14,2
"PID0859","2026-01",58,15,22,11,3
"PID0859","2026-02",54,19,18,16,6
"PID0859","2026-03",37,11,8,7,2
"PID0859","2026-04",59,14,18,10,4
"PID0859","2026-05",58,8,20,18,3
"PID0859","2026-06",53,10,12,12,3
"PID0860","2026-01",49,11,16,11,3
"PID0860","2026-02",60,11,15,14,4
"PID0860","2026-03",35,13,11,3,4
"PID0860","2026-04",60,11,26,15,6
"PID0860","2026-05",35,9,15,6,3
"PID0860","2026-06",52,7,19,15,2
"PID0861","2026-01",63,16,20,17,6
"PID0861","2026-02",60,17,17,13,5
"PID0861","2026-03",62,10,22,11,6
"PID0861","2026-04",59,21,21,15,6
"PID0861","2026-05",74,17,27,17,9
"PID0861","2026-06",69,17,26,18,8
"PID0862","2026-01",44,13,10,10,3
"PID0862","2026-02",58,11,24,13,4
"PID0862","2026-03",48,14,15,10,5
"PID0862","2026-04",50,11,15,12,2
"PID0862","2026-05",45,16,11,13,3
"PID0862","2026-06",47,7,16,14,3
"PID0863","2026-01",42,9,17,6,3
"PID0863","2026-02",64,3,27,15,2
"PID0863","2026-03",35,10,13,8,2
"PID0863","2026-04",47,2,17,11,3
"PID0863","2026-05",34,6,12,7,2
"PID0863","2026-06",53,19,16,5,4
"PID0864","2026-01",54,8,15,14,3
"PID0864","2026-02",54,16,23,8,5
"PID0864","2026-03",45,15,14,13,5
"PID0864","2026-04",45,15,11,13,2
"PID0864","2026-05",52,14,20,8,2
"PID0864","2026-06",41,16,9,0,1
"PID0865","2026-01",54,9,12,10,3
"PID0865","2026-02",55,13,19,9,6
"PID0865","2026-03",46,6,20,12,4
"PID0865","2026-04",57,12,16,11,3
"PID0865","2026-05",59,9,20,13,3
"PID0865","2026-06",52,10,21,13,3
"PID0866","2026-01",56,15,16,12,3
"PID0866","2026-02",55,8,19,11,2
"PID0866","2026-03",45,14,19,8,3
"PID0866","2026-04",50,13,14,10,3
"PID0866","2026-05",39,15,15,6,6
"PID0866","2026-06",62,16,21,11,2
"PID0867","2026-01",74,15,26,10,3
"PID0867","2026-02",53,14,16,11,4
"PID0867","2026-03",54,18,19,4,4
"PID0867","2026-04",65,14,22,14,3
"PID0867","2026-05",68,22,25,17,4
"PID0867","2026-06",59,12,21,16,4
"PID0868","2026-01",48,17,18,9,5
"PID0868","2026-02",47,9,19,10,2
"PID0868","2026-03",52,11,21,13,4
"PID0868","2026-04",45,5,17,8,3
"PID0868","2026-05",55,10,16,12,3
"PID0868","2026-06",33,13,10,0,4
"PID0869","2026-01",45,8,11,14,3
"PID0869","2026-02",57,16,19,13,4
"PID0869","2026-03",52,11,19,11,6
"PID0869","2026-04",43,8,18,9,5
"PID0869","2026-05",60,7,17,13,2
"PID0869","2026-06",53,9,19,14,3
"PID0870","2026-01",65,13,21,10,0
"PID0870","2026-02",51,5,15,10,2
"PID0870","2026-03",61,8,21,13,5
"PID0870","2026-04",50,2,15,10,4
"PID0870","2026-05",48,16,14,9,4
"PID0870","2026-06",58,15,20,12,7
"PID0871","2026-01",64,8,22,14,4
"PID0871","2026-02",35,7,9,8,4
"PID0871","2026-03",36,6,13,5,4
"PID0871","2026-04",53,9,17,15,4
"PID0871","2026-05",54,10,22,11,3
"PID0871","2026-06",56,6,22,15,1
"PID0872","2026-01",60,8,33,14,3
"PID0872","2026-02",60,12,24,10,5
"PID0872","2026-03",54,9,22,11,2
"PID0872","2026-04",62,21,19,7,4
"PID0872","2026-05",55,21,21,10,4
"PID0872","2026-06",59,16,17,15,1
"PID0873","2026-01",44,15,13,9,4
"PID0873","2026-02",41,14,8,12,2
"PID0873","2026-03",42,14,12,11,3
"PID0873","2026-04",55,12,14,8,4
"PID0873","2026-05",49,15,16,13,3
"PID0873","2026-06",52,14,15,16,3
"PID0874","2026-01",68,24,21,12,5
"PID0874","2026-02",54,19,16,12,4
"PID0874","2026-03",69,14,19,17,6
"PID0874","2026-04",61,18,22,10,4
"PID0874","2026-05",54,11,21,13,4
"PID0874","2026-06",58,14,20,16,2
"PID0875","2026-01",63,4,21,12,3
"PID0875","2026-02",56,9,15,18,4
"PID0875","2026-03",51,12,16,8,4
"PID0875","2026-04",44,14,17,7,5
"PID0875","2026-05",62,10,18,19,3
"PID0875","2026-06",43,14,14,7,2
"PID0876","2026-01",67,11,23,15,2
"PID0876","2026-02",57,24,20,10,4
"PID0876","2026-03",47,13,17,9,2
"PID0876","2026-04",48,14,14,15,3
"PID0876","2026-05",59,17,20,14,4
"PID0876","2026-06",78,15,23,12,4
"PID0877","2026-01",79,16,26,20,2
"PID0877","2026-02",63,16,28,16,4
"PID0877","2026-03",63,18,22,16,6
"PID0877","2026-04",62,14,22,15,4
"PID0877","2026-05",56,15,16,15,6
"PID0877","2026-06",66,26,25,13,5
"PID0878","2026-01",37,19,13,3,6
"PID0878","2026-02",51,4,17,15,3
"PID0878","2026-03",50,13,19,12,2
"PID0878","2026-04",58,12,21,9,3
"PID0878","2026-05",62,6,19,11,6
"PID0878","2026-06",59,13,21,16,5
"PID0879","2026-01",25,11,6,5,3
"PID0879","2026-02",53,4,14,13,4
"PID0879","2026-03",43,9,8,9,2
"PID0879","2026-04",50,15,13,8,4
"PID0879","2026-05",43,12,11,6,3
"PID0879","2026-06",46,16,14,12,2
"PID0880","2026-01",54,3,19,10,3
"PID0880","2026-02",57,16,21,16,6
"PID0880","2026-03",55,6,20,11,6
"PID0880","2026-04",56,10,17,11,5
"PID0880","2026-05",54,9,16,17,6
"PID0880","2026-06",64,16,20,11,5
"PID0881","2026-01",72,6,31,20,4
"PID0881","2026-02",65,14,22,18,5
"PID0881","2026-03",63,15,24,13,4
"PID0881","2026-04",59,9,18,9,4
"PID0881","2026-05",66,10,27,12,3
"PID0881","2026-06",62,7,19,11,1
"PID0882","2026-01",43,11,11,11,3
"PID0882","2026-02",69,11,21,12,5
"PID0882","2026-03",44,9,13,10,3
"PID0882","2026-04",44,10,16,6,3
"PID0882","2026-05",54,15,15,10,2
"PID0882","2026-06",57,12,23,10,2
"PID0883","2026-01",61,18,23,15,1
"PID0883","2026-02",43,15,10,10,4
"PID0883","2026-03",22,9,2,3,4
"PID0883","2026-04",53,5,21,11,4
"PID0883","2026-05",56,12,17,16,5
"PID0883","2026-06",59,7,18,8,0
"PID0884","2026-01",73,14,28,11,5
"PID0884","2026-02",66,15,28,15,1
"PID0884","2026-03",58,13,21,14,5
"PID0884","2026-04",51,11,17,3,6
"PID0884","2026-05",87,12,30,19,1
"PID0884","2026-06",65,9,22,18,4
"PID0885","2026-01",47,9,14,13,2
"PID0885","2026-02",45,9,11,9,2
"PID0885","2026-03",52,7,14,8,6
"PID0885","2026-04",50,9,17,8,2
"PID0885","2026-05",46,7,17,9,1
"PID0885","2026-06",51,15,17,5,3
"PID0886","2026-01",39,12,16,7,4
"PID0886","2026-02",34,1,5,9,6
"PID0886","2026-03",40,6,15,6,2
"PID0886","2026-04",34,10,11,5,5
"PID0886","2026-05",50,14,16,7,4
"PID0886","2026-06",42,1,16,12,7
"PID0887","2026-01",39,9,8,3,3
"PID0887","2026-02",52,13,18,13,1
"PID0887","2026-03",37,8,16,7,2
"PID0887","2026-04",40,11,17,12,2
"PID0887","2026-05",46,12,20,8,4
"PID0887","2026-06",41,16,14,6,2
"PID0888","2026-01",44,8,18,8,3
"PID0888","2026-02",50,11,14,6,3
"PID0888","2026-03",51,4,17,3,5
"PID0888","2026-04",36,13,8,8,1
"PID0888","2026-05",62,14,21,12,3
"PID0888","2026-06",42,17,11,6,4
"PID0889","2026-01",38,13,14,10,2
"PID0889","2026-02",47,12,20,10,2
"PID0889","2026-03",38,20,14,1,1
"PID0889","2026-04",73,18,19,16,3
"PID0889","2026-05",42,16,19,7,2
"PID0889","2026-06",44,9,17,11,3
"PID0890","2026-01",64,14,24,15,3
"PID0890","2026-02",43,14,15,11,2
"PID0890","2026-03",36,14,12,7,0
"PID0890","2026-04",57,9,12,15,5
"PID0890","2026-05",54,13,21,11,0
"PID0890","2026-06",61,16,17,9,4
"PID0891","2026-01",72,9,25,17,2
"PID0891","2026-02",55,21,16,14,4
"PID0891","2026-03",63,7,26,18,6
"PID0891","2026-04",66,11,27,13,6
"PID0891","2026-05",68,15,25,14,4
"PID0891","2026-06",69,8,26,11,4
"PID0892","2026-01",49,10,17,7,4
"PID0892","2026-02",28,7,6,11,0
"PID0892","2026-03",53,16,14,9,1
"PID0892","2026-04",57,13,12,12,6
"PID0892","2026-05",27,10,11,6,3
"PID0892","2026-06",37,10,16,13,1
"PID0893","2026-01",50,13,17,12,3
"PID0893","2026-02",59,9,15,12,1
"PID0893","2026-03",49,10,15,13,2
"PID0893","2026-04",61,19,25,9,4
"PID0893","2026-05",61,14,22,14,2
"PID0893","2026-06",48,9,17,9,2
"PID0894","2026-01",49,22,21,10,3
"PID0894","2026-02",56,14,19,13,3
"PID0894","2026-03",47,12,15,9,2
"PID0894","2026-04",49,14,20,9,3
"PID0894","2026-05",59,11,28,16,3
"PID0894","2026-06",52,13,16,9,4
"PID0895","2026-01",62,14,16,16,6
"PID0895","2026-02",74,14,26,17,4
"PID0895","2026-03",73,10,23,15,3
"PID0895","2026-04",69,14,24,10,5
"PID0895","2026-05",68,13,21,18,3
"PID0895","2026-06",53,15,18,12,4
"PID0896","2026-01",68,13,23,13,3
"PID0896","2026-02",62,6,20,7,4
"PID0896","2026-03",59,8,21,13,2
"PID0896","2026-04",49,19,11,13,3
"PID0896","2026-05",43,8,9,6,6
"PID0896","2026-06",43,15,15,8,5
"PID0897","2026-01",57,12,18,18,4
"PID0897","2026-02",47,10,16,7,4
"PID0897","2026-03",47,5,21,13,3
"PID0897","2026-04",54,19,18,16,2
"PID0897","2026-05",54,12,17,7,2
"PID0897","2026-06",53,10,19,14,6
"PID0898","2026-01",59,13,22,18,3
"PID0898","2026-02",42,12,14,11,4
"PID0898","2026-03",45,10,14,10,5
"PID0898","2026-04",42,10,12,10,3
"PID0898","2026-05",56,6,21,9,3
"PID0898","2026-06",63,12,22,10,3
"PID0899","2026-01",54,9,20,10,5
"PID0899","2026-02",66,9,24,16,1
"PID0899","2026-03",42,14,13,13,4
"PID0899","2026-04",46,5,13,6,5
"PID0899","2026-05",55,4,21,10,5
"PID0899","2026-06",56,5,20,5,5
"PID0900","2026-01",40,10,18,14,3
"PID0900","2026-02",36,12,14,8,4
"PID0900","2026-03",64,6,21,16,4
"PID0900","2026-04",66,13,19,8,3
"PID0900","2026-05",64,13,20,15,2
"PID0900","2026-06",46,8,19,5,4
"PID0901","2026-01",61,20,20,16,2
"PID0901","2026-02",52,9,15,11,2
"PID0901","2026-03",39,9,20,6,4
"PID0901","2026-04",57,12,26,10,2
"PID0901","2026-05",58,14,23,16,2
"PID0901","2026-06",53,13,18,5,1
"PID0902","2026-01",63,13,23,14,3
"PID0902","2026-02",72,17,26,18,4
"PID0902","2026-03",58,11,19,12,5
"PID0902","2026-04",60,15,17,11,4
"PID0902","2026-05",69,14,22,11,7
"PID0902","2026-06",56,12,21,13,5
"PID0903","2026-01",61,9,21,13,3
"PID0903","2026-02",52,15,14,11,4
"PID0903","2026-03",57,18,19,15,4
"PID0903","2026-04",71,16,28,17,7
"PID0903","2026-05",60,13,20,10,3
"PID0903","2026-06",50,12,17,7,3
"PID0904","2026-01",35,6,7,13,2
"PID0904","2026-02",47,15,17,13,3
"PID0904","2026-03",36,12,15,10,4
"PID0904","2026-04",44,9,16,8,7
"PID0904","2026-05",48,11,17,9,1
"PID0904","2026-06",43,17,14,9,4
"PID0905","2026-01",49,12,15,9,3
"PID0905","2026-02",63,8,19,19,2
"PID0905","2026-03",52,20,20,9,4
"PID0905","2026-04",68,14,16,13,3
"PID0905","2026-05",53,18,18,6,3
"PID0905","2026-06",38,10,13,3,3
"PID0906","2026-01",52,20,21,12,2
"PID0906","2026-02",45,17,16,11,3
"PID0906","2026-03",61,8,20,13,3
"PID0906","2026-04",49,14,16,8,5
"PID0906","2026-05",52,16,18,13,6
"PID0906","2026-06",66,10,17,16,0
"PID0907","2026-01",60,12,14,8,4
"PID0907","2026-02",41,12,10,12,4
"PID0907","2026-03",58,12,17,17,2
"PID0907","2026-04",60,12,23,12,3
"PID0907","2026-05",58,16,28,13,2
"PID0907","2026-06",51,14,19,11,5
"PID0908","2026-01",58,9,22,15,4
"PID0908","2026-02",51,17,22,12,3
"PID0908","2026-03",53,10,19,14,2
"PID0908","2026-04",49,10,17,11,3
"PID0908","2026-05",53,17,20,13,2
"PID0908","2026-06",66,15,25,10,4
"PID0909","2026-01",59,17,19,13,8
"PID0909","2026-02",44,8,8,10,7
"PID0909","2026-03",54,11,17,13,5
"PID0909","2026-04",64,5,19,15,2
"PID0909","2026-05",58,11,21,15,1
"PID0909","2026-06",62,12,28,16,4
"PID0910","2026-01",47,13,16,10,1
"PID0910","2026-02",44,14,13,9,2
"PID0910","2026-03",48,20,19,8,2
"PID0910","2026-04",51,12,15,13,0
"PID0910","2026-05",41,15,21,11,2
"PID0910","2026-06",46,8,13,17,5
"PID0911","2026-01",50,17,16,12,2
"PID0911","2026-02",65,14,21,13,3
"PID0911","2026-03",57,13,20,14,5
"PID0911","2026-04",69,13,22,14,5
"PID0911","2026-05",54,11,18,11,2
"PID0911","2026-06",47,21,13,11,2
"PID0912","2026-01",56,7,22,14,4
"PID0912","2026-02",56,20,17,6,4
"PID0912","2026-03",57,12,21,8,6
"PID0912","2026-04",67,13,18,10,6
"PID0912","2026-05",51,5,19,13,6
"PID0912","2026-06",64,9,20,10,4
"PID0913","2026-01",38,13,12,7,5
"PID0913","2026-02",44,11,13,6,6
"PID0913","2026-03",42,15,12,8,3
"PID0913","2026-04",44,6,8,9,4
"PID0913","2026-05",45,10,22,4,2
"PID0913","2026-06",47,11,15,14,5
"PID0914","2026-01",29,21,12,9,2
"PID0914","2026-02",32,8,13,5,3
"PID0914","2026-03",42,14,18,8,4
"PID0914","2026-04",43,11,16,10,2
"PID0914","2026-05",36,8,7,8,1
"PID0914","2026-06",50,11,16,8,2
"PID0915","2026-01",42,13,23,8,3
"PID0915","2026-02",50,14,19,8,2
"PID0915","2026-03",52,15,18,14,2
"PID0915","2026-04",35,14,6,10,2
"PID0915","2026-05",50,8,16,14,3
"PID0915","2026-06",51,15,18,12,0
"PID0916","2026-01",48,20,18,10,2
"PID0916","2026-02",38,8,15,4,2
"PID0916","2026-03",54,14,13,11,1
"PID0916","2026-04",52,21,16,9,3
"PID0916","2026-05",50,17,23,10,3
"PID0916","2026-06",55,7,15,13,1
"PID0917","2026-01",69,9,24,13,3
"PID0917","2026-02",66,8,23,12,6
"PID0917","2026-03",71,8,26,18,5
"PID0917","2026-04",62,16,21,16,3
"PID0917","2026-05",59,22,24,16,6
"PID0917","2026-06",66,14,26,13,7
"PID0918","2026-01",30,6,13,4,4
"PID0918","2026-02",52,16,16,11,2
"PID0918","2026-03",34,12,12,10,4
"PID0918","2026-04",40,9,15,6,4
"PID0918","2026-05",45,13,13,10,4
"PID0918","2026-06",37,4,5,9,6
"PID0919","2026-01",44,14,18,12,3
"PID0919","2026-02",37,10,12,9,4
"PID0919","2026-03",43,17,15,12,4
"PID0919","2026-04",41,20,11,7,2
"PID0919","2026-05",43,14,15,4,2
"PID0919","2026-06",46,11,18,5,2
"PID0920","2026-01",47,12,17,10,5
"PID0920","2026-02",65,11,22,12,2
"PID0920","2026-03",52,13,17,11,5
"PID0920","2026-04",51,17,16,15,4
"PID0920","2026-05",56,14,27,17,5
"PID0920","2026-06",67,13,23,17,5
"PID0921","2026-01",67,6,18,14,6
"PID0921","2026-02",64,12,22,16,6
"PID0921","2026-03",71,10,23,15,4
"PID0921","2026-04",75,13,24,14,4
"PID0921","2026-05",59,16,18,16,4
"PID0921","2026-06",53,14,19,16,4
"PID0922","2026-01",51,15,17,11,2
"PID0922","2026-02",53,13,19,10,7
"PID0922","2026-03",56,6,18,10,2
"PID0922","2026-04",48,10,15,10,2
"PID0922","2026-05",31,12,6,6,4
"PID0922","2026-06",50,17,18,7,4
"PID0923","2026-01",58,15,16,10,3
"PID0923","2026-02",58,8,17,17,3
"PID0923","2026-03",67,16,24,16,3
"PID0923","2026-04",69,7,27,11,4
"PID0923","2026-05",59,15,22,12,5
"PID0923","2026-06",65,17,20,15,7
"PID0924","2026-01",43,13,12,7,3
"PID0924","2026-02",54,10,21,8,3
"PID0924","2026-03",62,2,17,9,2
"PID0924","2026-04",37,13,11,3,3
"PID0924","2026-05",51,15,13,10,1
"PID0924","2026-06",54,6,15,15,2
"PID0925","2026-01",63,9,27,10,3
"PID0925","2026-02",57,20,20,11,5
"PID0925","2026-03",65,8,22,13,4
"PID0925","2026-04",59,14,17,18,5
"PID0925","2026-05",59,8,24,13,3
"PID0925","2026-06",69,14,21,10,3
"PID0926","2026-01",54,13,18,15,4
"PID0926","2026-02",60,9,19,10,5
"PID0926","2026-03",49,21,16,10,4
"PID0926","2026-04",56,11,17,15,4
"PID0926","2026-05",60,10,19,17,3
"PID0926","2026-06",43,5,16,9,4
"PID0927","2026-01",68,18,27,10,4
"PID0927","2026-02",64,19,25,20,4
"PID0927","2026-03",53,19,21,13,4
"PID0927","2026-04",51,13,21,16,5
"PID0927","2026-05",68,12,24,17,6
"PID0927","2026-06",57,17,16,12,5
"PID0928","2026-01",64,13,21,15,6
"PID0928","2026-02",45,19,16,6,4
"PID0928","2026-03",80,15,27,23,6
"PID0928","2026-04",68,7,27,11,4
"PID0928","2026-05",52,15,14,9,6
"PID0928","2026-06",62,15,20,12,5
"PID0929","2026-01",36,10,12,4,2
"PID0929","2026-02",36,9,18,7,3
"PID0929","2026-03",32,6,11,7,2
"PID0929","2026-04",42,6,14,9,3
"PID0929","2026-05",44,9,21,12,0
"PID0929","2026-06",47,5,15,12,1
"PID0930","2026-01",39,10,11,8,4
"PID0930","2026-02",45,7,13,13,6
"PID0930","2026-03",51,11,18,11,2
"PID0930","2026-04",39,8,15,15,2
"PID0930","2026-05",35,3,11,9,3
"PID0930","2026-06",45,8,12,4,2
"PID0931","2026-01",51,7,12,9,9
"PID0931","2026-02",45,12,10,8,3
"PID0931","2026-03",63,15,22,13,5
"PID0931","2026-04",75,7,21,19,7
"PID0931","2026-05",47,13,20,13,3
"PID0931","2026-06",62,11,20,15,5
"PID0932","2026-01",66,12,24,14,2
"PID0932","2026-02",58,12,21,10,4
"PID0932","2026-03",59,14,23,14,3
"PID0932","2026-04",49,14,13,15,2
"PID0932","2026-05",48,13,15,10,3
"PID0932","2026-06",51,20,15,12,6
"PID0933","2026-01",53,11,19,11,3
"PID0933","2026-02",49,12,20,13,3
"PID0933","2026-03",54,13,19,8,2
"PID0933","2026-04",56,14,19,12,2
"PID0933","2026-05",63,14,23,16,4
"PID0933","2026-06",44,11,13,11,3
"PID0934","2026-01",40,11,14,10,1
"PID0934","2026-02",46,7,15,11,2
"PID0934","2026-03",63,3,20,11,4
"PID0934","2026-04",30,15,12,9,4
"PID0934","2026-05",35,8,16,6,5
"PID0934","2026-06",61,4,22,11,4
"PID0935","2026-01",56,16,22,11,3
"PID0935","2026-02",54,11,24,12,3
"PID0935","2026-03",61,4,20,12,5
"PID0935","2026-04",64,19,22,12,4
"PID0935","2026-05",56,10,20,11,4
"PID0935","2026-06",54,8,13,13,5
"PID0936","2026-01",68,15,27,11,3
"PID0936","2026-02",56,12,20,13,5
"PID0936","2026-03",66,15,26,12,2
"PID0936","2026-04",52,8,21,11,4
"PID0936","2026-05",54,12,21,14,4
"PID0936","2026-06",62,15,20,14,7
"PID0937","2026-01",44,8,19,14,3
"PID0937","2026-02",42,9,14,7,4
"PID0937","2026-03",40,10,12,7,4
"PID0937","2026-04",51,14,18,14,2
"PID0937","2026-05",47,6,16,11,4
"PID0937","2026-06",42,6,10,5,1
"PID0938","2026-01",68,19,18,20,3
"PID0938","2026-02",49,5,19,13,5
"PID0938","2026-03",54,14,21,11,3
"PID0938","2026-04",48,8,15,10,3
"PID0938","2026-05",53,5,22,10,3
"PID0938","2026-06",55,10,26,12,7
"PID0939","2026-01",53,11,16,11,4
"PID0939","2026-02",66,8,18,14,6
"PID0939","2026-03",61,13,24,15,4
"PID0939","2026-04",56,17,22,13,2
"PID0939","2026-05",55,12,18,13,2
"PID0939","2026-06",48,16,13,9,1
"PID0940","2026-01",82,11,28,18,5
"PID0940","2026-02",77,14,31,18,6
"PID0940","2026-03",53,5,18,8,6
"PID0940","2026-04",63,12,24,16,3
"PID0940","2026-05",54,9,20,9,5
"PID0940","2026-06",71,8,24,16,7
"PID0941","2026-01",59,7,17,16,4
"PID0941","2026-02",53,5,15,14,3
"PID0941","2026-03",49,13,13,9,4
"PID0941","2026-04",52,16,15,13,3
"PID0941","2026-05",47,15,19,9,1
"PID0941","2026-06",51,16,22,7,2
"PID0942","2026-01",44,3,14,10,3
"PID0942","2026-02",48,10,15,8,5
"PID0942","2026-03",45,9,19,14,7
"PID0942","2026-04",45,14,13,11,3
"PID0942","2026-05",54,15,21,16,4
"PID0942","2026-06",51,6,17,10,3
"PID0943","2026-01",63,11,21,9,3
"PID0943","2026-02",67,10,23,12,2
"PID0943","2026-03",54,13,21,16,4
"PID0943","2026-04",49,17,15,8,2
"PID0943","2026-05",70,9,27,14,4
"PID0943","2026-06",50,13,18,7,4
"PID0944","2026-01",61,13,21,13,4
"PID0944","2026-02",43,22,14,17,4
"PID0944","2026-03",54,14,23,17,3
"PID0944","2026-04",31,15,9,2,4
"PID0944","2026-05",62,6,23,15,6
"PID0944","2026-06",63,10,24,17,2
"PID0945","2026-01",80,16,29,17,5
"PID0945","2026-02",67,17,20,13,5
"PID0945","2026-03",56,18,19,8,5
"PID0945","2026-04",53,16,16,12,6
"PID0945","2026-05",60,11,21,18,3
"PID0945","2026-06",83,20,29,15,3
"PID0946","2026-01",57,13,24,10,4
"PID0946","2026-02",46,17,17,14,5
"PID0946","2026-03",39,16,11,7,2
"PID0946","2026-04",50,20,14,15,0
"PID0946","2026-05",61,15,21,11,3
"PID0946","2026-06",61,8,15,17,2
"PID0947","2026-01",62,17,19,10,5
"PID0947","2026-02",53,13,22,12,4
"PID0947","2026-03",42,12,14,7,3
"PID0947","2026-04",61,17,25,16,5
"PID0947","2026-05",55,3,23,7,4
"PID0947","2026-06",62,6,22,13,3
"PID0948","2026-01",49,9,18,10,3
"PID0948","2026-02",51,14,17,7,3
"PID0948","2026-03",51,13,22,12,3
"PID0948","2026-04",48,17,9,12,3
"PID0948","2026-05",59,11,19,15,3
"PID0948","2026-06",72,12,24,18,4
"PID0949","2026-01",64,12,27,14,2
"PID0949","2026-02",57,6,22,15,3
"PID0949","2026-03",58,6,21,13,5
"PID0949","2026-04",67,11,22,15,4
"PID0949","2026-05",41,15,13,15,4
"PID0949","2026-06",55,9,13,9,2
"PID0950","2026-01",44,16,16,4,5
"PID0950","2026-02",52,6,17,9,4
"PID0950","2026-03",46,5,15,8,4
"PID0950","2026-04",66,5,25,16,4
"PID0950","2026-05",53,14,11,14,5
"PID0950","2026-06",54,2,19,8,5
"PID0951","2026-01",61,13,23,9,6
"PID0951","2026-02",42,16,17,15,1
"PID0951","2026-03",42,15,9,7,3
"PID0951","2026-04",50,17,18,13,5
"PID0951","2026-05",50,22,8,14,4
"PID0951","2026-06",54,16,18,14,1
"PID0952","2026-01",54,12,20,11,3
"PID0952","2026-02",49,13,14,12,2
"PID0952","2026-03",40,7,16,10,1
"PID0952","2026-04",53,8,19,11,3
"PID0952","2026-05",47,16,16,5,2
"PID0952","2026-06",48,19,20,14,4
"PID0953","2026-01",53,14,14,11,3
"PID0953","2026-02",49,17,18,13,4
"PID0953","2026-03",64,9,27,10,4
"PID0953","2026-04",59,16,16,6,3
"PID0953","2026-05",47,18,15,6,4
"PID0953","2026-06",64,10,23,10,5
"PID0954","2026-01",42,9,11,10,2
"PID0954","2026-02",41,8,18,4,4
"PID0954","2026-03",38,7,12,13,5
"PID0954","2026-04",58,9,20,16,4
"PID0954","2026-05",48,5,17,14,4
"PID0954","2026-06",50,12,21,7,6
"PID0955","2026-01",56,17,19,12,5
"PID0955","2026-02",54,11,19,14,3
"PID0955","2026-03",52,7,20,5,7
"PID0955","2026-04",45,19,11,16,4
"PID0955","2026-05",65,8,21,15,2
"PID0955","2026-06",61,15,18,13,1
"PID0956","2026-01",50,15,20,13,0
"PID0956","2026-02",68,16,23,10,1
"PID0956","2026-03",37,13,18,9,4
"PID0956","2026-04",52,9,16,13,3
"PID0956","2026-05",30,8,11,11,3
"PID0956","2026-06",57,22,18,11,1
"PID0957","2026-01",43,13,17,4,5
"PID0957","2026-02",42,16,10,11,0
"PID0957","2026-03",35,14,11,1,1
"PID0957","2026-04",47,13,14,16,3
"PID0957","2026-05",52,6,24,12,3
"PID0957","2026-06",52,13,24,8,2
"PID0958","2026-01",52,15,21,12,3
"PID0958","2026-02",58,18,19,7,7
"PID0958","2026-03",52,8,13,12,2
"PID0958","2026-04",48,9,18,8,3
"PID0958","2026-05",54,10,20,10,5
"PID0958","2026-06",60,20,20,12,4
"PID0959","2026-01",48,10,14,10,3
"PID0959","2026-02",44,0,17,9,3
"PID0959","2026-03",47,7,20,15,3
"PID0959","2026-04",52,11,20,11,2
"PID0959","2026-05",44,10,15,11,5
"PID0959","2026-06",45,3,14,5,7
"PID0960","2026-01",57,9,20,14,3
"PID0960","2026-02",45,12,14,9,5
"PID0960","2026-03",46,10,13,11,3
"PID0960","2026-04",35,12,16,11,5
"PID0960","2026-05",40,6,14,7,3
"PID0960","2026-06",53,17,19,8,5
"PID0961","2026-01",44,7,17,10,3
"PID0961","2026-02",51,9,17,10,0
"PID0961","2026-03",38,21,19,10,4
"PID0961","2026-04",42,20,14,1,4
"PID0961","2026-05",40,6,18,7,4
"PID0961","2026-06",49,11,13,7,2
"PID0962","2026-01",76,13,29,18,7
"PID0962","2026-02",85,15,31,17,5
"PID0962","2026-03",87,11,29,13,6
"PID0962","2026-04",80,9,22,13,5
"PID0962","2026-05",69,24,23,13,4
"PID0962","2026-06",82,15,32,19,7
"PID0963","2026-01",62,15,21,17,7
"PID0963","2026-02",45,12,20,7,3
"PID0963","2026-03",75,12,27,19,8
"PID0963","2026-04",65,14,24,13,7
"PID0963","2026-05",49,17,12,10,7
"PID0963","2026-06",56,10,20,14,4
"PID0964","2026-01",55,14,17,15,1
"PID0964","2026-02",47,3,22,8,5
"PID0964","2026-03",47,15,9,11,7
"PID0964","2026-04",53,7,17,7,3
"PID0964","2026-05",60,8,19,14,4
"PID0964","2026-06",58,13,14,15,3
"PID0965","2026-01",52,14,15,12,3
"PID0965","2026-02",56,12,20,13,4
"PID0965","2026-03",50,8,21,9,3
"PID0965","2026-04",36,13,12,12,1
"PID0965","2026-05",51,21,13,14,1
"PID0965","2026-06",49,10,17,9,2
"PID0966","2026-01",53,13,18,3,2
"PID0966","2026-02",41,5,13,12,2
"PID0966","2026-03",48,12,13,9,5
"PID0966","2026-04",52,9,20,9,2
"PID0966","2026-05",54,5,18,7,4
"PID0966","2026-06",48,6,14,7,3
"PID0967","2026-01",38,8,11,5,4
"PID0967","2026-02",50,11,20,10,5
"PID0967","2026-03",54,13,22,13,1
"PID0967","2026-04",41,14,18,7,2
"PID0967","2026-05",52,6,17,9,3
"PID0967","2026-06",55,20,18,11,6
"PID0968","2026-01",38,21,17,4,3
"PID0968","2026-02",47,13,19,8,1
"PID0968","2026-03",45,13,16,9,2
"PID0968","2026-04",52,6,15,12,6
"PID0968","2026-05",41,5,15,11,4
"PID0968","2026-06",41,13,18,5,5
"PID0969","2026-01",39,5,12,7,4
"PID0969","2026-02",42,12,15,9,3
"PID0969","2026-03",46,13,11,13,1
"PID0969","2026-04",36,10,15,14,3
"PID0969","2026-05",45,11,17,6,5
"PID0969","2026-06",52,14,14,11,2
"PID0970","2026-01",48,16,11,9,4
"PID0970","2026-02",63,12,25,11,4
"PID0970","2026-03",67,15,23,16,3
"PID0970","2026-04",62,14,21,14,4
"PID0970","2026-05",56,11,11,12,4
"PID0970","2026-06",59,14,24,15,4
"PID0971","2026-01",65,7,23,17,4
"PID0971","2026-02",52,14,23,6,5
"PID0971","2026-03",51,9,22,11,5
"PID0971","2026-04",56,12,22,9,3
"PID0971","2026-05",67,14,20,9,2
"PID0971","2026-06",60,9,18,8,4
"PID0972","2026-01",58,14,18,14,6
"PID0972","2026-02",56,13,20,13,6
"PID0972","2026-03",62,10,21,11,4
"PID0972","2026-04",59,14,20,14,3
"PID0972","2026-05",56,17,17,12,3
"PID0972","2026-06",51,14,17,9,3
"PID0973","2026-01",59,14,20,12,6
"PID0973","2026-02",62,11,24,13,6
"PID0973","2026-03",43,8,12,11,7
"PID0973","2026-04",77,7,26,17,5
"PID0973","2026-05",54,11,19,14,3
"PID0973","2026-06",56,15,21,15,5
"PID0974","2026-01",45,15,12,10,5
"PID0974","2026-02",49,20,12,13,2
"PID0974","2026-03",49,20,20,16,5
"PID0974","2026-04",53,12,21,11,2
"PID0974","2026-05",35,14,12,6,4
"PID0974","2026-06",45,12,15,7,3
"PID0975","2026-01",66,20,27,16,6
"PID0975","2026-02",61,8,19,14,4
"PID0975","2026-03",62,16,24,13,1
"PID0975","2026-04",43,21,16,12,5
"PID0975","2026-05",49,21,17,7,1
"PID0975","2026-06",56,14,17,12,3
"PID0976","2026-01",56,13,21,9,4
"PID0976","2026-02",46,10,21,4,5
"PID0976","2026-03",43,10,14,13,3
"PID0976","2026-04",64,13,24,11,4
"PID0976","2026-05",37,11,13,5,3
"PID0976","2026-06",46,14,14,9,3
"PID0977","2026-01",56,18,13,15,4
"PID0977","2026-02",57,13,20,12,4
"PID0977","2026-03",59,8,18,19,4
"PID0977","2026-04",46,12,19,8,2
"PID0977","2026-05",47,17,15,8,2
"PID0977","2026-06",38,10,15,6,4
"PID0978","2026-01",53,10,17,8,4
"PID0978","2026-02",45,11,15,8,3
"PID0978","2026-03",41,7,12,8,4
"PID0978","2026-04",58,14,13,11,3
"PID0978","2026-05",40,11,13,8,5
"PID0978","2026-06",55,20,16,14,3
"PID0979","2026-01",62,7,27,12,0
"PID0979","2026-02",57,15,17,10,2
"PID0979","2026-03",46,11,13,8,3
"PID0979","2026-04",43,17,20,10,5
"PID0979","2026-05",62,15,19,16,4
"PID0979","2026-06",48,8,14,11,4
"PID0980","2026-01",57,9,23,12,6
"PID0980","2026-02",61,20,24,12,2
"PID0980","2026-03",54,7,16,8,4
"PID0980","2026-04",48,16,14,8,2
"PID0980","2026-05",62,12,23,19,5
"PID0980","2026-06",45,13,20,11,6
"PID0981","2026-01",52,13,17,8,4
"PID0981","2026-02",55,11,23,12,2
"PID0981","2026-03",58,14,22,17,4
"PID0981","2026-04",57,10,22,13,4
"PID0981","2026-05",41,12,16,10,6
"PID0981","2026-06",57,11,20,13,2
"PID0982","2026-01",50,9,9,14,7
"PID0982","2026-02",42,9,8,12,6
"PID0982","2026-03",64,8,21,14,2
"PID0982","2026-04",48,14,20,12,6
"PID0982","2026-05",59,8,23,12,6
"PID0982","2026-06",53,12,16,11,5
"PID0983","2026-01",52,12,21,13,2
"PID0983","2026-02",48,10,13,7,3
"PID0983","2026-03",53,10,20,11,2
"PID0983","2026-04",50,6,19,6,2
"PID0983","2026-05",59,12,20,13,5
"PID0983","2026-06",50,10,16,13,2
"PID0984","2026-01",52,12,14,12,2
"PID0984","2026-02",45,20,15,13,3
"PID0984","2026-03",48,12,22,11,5
"PID0984","2026-04",45,14,11,11,5
"PID0984","2026-05",56,8,14,9,4
"PID0984","2026-06",51,10,20,10,2
"PID0985","2026-01",39,2,11,13,2
"PID0985","2026-02",52,12,20,12,3
"PID0985","2026-03",55,13,18,10,2
"PID0985","2026-04",49,13,15,8,3
"PID0985","2026-05",46,18,19,14,6
"PID0985","2026-06",44,8,16,8,4
"PID0986","2026-01",47,11,15,10,4
"PID0986","2026-02",38,7,18,4,2
"PID0986","2026-03",58,14,24,13,3
"PID0986","2026-04",45,12,13,13,1
"PID0986","2026-05",40,17,18,3,1
"PID0986","2026-06",52,13,20,8,1
"PID0987","2026-01",69,18,25,13,5
"PID0987","2026-02",51,10,21,13,2
"PID0987","2026-03",75,8,22,15,4
"PID0987","2026-04",65,16,19,11,5
"PID0987","2026-05",65,7,27,17,6
"PID0987","2026-06",48,17,9,10,3
"PID0988","2026-01",49,15,17,6,4
"PID0988","2026-02",41,10,13,10,2
"PID0988","2026-03",48,21,17,8,4
"PID0988","2026-04",40,10,14,7,5
"PID0988","2026-05",45,15,17,9,4
"PID0988","2026-06",57,18,13,12,2
"PID0989","2026-01",48,13,15,6,4
"PID0989","2026-02",49,10,14,13,4
"PID0989","2026-03",53,11,12,7,3
"PID0989","2026-04",34,13,15,6,3
"PID0989","2026-05",38,9,13,8,5
"PID0989","2026-06",45,14,14,7,4
"PID0990","2026-01",47,10,15,7,3
"PID0990","2026-02",46,15,16,6,4
"PID0990","2026-03",50,16,14,13,3
"PID0990","2026-04",47,16,14,8,4
"PID0990","2026-05",47,9,18,10,0
"PID0990","2026-06",61,8,24,12,1
"PID0991","2026-01",63,21,26,14,0
"PID0991","2026-02",44,14,23,10,2
"PID0991","2026-03",62,12,24,11,3
"PID0991","2026-04",46,15,21,12,2
"PID0991","2026-05",55,7,20,14,3
"PID0991","2026-06",65,14,20,11,3
"PID0992","2026-01",46,4,20,11,0
"PID0992","2026-02",57,11,16,15,1
"PID0992","2026-03",48,11,14,12,0
"PID0992","2026-04",49,9,16,14,3
"PID0992","2026-05",35,16,16,4,2
"PID0992","2026-06",44,9,18,12,4
"PID0993","2026-01",58,9,20,12,4
"PID0993","2026-02",41,16,15,7,5
"PID0993","2026-03",49,19,14,11,3
"PID0993","2026-04",45,12,18,18,4
"PID0993","2026-05",62,14,19,12,6
"PID0993","2026-06",40,4,15,7,5
"PID0994","2026-01",62,9,21,11,0
"PID0994","2026-02",62,9,26,13,2
"PID0994","2026-03",64,14,21,11,4
"PID0994","2026-04",31,17,10,8,5
"PID0994","2026-05",54,14,18,15,4
"PID0994","2026-06",49,14,15,10,2
"PID0995","2026-01",52,12,18,15,3
"PID0995","2026-02",48,10,16,14,2
"PID0995","2026-03",58,9,17,16,3
"PID0995","2026-04",47,13,17,11,0
"PID0995","2026-05",40,16,9,12,0
"PID0995","2026-06",37,12,12,7,5
"PID0996","2026-01",61,12,21,15,6
"PID0996","2026-02",52,18,18,8,4
"PID0996","2026-03",62,12,24,15,5
"PID0996","2026-04",67,18,22,11,5
"PID0996","2026-05",78,17,24,10,4
"PID0996","2026-06",57,21,21,12,4
"PID0997","2026-01",44,9,12,11,2
"PID0997","2026-02",41,15,15,6,4
"PID0997","2026-03",51,9,16,13,4
"PID0997","2026-04",45,10,16,7,1
"PID0997","2026-05",50,9,15,14,3
"PID0997","2026-06",41,5,11,10,3
"PID0998","2026-01",71,16,26,19,5
"PID0998","2026-02",68,12,23,8,5
"PID0998","2026-03",66,18,19,16,4
"PID0998","2026-04",55,17,17,18,5
"PID0998","2026-05",55,16,21,15,4
"PID0998","2026-06",64,8,22,13,4
"PID0999","2026-01",42,10,16,9,3
"PID0999","2026-02",48,21,16,8,2
"PID0999","2026-03",37,7,10,1,4
"PID0999","2026-04",50,9,14,11,3
"PID0999","2026-05",66,9,25,15,4
"PID0999","2026-06",52,12,13,9,3
"PID1000","2026-01",68,18,23,10,1
"PID1000","2026-02",49,18,19,13,5
"PID1000","2026-03",54,15,21,10,3
"PID1000","2026-04",30,20,8,10,2
"PID1000","2026-05",63,6,22,10,3
"PID1000","2026-06",49,10,17,9,3
"PID1001","2026-01",37,14,13,10,2
"PID1001","2026-02",34,12,14,1,4
"PID1001","2026-03",45,11,15,8,4
"PID1001","2026-04",42,10,15,9,5
"PID1001","2026-05",42,15,14,8,6
"PID1001","2026-06",24,12,10,7,4
"PID1002","2026-01",66,14,24,11,3
"PID1002","2026-02",58,21,20,13,3
"PID1002","2026-03",53,13,19,14,1
"PID1002","2026-04",55,11,23,14,3
"PID1002","2026-05",46,9,17,13,3
"PID1002","2026-06",45,9,19,6,2
"PID1003","2026-01",51,13,21,15,4
"PID1003","2026-02",60,11,21,15,8
"PID1003","2026-03",51,17,20,12,4
"PID1003","2026-04",68,14,22,12,5
"PID1003","2026-05",58,12,23,17,5
"PID1003","2026-06",58,11,18,11,6
"PID1004","2026-01",43,10,18,15,4
"PID1004","2026-02",44,8,15,8,5
"PID1004","2026-03",46,12,10,9,4
"PID1004","2026-04",66,8,22,10,4
"PID1004","2026-05",54,10,18,9,5
"PID1004","2026-06",47,15,11,6,4
"PID1005","2026-01",55,10,15,11,2
"PID1005","2026-02",47,17,15,9,5
"PID1005","2026-03",47,8,15,10,3
"PID1005","2026-04",47,10,18,7,3
"PID1005","2026-05",53,4,18,8,2
"PID1005","2026-06",57,10,14,13,4
"PID1006","2026-01",83,13,30,19,5
"PID1006","2026-02",62,20,24,15,6
"PID1006","2026-03",76,17,25,18,7
"PID1006","2026-04",69,18,24,11,3
"PID1006","2026-05",77,16,26,19,5
"PID1006","2026-06",64,12,20,14,8
"PID1007","2026-01",40,16,9,8,5
"PID1007","2026-02",45,13,12,2,4
"PID1007","2026-03",46,15,16,10,5
"PID1007","2026-04",54,14,15,15,4
"PID1007","2026-05",42,17,9,7,2
"PID1007","2026-06",44,8,14,9,2
"PID1008","2026-01",43,4,12,10,0
"PID1008","2026-02",52,8,14,9,4
"PID1008","2026-03",47,14,15,10,4
"PID1008","2026-04",48,7,16,16,0
"PID1008","2026-05",54,10,20,16,3
"PID1008","2026-06",43,15,12,14,5
"PID1009","2026-01",66,17,23,17,5
"PID1009","2026-02",62,14,21,14,5
"PID1009","2026-03",63,11,23,13,1
"PID1009","2026-04",42,15,16,10,3
"PID1009","2026-05",47,18,17,6,6
"PID1009","2026-06",53,9,20,13,1
"PID1010","2026-01",52,18,14,10,5
"PID1010","2026-02",36,13,10,4,1
"PID1010","2026-03",29,13,13,6,1
"PID1010","2026-04",51,13,21,11,2
"PID1010","2026-05",48,17,19,11,1
"PID1010","2026-06",46,9,15,9,4
"PID1011","2026-01",51,17,17,13,3
"PID1011","2026-02",53,14,23,15,5
"PID1011","2026-03",48,13,16,11,5
"PID1011","2026-04",40,8,17,5,3
"PID1011","2026-05",58,13,15,16,3
"PID1011","2026-06",50,11,18,12,5
"PID1012","2026-01",55,8,18,8,2
"PID1012","2026-02",47,12,15,11,4
"PID1012","2026-03",45,12,16,9,6
"PID1012","2026-04",54,13,22,17,4
"PID1012","2026-05",58,18,18,14,3
"PID1012","2026-06",39,17,12,10,5
"PID1013","2026-01",51,15,15,11,5
"PID1013","2026-02",73,6,25,15,1
"PID1013","2026-03",66,15,25,14,3
"PID1013","2026-04",64,6,24,13,4
"PID1013","2026-05",61,14,15,13,3
"PID1013","2026-06",64,15,30,16,4
"PID1014","2026-01",54,8,15,11,2
"PID1014","2026-02",52,13,22,14,3
"PID1014","2026-03",48,12,14,13,5
"PID1014","2026-04",59,12,23,12,3
"PID1014","2026-05",42,8,12,6,2
"PID1014","2026-06",42,14,10,7,3
"PID1015","2026-01",43,7,13,7,3
"PID1015","2026-02",45,9,11,11,3
"PID1015","2026-03",42,10,18,11,4
"PID1015","2026-04",41,11,14,8,4
"PID1015","2026-05",54,9,10,8,2
"PID1015","2026-06",53,11,13,11,3
"PID1016","2026-01",47,11,14,7,3
"PID1016","2026-02",50,13,25,12,3
"PID1016","2026-03",48,8,14,14,2
"PID1016","2026-04",54,19,19,12,3
"PID1016","2026-05",61,6,21,10,5
"PID1016","2026-06",50,11,18,7,2
"PID1017","2026-01",40,9,19,8,3
"PID1017","2026-02",47,12,19,6,5
"PID1017","2026-03",35,11,12,6,5
"PID1017","2026-04",44,6,19,8,1
"PID1017","2026-05",36,18,7,9,4
"PID1017","2026-06",35,14,12,8,1
"PID1018","2026-01",50,9,18,16,2
"PID1018","2026-02",46,12,14,11,2
"PID1018","2026-03",39,14,12,3,3
"PID1018","2026-04",36,20,13,7,3
"PID1018","2026-05",58,13,17,11,5
"PID1018","2026-06",48,12,18,13,3
"PID1019","2026-01",42,7,17,9,3
"PID1019","2026-02",43,3,16,12,2
"PID1019","2026-03",43,18,13,9,0
"PID1019","2026-04",35,10,11,4,3
"PID1019","2026-05",46,14,18,12,3
"PID1019","2026-06",57,10,18,13,5
"PID1020","2026-01",50,12,11,10,6
"PID1020","2026-02",51,18,15,10,3
"PID1020","2026-03",57,5,19,13,2
"PID1020","2026-04",61,21,23,15,4
"PID1020","2026-05",49,10,14,11,3
"PID1020","2026-06",60,15,17,15,5
"PID1021","2026-01",51,18,15,12,5
"PID1021","2026-02",66,5,30,16,7
"PID1021","2026-03",62,15,17,8,2
"PID1021","2026-04",47,15,13,12,5
"PID1021","2026-05",51,12,16,10,3
"PID1021","2026-06",43,17,11,10,6
"PID1022","2026-01",62,25,24,17,6
"PID1022","2026-02",70,10,23,14,7
"PID1022","2026-03",66,16,22,13,4
"PID1022","2026-04",58,12,18,11,6
"PID1022","2026-05",63,11,23,14,5
"PID1022","2026-06",69,12,22,12,6
"PID1023","2026-01",80,20,26,16,4
"PID1023","2026-02",78,15,29,19,6
"PID1023","2026-03",68,13,27,19,5
"PID1023","2026-04",86,16,31,13,3
"PID1023","2026-05",74,19,25,18,5
"PID1023","2026-06",78,9,26,19,8
"PID1024","2026-01",41,12,12,12,4
"PID1024","2026-02",57,8,18,7,4
"PID1024","2026-03",33,3,12,5,5
"PID1024","2026-04",55,12,17,11,3
"PID1024","2026-05",44,11,8,8,0
"PID1024","2026-06",37,6,14,3,4
"PID1025","2026-01",53,18,24,9,2
"PID1025","2026-02",64,8,20,13,6
"PID1025","2026-03",62,11,24,7,6
"PID1025","2026-04",64,19,25,12,6
"PID1025","2026-05",60,9,28,14,6
"PID1025","2026-06",66,5,24,11,2
"PID1026","2026-01",56,12,22,12,4
"PID1026","2026-02",57,15,18,7,3
"PID1026","2026-03",49,12,17,12,5
"PID1026","2026-04",65,10,25,14,4
"PID1026","2026-05",47,14,17,16,4
"PID1026","2026-06",53,15,17,9,4
"PID1027","2026-01",53,17,17,11,2
"PID1027","2026-02",56,12,19,10,3
"PID1027","2026-03",66,17,21,16,5
"PID1027","2026-04",64,12,27,14,2
"PID1027","2026-05",58,18,25,15,3
"PID1027","2026-06",49,11,14,16,2
"PID1028","2026-01",55,9,15,14,4
"PID1028","2026-02",54,15,19,14,3
"PID1028","2026-03",46,11,19,9,3
"PID1028","2026-04",68,10,21,16,2
"PID1028","2026-05",48,8,18,10,5
"PID1028","2026-06",56,13,17,8,3
"PID1029","2026-01",69,15,26,11,4
"PID1029","2026-02",51,17,18,15,6
"PID1029","2026-03",56,13,22,9,5
"PID1029","2026-04",62,5,19,15,5
"PID1029","2026-05",53,12,14,10,5
"PID1029","2026-06",64,14,22,10,5
"PID1030","2026-01",45,8,17,13,2
"PID1030","2026-02",47,9,13,10,4
"PID1030","2026-03",32,14,11,9,4
"PID1030","2026-04",39,8,13,10,2
"PID1030","2026-05",43,9,14,10,4
"PID1030","2026-06",61,8,19,17,2
"PID1031","2026-01",51,12,15,13,3
"PID1031","2026-02",59,13,22,16,2
"PID1031","2026-03",62,7,19,9,3
"PID1031","2026-04",52,6,17,11,2
"PID1031","2026-05",81,14,29,15,5
"PID1031","2026-06",48,12,16,8,5
"PID1032","2026-01",60,11,20,8,3
"PID1032","2026-02",56,11,13,13,1
"PID1032","2026-03",41,12,17,4,3
"PID1032","2026-04",49,1,20,12,4
"PID1032","2026-05",60,5,19,15,2
"PID1032","2026-06",34,12,9,13,4
"PID1033","2026-01",61,5,21,10,6
"PID1033","2026-02",59,13,19,13,5
"PID1033","2026-03",60,15,23,6,4
"PID1033","2026-04",64,16,17,10,5
"PID1033","2026-05",80,13,25,15,4
"PID1033","2026-06",56,21,20,11,6
"PID1034","2026-01",58,12,23,11,4
"PID1034","2026-02",61,11,26,18,3
"PID1034","2026-03",60,11,20,12,3
"PID1034","2026-04",52,14,15,13,4
"PID1034","2026-05",41,19,11,6,4
"PID1034","2026-06",51,15,14,5,3
"PID1035","2026-01",67,12,23,14,7
"PID1035","2026-02",76,11,27,20,7
"PID1035","2026-03",61,11,19,15,5
"PID1035","2026-04",83,13,25,22,3
"PID1035","2026-05",71,8,20,17,6
"PID1035","2026-06",66,17,18,14,7
"PID1036","2026-01",42,14,12,11,4
"PID1036","2026-02",51,12,13,15,2
"PID1036","2026-03",38,11,9,9,1
"PID1036","2026-04",52,14,24,12,1
"PID1036","2026-05",48,13,15,11,2
"PID1036","2026-06",46,16,17,9,4
"PID1037","2026-01",57,10,15,14,3
"PID1037","2026-02",53,10,21,13,3
"PID1037","2026-03",58,16,17,14,5
"PID1037","2026-04",61,10,25,12,5
"PID1037","2026-05",54,24,22,4,6
"PID1037","2026-06",54,15,20,12,5
"PID1038","2026-01",45,6,17,13,2
"PID1038","2026-02",40,20,12,11,3
"PID1038","2026-03",56,15,22,7,4
"PID1038","2026-04",54,14,18,8,2
"PID1038","2026-05",44,9,14,12,3
"PID1038","2026-06",38,11,18,7,2
"PID1039","2026-01",40,13,18,6,4
"PID1039","2026-02",55,7,18,9,4
"PID1039","2026-03",49,14,16,13,3
"PID1039","2026-04",43,11,15,5,1
"PID1039","2026-05",37,13,12,9,2
"PID1039","2026-06",53,4,17,7,3
"PID1040","2026-01",58,16,17,9,4
"PID1040","2026-02",49,14,20,11,5
"PID1040","2026-03",48,13,20,12,3
"PID1040","2026-04",52,8,18,11,2
"PID1040","2026-05",44,11,16,9,3
"PID1040","2026-06",62,4,22,16,0
"PID1041","2026-01",52,7,20,13,6
"PID1041","2026-02",38,11,11,9,2
"PID1041","2026-03",44,15,13,7,2
"PID1041","2026-04",50,9,18,15,3
"PID1041","2026-05",53,13,19,13,0
"PID1041","2026-06",45,17,17,10,5
"PID1042","2026-01",54,12,20,11,5
"PID1042","2026-02",54,11,15,15,1
"PID1042","2026-03",35,13,13,2,1
"PID1042","2026-04",46,15,18,9,3
"PID1042","2026-05",60,11,22,15,2
"PID1042","2026-06",43,10,13,10,3
"PID1043","2026-01",66,13,25,13,4
"PID1043","2026-02",47,13,12,4,5
"PID1043","2026-03",56,13,18,8,6
"PID1043","2026-04",60,8,22,7,6
"PID1043","2026-05",62,14,18,16,4
"PID1043","2026-06",64,10,23,10,3
"PID1044","2026-01",57,7,16,11,4
"PID1044","2026-02",59,22,21,10,3
"PID1044","2026-03",59,15,21,15,2
"PID1044","2026-04",62,8,24,13,4
"PID1044","2026-05",49,11,18,14,4
"PID1044","2026-06",51,19,16,14,4
"PID1045","2026-01",54,9,12,13,4
"PID1045","2026-02",48,19,17,15,2
"PID1045","2026-03",51,25,19,17,3
"PID1045","2026-04",57,7,18,11,4
"PID1045","2026-05",43,15,11,9,3
"PID1045","2026-06",41,5,11,12,3
"PID1046","2026-01",56,16,21,14,5
"PID1046","2026-02",35,14,10,2,2
"PID1046","2026-03",58,12,23,18,1
"PID1046","2026-04",50,20,20,12,4
"PID1046","2026-05",32,14,8,6,3
"PID1046","2026-06",59,11,21,10,4
"PID1047","2026-01",54,5,14,4,1
"PID1047","2026-02",38,13,12,5,3
"PID1047","2026-03",51,7,17,7,1
"PID1047","2026-04",42,9,9,6,2
"PID1047","2026-05",47,7,15,11,0
"PID1047","2026-06",33,7,7,9,2
"PID1048","2026-01",48,12,18,13,1
"PID1048","2026-02",39,6,10,11,3
"PID1048","2026-03",61,10,25,9,3
"PID1048","2026-04",37,11,12,9,4
"PID1048","2026-05",32,13,16,6,3
"PID1048","2026-06",52,6,13,6,2
"PID1049","2026-01",53,13,13,13,3
"PID1049","2026-02",57,13,23,8,4
"PID1049","2026-03",45,13,15,9,2
"PID1049","2026-04",61,8,19,13,2
"PID1049","2026-05",50,9,17,8,3
"PID1049","2026-06",63,0,19,12,2
"PID1050","2026-01",57,17,16,13,4
"PID1050","2026-02",67,9,24,11,6
"PID1050","2026-03",44,11,17,14,3
"PID1050","2026-04",55,10,20,12,7
"PID1050","2026-05",52,14,15,15,5
"PID1050","2026-06",56,12,18,10,5
"PID1051","2026-01",50,19,15,11,2
"PID1051","2026-02",56,11,17,12,3
"PID1051","2026-03",51,14,19,8,4
"PID1051","2026-04",55,16,20,18,5
"PID1051","2026-05",53,18,17,18,3
"PID1051","2026-06",53,18,23,11,4
"PID1052","2026-01",26,12,14,3,0
"PID1052","2026-02",41,7,17,7,3
"PID1052","2026-03",49,12,16,14,4
"PID1052","2026-04",54,11,21,8,4
"PID1052","2026-05",57,14,19,13,2
"PID1052","2026-06",43,13,16,10,3
"PID1053","2026-01",58,12,20,11,1
"PID1053","2026-02",55,19,16,11,3
"PID1053","2026-03",36,18,9,10,3
"PID1053","2026-04",53,10,14,13,1
"PID1053","2026-05",39,16,13,6,0
"PID1053","2026-06",63,10,21,14,2
"PID1054","2026-01",62,13,24,11,3
"PID1054","2026-02",73,13,21,15,4
"PID1054","2026-03",65,17,24,15,4
"PID1054","2026-04",62,14,24,17,4
"PID1054","2026-05",77,14,29,16,4
"PID1054","2026-06",71,9,26,14,3
"PID1055","2026-01",51,20,18,10,1
"PID1055","2026-02",63,11,24,14,4
"PID1055","2026-03",52,14,23,8,3
"PID1055","2026-04",41,4,10,6,5
"PID1055","2026-05",55,12,20,15,5
"PID1055","2026-06",50,9,17,11,6
"PID1056","2026-01",54,16,14,13,1
"PID1056","2026-02",55,9,19,13,3
"PID1056","2026-03",62,0,24,13,0
"PID1056","2026-04",43,13,15,13,4
"PID1056","2026-05",50,17,20,9,4
"PID1056","2026-06",52,11,13,13,5
"PID1057","2026-01",77,12,27,20,4
"PID1057","2026-02",60,11,22,16,8
"PID1057","2026-03",50,19,16,8,3
"PID1057","2026-04",65,19,22,13,3
"PID1057","2026-05",68,11,28,16,3
"PID1057","2026-06",58,19,21,6,5
"PID1058","2026-01",43,10,18,4,2
"PID1058","2026-02",50,8,20,4,3
"PID1058","2026-03",47,12,21,11,2
"PID1058","2026-04",31,15,13,11,4
"PID1058","2026-05",61,11,20,16,0
"PID1058","2026-06",52,6,9,6,2
"PID1059","2026-01",52,11,20,10,4
"PID1059","2026-02",46,23,19,17,5
"PID1059","2026-03",53,4,16,14,4
"PID1059","2026-04",47,15,15,10,5
"PID1059","2026-05",49,17,19,10,4
"PID1059","2026-06",45,6,19,16,5
"PID1060","2026-01",35,8,14,2,4
"PID1060","2026-02",44,13,19,14,5
"PID1060","2026-03",31,11,12,2,4
"PID1060","2026-04",49,20,22,10,5
"PID1060","2026-05",46,7,18,18,4
"PID1060","2026-06",36,7,8,8,3
"PID1061","2026-01",39,14,11,11,0
"PID1061","2026-02",36,6,20,13,4
"PID1061","2026-03",57,10,22,13,3
"PID1061","2026-04",59,12,18,11,1
"PID1061","2026-05",47,12,19,9,4
"PID1061","2026-06",47,6,19,12,1
"PID1062","2026-01",45,8,16,12,2
"PID1062","2026-02",61,7,21,15,4
"PID1062","2026-03",43,7,14,9,2
"PID1062","2026-04",51,15,16,11,4
"PID1062","2026-05",53,18,19,13,2
"PID1062","2026-06",51,14,13,6,5
"PID1063","2026-01",57,17,19,10,6
"PID1063","2026-02",56,19,23,13,3
"PID1063","2026-03",59,13,22,13,4
"PID1063","2026-04",53,15,15,12,5
"PID1063","2026-05",47,7,15,8,5
"PID1063","2026-06",50,17,16,7,3
"PID1064","2026-01",53,16,18,16,3
"PID1064","2026-02",62,13,19,14,4
"PID1064","2026-03",66,12,22,14,2
"PID1064","2026-04",60,13,18,11,3
"PID1064","2026-05",55,13,18,10,4
"PID1064","2026-06",61,13,19,14,4
"PID1065","2026-01",48,7,13,10,5
"PID1065","2026-02",48,13,15,14,5
"PID1065","2026-03",57,13,21,12,3
"PID1065","2026-04",45,5,17,6,2
"PID1065","2026-05",67,8,16,21,4
"PID1065","2026-06",33,12,13,10,5
"PID1066","2026-01",53,11,19,13,1
"PID1066","2026-02",39,15,14,7,4
"PID1066","2026-03",34,7,11,4,3
"PID1066","2026-04",51,9,18,13,6
"PID1066","2026-05",59,15,14,9,4
"PID1066","2026-06",50,9,16,13,5
"PID1067","2026-01",62,13,22,16,2
"PID1067","2026-02",56,17,22,14,4
"PID1067","2026-03",52,14,22,13,3
"PID1067","2026-04",49,13,16,11,4
"PID1067","2026-05",55,12,20,11,4
"PID1067","2026-06",53,13,16,12,4
"PID1068","2026-01",46,12,17,10,0
"PID1068","2026-02",59,5,24,14,4
"PID1068","2026-03",61,11,20,10,1
"PID1068","2026-04",51,17,14,12,2
"PID1068","2026-05",51,9,15,9,4
"PID1068","2026-06",35,11,14,8,3
"PID1069","2026-01",55,9,19,10,3
"PID1069","2026-02",54,8,24,10,3
"PID1069","2026-03",48,13,20,9,2
"PID1069","2026-04",52,13,20,9,5
"PID1069","2026-05",55,12,17,14,3
"PID1069","2026-06",52,15,19,16,4
"PID1070","2026-01",54,9,23,9,4
"PID1070","2026-02",57,7,24,13,6
"PID1070","2026-03",61,15,19,10,3
"PID1070","2026-04",61,15,18,11,4
"PID1070","2026-05",65,9,23,16,3
"PID1070","2026-06",49,12,19,13,2
"PID1071","2026-01",51,11,20,10,4
"PID1071","2026-02",43,3,12,11,4
"PID1071","2026-03",46,13,15,9,4
"PID1071","2026-04",47,7,17,9,1
"PID1071","2026-05",38,8,9,14,4
"PID1071","2026-06",40,13,13,9,3
"PID1072","2026-01",34,8,12,8,3
"PID1072","2026-02",37,19,7,6,1
"PID1072","2026-03",40,12,12,9,3
"PID1072","2026-04",43,12,15,9,5
"PID1072","2026-05",38,14,10,12,3
"PID1072","2026-06",45,17,16,11,4
"PID1073","2026-01",59,17,17,9,2
"PID1073","2026-02",70,12,19,14,5
"PID1073","2026-03",77,11,30,26,2
"PID1073","2026-04",73,14,26,15,6
"PID1073","2026-05",54,9,21,14,3
"PID1073","2026-06",61,17,18,15,3
"PID1074","2026-01",56,9,15,12,3
"PID1074","2026-02",43,10,17,16,4
"PID1074","2026-03",44,15,18,10,1
"PID1074","2026-04",47,16,11,15,2
"PID1074","2026-05",43,9,15,14,3
"PID1074","2026-06",55,12,19,14,2
"PID1075","2026-01",42,10,20,9,2
"PID1075","2026-02",62,2,25,14,2
"PID1075","2026-03",40,3,14,5,2
"PID1075","2026-04",48,13,16,14,4
"PID1075","2026-05",61,6,19,15,2
"PID1075","2026-06",52,0,22,16,1
"PID1076","2026-01",64,14,24,15,6
"PID1076","2026-02",47,7,11,10,5
"PID1076","2026-03",50,15,19,10,4
"PID1076","2026-04",47,17,13,8,5
"PID1076","2026-05",51,7,14,6,4
"PID1076","2026-06",57,7,17,16,6
"PID1077","2026-01",49,4,20,13,0
"PID1077","2026-02",54,9,18,14,4
"PID1077","2026-03",40,10,9,11,2
"PID1077","2026-04",20,11,9,6,1
"PID1077","2026-05",39,13,15,11,3
"PID1077","2026-06",40,13,11,11,1
"PID1078","2026-01",60,12,17,11,2
"PID1078","2026-02",62,16,25,12,2
"PID1078","2026-03",55,19,16,14,3
"PID1078","2026-04",60,19,20,16,6
"PID1078","2026-05",63,22,24,11,3
"PID1078","2026-06",60,20,23,23,5
"PID1079","2026-01",60,16,23,9,4
"PID1079","2026-02",75,13,19,21,4
"PID1079","2026-03",64,12,22,11,6
"PID1079","2026-04",46,18,20,7,5
"PID1079","2026-05",63,17,21,11,8
"PID1079","2026-06",56,17,21,13,6
"PID1080","2026-01",56,18,19,15,3
"PID1080","2026-02",47,11,10,12,2
"PID1080","2026-03",54,10,16,10,3
"PID1080","2026-04",55,22,17,9,4
"PID1080","2026-05",56,14,23,11,2
"PID1080","2026-06",56,16,26,9,2
"PID1081","2026-01",79,11,27,15,5
"PID1081","2026-02",46,19,19,6,3
"PID1081","2026-03",57,13,20,12,6
"PID1081","2026-04",65,16,21,13,5
"PID1081","2026-05",49,10,13,10,6
"PID1081","2026-06",70,26,21,14,3
"PID1082","2026-01",50,1,18,10,3
"PID1082","2026-02",62,11,22,7,6
"PID1082","2026-03",54,12,18,16,2
"PID1082","2026-04",49,11,17,15,3
"PID1082","2026-05",52,15,14,10,4
"PID1082","2026-06",56,13,15,11,4
"PID1083","2026-01",51,11,13,9,2
"PID1083","2026-02",49,7,18,12,0
"PID1083","2026-03",48,12,18,8,2
"PID1083","2026-04",50,14,18,12,4
"PID1083","2026-05",34,14,11,9,3
"PID1083","2026-06",44,5,17,10,1
"PID1084","2026-01",42,10,16,8,4
"PID1084","2026-02",41,21,13,10,5
"PID1084","2026-03",50,12,18,11,4
"PID1084","2026-04",39,4,12,8,4
"PID1084","2026-05",51,9,19,12,3
"PID1084","2026-06",45,12,14,8,2
"PID1085","2026-01",41,13,10,9,3
"PID1085","2026-02",36,10,5,7,2
"PID1085","2026-03",48,14,21,15,2
"PID1085","2026-04",41,10,22,4,5
"PID1085","2026-05",44,21,13,9,1
"PID1085","2026-06",37,14,12,10,4
"PID1086","2026-01",54,10,15,11,5
"PID1086","2026-02",53,12,14,9,6
"PID1086","2026-03",59,8,23,15,4
"PID1086","2026-04",46,16,19,2,4
"PID1086","2026-05",59,9,22,10,5
"PID1086","2026-06",43,6,10,13,2
"PID1087","2026-01",43,6,12,10,6
"PID1087","2026-02",53,17,22,12,0
"PID1087","2026-03",53,9,17,9,4
"PID1087","2026-04",52,13,16,7,5
"PID1087","2026-05",63,13,18,13,4
"PID1087","2026-06",64,9,23,13,6
"PID1088","2026-01",43,9,18,8,4
"PID1088","2026-02",71,15,25,17,5
"PID1088","2026-03",40,17,17,10,3
"PID1088","2026-04",43,14,15,6,1
"PID1088","2026-05",42,7,12,5,6
"PID1088","2026-06",34,12,10,10,1
"PID1089","2026-01",52,14,12,12,3
"PID1089","2026-02",36,14,12,12,4
"PID1089","2026-03",43,8,12,6,2
"PID1089","2026-04",53,11,14,13,2
"PID1089","2026-05",56,9,20,11,0
"PID1089","2026-06",42,16,14,10,5
"PID1090","2026-01",37,14,12,14,3
"PID1090","2026-02",41,17,13,9,2
"PID1090","2026-03",53,14,16,12,2
"PID1090","2026-04",45,1,10,12,4
"PID1090","2026-05",66,14,26,16,4
"PID1090","2026-06",44,13,11,10,4
"PID1091","2026-01",37,2,15,4,3
"PID1091","2026-02",48,13,17,11,5
"PID1091","2026-03",53,13,21,14,6
"PID1091","2026-04",42,8,16,7,4
"PID1091","2026-05",74,8,22,15,3
"PID1091","2026-06",52,6,12,12,3
"PID1092","2026-01",83,6,30,12,2
"PID1092","2026-02",57,14,18,5,7
"PID1092","2026-03",42,18,15,11,5
"PID1092","2026-04",53,15,16,13,4
"PID1092","2026-05",58,11,16,11,5
"PID1092","2026-06",43,16,17,8,4
"PID1093","2026-01",58,7,26,14,2
"PID1093","2026-02",58,7,21,14,4
"PID1093","2026-03",43,12,21,6,3
"PID1093","2026-04",40,5,15,12,3
"PID1093","2026-05",48,5,15,7,3
"PID1093","2026-06",45,12,22,7,2
"PID1094","2026-01",32,6,9,11,3
"PID1094","2026-02",28,11,9,9,1
"PID1094","2026-03",36,4,13,9,3
"PID1094","2026-04",37,2,15,2,6
"PID1094","2026-05",36,15,14,10,4
"PID1094","2026-06",47,7,17,8,3
"PID1095","2026-01",66,16,21,13,4
"PID1095","2026-02",54,8,17,10,3
"PID1095","2026-03",71,17,24,18,6
"PID1095","2026-04",56,14,21,18,7
"PID1095","2026-05",64,15,24,15,6
"PID1095","2026-06",44,13,19,9,6
"PID1096","2026-01",66,18,20,22,5
"PID1096","2026-02",50,13,5,7,3
"PID1096","2026-03",61,12,22,15,5
"PID1096","2026-04",56,15,18,15,5
"PID1096","2026-05",68,15,24,11,3
"PID1096","2026-06",70,22,23,14,3
"PID1097","2026-01",61,14,23,14,6
"PID1097","2026-02",62,20,22,16,0
"PID1097","2026-03",52,10,14,4,6
"PID1097","2026-04",51,5,15,12,2
"PID1097","2026-05",66,6,24,9,3
"PID1097","2026-06",40,10,15,6,6
"PID1098","2026-01",49,8,18,12,1
"PID1098","2026-02",43,14,12,3,2
"PID1098","2026-03",42,10,10,12,2
"PID1098","2026-04",31,6,8,4,4
"PID1098","2026-05",42,0,14,10,2
"PID1098","2026-06",40,5,17,10,4
"PID1099","2026-01",52,18,12,8,4
"PID1099","2026-02",54,8,20,10,0
"PID1099","2026-03",56,4,18,12,2
"PID1099","2026-04",53,18,19,14,1
"PID1099","2026-05",56,14,23,9,2
"PID1099","2026-06",54,19,20,16,3
"PID1100","2026-01",61,11,19,13,2
"PID1100","2026-02",47,9,17,14,3
"PID1100","2026-03",56,20,17,12,3
"PID1100","2026-04",53,10,21,8,1
"PID1100","2026-05",57,7,21,16,3
"PID1100","2026-06",56,9,16,13,3
"PID1101","2026-01",60,8,23,16,5
"PID1101","2026-02",56,11,18,12,2
"PID1101","2026-03",49,9,11,12,3
"PID1101","2026-04",57,22,22,9,6
"PID1101","2026-05",49,16,22,8,3
"PID1101","2026-06",67,12,21,14,3
"PID1102","2026-01",61,5,18,16,2
"PID1102","2026-02",54,14,22,13,3
"PID1102","2026-03",49,11,14,11,3
"PID1102","2026-04",47,11,14,7,2
"PID1102","2026-05",48,6,18,13,6
"PID1102","2026-06",65,10,17,11,3
"PID1103","2026-01",40,6,11,12,4
"PID1103","2026-02",32,16,10,1,2
"PID1103","2026-03",47,11,20,6,4
"PID1103","2026-04",41,9,15,9,5
"PID1103","2026-05",39,10,14,5,2
"PID1103","2026-06",57,11,16,13,6
"PID1104","2026-01",51,11,16,11,5
"PID1104","2026-02",49,18,17,10,5
"PID1104","2026-03",39,9,13,12,3
"PID1104","2026-04",52,19,17,6,4
"PID1104","2026-05",59,18,24,12,4
"PID1104","2026-06",45,15,18,16,4
"PID1105","2026-01",72,21,29,10,3
"PID1105","2026-02",54,21,20,6,4
"PID1105","2026-03",46,18,19,9,2
"PID1105","2026-04",44,15,14,9,0
"PID1105","2026-05",45,8,14,12,4
"PID1105","2026-06",53,19,17,10,3
"PID1106","2026-01",56,11,21,9,3
"PID1106","2026-02",55,7,12,16,3
"PID1106","2026-03",42,16,15,7,2
"PID1106","2026-04",42,15,15,7,3
"PID1106","2026-05",56,11,16,11,5
"PID1106","2026-06",39,10,12,9,4
"PID1107","2026-01",68,17,19,17,4
"PID1107","2026-02",57,8,21,10,5
"PID1107","2026-03",57,7,18,10,3
"PID1107","2026-04",64,14,25,15,5
"PID1107","2026-05",45,18,15,11,3
"PID1107","2026-06",53,16,20,9,3
"PID1108","2026-01",59,15,24,11,5
"PID1108","2026-02",37,9,14,9,2
"PID1108","2026-03",54,15,15,6,2
"PID1108","2026-04",52,11,17,15,2
"PID1108","2026-05",53,12,21,8,4
"PID1108","2026-06",49,13,12,5,4
"PID1109","2026-01",62,10,15,15,5
"PID1109","2026-02",44,9,15,8,5
"PID1109","2026-03",53,7,14,17,4
"PID1109","2026-04",63,12,20,15,7
"PID1109","2026-05",50,10,14,11,6
"PID1109","2026-06",56,15,21,10,7
"PID1110","2026-01",56,16,22,10,4
"PID1110","2026-02",59,15,19,15,5
"PID1110","2026-03",53,14,23,14,4
"PID1110","2026-04",61,16,17,12,4
"PID1110","2026-05",61,14,22,12,3
"PID1110","2026-06",60,8,22,16,4
"PID1111","2026-01",59,17,20,15,6
"PID1111","2026-02",53,18,18,16,5
"PID1111","2026-03",59,15,18,11,2
"PID1111","2026-04",55,7,23,10,5
"PID1111","2026-05",65,13,17,11,3
"PID1111","2026-06",52,17,16,9,2
"PID1112","2026-01",66,19,24,11,6
"PID1112","2026-02",65,15,21,8,6
"PID1112","2026-03",45,20,12,13,5
"PID1112","2026-04",55,12,19,13,7
"PID1112","2026-05",59,14,22,16,5
"PID1112","2026-06",57,17,17,6,3
"PID1113","2026-01",49,12,17,5,5
"PID1113","2026-02",59,23,22,10,2
"PID1113","2026-03",56,15,24,9,5
"PID1113","2026-04",53,8,18,10,5
"PID1113","2026-05",54,14,15,18,3
"PID1113","2026-06",58,16,21,14,1
"PID1114","2026-01",36,8,14,10,1
"PID1114","2026-02",42,9,14,13,4
"PID1114","2026-03",57,14,17,13,3
"PID1114","2026-04",38,13,10,7,3
"PID1114","2026-05",54,4,19,6,2
"PID1114","2026-06",50,20,17,10,5
"PID1115","2026-01",42,12,13,11,4
"PID1115","2026-02",38,17,16,10,3
"PID1115","2026-03",32,8,6,10,2
"PID1115","2026-04",33,4,15,11,2
"PID1115","2026-05",43,11,15,14,4
"PID1115","2026-06",41,13,14,4,3
"PID1116","2026-01",44,9,20,10,3
"PID1116","2026-02",46,12,16,12,0
"PID1116","2026-03",32,13,7,6,6
"PID1116","2026-04",44,15,18,8,1
"PID1116","2026-05",64,18,28,17,1
"PID1116","2026-06",45,12,17,16,3
"PID1117","2026-01",44,9,18,9,1
"PID1117","2026-02",65,9,21,7,4
"PID1117","2026-03",35,15,15,10,5
"PID1117","2026-04",48,9,19,8,2
"PID1117","2026-05",51,12,17,10,1
"PID1117","2026-06",56,12,19,14,3
"PID1118","2026-01",75,6,27,17,5
"PID1118","2026-02",65,14,25,10,2
"PID1118","2026-03",38,15,13,5,6
"PID1118","2026-04",50,18,21,10,4
"PID1118","2026-05",55,13,23,11,1
"PID1118","2026-06",63,12,24,10,2
"PID1119","2026-01",60,15,20,8,7
"PID1119","2026-02",45,13,15,10,2
"PID1119","2026-03",53,13,19,8,5
"PID1119","2026-04",57,19,14,13,4
"PID1119","2026-05",50,10,19,10,2
"PID1119","2026-06",66,14,26,10,5
"PID1120","2026-01",77,14,25,14,5
"PID1120","2026-02",64,19,28,15,3
"PID1120","2026-03",58,12,17,13,6
"PID1120","2026-04",69,6,25,22,6
"PID1120","2026-05",69,13,21,16,7
"PID1120","2026-06",78,10,29,17,6
"PID1121","2026-01",58,17,19,16,3
"PID1121","2026-02",42,7,15,6,4
"PID1121","2026-03",57,11,22,11,4
"PID1121","2026-04",49,14,17,3,6
"PID1121","2026-05",61,8,23,12,4
"PID1121","2026-06",55,12,18,13,4
"PID1122","2026-01",38,5,15,7,3
"PID1122","2026-02",35,5,16,4,4
"PID1122","2026-03",49,12,21,15,4
"PID1122","2026-04",36,14,9,4,4
"PID1122","2026-05",53,19,20,8,3
"PID1122","2026-06",51,6,11,13,4
"PID1123","2026-01",64,15,22,14,2
"PID1123","2026-02",49,13,14,8,3
"PID1123","2026-03",50,10,17,10,4
"PID1123","2026-04",62,18,25,14,4
"PID1123","2026-05",74,15,28,19,4
"PID1123","2026-06",51,10,15,12,4
"PID1124","2026-01",58,22,16,6,2
"PID1124","2026-02",53,13,20,11,7
"PID1124","2026-03",67,18,27,17,7
"PID1124","2026-04",43,7,16,11,5
"PID1124","2026-05",54,15,20,12,2
"PID1124","2026-06",67,17,18,16,3
"PID1125","2026-01",65,7,21,12,4
"PID1125","2026-02",65,7,21,15,2
"PID1125","2026-03",59,16,27,13,3
"PID1125","2026-04",54,8,17,8,4
"PID1125","2026-05",58,12,17,9,1
"PID1125","2026-06",67,22,20,19,6
"PID1126","2026-01",62,15,19,16,2
"PID1126","2026-02",47,15,21,12,5
"PID1126","2026-03",69,14,22,11,4
"PID1126","2026-04",39,14,18,9,5
"PID1126","2026-05",58,16,20,18,3
"PID1126","2026-06",63,11,22,10,2
"PID1127","2026-01",65,14,20,14,5
"PID1127","2026-02",61,19,25,11,4
"PID1127","2026-03",55,9,23,8,5
"PID1127","2026-04",62,14,19,14,5
"PID1127","2026-05",45,16,17,13,3
"PID1127","2026-06",69,20,19,13,3
"PID1128","2026-01",59,22,23,15,4
"PID1128","2026-02",51,10,13,8,6
"PID1128","2026-03",61,13,21,13,3
"PID1128","2026-04",60,13,23,14,5
"PID1128","2026-05",71,20,23,13,6
"PID1128","2026-06",67,10,19,11,4
"PID1129","2026-01",44,25,13,6,3
"PID1129","2026-02",56,13,20,9,4
"PID1129","2026-03",59,10,18,10,4
"PID1129","2026-04",56,6,18,13,4
"PID1129","2026-05",44,4,11,9,4
"PID1129","2026-06",48,13,13,9,5
"PID1130","2026-01",40,11,13,2,5
"PID1130","2026-02",36,19,12,8,5
"PID1130","2026-03",36,17,11,5,4
"PID1130","2026-04",53,9,16,11,4
"PID1130","2026-05",33,9,9,6,3
"PID1130","2026-06",47,14,24,9,6
"PID1131","2026-01",48,13,14,8,2
"PID1131","2026-02",61,16,24,14,5
"PID1131","2026-03",59,17,22,13,4
"PID1131","2026-04",49,13,18,9,4
"PID1131","2026-05",64,17,20,10,7
"PID1131","2026-06",58,14,20,6,7
"PID1132","2026-01",65,14,19,16,4
"PID1132","2026-02",49,10,19,8,4
"PID1132","2026-03",43,9,15,5,2
"PID1132","2026-04",47,12,15,6,4
"PID1132","2026-05",54,15,19,13,5
"PID1132","2026-06",67,12,20,16,4
"PID1133","2026-01",62,11,18,16,6
"PID1133","2026-02",66,14,27,17,3
"PID1133","2026-03",72,15,19,19,7
"PID1133","2026-04",62,9,23,13,4
"PID1133","2026-05",50,14,12,6,7
"PID1133","2026-06",62,12,25,13,4
"PID1134","2026-01",74,10,22,13,3
"PID1134","2026-02",40,17,16,4,2
"PID1134","2026-03",61,11,20,8,2
"PID1134","2026-04",58,12,17,14,3
"PID1134","2026-05",57,14,16,11,4
"PID1134","2026-06",53,12,21,15,3
"PID1135","2026-01",40,6,15,12,2
"PID1135","2026-02",33,7,10,9,3
"PID1135","2026-03",55,5,21,22,0
"PID1135","2026-04",40,5,13,10,2
"PID1135","2026-05",45,5,24,10,5
"PID1135","2026-06",47,13,14,9,4
"PID1136","2026-01",66,16,28,12,5
"PID1136","2026-02",74,14,26,17,7
"PID1136","2026-03",58,11,19,10,5
"PID1136","2026-04",56,21,20,13,4
"PID1136","2026-05",36,11,9,9,3
"PID1136","2026-06",37,12,8,4,5
"PID1137","2026-01",70,24,22,13,5
"PID1137","2026-02",66,13,23,16,7
"PID1137","2026-03",73,15,22,15,5
"PID1137","2026-04",65,12,20,14,5
"PID1137","2026-05",60,22,23,10,7
"PID1137","2026-06",59,17,20,10,6
"PID1138","2026-01",56,14,19,18,2
"PID1138","2026-02",55,11,16,9,7
"PID1138","2026-03",63,7,23,18,7
"PID1138","2026-04",50,12,18,11,6
"PID1138","2026-05",56,12,25,15,6
"PID1138","2026-06",66,22,23,15,6
"PID1139","2026-01",49,17,13,11,1
"PID1139","2026-02",56,13,17,12,5
"PID1139","2026-03",43,19,11,7,7
"PID1139","2026-04",52,4,17,14,3
"PID1139","2026-05",48,16,19,7,4
"PID1139","2026-06",65,16,24,10,1
"PID1140","2026-01",77,10,27,14,5
"PID1140","2026-02",65,15,26,20,8
"PID1140","2026-03",63,15,18,8,6
"PID1140","2026-04",64,17,25,17,6
"PID1140","2026-05",71,11,29,8,6
"PID1140","2026-06",58,10,19,9,6
"PID1141","2026-01",35,13,11,0,1
"PID1141","2026-02",40,16,13,9,4
"PID1141","2026-03",41,14,18,3,4
"PID1141","2026-04",24,8,3,2,2
"PID1141","2026-05",52,2,20,8,4
"PID1141","2026-06",49,13,15,10,4
"PID1142","2026-01",59,24,18,9,3
"PID1142","2026-02",52,9,22,16,3
"PID1142","2026-03",46,24,16,10,2
"PID1142","2026-04",43,4,17,7,4
"PID1142","2026-05",46,12,16,8,4
"PID1142","2026-06",50,15,22,12,3
"PID1143","2026-01",54,11,23,10,5
"PID1143","2026-02",45,15,18,5,4
"PID1143","2026-03",47,18,10,11,2
"PID1143","2026-04",50,12,16,16,4
"PID1143","2026-05",53,16,13,14,4
"PID1143","2026-06",51,12,18,9,1
"PID1144","2026-01",62,12,20,14,3
"PID1144","2026-02",49,14,16,14,0
"PID1144","2026-03",43,10,13,3,1
"PID1144","2026-04",21,9,6,6,4
"PID1144","2026-05",48,10,21,11,2
"PID1144","2026-06",43,8,14,2,2
"PID1145","2026-01",65,14,20,9,3
"PID1145","2026-02",57,17,18,11,4
"PID1145","2026-03",67,15,24,12,4
"PID1145","2026-04",67,20,20,15,4
"PID1145","2026-05",54,13,22,17,4
"PID1145","2026-06",66,3,19,19,3
"PID1146","2026-01",51,15,17,12,5
"PID1146","2026-02",80,16,20,15,7
"PID1146","2026-03",72,21,24,16,6
"PID1146","2026-04",69,15,27,14,6
"PID1146","2026-05",75,14,31,18,7
"PID1146","2026-06",77,17,25,13,8
"PID1147","2026-01",63,24,23,17,6
"PID1147","2026-02",70,19,18,15,5
"PID1147","2026-03",68,16,26,13,6
"PID1147","2026-04",61,16,19,17,5
"PID1147","2026-05",46,12,13,11,4
"PID1147","2026-06",53,18,16,13,7
"PID1148","2026-01",66,7,23,14,4
"PID1148","2026-02",60,14,14,14,6
"PID1148","2026-03",54,15,15,10,7
"PID1148","2026-04",59,26,18,16,2
"PID1148","2026-05",78,19,31,19,6
"PID1148","2026-06",63,14,19,13,4
"PID1149","2026-01",39,10,11,12,2
"PID1149","2026-02",33,10,15,13,2
"PID1149","2026-03",34,9,11,7,2
"PID1149","2026-04",44,18,12,9,5
"PID1149","2026-05",55,9,22,10,1
"PID1149","2026-06",45,16,17,7,3
"PID1150","2026-01",37,14,14,9,1
"PID1150","2026-02",31,11,13,7,1
"PID1150","2026-03",48,6,16,12,0
"PID1150","2026-04",39,8,12,5,3
"PID1150","2026-05",43,4,11,8,3
"PID1150","2026-06",46,9,18,6,2
"PID1151","2026-01",53,8,22,6,1
"PID1151","2026-02",57,16,24,13,4
"PID1151","2026-03",22,10,8,6,3
"PID1151","2026-04",52,11,16,13,1
"PID1151","2026-05",30,15,10,7,3
"PID1151","2026-06",40,9,17,11,5
"PID1152","2026-01",55,11,15,16,1
"PID1152","2026-02",67,5,26,14,7
"PID1152","2026-03",48,16,21,9,3
"PID1152","2026-04",62,7,21,14,2
"PID1152","2026-05",56,13,18,12,5
"PID1152","2026-06",48,12,15,15,3
"PID1153","2026-01",55,8,16,12,6
"PID1153","2026-02",47,14,20,6,4
"PID1153","2026-03",46,17,14,5,2
"PID1153","2026-04",26,16,7,12,2
"PID1153","2026-05",42,8,13,6,5
"PID1153","2026-06",31,8,11,10,2
"PID1154","2026-01",38,19,12,12,3
"PID1154","2026-02",50,12,21,8,2
"PID1154","2026-03",47,6,15,7,4
"PID1154","2026-04",35,13,11,6,2
"PID1154","2026-05",37,4,20,8,3
"PID1154","2026-06",43,21,12,7,2
"PID1155","2026-01",63,9,19,13,9
"PID1155","2026-02",70,14,22,14,7
"PID1155","2026-03",68,16,22,21,6
"PID1155","2026-04",66,20,21,10,6
"PID1155","2026-05",57,18,20,8,6
"PID1155","2026-06",77,15,23,22,7
"PID1156","2026-01",58,12,19,10,6
"PID1156","2026-02",64,8,20,14,3
"PID1156","2026-03",62,16,23,10,8
"PID1156","2026-04",52,14,20,12,4
"PID1156","2026-05",63,15,19,14,3
"PID1156","2026-06",68,13,22,15,4
"PID1157","2026-01",46,10,24,5,3
"PID1157","2026-02",63,9,20,10,4
"PID1157","2026-03",36,15,13,3,3
"PID1157","2026-04",51,9,19,13,2
"PID1157","2026-05",52,12,25,8,5
"PID1157","2026-06",66,13,22,17,7
"PID1158","2026-01",48,12,14,10,6
"PID1158","2026-02",49,9,11,10,4
"PID1158","2026-03",54,12,18,12,0
"PID1158","2026-04",47,9,16,7,0
"PID1158","2026-05",57,9,16,13,5
"PID1158","2026-06",56,9,16,14,0
"PID1159","2026-01",49,15,17,8,3
"PID1159","2026-02",47,17,20,17,3
"PID1159","2026-03",56,15,24,13,2
"PID1159","2026-04",42,15,14,10,4
"PID1159","2026-05",56,12,16,11,3
"PID1159","2026-06",58,15,22,12,5
"PID1160","2026-01",49,14,18,7,2
"PID1160","2026-02",53,12,14,13,6
"PID1160","2026-03",55,11,23,10,3
"PID1160","2026-04",62,9,21,12,5
"PID1160","2026-05",52,14,15,7,2
"PID1160","2026-06",69,16,25,18,2
"PID1161","2026-01",49,10,15,9,4
"PID1161","2026-02",41,13,14,14,3
"PID1161","2026-03",45,10,22,6,3
"PID1161","2026-04",59,18,15,14,4
"PID1161","2026-05",28,7,8,7,5
"PID1161","2026-06",48,5,18,7,2
"PID1162","2026-01",61,15,21,17,6
"PID1162","2026-02",73,18,18,16,3
"PID1162","2026-03",68,13,23,5,5
"PID1162","2026-04",74,15,24,14,6
"PID1162","2026-05",64,7,23,12,5
"PID1162","2026-06",55,13,20,8,5
"PID1163","2026-01",52,13,20,14,4
"PID1163","2026-02",53,9,18,13,3
"PID1163","2026-03",47,13,16,10,2
"PID1163","2026-04",61,8,23,11,1
"PID1163","2026-05",50,16,19,14,3
"PID1163","2026-06",47,9,17,7,1
"PID1164","2026-01",33,12,8,3,0
"PID1164","2026-02",53,13,20,14,4
"PID1164","2026-03",49,13,13,11,3
"PID1164","2026-04",51,9,12,12,3
"PID1164","2026-05",45,12,17,3,4
"PID1164","2026-06",52,8,16,13,4
"PID1165","2026-01",64,13,18,14,4
"PID1165","2026-02",47,16,20,14,7
"PID1165","2026-03",63,14,24,13,5
"PID1165","2026-04",69,16,23,16,5
"PID1165","2026-05",51,12,16,11,5
"PID1165","2026-06",53,6,19,11,5
"PID1166","2026-01",50,19,12,7,2
"PID1166","2026-02",33,5,11,3,2
"PID1166","2026-03",58,16,22,14,2
"PID1166","2026-04",44,7,14,10,3
"PID1166","2026-05",35,12,10,10,3
"PID1166","2026-06",57,10,21,11,5
"PID1167","2026-01",83,12,29,16,6
"PID1167","2026-02",75,20,26,11,3
"PID1167","2026-03",64,12,17,10,8
"PID1167","2026-04",65,15,24,17,6
"PID1167","2026-05",67,8,21,8,4
"PID1167","2026-06",69,9,23,16,4
"PID1168","2026-01",33,18,13,2,5
"PID1168","2026-02",41,11,17,16,3
"PID1168","2026-03",47,23,15,4,4
"PID1168","2026-04",54,8,20,7,3
"PID1168","2026-05",41,9,19,12,0
"PID1168","2026-06",46,11,19,10,3
"PID1169","2026-01",59,20,18,8,6
"PID1169","2026-02",49,14,14,15,2
"PID1169","2026-03",53,13,21,12,3
"PID1169","2026-04",58,19,23,17,3
"PID1169","2026-05",59,17,21,6,3
"PID1169","2026-06",44,12,18,12,3
"PID1170","2026-01",43,16,14,11,2
"PID1170","2026-02",39,20,12,11,2
"PID1170","2026-03",42,6,11,9,2
"PID1170","2026-04",60,16,23,11,3
"PID1170","2026-05",57,15,17,13,3
"PID1170","2026-06",49,14,18,11,2
"PID1171","2026-01",69,15,20,13,7
"PID1171","2026-02",80,16,25,15,4
"PID1171","2026-03",74,25,26,19,5
"PID1171","2026-04",80,21,25,16,4
"PID1171","2026-05",68,17,29,11,4
"PID1171","2026-06",56,16,16,10,6
"PID1172","2026-01",63,12,20,11,3
"PID1172","2026-02",48,14,16,6,4
"PID1172","2026-03",38,19,11,6,4
"PID1172","2026-04",39,14,10,8,0
"PID1172","2026-05",44,20,20,9,3
"PID1172","2026-06",53,17,16,11,2
"PID1173","2026-01",74,19,27,18,6
"PID1173","2026-02",73,12,23,17,5
"PID1173","2026-03",68,20,26,19,7
"PID1173","2026-04",70,14,22,13,6
"PID1173","2026-05",83,14,25,14,5
"PID1173","2026-06",74,10,28,12,6
"PID1174","2026-01",69,9,20,15,5
"PID1174","2026-02",66,17,28,15,3
"PID1174","2026-03",60,21,19,20,4
"PID1174","2026-04",65,19,22,21,5
"PID1174","2026-05",65,10,24,17,4
"PID1174","2026-06",58,14,18,14,6
"PID1175","2026-01",61,14,20,19,6
"PID1175","2026-02",66,15,23,15,7
"PID1175","2026-03",64,7,23,12,4
"PID1175","2026-04",72,12,20,19,4
"PID1175","2026-05",78,9,24,16,6
"PID1175","2026-06",65,9,24,10,6
"PID1176","2026-01",44,0,12,11,2
"PID1176","2026-02",51,7,12,10,5
"PID1176","2026-03",57,13,21,10,2
"PID1176","2026-04",47,12,11,7,1
"PID1176","2026-05",50,13,21,14,5
"PID1176","2026-06",54,18,18,7,4
"PID1177","2026-01",43,7,15,8,2
"PID1177","2026-02",38,8,12,7,4
"PID1177","2026-03",46,5,14,15,2
"PID1177","2026-04",48,4,16,12,4
"PID1177","2026-05",64,8,21,19,3
"PID1177","2026-06",54,15,19,8,3
"PID1178","2026-01",70,13,24,18,5
"PID1178","2026-02",71,10,24,14,2
"PID1178","2026-03",61,22,21,10,4
"PID1178","2026-04",75,14,24,17,6
"PID1178","2026-05",74,14,31,12,4
"PID1178","2026-06",66,14,25,14,5
"PID1179","2026-01",73,14,27,18,3
"PID1179","2026-02",52,10,24,10,4
"PID1179","2026-03",56,10,25,16,5
"PID1179","2026-04",79,10,23,20,4
"PID1179","2026-05",48,11,16,12,5
"PID1179","2026-06",64,23,23,14,4
"PID1180","2026-01",47,3,18,13,1
"PID1180","2026-02",52,12,12,12,2
"PID1180","2026-03",59,10,22,13,3
"PID1180","2026-04",57,9,21,16,3
"PID1180","2026-05",59,13,20,13,5
"PID1180","2026-06",57,8,21,9,4
"PID1181","2026-01",41,14,17,12,1
"PID1181","2026-02",52,18,20,12,2
"PID1181","2026-03",47,20,24,12,2
"PID1181","2026-04",58,18,21,9,4
"PID1181","2026-05",43,11,12,12,0
"PID1181","2026-06",37,18,13,11,5
"PID1182","2026-01",44,13,13,10,4
"PID1182","2026-02",50,13,17,14,2
"PID1182","2026-03",57,13,25,6,0
"PID1182","2026-04",62,6,21,15,4
"PID1182","2026-05",51,11,18,11,4
"PID1182","2026-06",51,12,13,14,2
"PID1183","2026-01",77,21,20,19,3
"PID1183","2026-02",69,14,21,16,8
"PID1183","2026-03",62,13,25,11,3
"PID1183","2026-04",88,13,31,13,3
"PID1183","2026-05",64,9,24,12,4
"PID1183","2026-06",65,16,21,8,2
"PID1184","2026-01",40,5,9,6,0
"PID1184","2026-02",62,15,16,14,4
"PID1184","2026-03",54,7,17,14,3
"PID1184","2026-04",60,10,21,10,2
"PID1184","2026-05",42,12,16,8,4
"PID1184","2026-06",52,15,21,8,5
"PID1185","2026-01",64,11,21,14,6
"PID1185","2026-02",61,8,19,16,5
"PID1185","2026-03",59,13,19,13,4
"PID1185","2026-04",57,16,17,10,7
"PID1185","2026-05",43,21,16,6,6
"PID1185","2026-06",55,7,12,10,5
"PID1186","2026-01",42,10,17,12,4
"PID1186","2026-02",48,14,14,10,3
"PID1186","2026-03",34,12,12,7,3
"PID1186","2026-04",61,17,19,11,3
"PID1186","2026-05",51,16,13,10,7
"PID1186","2026-06",39,17,13,8,5
"PID1187","2026-01",59,14,22,11,3
"PID1187","2026-02",46,14,14,14,4
"PID1187","2026-03",55,7,17,11,2
"PID1187","2026-04",59,12,19,18,4
"PID1187","2026-05",59,17,19,9,2
"PID1187","2026-06",42,6,12,9,3
"PID1188","2026-01",75,20,29,15,7
"PID1188","2026-02",73,15,26,15,5
"PID1188","2026-03",77,18,23,17,6
"PID1188","2026-04",76,16,24,17,5
"PID1188","2026-05",63,15,19,15,4
"PID1188","2026-06",50,15,14,7,7
"PID1189","2026-01",54,12,22,6,2
"PID1189","2026-02",58,14,17,13,4
"PID1189","2026-03",54,16,25,11,5
"PID1189","2026-04",55,17,21,10,4
"PID1189","2026-05",65,13,18,18,4
"PID1189","2026-06",49,16,12,10,4
"PID1190","2026-01",54,10,12,8,3
"PID1190","2026-02",43,7,14,9,3
"PID1190","2026-03",41,4,15,14,4
"PID1190","2026-04",71,8,21,14,3
"PID1190","2026-05",50,8,12,9,0
"PID1190","2026-06",47,11,15,12,5
"PID1191","2026-01",49,13,17,9,3
"PID1191","2026-02",54,9,18,11,1
"PID1191","2026-03",53,12,18,19,2
"PID1191","2026-04",44,10,11,7,1
"PID1191","2026-05",46,7,12,16,5
"PID1191","2026-06",45,7,16,18,6
"PID1192","2026-01",45,17,13,11,4
"PID1192","2026-02",81,10,28,18,6
"PID1192","2026-03",61,11,17,18,2
"PID1192","2026-04",63,11,18,11,5
"PID1192","2026-05",77,17,28,17,3
"PID1192","2026-06",53,14,21,9,3
"PID1193","2026-01",49,6,20,10,6
"PID1193","2026-02",58,16,20,11,3
"PID1193","2026-03",47,20,14,12,5
"PID1193","2026-04",64,21,26,13,4
"PID1193","2026-05",61,12,18,12,5
"PID1193","2026-06",61,12,24,14,6
"PID1194","2026-01",69,17,21,14,5
"PID1194","2026-02",53,14,17,11,2
"PID1194","2026-03",63,15,27,12,4
"PID1194","2026-04",50,15,17,12,3
"PID1194","2026-05",50,14,16,12,3
"PID1194","2026-06",52,6,15,12,6
"PID1195","2026-01",40,9,15,7,4
"PID1195","2026-02",43,7,11,7,2
"PID1195","2026-03",53,11,21,12,4
"PID1195","2026-04",50,16,15,14,1
"PID1195","2026-05",63,15,25,18,0
"PID1195","2026-06",58,18,27,9,1
"PID1196","2026-01",62,17,20,15,5
"PID1196","2026-02",48,2,8,4,4
"PID1196","2026-03",56,14,21,11,4
"PID1196","2026-04",41,12,18,9,4
"PID1196","2026-05",41,7,15,12,8
"PID1196","2026-06",51,20,21,10,3
"PID1197","2026-01",54,11,17,11,4
"PID1197","2026-02",55,17,18,11,4
"PID1197","2026-03",51,17,15,10,5
"PID1197","2026-04",70,17,26,10,2
"PID1197","2026-05",79,10,27,18,5
"PID1197","2026-06",64,14,19,13,5
"PID1198","2026-01",36,16,15,8,3
"PID1198","2026-02",47,4,14,15,2
"PID1198","2026-03",37,8,10,5,3
"PID1198","2026-04",51,12,17,8,3
"PID1198","2026-05",46,11,11,14,4
"PID1198","2026-06",42,7,7,8,5
"PID1199","2026-01",76,11,25,16,4
"PID1199","2026-02",63,14,19,11,5
"PID1199","2026-03",57,16,22,12,1
"PID1199","2026-04",75,9,26,17,4
"PID1199","2026-05",55,18,13,10,8
"PID1199","2026-06",58,16,11,8,7
"PID1200","2026-01",53,14,20,9,1
"PID1200","2026-02",61,17,27,11,3
"PID1200","2026-03",54,14,23,10,3
"PID1200","2026-04",44,12,18,2,3
"PID1200","2026-05",54,13,17,12,1
"PID1200","2026-06",56,13,17,11,3
