"PersonId","TaskType","credits"
"PID0001","Write or debug code",17
"PID0001","Meeting workflow",38.6
"PID0001","Email workflow",55.9
"PID0001","Communication workflow",31.3
"PID0001","Document and comment",91.7
"PID0001","Analysis and research",110.9
"PID0001","General assistance",21.9
"PID0001","Specialised workflow",18.4
"PID0002","Write or debug code",26.2
"PID0002","Meeting workflow",97.5
"PID0002","Email workflow",115.4
"PID0002","Communication workflow",65.8
"PID0002","Document and comment",88.3
"PID0002","Analysis and research",67.5
"PID0002","General assistance",45
"PID0002","Specialised workflow",18.3
"PID0003","Write or debug code",48.3
"PID0003","Meeting workflow",11.1
"PID0003","Email workflow",9.8
"PID0003","Communication workflow",7.3
"PID0003","Document and comment",10.6
"PID0003","Analysis and research",11.7
"PID0003","General assistance",7.1
"PID0003","Specialised workflow",9.6
"PID0004","Write or debug code",20.2
"PID0004","Meeting workflow",141.7
"PID0004","Email workflow",204.3
"PID0004","Communication workflow",123.7
"PID0004","Document and comment",56.8
"PID0004","Analysis and research",42.9
"PID0004","General assistance",31.7
"PID0004","Specialised workflow",16.4
"PID0005","Write or debug code",8.4
"PID0005","Meeting workflow",21
"PID0005","Email workflow",31.6
"PID0005","Communication workflow",33.7
"PID0005","Document and comment",47.2
"PID0005","Analysis and research",28.1
"PID0005","General assistance",9.7
"PID0005","Specialised workflow",5.5
"PID0006","Write or debug code",0
"PID0006","Meeting workflow",0
"PID0006","Email workflow",0
"PID0006","Communication workflow",0
"PID0006","Document and comment",0
"PID0006","Analysis and research",0
"PID0006","General assistance",0
"PID0006","Specialised workflow",0
"PID0007","Write or debug code",1.8
"PID0007","Meeting workflow",0.5
"PID0007","Email workflow",0.5
"PID0007","Communication workflow",0.3
"PID0007","Document and comment",0.6
"PID0007","Analysis and research",0.6
"PID0007","General assistance",0.2
"PID0007","Specialised workflow",0.3
"PID0008","Write or debug code",16.1
"PID0008","Meeting workflow",42.5
"PID0008","Email workflow",69.7
"PID0008","Communication workflow",27.1
"PID0008","Document and comment",82.5
"PID0008","Analysis and research",82
"PID0008","General assistance",32.2
"PID0008","Specialised workflow",26.9
"PID0009","Write or debug code",45.8
"PID0009","Meeting workflow",104.1
"PID0009","Email workflow",164.8
"PID0009","Communication workflow",69.2
"PID0009","Document and comment",255
"PID0009","Analysis and research",353.6
"PID0009","General assistance",73.4
"PID0009","Specialised workflow",54.2
"PID0010","Write or debug code",615.4
"PID0010","Meeting workflow",201.9
"PID0010","Email workflow",214.6
"PID0010","Communication workflow",152.5
"PID0010","Document and comment",154.1
"PID0010","Analysis and research",194.6
"PID0010","General assistance",119.4
"PID0010","Specialised workflow",155.1
"PID0011","Write or debug code",0
"PID0011","Meeting workflow",0
"PID0011","Email workflow",0
"PID0011","Communication workflow",0
"PID0011","Document and comment",0
"PID0011","Analysis and research",0
"PID0011","General assistance",0
"PID0011","Specialised workflow",0
"PID0012","Write or debug code",158.5
"PID0012","Meeting workflow",265.3
"PID0012","Email workflow",396.2
"PID0012","Communication workflow",200.1
"PID0012","Document and comment",322
"PID0012","Analysis and research",242.1
"PID0012","General assistance",174.7
"PID0012","Specialised workflow",80.9
"PID0013","Write or debug code",8.6
"PID0013","Meeting workflow",20.8
"PID0013","Email workflow",25.5
"PID0013","Communication workflow",15.6
"PID0013","Document and comment",19.5
"PID0013","Analysis and research",17.8
"PID0013","General assistance",12.6
"PID0013","Specialised workflow",4.8
"PID0014","Write or debug code",2.9
"PID0014","Meeting workflow",0.5
"PID0014","Email workflow",0.6
"PID0014","Communication workflow",0.4
"PID0014","Document and comment",0.5
"PID0014","Analysis and research",0.7
"PID0014","General assistance",0.3
"PID0014","Specialised workflow",0.4
"PID0015","Write or debug code",2.5
"PID0015","Meeting workflow",5.7
"PID0015","Email workflow",8.8
"PID0015","Communication workflow",11.3
"PID0015","Document and comment",15.3
"PID0015","Analysis and research",7.5
"PID0015","General assistance",4.7
"PID0015","Specialised workflow",2.3
"PID0016","Write or debug code",289.1
"PID0016","Meeting workflow",48.3
"PID0016","Email workflow",75.6
"PID0016","Communication workflow",40.5
"PID0016","Document and comment",54
"PID0016","Analysis and research",66
"PID0016","General assistance",35.3
"PID0016","Specialised workflow",29.6
"PID0017","Write or debug code",32.1
"PID0017","Meeting workflow",102.5
"PID0017","Email workflow",114.5
"PID0017","Communication workflow",69.3
"PID0017","Document and comment",98.3
"PID0017","Analysis and research",70.8
"PID0017","General assistance",41.5
"PID0017","Specialised workflow",16
"PID0018","Write or debug code",92.5
"PID0018","Meeting workflow",155.4
"PID0018","Email workflow",280.2
"PID0018","Communication workflow",351.5
"PID0018","Document and comment",492.1
"PID0018","Analysis and research",255.9
"PID0018","General assistance",110.4
"PID0018","Specialised workflow",52.7
"PID0019","Write or debug code",2.4
"PID0019","Meeting workflow",6.4
"PID0019","Email workflow",7.4
"PID0019","Communication workflow",5
"PID0019","Document and comment",8.6
"PID0019","Analysis and research",4.9
"PID0019","General assistance",4.9
"PID0019","Specialised workflow",1.5
"PID0020","Write or debug code",26.4
"PID0020","Meeting workflow",71.7
"PID0020","Email workflow",61.4
"PID0020","Communication workflow",41.2
"PID0020","Document and comment",59.5
"PID0020","Analysis and research",54.7
"PID0020","General assistance",35.1
"PID0020","Specialised workflow",12.7
"PID0021","Write or debug code",181.7
"PID0021","Meeting workflow",508.8
"PID0021","Email workflow",803.8
"PID0021","Communication workflow",1095.9
"PID0021","Document and comment",359.8
"PID0021","Analysis and research",295.8
"PID0021","General assistance",704.3
"PID0021","Specialised workflow",171.6
"PID0022","Write or debug code",4.3
"PID0022","Meeting workflow",23.4
"PID0022","Email workflow",36.4
"PID0022","Communication workflow",28.6
"PID0022","Document and comment",18.8
"PID0022","Analysis and research",14.2
"PID0022","General assistance",10.4
"PID0022","Specialised workflow",4.9
"PID0023","Write or debug code",0
"PID0023","Meeting workflow",0
"PID0023","Email workflow",0
"PID0023","Communication workflow",0
"PID0023","Document and comment",0
"PID0023","Analysis and research",0
"PID0023","General assistance",0
"PID0023","Specialised workflow",0
"PID0024","Write or debug code",0
"PID0024","Meeting workflow",0
"PID0024","Email workflow",0
"PID0024","Communication workflow",0
"PID0024","Document and comment",0
"PID0024","Analysis and research",0
"PID0024","General assistance",0
"PID0024","Specialised workflow",0
"PID0025","Write or debug code",0.9
"PID0025","Meeting workflow",2.6
"PID0025","Email workflow",4.3
"PID0025","Communication workflow",4.7
"PID0025","Document and comment",3
"PID0025","Analysis and research",2
"PID0025","General assistance",4.9
"PID0025","Specialised workflow",1.4
"PID0026","Write or debug code",1.5
"PID0026","Meeting workflow",9.7
"PID0026","Email workflow",15.2
"PID0026","Communication workflow",6.5
"PID0026","Document and comment",5.8
"PID0026","Analysis and research",5.3
"PID0026","General assistance",4.2
"PID0026","Specialised workflow",1.5
"PID0027","Write or debug code",0.2
"PID0027","Meeting workflow",1.5
"PID0027","Email workflow",1.1
"PID0027","Communication workflow",1.3
"PID0027","Document and comment",1.1
"PID0027","Analysis and research",0.9
"PID0027","General assistance",0.6
"PID0027","Specialised workflow",0.4
"PID0028","Write or debug code",11.7
"PID0028","Meeting workflow",46.1
"PID0028","Email workflow",67.8
"PID0028","Communication workflow",19.8
"PID0028","Document and comment",116.5
"PID0028","Analysis and research",65.6
"PID0028","General assistance",18
"PID0028","Specialised workflow",15.8
"PID0029","Write or debug code",9.7
"PID0029","Meeting workflow",40.1
"PID0029","Email workflow",36.3
"PID0029","Communication workflow",22.8
"PID0029","Document and comment",97.7
"PID0029","Analysis and research",48.4
"PID0029","General assistance",12.4
"PID0029","Specialised workflow",13.1
"PID0030","Write or debug code",4.3
"PID0030","Meeting workflow",13.7
"PID0030","Email workflow",13.3
"PID0030","Communication workflow",10.3
"PID0030","Document and comment",15.4
"PID0030","Analysis and research",11.2
"PID0030","General assistance",8.6
"PID0030","Specialised workflow",2.9
"PID0031","Write or debug code",270.6
"PID0031","Meeting workflow",71.5
"PID0031","Email workflow",63.5
"PID0031","Communication workflow",76.8
"PID0031","Document and comment",90.5
"PID0031","Analysis and research",124.4
"PID0031","General assistance",51.2
"PID0031","Specialised workflow",55.5
"PID0032","Write or debug code",5.9
"PID0032","Meeting workflow",18.4
"PID0032","Email workflow",16.5
"PID0032","Communication workflow",9.8
"PID0032","Document and comment",15.4
"PID0032","Analysis and research",24.5
"PID0032","General assistance",10.2
"PID0032","Specialised workflow",5.2
"PID0033","Write or debug code",8.3
"PID0033","Meeting workflow",35.5
"PID0033","Email workflow",44.5
"PID0033","Communication workflow",55.4
"PID0033","Document and comment",27.4
"PID0033","Analysis and research",32.5
"PID0033","General assistance",26.9
"PID0033","Specialised workflow",11.2
"PID0034","Write or debug code",7
"PID0034","Meeting workflow",31.6
"PID0034","Email workflow",47.6
"PID0034","Communication workflow",16.9
"PID0034","Document and comment",58.7
"PID0034","Analysis and research",34.4
"PID0034","General assistance",12.2
"PID0034","Specialised workflow",14.8
"PID0035","Write or debug code",6.7
"PID0035","Meeting workflow",39.3
"PID0035","Email workflow",47.3
"PID0035","Communication workflow",24.1
"PID0035","Document and comment",28.7
"PID0035","Analysis and research",21.9
"PID0035","General assistance",16.3
"PID0035","Specialised workflow",8.8
"PID0036","Write or debug code",6
"PID0036","Meeting workflow",17.9
"PID0036","Email workflow",34.4
"PID0036","Communication workflow",37.3
"PID0036","Document and comment",20.3
"PID0036","Analysis and research",13.7
"PID0036","General assistance",25
"PID0036","Specialised workflow",7.7
"PID0037","Write or debug code",1.9
"PID0037","Meeting workflow",3.9
"PID0037","Email workflow",4
"PID0037","Communication workflow",3.7
"PID0037","Document and comment",3.3
"PID0037","Analysis and research",2.5
"PID0037","General assistance",2.1
"PID0037","Specialised workflow",0.8
"PID0038","Write or debug code",17
"PID0038","Meeting workflow",63.7
"PID0038","Email workflow",95.7
"PID0038","Communication workflow",30.6
"PID0038","Document and comment",180.2
"PID0038","Analysis and research",89.4
"PID0038","General assistance",23.5
"PID0038","Specialised workflow",22.3
"PID0039","Write or debug code",13.1
"PID0039","Meeting workflow",92.4
"PID0039","Email workflow",169.2
"PID0039","Communication workflow",37.3
"PID0039","Document and comment",169.9
"PID0039","Analysis and research",75.5
"PID0039","General assistance",22
"PID0039","Specialised workflow",32.9
"PID0040","Write or debug code",130
"PID0040","Meeting workflow",30.7
"PID0040","Email workflow",34.5
"PID0040","Communication workflow",28.4
"PID0040","Document and comment",22.5
"PID0040","Analysis and research",29.1
"PID0040","General assistance",12.8
"PID0040","Specialised workflow",24.3
"PID0041","Write or debug code",6.6
"PID0041","Meeting workflow",33.7
"PID0041","Email workflow",38.1
"PID0041","Communication workflow",23.5
"PID0041","Document and comment",25.7
"PID0041","Analysis and research",19.5
"PID0041","General assistance",18.2
"PID0041","Specialised workflow",5.2
"PID0042","Write or debug code",0
"PID0042","Meeting workflow",0
"PID0042","Email workflow",0
"PID0042","Communication workflow",0
"PID0042","Document and comment",0
"PID0042","Analysis and research",0
"PID0042","General assistance",0
"PID0042","Specialised workflow",0
"PID0043","Write or debug code",708.2
"PID0043","Meeting workflow",158.6
"PID0043","Email workflow",153.7
"PID0043","Communication workflow",167.7
"PID0043","Document and comment",160.1
"PID0043","Analysis and research",167.8
"PID0043","General assistance",93.8
"PID0043","Specialised workflow",128.9
"PID0044","Write or debug code",0
"PID0044","Meeting workflow",0
"PID0044","Email workflow",0
"PID0044","Communication workflow",0
"PID0044","Document and comment",0
"PID0044","Analysis and research",0
"PID0044","General assistance",0
"PID0044","Specialised workflow",0
"PID0045","Write or debug code",0.1
"PID0045","Meeting workflow",0.3
"PID0045","Email workflow",0.5
"PID0045","Communication workflow",0.6
"PID0045","Document and comment",0.3
"PID0045","Analysis and research",0.2
"PID0045","General assistance",0.3
"PID0045","Specialised workflow",0.1
"PID0046","Write or debug code",371.4
"PID0046","Meeting workflow",96.5
"PID0046","Email workflow",85.2
"PID0046","Communication workflow",66.5
"PID0046","Document and comment",76.4
"PID0046","Analysis and research",94
"PID0046","General assistance",36.1
"PID0046","Specialised workflow",51.4
"PID0047","Write or debug code",0.8
"PID0047","Meeting workflow",2.6
"PID0047","Email workflow",4.6
"PID0047","Communication workflow",1.5
"PID0047","Document and comment",9.6
"PID0047","Analysis and research",3.5
"PID0047","General assistance",1.4
"PID0047","Specialised workflow",1.2
"PID0048","Write or debug code",6
"PID0048","Meeting workflow",19.1
"PID0048","Email workflow",13.8
"PID0048","Communication workflow",9.5
"PID0048","Document and comment",16.1
"PID0048","Analysis and research",9.4
"PID0048","General assistance",5.8
"PID0048","Specialised workflow",2.6
"PID0049","Write or debug code",22.3
"PID0049","Meeting workflow",107.3
"PID0049","Email workflow",146.1
"PID0049","Communication workflow",82.9
"PID0049","Document and comment",96.2
"PID0049","Analysis and research",110.6
"PID0049","General assistance",54.8
"PID0049","Specialised workflow",18.5
"PID0050","Write or debug code",22.3
"PID0050","Meeting workflow",46.9
"PID0050","Email workflow",171.9
"PID0050","Communication workflow",38.6
"PID0050","Document and comment",163.5
"PID0050","Analysis and research",91
"PID0050","General assistance",30.4
"PID0050","Specialised workflow",37.9
"PID0051","Write or debug code",58.8
"PID0051","Meeting workflow",248.4
"PID0051","Email workflow",315.8
"PID0051","Communication workflow",149.6
"PID0051","Document and comment",100.2
"PID0051","Analysis and research",140.1
"PID0051","General assistance",46.7
"PID0051","Specialised workflow",36.4
"PID0052","Write or debug code",0.7
"PID0052","Meeting workflow",2.2
"PID0052","Email workflow",5.2
"PID0052","Communication workflow",4.7
"PID0052","Document and comment",2.4
"PID0052","Analysis and research",1.6
"PID0052","General assistance",3.6
"PID0052","Specialised workflow",1.2
"PID0053","Write or debug code",12.6
"PID0053","Meeting workflow",60.7
"PID0053","Email workflow",52.7
"PID0053","Communication workflow",72.5
"PID0053","Document and comment",78.2
"PID0053","Analysis and research",59.8
"PID0053","General assistance",32.9
"PID0053","Specialised workflow",13.9
"PID0054","Write or debug code",328.3
"PID0054","Meeting workflow",955.6
"PID0054","Email workflow",1116.7
"PID0054","Communication workflow",764.8
"PID0054","Document and comment",1103.3
"PID0054","Analysis and research",915.2
"PID0054","General assistance",550.4
"PID0054","Specialised workflow",174.7
"PID0055","Write or debug code",17.8
"PID0055","Meeting workflow",70.5
"PID0055","Email workflow",78.6
"PID0055","Communication workflow",29.8
"PID0055","Document and comment",97.4
"PID0055","Analysis and research",120.2
"PID0055","General assistance",28.7
"PID0055","Specialised workflow",32.8
"PID0056","Write or debug code",2.5
"PID0056","Meeting workflow",14.1
"PID0056","Email workflow",15.4
"PID0056","Communication workflow",9.2
"PID0056","Document and comment",12.2
"PID0056","Analysis and research",5.3
"PID0056","General assistance",6.6
"PID0056","Specialised workflow",3.1
"PID0057","Write or debug code",22.1
"PID0057","Meeting workflow",77.7
"PID0057","Email workflow",213
"PID0057","Communication workflow",54.6
"PID0057","Document and comment",45.1
"PID0057","Analysis and research",79
"PID0057","General assistance",40.4
"PID0057","Specialised workflow",19.8
"PID0058","Write or debug code",0
"PID0058","Meeting workflow",0
"PID0058","Email workflow",0
"PID0058","Communication workflow",0
"PID0058","Document and comment",0
"PID0058","Analysis and research",0
"PID0058","General assistance",0
"PID0058","Specialised workflow",0
"PID0059","Write or debug code",126.3
"PID0059","Meeting workflow",32.9
"PID0059","Email workflow",41.7
"PID0059","Communication workflow",23.2
"PID0059","Document and comment",32.2
"PID0059","Analysis and research",51.5
"PID0059","General assistance",28.2
"PID0059","Specialised workflow",19
"PID0060","Write or debug code",1
"PID0060","Meeting workflow",4.5
"PID0060","Email workflow",6.2
"PID0060","Communication workflow",2.5
"PID0060","Document and comment",2
"PID0060","Analysis and research",3.3
"PID0060","General assistance",1.5
"PID0060","Specialised workflow",0.7
"PID0061","Write or debug code",0.7
"PID0061","Meeting workflow",1.8
"PID0061","Email workflow",2.5
"PID0061","Communication workflow",1.2
"PID0061","Document and comment",3.6
"PID0061","Analysis and research",3.4
"PID0061","General assistance",0.8
"PID0061","Specialised workflow",0.7
"PID0062","Write or debug code",3.2
"PID0062","Meeting workflow",21.9
"PID0062","Email workflow",32.1
"PID0062","Communication workflow",14.7
"PID0062","Document and comment",12.4
"PID0062","Analysis and research",16.7
"PID0062","General assistance",8.6
"PID0062","Specialised workflow",4.1
"PID0063","Write or debug code",0.8
"PID0063","Meeting workflow",2.3
"PID0063","Email workflow",5.3
"PID0063","Communication workflow",6
"PID0063","Document and comment",3.1
"PID0063","Analysis and research",2.5
"PID0063","General assistance",3.6
"PID0063","Specialised workflow",1.4
"PID0064","Write or debug code",0
"PID0064","Meeting workflow",0
"PID0064","Email workflow",0
"PID0064","Communication workflow",0
"PID0064","Document and comment",0
"PID0064","Analysis and research",0
"PID0064","General assistance",0
"PID0064","Specialised workflow",0
"PID0065","Write or debug code",4.6
"PID0065","Meeting workflow",31
"PID0065","Email workflow",45.5
"PID0065","Communication workflow",23.3
"PID0065","Document and comment",14.8
"PID0065","Analysis and research",19.4
"PID0065","General assistance",12.2
"PID0065","Specialised workflow",5.5
"PID0066","Write or debug code",1.5
"PID0066","Meeting workflow",4.2
"PID0066","Email workflow",6.6
"PID0066","Communication workflow",6.1
"PID0066","Document and comment",4.2
"PID0066","Analysis and research",3.5
"PID0066","General assistance",3.4
"PID0066","Specialised workflow",1.6
"PID0067","Write or debug code",6.3
"PID0067","Meeting workflow",17.2
"PID0067","Email workflow",21.6
"PID0067","Communication workflow",27.4
"PID0067","Document and comment",53.2
"PID0067","Analysis and research",27.2
"PID0067","General assistance",11.3
"PID0067","Specialised workflow",5.2
"PID0068","Write or debug code",0.5
"PID0068","Meeting workflow",1.5
"PID0068","Email workflow",2.8
"PID0068","Communication workflow",1.1
"PID0068","Document and comment",3.7
"PID0068","Analysis and research",2.1
"PID0068","General assistance",0.8
"PID0068","Specialised workflow",0.7
"PID0069","Write or debug code",3.5
"PID0069","Meeting workflow",10.3
"PID0069","Email workflow",25.9
"PID0069","Communication workflow",5.6
"PID0069","Document and comment",31.3
"PID0069","Analysis and research",25.7
"PID0069","General assistance",4.1
"PID0069","Specialised workflow",5.7
"PID0070","Write or debug code",0.1
"PID0070","Meeting workflow",0.2
"PID0070","Email workflow",0.4
"PID0070","Communication workflow",0.3
"PID0070","Document and comment",0.2
"PID0070","Analysis and research",0.1
"PID0070","General assistance",0.2
"PID0070","Specialised workflow",0.1
"PID0071","Write or debug code",3.7
"PID0071","Meeting workflow",1
"PID0071","Email workflow",1
"PID0071","Communication workflow",0.6
"PID0071","Document and comment",0.7
"PID0071","Analysis and research",1.2
"PID0071","General assistance",0.3
"PID0071","Specialised workflow",0.6
"PID0072","Write or debug code",0
"PID0072","Meeting workflow",0
"PID0072","Email workflow",0
"PID0072","Communication workflow",0
"PID0072","Document and comment",0
"PID0072","Analysis and research",0
"PID0072","General assistance",0
"PID0072","Specialised workflow",0
"PID0073","Write or debug code",8.9
"PID0073","Meeting workflow",23.8
"PID0073","Email workflow",30
"PID0073","Communication workflow",15
"PID0073","Document and comment",50.6
"PID0073","Analysis and research",65.8
"PID0073","General assistance",21.3
"PID0073","Specialised workflow",18.2
"PID0074","Write or debug code",25.6
"PID0074","Meeting workflow",111.8
"PID0074","Email workflow",173.4
"PID0074","Communication workflow",247.9
"PID0074","Document and comment",89.1
"PID0074","Analysis and research",91.6
"PID0074","General assistance",138.3
"PID0074","Specialised workflow",75
"PID0075","Write or debug code",1.1
"PID0075","Meeting workflow",6
"PID0075","Email workflow",5.8
"PID0075","Communication workflow",2.2
"PID0075","Document and comment",8
"PID0075","Analysis and research",8
"PID0075","General assistance",2.4
"PID0075","Specialised workflow",1.8
"PID0076","Write or debug code",28.4
"PID0076","Meeting workflow",79
"PID0076","Email workflow",137.6
"PID0076","Communication workflow",108.5
"PID0076","Document and comment",51.7
"PID0076","Analysis and research",48.9
"PID0076","General assistance",90.9
"PID0076","Specialised workflow",41.8
"PID0077","Write or debug code",189.3
"PID0077","Meeting workflow",50.8
"PID0077","Email workflow",30.1
"PID0077","Communication workflow",48.7
"PID0077","Document and comment",42.3
"PID0077","Analysis and research",41.2
"PID0077","General assistance",25
"PID0077","Specialised workflow",29.4
"PID0078","Write or debug code",56.7
"PID0078","Meeting workflow",165.3
"PID0078","Email workflow",244.9
"PID0078","Communication workflow",125
"PID0078","Document and comment",143
"PID0078","Analysis and research",144.4
"PID0078","General assistance",76.8
"PID0078","Specialised workflow",31.9
"PID0079","Write or debug code",52.9
"PID0079","Meeting workflow",162.1
"PID0079","Email workflow",147.7
"PID0079","Communication workflow",123.7
"PID0079","Document and comment",103.5
"PID0079","Analysis and research",97.2
"PID0079","General assistance",79.1
"PID0079","Specialised workflow",30.1
"PID0080","Write or debug code",782.7
"PID0080","Meeting workflow",212.1
"PID0080","Email workflow",163.8
"PID0080","Communication workflow",181.5
"PID0080","Document and comment",238.3
"PID0080","Analysis and research",259.9
"PID0080","General assistance",115.3
"PID0080","Specialised workflow",174.8
"PID0081","Write or debug code",2493.2
"PID0081","Meeting workflow",430.8
"PID0081","Email workflow",532
"PID0081","Communication workflow",523
"PID0081","Document and comment",431.5
"PID0081","Analysis and research",785.8
"PID0081","General assistance",273.3
"PID0081","Specialised workflow",389.2
"PID0082","Write or debug code",97.6
"PID0082","Meeting workflow",20.6
"PID0082","Email workflow",20.4
"PID0082","Communication workflow",15.8
"PID0082","Document and comment",17.8
"PID0082","Analysis and research",22.6
"PID0082","General assistance",12.4
"PID0082","Specialised workflow",14.4
"PID0083","Write or debug code",45.5
"PID0083","Meeting workflow",103.9
"PID0083","Email workflow",102.1
"PID0083","Communication workflow",71.8
"PID0083","Document and comment",68.8
"PID0083","Analysis and research",72.8
"PID0083","General assistance",73.2
"PID0083","Specialised workflow",19.5
"PID0084","Write or debug code",3.3
"PID0084","Meeting workflow",9.5
"PID0084","Email workflow",17
"PID0084","Communication workflow",23.4
"PID0084","Document and comment",11
"PID0084","Analysis and research",10.9
"PID0084","General assistance",17.8
"PID0084","Specialised workflow",4.5
"PID0085","Write or debug code",30.4
"PID0085","Meeting workflow",103.8
"PID0085","Email workflow",96
"PID0085","Communication workflow",64.6
"PID0085","Document and comment",70.3
"PID0085","Analysis and research",65.6
"PID0085","General assistance",58.1
"PID0085","Specialised workflow",18.6
"PID0086","Write or debug code",38.3
"PID0086","Meeting workflow",96
"PID0086","Email workflow",108.7
"PID0086","Communication workflow",77.8
"PID0086","Document and comment",97.9
"PID0086","Analysis and research",66.1
"PID0086","General assistance",59.2
"PID0086","Specialised workflow",17.2
"PID0087","Write or debug code",12
"PID0087","Meeting workflow",61
"PID0087","Email workflow",49.1
"PID0087","Communication workflow",24.4
"PID0087","Document and comment",30.7
"PID0087","Analysis and research",24
"PID0087","General assistance",19.1
"PID0087","Specialised workflow",6.5
"PID0088","Write or debug code",49.4
"PID0088","Meeting workflow",150.7
"PID0088","Email workflow",219.9
"PID0088","Communication workflow",79.7
"PID0088","Document and comment",246.3
"PID0088","Analysis and research",186.3
"PID0088","General assistance",38.8
"PID0088","Specialised workflow",47.9
"PID0089","Write or debug code",15.8
"PID0089","Meeting workflow",35.6
"PID0089","Email workflow",49.6
"PID0089","Communication workflow",43.2
"PID0089","Document and comment",35.4
"PID0089","Analysis and research",37
"PID0089","General assistance",24.1
"PID0089","Specialised workflow",9.9
"PID0090","Write or debug code",27.5
"PID0090","Meeting workflow",69.6
"PID0090","Email workflow",154.9
"PID0090","Communication workflow",72.5
"PID0090","Document and comment",133.5
"PID0090","Analysis and research",273.2
"PID0090","General assistance",70.4
"PID0090","Specialised workflow",34.2
"PID0091","Write or debug code",42.7
"PID0091","Meeting workflow",128.6
"PID0091","Email workflow",204.7
"PID0091","Communication workflow",71.8
"PID0091","Document and comment",185.7
"PID0091","Analysis and research",521.6
"PID0091","General assistance",66
"PID0091","Specialised workflow",72.1
"PID0092","Write or debug code",29.2
"PID0092","Meeting workflow",48.6
"PID0092","Email workflow",44.5
"PID0092","Communication workflow",42.9
"PID0092","Document and comment",44.3
"PID0092","Analysis and research",32.9
"PID0092","General assistance",25.8
"PID0092","Specialised workflow",8.8
"PID0093","Write or debug code",428.5
"PID0093","Meeting workflow",113
"PID0093","Email workflow",120
"PID0093","Communication workflow",106.5
"PID0093","Document and comment",108.7
"PID0093","Analysis and research",155.1
"PID0093","General assistance",81.5
"PID0093","Specialised workflow",60.5
"PID0094","Write or debug code",21.6
"PID0094","Meeting workflow",72.2
"PID0094","Email workflow",80.8
"PID0094","Communication workflow",82.5
"PID0094","Document and comment",161.6
"PID0094","Analysis and research",60.7
"PID0094","General assistance",32.9
"PID0094","Specialised workflow",17.8
"PID0095","Write or debug code",88.8
"PID0095","Meeting workflow",16
"PID0095","Email workflow",16.9
"PID0095","Communication workflow",18.8
"PID0095","Document and comment",12.4
"PID0095","Analysis and research",22.7
"PID0095","General assistance",10.6
"PID0095","Specialised workflow",13.2
"PID0096","Write or debug code",0
"PID0096","Meeting workflow",0
"PID0096","Email workflow",0
"PID0096","Communication workflow",0
"PID0096","Document and comment",0
"PID0096","Analysis and research",0
"PID0096","General assistance",0
"PID0096","Specialised workflow",0
"PID0097","Write or debug code",5.2
"PID0097","Meeting workflow",32.4
"PID0097","Email workflow",44.8
"PID0097","Communication workflow",25.5
"PID0097","Document and comment",15.3
"PID0097","Analysis and research",22.9
"PID0097","General assistance",10.2
"PID0097","Specialised workflow",5
"PID0098","Write or debug code",2.5
"PID0098","Meeting workflow",19.6
"PID0098","Email workflow",23.6
"PID0098","Communication workflow",15.5
"PID0098","Document and comment",8.7
"PID0098","Analysis and research",10.3
"PID0098","General assistance",5.3
"PID0098","Specialised workflow",3.7
"PID0099","Write or debug code",1.8
"PID0099","Meeting workflow",19.2
"PID0099","Email workflow",18.6
"PID0099","Communication workflow",11.3
"PID0099","Document and comment",9.8
"PID0099","Analysis and research",6.1
"PID0099","General assistance",5.6
"PID0099","Specialised workflow",2.2
"PID0100","Write or debug code",19
"PID0100","Meeting workflow",91.3
"PID0100","Email workflow",84.7
"PID0100","Communication workflow",36.7
"PID0100","Document and comment",107.2
"PID0100","Analysis and research",109.2
"PID0100","General assistance",42.2
"PID0100","Specialised workflow",29.6
"PID0101","Write or debug code",215.1
"PID0101","Meeting workflow",43.5
"PID0101","Email workflow",24.5
"PID0101","Communication workflow",31.2
"PID0101","Document and comment",30.2
"PID0101","Analysis and research",50.6
"PID0101","General assistance",29.5
"PID0101","Specialised workflow",29.5
"PID0102","Write or debug code",2
"PID0102","Meeting workflow",12.1
"PID0102","Email workflow",19.4
"PID0102","Communication workflow",11.6
"PID0102","Document and comment",8
"PID0102","Analysis and research",7.9
"PID0102","General assistance",5.6
"PID0102","Specialised workflow",3.4
"PID0103","Write or debug code",25.7
"PID0103","Meeting workflow",87.9
"PID0103","Email workflow",126.9
"PID0103","Communication workflow",41.3
"PID0103","Document and comment",148.5
"PID0103","Analysis and research",82.2
"PID0103","General assistance",48.4
"PID0103","Specialised workflow",33.3
"PID0104","Write or debug code",15.8
"PID0104","Meeting workflow",39
"PID0104","Email workflow",85.1
"PID0104","Communication workflow",72.8
"PID0104","Document and comment",40.6
"PID0104","Analysis and research",35.4
"PID0104","General assistance",40.8
"PID0104","Specialised workflow",17.4
"PID0105","Write or debug code",9.7
"PID0105","Meeting workflow",50.1
"PID0105","Email workflow",74.8
"PID0105","Communication workflow",57.9
"PID0105","Document and comment",43.3
"PID0105","Analysis and research",40.3
"PID0105","General assistance",38.9
"PID0105","Specialised workflow",14.4
"PID0106","Write or debug code",26.4
"PID0106","Meeting workflow",67.4
"PID0106","Email workflow",171.4
"PID0106","Communication workflow",165.9
"PID0106","Document and comment",61.3
"PID0106","Analysis and research",57.5
"PID0106","General assistance",108.4
"PID0106","Specialised workflow",44.7
"PID0107","Write or debug code",19.3
"PID0107","Meeting workflow",82
"PID0107","Email workflow",75.3
"PID0107","Communication workflow",71.6
"PID0107","Document and comment",77.8
"PID0107","Analysis and research",44.2
"PID0107","General assistance",18.6
"PID0107","Specialised workflow",13.1
"PID0108","Write or debug code",7.7
"PID0108","Meeting workflow",31.2
"PID0108","Email workflow",37.3
"PID0108","Communication workflow",44.2
"PID0108","Document and comment",18.6
"PID0108","Analysis and research",15.8
"PID0108","General assistance",29.5
"PID0108","Specialised workflow",13.4
"PID0109","Write or debug code",0
"PID0109","Meeting workflow",0
"PID0109","Email workflow",0
"PID0109","Communication workflow",0
"PID0109","Document and comment",0
"PID0109","Analysis and research",0
"PID0109","General assistance",0
"PID0109","Specialised workflow",0
"PID0110","Write or debug code",97.7
"PID0110","Meeting workflow",517.4
"PID0110","Email workflow",589.2
"PID0110","Communication workflow",380.4
"PID0110","Document and comment",320.6
"PID0110","Analysis and research",291.1
"PID0110","General assistance",232.3
"PID0110","Specialised workflow",90.8
"PID0111","Write or debug code",87.3
"PID0111","Meeting workflow",22.7
"PID0111","Email workflow",14.1
"PID0111","Communication workflow",19.2
"PID0111","Document and comment",17
"PID0111","Analysis and research",20.8
"PID0111","General assistance",7.1
"PID0111","Specialised workflow",14.6
"PID0112","Write or debug code",28.3
"PID0112","Meeting workflow",129.4
"PID0112","Email workflow",214.6
"PID0112","Communication workflow",120.8
"PID0112","Document and comment",91.4
"PID0112","Analysis and research",111.8
"PID0112","General assistance",61.8
"PID0112","Specialised workflow",35.2
"PID0113","Write or debug code",0
"PID0113","Meeting workflow",0
"PID0113","Email workflow",0
"PID0113","Communication workflow",0
"PID0113","Document and comment",0
"PID0113","Analysis and research",0
"PID0113","General assistance",0
"PID0113","Specialised workflow",0
"PID0114","Write or debug code",377.9
"PID0114","Meeting workflow",89.1
"PID0114","Email workflow",67.8
"PID0114","Communication workflow",67.9
"PID0114","Document and comment",80.8
"PID0114","Analysis and research",121.5
"PID0114","General assistance",41.2
"PID0114","Specialised workflow",55.4
"PID0115","Write or debug code",1.3
"PID0115","Meeting workflow",4.2
"PID0115","Email workflow",7.2
"PID0115","Communication workflow",10
"PID0115","Document and comment",4
"PID0115","Analysis and research",2.4
"PID0115","General assistance",7.6
"PID0115","Specialised workflow",1.7
"PID0116","Write or debug code",7
"PID0116","Meeting workflow",20.1
"PID0116","Email workflow",15.1
"PID0116","Communication workflow",14.2
"PID0116","Document and comment",17.9
"PID0116","Analysis and research",12.9
"PID0116","General assistance",7.4
"PID0116","Specialised workflow",3.6
"PID0117","Write or debug code",0
"PID0117","Meeting workflow",0
"PID0117","Email workflow",0
"PID0117","Communication workflow",0
"PID0117","Document and comment",0
"PID0117","Analysis and research",0
"PID0117","General assistance",0
"PID0117","Specialised workflow",0
"PID0118","Write or debug code",1.3
"PID0118","Meeting workflow",0.3
"PID0118","Email workflow",0.4
"PID0118","Communication workflow",0.4
"PID0118","Document and comment",0.3
"PID0118","Analysis and research",0.5
"PID0118","General assistance",0.2
"PID0118","Specialised workflow",0.3
"PID0119","Write or debug code",1.9
"PID0119","Meeting workflow",17.4
"PID0119","Email workflow",17.8
"PID0119","Communication workflow",12.2
"PID0119","Document and comment",11.7
"PID0119","Analysis and research",9.1
"PID0119","General assistance",6.1
"PID0119","Specialised workflow",2.1
"PID0120","Write or debug code",0
"PID0120","Meeting workflow",0
"PID0120","Email workflow",0
"PID0120","Communication workflow",0
"PID0120","Document and comment",0
"PID0120","Analysis and research",0
"PID0120","General assistance",0
"PID0120","Specialised workflow",0
"PID0121","Write or debug code",11.4
"PID0121","Meeting workflow",46.3
"PID0121","Email workflow",62.7
"PID0121","Communication workflow",87.6
"PID0121","Document and comment",111.3
"PID0121","Analysis and research",57.9
"PID0121","General assistance",27.9
"PID0121","Specialised workflow",14.6
"PID0122","Write or debug code",1.7
"PID0122","Meeting workflow",4.9
"PID0122","Email workflow",9.7
"PID0122","Communication workflow",9.8
"PID0122","Document and comment",4.5
"PID0122","Analysis and research",4.7
"PID0122","General assistance",7.5
"PID0122","Specialised workflow",2.1
"PID0123","Write or debug code",5
"PID0123","Meeting workflow",29.4
"PID0123","Email workflow",34.6
"PID0123","Communication workflow",22.5
"PID0123","Document and comment",16.5
"PID0123","Analysis and research",13.3
"PID0123","General assistance",6.6
"PID0123","Specialised workflow",5.9
"PID0124","Write or debug code",1.5
"PID0124","Meeting workflow",10.6
"PID0124","Email workflow",10.5
"PID0124","Communication workflow",6.3
"PID0124","Document and comment",4.9
"PID0124","Analysis and research",5.5
"PID0124","General assistance",2.7
"PID0124","Specialised workflow",2.6
"PID0125","Write or debug code",13.3
"PID0125","Meeting workflow",47.8
"PID0125","Email workflow",76
"PID0125","Communication workflow",27.8
"PID0125","Document and comment",86.9
"PID0125","Analysis and research",67.9
"PID0125","General assistance",18.7
"PID0125","Specialised workflow",17.3
"PID0126","Write or debug code",14.3
"PID0126","Meeting workflow",38.8
"PID0126","Email workflow",46.3
"PID0126","Communication workflow",18.7
"PID0126","Document and comment",48.5
"PID0126","Analysis and research",69.5
"PID0126","General assistance",19.5
"PID0126","Specialised workflow",16.3
"PID0127","Write or debug code",286.2
"PID0127","Meeting workflow",57.2
"PID0127","Email workflow",93.8
"PID0127","Communication workflow",71
"PID0127","Document and comment",84.2
"PID0127","Analysis and research",115.7
"PID0127","General assistance",53.6
"PID0127","Specialised workflow",43.3
"PID0128","Write or debug code",339.6
"PID0128","Meeting workflow",87.2
"PID0128","Email workflow",91
"PID0128","Communication workflow",76.9
"PID0128","Document and comment",79
"PID0128","Analysis and research",135.2
"PID0128","General assistance",55.4
"PID0128","Specialised workflow",69.8
"PID0129","Write or debug code",30
"PID0129","Meeting workflow",7
"PID0129","Email workflow",6.1
"PID0129","Communication workflow",7.1
"PID0129","Document and comment",5.6
"PID0129","Analysis and research",9.6
"PID0129","General assistance",2.8
"PID0129","Specialised workflow",5.4
"PID0130","Write or debug code",165.4
"PID0130","Meeting workflow",397
"PID0130","Email workflow",397.6
"PID0130","Communication workflow",209.3
"PID0130","Document and comment",293.7
"PID0130","Analysis and research",226.6
"PID0130","General assistance",187.4
"PID0130","Specialised workflow",62.5
"PID0131","Write or debug code",2.9
"PID0131","Meeting workflow",6.3
"PID0131","Email workflow",14.7
"PID0131","Communication workflow",17.3
"PID0131","Document and comment",8.2
"PID0131","Analysis and research",8.1
"PID0131","General assistance",13.5
"PID0131","Specialised workflow",5.3
"PID0132","Write or debug code",0
"PID0132","Meeting workflow",0
"PID0132","Email workflow",0
"PID0132","Communication workflow",0
"PID0132","Document and comment",0
"PID0132","Analysis and research",0
"PID0132","General assistance",0
"PID0132","Specialised workflow",0
"PID0133","Write or debug code",1.3
"PID0133","Meeting workflow",4
"PID0133","Email workflow",3.4
"PID0133","Communication workflow",3.1
"PID0133","Document and comment",6.8
"PID0133","Analysis and research",9.3
"PID0133","General assistance",2.4
"PID0133","Specialised workflow",1.7
"PID0134","Write or debug code",14.3
"PID0134","Meeting workflow",113.1
"PID0134","Email workflow",139
"PID0134","Communication workflow",79.1
"PID0134","Document and comment",46.4
"PID0134","Analysis and research",34
"PID0134","General assistance",27.2
"PID0134","Specialised workflow",24.4
"PID0135","Write or debug code",9
"PID0135","Meeting workflow",52.6
"PID0135","Email workflow",50.8
"PID0135","Communication workflow",42.5
"PID0135","Document and comment",38.3
"PID0135","Analysis and research",27.3
"PID0135","General assistance",22.2
"PID0135","Specialised workflow",10.1
"PID0136","Write or debug code",11.2
"PID0136","Meeting workflow",35.8
"PID0136","Email workflow",72.7
"PID0136","Communication workflow",80
"PID0136","Document and comment",20.5
"PID0136","Analysis and research",32.4
"PID0136","General assistance",53.2
"PID0136","Specialised workflow",26.6
"PID0137","Write or debug code",4.7
"PID0137","Meeting workflow",11
"PID0137","Email workflow",8.1
"PID0137","Communication workflow",4.6
"PID0137","Document and comment",7.8
"PID0137","Analysis and research",6.4
"PID0137","General assistance",3.8
"PID0137","Specialised workflow",1.4
"PID0138","Write or debug code",23.2
"PID0138","Meeting workflow",87.7
"PID0138","Email workflow",108.4
"PID0138","Communication workflow",41.3
"PID0138","Document and comment",136.1
"PID0138","Analysis and research",178.6
"PID0138","General assistance",46.5
"PID0138","Specialised workflow",23.9
"PID0139","Write or debug code",57.6
"PID0139","Meeting workflow",10.3
"PID0139","Email workflow",12.5
"PID0139","Communication workflow",11.7
"PID0139","Document and comment",7.2
"PID0139","Analysis and research",11.7
"PID0139","General assistance",9.2
"PID0139","Specialised workflow",8.8
"PID0140","Write or debug code",0
"PID0140","Meeting workflow",0
"PID0140","Email workflow",0
"PID0140","Communication workflow",0
"PID0140","Document and comment",0
"PID0140","Analysis and research",0
"PID0140","General assistance",0
"PID0140","Specialised workflow",0
"PID0141","Write or debug code",157.5
"PID0141","Meeting workflow",41.9
"PID0141","Email workflow",34
"PID0141","Communication workflow",27.8
"PID0141","Document and comment",25.4
"PID0141","Analysis and research",62
"PID0141","General assistance",27.7
"PID0141","Specialised workflow",24.4
"PID0142","Write or debug code",75.5
"PID0142","Meeting workflow",25
"PID0142","Email workflow",22.5
"PID0142","Communication workflow",18.9
"PID0142","Document and comment",22.9
"PID0142","Analysis and research",19.4
"PID0142","General assistance",12.1
"PID0142","Specialised workflow",16.3
"PID0143","Write or debug code",0.4
"PID0143","Meeting workflow",1.6
"PID0143","Email workflow",2.5
"PID0143","Communication workflow",3.1
"PID0143","Document and comment",1.2
"PID0143","Analysis and research",1
"PID0143","General assistance",1.9
"PID0143","Specialised workflow",0.7
"PID0144","Write or debug code",16.3
"PID0144","Meeting workflow",86.2
"PID0144","Email workflow",114
"PID0144","Communication workflow",83
"PID0144","Document and comment",44.8
"PID0144","Analysis and research",37.8
"PID0144","General assistance",26.8
"PID0144","Specialised workflow",14.9
"PID0145","Write or debug code",10.5
"PID0145","Meeting workflow",27.6
"PID0145","Email workflow",49
"PID0145","Communication workflow",18
"PID0145","Document and comment",94.7
"PID0145","Analysis and research",66.1
"PID0145","General assistance",15.7
"PID0145","Specialised workflow",16.4
"PID0146","Write or debug code",0
"PID0146","Meeting workflow",0
"PID0146","Email workflow",0
"PID0146","Communication workflow",0
"PID0146","Document and comment",0
"PID0146","Analysis and research",0
"PID0146","General assistance",0
"PID0146","Specialised workflow",0
"PID0147","Write or debug code",4.1
"PID0147","Meeting workflow",31.8
"PID0147","Email workflow",24.1
"PID0147","Communication workflow",21.5
"PID0147","Document and comment",16.6
"PID0147","Analysis and research",13
"PID0147","General assistance",6.7
"PID0147","Specialised workflow",4.7
"PID0148","Write or debug code",72.7
"PID0148","Meeting workflow",531.4
"PID0148","Email workflow",702.4
"PID0148","Communication workflow",298.3
"PID0148","Document and comment",210.6
"PID0148","Analysis and research",167.7
"PID0148","General assistance",138.2
"PID0148","Specialised workflow",74.2
"PID0149","Write or debug code",10.7
"PID0149","Meeting workflow",37.7
"PID0149","Email workflow",43.9
"PID0149","Communication workflow",43
"PID0149","Document and comment",59.5
"PID0149","Analysis and research",28.1
"PID0149","General assistance",15.4
"PID0149","Specialised workflow",8.5
"PID0150","Write or debug code",4.1
"PID0150","Meeting workflow",12.1
"PID0150","Email workflow",22.3
"PID0150","Communication workflow",23.7
"PID0150","Document and comment",11.2
"PID0150","Analysis and research",8.8
"PID0150","General assistance",19.3
"PID0150","Specialised workflow",6.4
"PID0151","Write or debug code",23
"PID0151","Meeting workflow",100.1
"PID0151","Email workflow",100.1
"PID0151","Communication workflow",69.1
"PID0151","Document and comment",96.4
"PID0151","Analysis and research",217.4
"PID0151","General assistance",50.2
"PID0151","Specialised workflow",38.6
"PID0152","Write or debug code",0.3
"PID0152","Meeting workflow",1
"PID0152","Email workflow",2.5
"PID0152","Communication workflow",2.5
"PID0152","Document and comment",1.6
"PID0152","Analysis and research",0.7
"PID0152","General assistance",1.3
"PID0152","Specialised workflow",0.6
"PID0153","Write or debug code",7.2
"PID0153","Meeting workflow",31
"PID0153","Email workflow",21.2
"PID0153","Communication workflow",16.3
"PID0153","Document and comment",24.4
"PID0153","Analysis and research",9.7
"PID0153","General assistance",7.7
"PID0153","Specialised workflow",4.3
"PID0154","Write or debug code",92
"PID0154","Meeting workflow",18
"PID0154","Email workflow",22.1
"PID0154","Communication workflow",15.6
"PID0154","Document and comment",21.8
"PID0154","Analysis and research",25
"PID0154","General assistance",14.4
"PID0154","Specialised workflow",11
"PID0155","Write or debug code",7.2
"PID0155","Meeting workflow",31.6
"PID0155","Email workflow",27.6
"PID0155","Communication workflow",15
"PID0155","Document and comment",21.4
"PID0155","Analysis and research",18.3
"PID0155","General assistance",12.4
"PID0155","Specialised workflow",4.1
"PID0156","Write or debug code",13.5
"PID0156","Meeting workflow",31.7
"PID0156","Email workflow",69.6
"PID0156","Communication workflow",79
"PID0156","Document and comment",41.6
"PID0156","Analysis and research",39.7
"PID0156","General assistance",50.5
"PID0156","Specialised workflow",24
"PID0157","Write or debug code",0
"PID0157","Meeting workflow",0
"PID0157","Email workflow",0
"PID0157","Communication workflow",0
"PID0157","Document and comment",0
"PID0157","Analysis and research",0
"PID0157","General assistance",0
"PID0157","Specialised workflow",0
"PID0158","Write or debug code",3.2
"PID0158","Meeting workflow",10.9
"PID0158","Email workflow",17.1
"PID0158","Communication workflow",5.2
"PID0158","Document and comment",15
"PID0158","Analysis and research",22.9
"PID0158","General assistance",6.9
"PID0158","Specialised workflow",5.5
"PID0159","Write or debug code",2.7
"PID0159","Meeting workflow",9.2
"PID0159","Email workflow",21.3
"PID0159","Communication workflow",18.9
"PID0159","Document and comment",5.8
"PID0159","Analysis and research",5.8
"PID0159","General assistance",8.6
"PID0159","Specialised workflow",3.3
"PID0160","Write or debug code",1
"PID0160","Meeting workflow",2.9
"PID0160","Email workflow",4.7
"PID0160","Communication workflow",3
"PID0160","Document and comment",2.9
"PID0160","Analysis and research",2.1
"PID0160","General assistance",1.8
"PID0160","Specialised workflow",0.7
"PID0161","Write or debug code",80.5
"PID0161","Meeting workflow",351
"PID0161","Email workflow",323.6
"PID0161","Communication workflow",134.8
"PID0161","Document and comment",384.5
"PID0161","Analysis and research",527.5
"PID0161","General assistance",131
"PID0161","Specialised workflow",98.8
"PID0162","Write or debug code",0.6
"PID0162","Meeting workflow",4.8
"PID0162","Email workflow",5.6
"PID0162","Communication workflow",2.4
"PID0162","Document and comment",2.2
"PID0162","Analysis and research",2
"PID0162","General assistance",1.7
"PID0162","Specialised workflow",0.8
"PID0163","Write or debug code",335.2
"PID0163","Meeting workflow",68.1
"PID0163","Email workflow",87.1
"PID0163","Communication workflow",85.8
"PID0163","Document and comment",97.1
"PID0163","Analysis and research",85.9
"PID0163","General assistance",47.1
"PID0163","Specialised workflow",63.4
"PID0164","Write or debug code",46.1
"PID0164","Meeting workflow",252
"PID0164","Email workflow",443.7
"PID0164","Communication workflow",285
"PID0164","Document and comment",136.6
"PID0164","Analysis and research",131.6
"PID0164","General assistance",140.3
"PID0164","Specialised workflow",48.9
"PID0165","Write or debug code",48.3
"PID0165","Meeting workflow",102.5
"PID0165","Email workflow",169.4
"PID0165","Communication workflow",126.2
"PID0165","Document and comment",220.8
"PID0165","Analysis and research",312.9
"PID0165","General assistance",64.3
"PID0165","Specialised workflow",46.1
"PID0166","Write or debug code",28
"PID0166","Meeting workflow",83.3
"PID0166","Email workflow",83
"PID0166","Communication workflow",134.4
"PID0166","Document and comment",244.6
"PID0166","Analysis and research",142.3
"PID0166","General assistance",44.6
"PID0166","Specialised workflow",21.6
"PID0167","Write or debug code",42.2
"PID0167","Meeting workflow",108.3
"PID0167","Email workflow",171.7
"PID0167","Communication workflow",221.4
"PID0167","Document and comment",271.6
"PID0167","Analysis and research",142.6
"PID0167","General assistance",79.7
"PID0167","Specialised workflow",32.4
"PID0168","Write or debug code",142.3
"PID0168","Meeting workflow",33.2
"PID0168","Email workflow",45.3
"PID0168","Communication workflow",31.1
"PID0168","Document and comment",36.1
"PID0168","Analysis and research",45.6
"PID0168","General assistance",26.2
"PID0168","Specialised workflow",33.3
"PID0169","Write or debug code",24.7
"PID0169","Meeting workflow",101.7
"PID0169","Email workflow",244.8
"PID0169","Communication workflow",53
"PID0169","Document and comment",263.4
"PID0169","Analysis and research",99.1
"PID0169","General assistance",29.5
"PID0169","Specialised workflow",35.6
"PID0170","Write or debug code",84.7
"PID0170","Meeting workflow",625.7
"PID0170","Email workflow",766.7
"PID0170","Communication workflow",370
"PID0170","Document and comment",254.1
"PID0170","Analysis and research",268.2
"PID0170","General assistance",151.1
"PID0170","Specialised workflow",82.1
"PID0171","Write or debug code",12.4
"PID0171","Meeting workflow",30.1
"PID0171","Email workflow",48.2
"PID0171","Communication workflow",51.7
"PID0171","Document and comment",58.8
"PID0171","Analysis and research",31.2
"PID0171","General assistance",23
"PID0171","Specialised workflow",8
"PID0172","Write or debug code",39.9
"PID0172","Meeting workflow",122.2
"PID0172","Email workflow",81.4
"PID0172","Communication workflow",109.3
"PID0172","Document and comment",223.5
"PID0172","Analysis and research",93.5
"PID0172","General assistance",51.8
"PID0172","Specialised workflow",25.1
"PID0173","Write or debug code",59.2
"PID0173","Meeting workflow",168.4
"PID0173","Email workflow",161.2
"PID0173","Communication workflow",250.9
"PID0173","Document and comment",256.1
"PID0173","Analysis and research",207.9
"PID0173","General assistance",101
"PID0173","Specialised workflow",40.7
"PID0174","Write or debug code",3.4
"PID0174","Meeting workflow",16.1
"PID0174","Email workflow",14.2
"PID0174","Communication workflow",10.4
"PID0174","Document and comment",17.7
"PID0174","Analysis and research",23.4
"PID0174","General assistance",7.6
"PID0174","Specialised workflow",3.7
"PID0175","Write or debug code",1.1
"PID0175","Meeting workflow",6.4
"PID0175","Email workflow",8.6
"PID0175","Communication workflow",4.5
"PID0175","Document and comment",4.8
"PID0175","Analysis and research",3.1
"PID0175","General assistance",3
"PID0175","Specialised workflow",1.2
"PID0176","Write or debug code",6623
"PID0176","Meeting workflow",1574.2
"PID0176","Email workflow",1466.9
"PID0176","Communication workflow",1622.9
"PID0176","Document and comment",1583
"PID0176","Analysis and research",1722.7
"PID0176","General assistance",1368.9
"PID0176","Specialised workflow",928.3
"PID0177","Write or debug code",65.3
"PID0177","Meeting workflow",527.2
"PID0177","Email workflow",534.2
"PID0177","Communication workflow",381.3
"PID0177","Document and comment",246.2
"PID0177","Analysis and research",172.5
"PID0177","General assistance",133.6
"PID0177","Specialised workflow",92.1
"PID0178","Write or debug code",0
"PID0178","Meeting workflow",0
"PID0178","Email workflow",0
"PID0178","Communication workflow",0
"PID0178","Document and comment",0
"PID0178","Analysis and research",0
"PID0178","General assistance",0
"PID0178","Specialised workflow",0
"PID0179","Write or debug code",8.4
"PID0179","Meeting workflow",49.2
"PID0179","Email workflow",68.3
"PID0179","Communication workflow",39.5
"PID0179","Document and comment",28.3
"PID0179","Analysis and research",27.8
"PID0179","General assistance",23.6
"PID0179","Specialised workflow",9.7
"PID0180","Write or debug code",17.7
"PID0180","Meeting workflow",90
"PID0180","Email workflow",98.5
"PID0180","Communication workflow",93.1
"PID0180","Document and comment",79.5
"PID0180","Analysis and research",57.7
"PID0180","General assistance",42.4
"PID0180","Specialised workflow",16.6
"PID0181","Write or debug code",10.4
"PID0181","Meeting workflow",22.8
"PID0181","Email workflow",42.8
"PID0181","Communication workflow",12
"PID0181","Document and comment",49
"PID0181","Analysis and research",49.1
"PID0181","General assistance",17.4
"PID0181","Specialised workflow",12.5
"PID0182","Write or debug code",112.1
"PID0182","Meeting workflow",31.6
"PID0182","Email workflow",24
"PID0182","Communication workflow",21.8
"PID0182","Document and comment",22.5
"PID0182","Analysis and research",43.8
"PID0182","General assistance",13.2
"PID0182","Specialised workflow",14.5
"PID0183","Write or debug code",41.6
"PID0183","Meeting workflow",88.2
"PID0183","Email workflow",103.4
"PID0183","Communication workflow",58.3
"PID0183","Document and comment",65.6
"PID0183","Analysis and research",90.5
"PID0183","General assistance",56.1
"PID0183","Specialised workflow",21.8
"PID0184","Write or debug code",5.9
"PID0184","Meeting workflow",34.9
"PID0184","Email workflow",47.6
"PID0184","Communication workflow",24.9
"PID0184","Document and comment",14.1
"PID0184","Analysis and research",14.7
"PID0184","General assistance",14.9
"PID0184","Specialised workflow",3.6
"PID0185","Write or debug code",4.2
"PID0185","Meeting workflow",14.9
"PID0185","Email workflow",24.8
"PID0185","Communication workflow",23.2
"PID0185","Document and comment",14.7
"PID0185","Analysis and research",12.2
"PID0185","General assistance",25.4
"PID0185","Specialised workflow",5.4
"PID0186","Write or debug code",24.8
"PID0186","Meeting workflow",41
"PID0186","Email workflow",49
"PID0186","Communication workflow",37.9
"PID0186","Document and comment",44.2
"PID0186","Analysis and research",32.5
"PID0186","General assistance",29.1
"PID0186","Specialised workflow",10.3
"PID0187","Write or debug code",9.3
"PID0187","Meeting workflow",49.5
"PID0187","Email workflow",57.7
"PID0187","Communication workflow",19.4
"PID0187","Document and comment",120.7
"PID0187","Analysis and research",81.2
"PID0187","General assistance",21.3
"PID0187","Specialised workflow",14.4
"PID0188","Write or debug code",74
"PID0188","Meeting workflow",359.9
"PID0188","Email workflow",490.2
"PID0188","Communication workflow",303.8
"PID0188","Document and comment",261.7
"PID0188","Analysis and research",241.2
"PID0188","General assistance",230.3
"PID0188","Specialised workflow",72.8
"PID0189","Write or debug code",33.9
"PID0189","Meeting workflow",76.5
"PID0189","Email workflow",89.4
"PID0189","Communication workflow",49.1
"PID0189","Document and comment",74
"PID0189","Analysis and research",61.9
"PID0189","General assistance",49.3
"PID0189","Specialised workflow",20.4
"PID0190","Write or debug code",36.2
"PID0190","Meeting workflow",196.3
"PID0190","Email workflow",312.5
"PID0190","Communication workflow",221.2
"PID0190","Document and comment",150.7
"PID0190","Analysis and research",77
"PID0190","General assistance",79.3
"PID0190","Specialised workflow",32.4
"PID0191","Write or debug code",14.2
"PID0191","Meeting workflow",46.9
"PID0191","Email workflow",40.2
"PID0191","Communication workflow",26
"PID0191","Document and comment",29.8
"PID0191","Analysis and research",26.5
"PID0191","General assistance",20
"PID0191","Specialised workflow",5.9
"PID0192","Write or debug code",39.4
"PID0192","Meeting workflow",258.8
"PID0192","Email workflow",413.9
"PID0192","Communication workflow",169.4
"PID0192","Document and comment",123.7
"PID0192","Analysis and research",137.5
"PID0192","General assistance",84
"PID0192","Specialised workflow",52.3
"PID0193","Write or debug code",42.9
"PID0193","Meeting workflow",101
"PID0193","Email workflow",131.1
"PID0193","Communication workflow",183.8
"PID0193","Document and comment",262.6
"PID0193","Analysis and research",163.9
"PID0193","General assistance",74.5
"PID0193","Specialised workflow",39.5
"PID0194","Write or debug code",70.5
"PID0194","Meeting workflow",178.5
"PID0194","Email workflow",255
"PID0194","Communication workflow",105.3
"PID0194","Document and comment",398.2
"PID0194","Analysis and research",354.9
"PID0194","General assistance",81.7
"PID0194","Specialised workflow",58.2
"PID0195","Write or debug code",283.9
"PID0195","Meeting workflow",850.7
"PID0195","Email workflow",1150.4
"PID0195","Communication workflow",397.2
"PID0195","Document and comment",924
"PID0195","Analysis and research",1980
"PID0195","General assistance",511.3
"PID0195","Specialised workflow",288.8
"PID0196","Write or debug code",23.7
"PID0196","Meeting workflow",64.6
"PID0196","Email workflow",136.1
"PID0196","Communication workflow",144
"PID0196","Document and comment",65.9
"PID0196","Analysis and research",55
"PID0196","General assistance",106.1
"PID0196","Specialised workflow",34.2
"PID0197","Write or debug code",0
"PID0197","Meeting workflow",0
"PID0197","Email workflow",0
"PID0197","Communication workflow",0
"PID0197","Document and comment",0
"PID0197","Analysis and research",0
"PID0197","General assistance",0
"PID0197","Specialised workflow",0
"PID0198","Write or debug code",0
"PID0198","Meeting workflow",0
"PID0198","Email workflow",0
"PID0198","Communication workflow",0
"PID0198","Document and comment",0
"PID0198","Analysis and research",0
"PID0198","General assistance",0
"PID0198","Specialised workflow",0
"PID0199","Write or debug code",8.9
"PID0199","Meeting workflow",31.6
"PID0199","Email workflow",35.6
"PID0199","Communication workflow",52
"PID0199","Document and comment",65.2
"PID0199","Analysis and research",28.2
"PID0199","General assistance",15.7
"PID0199","Specialised workflow",7.2
"PID0200","Write or debug code",4.2
"PID0200","Meeting workflow",11.2
"PID0200","Email workflow",12.2
"PID0200","Communication workflow",17.8
"PID0200","Document and comment",27.1
"PID0200","Analysis and research",15.5
"PID0200","General assistance",7.4
"PID0200","Specialised workflow",3.5
"PID0201","Write or debug code",0.1
"PID0201","Meeting workflow",0.8
"PID0201","Email workflow",0.8
"PID0201","Communication workflow",0.5
"PID0201","Document and comment",0.2
"PID0201","Analysis and research",0.3
"PID0201","General assistance",0.1
"PID0201","Specialised workflow",0.1
"PID0202","Write or debug code",179
"PID0202","Meeting workflow",48.6
"PID0202","Email workflow",45.7
"PID0202","Communication workflow",27.2
"PID0202","Document and comment",37.2
"PID0202","Analysis and research",48
"PID0202","General assistance",19.3
"PID0202","Specialised workflow",26.9
"PID0203","Write or debug code",0
"PID0203","Meeting workflow",0
"PID0203","Email workflow",0
"PID0203","Communication workflow",0
"PID0203","Document and comment",0
"PID0203","Analysis and research",0
"PID0203","General assistance",0
"PID0203","Specialised workflow",0
"PID0204","Write or debug code",546.2
"PID0204","Meeting workflow",108.5
"PID0204","Email workflow",103.3
"PID0204","Communication workflow",91.2
"PID0204","Document and comment",93.9
"PID0204","Analysis and research",143.1
"PID0204","General assistance",56.3
"PID0204","Specialised workflow",69.2
"PID0205","Write or debug code",4.6
"PID0205","Meeting workflow",14.8
"PID0205","Email workflow",12.3
"PID0205","Communication workflow",13.7
"PID0205","Document and comment",19.9
"PID0205","Analysis and research",8.4
"PID0205","General assistance",7.5
"PID0205","Specialised workflow",2.7
"PID0206","Write or debug code",0
"PID0206","Meeting workflow",0
"PID0206","Email workflow",0
"PID0206","Communication workflow",0
"PID0206","Document and comment",0
"PID0206","Analysis and research",0
"PID0206","General assistance",0
"PID0206","Specialised workflow",0
"PID0207","Write or debug code",538.8
"PID0207","Meeting workflow",88
"PID0207","Email workflow",85
"PID0207","Communication workflow",87
"PID0207","Document and comment",125
"PID0207","Analysis and research",106.6
"PID0207","General assistance",80.4
"PID0207","Specialised workflow",74.2
"PID0208","Write or debug code",0.5
"PID0208","Meeting workflow",1.5
"PID0208","Email workflow",3.9
"PID0208","Communication workflow",4.1
"PID0208","Document and comment",1.2
"PID0208","Analysis and research",1.5
"PID0208","General assistance",2.2
"PID0208","Specialised workflow",0.7
"PID0209","Write or debug code",0
"PID0209","Meeting workflow",0
"PID0209","Email workflow",0
"PID0209","Communication workflow",0
"PID0209","Document and comment",0
"PID0209","Analysis and research",0
"PID0209","General assistance",0
"PID0209","Specialised workflow",0
"PID0210","Write or debug code",26.3
"PID0210","Meeting workflow",195.3
"PID0210","Email workflow",224.5
"PID0210","Communication workflow",112
"PID0210","Document and comment",79.5
"PID0210","Analysis and research",129.3
"PID0210","General assistance",52.9
"PID0210","Specialised workflow",26.7
"PID0211","Write or debug code",0
"PID0211","Meeting workflow",0
"PID0211","Email workflow",0
"PID0211","Communication workflow",0
"PID0211","Document and comment",0
"PID0211","Analysis and research",0
"PID0211","General assistance",0
"PID0211","Specialised workflow",0
"PID0212","Write or debug code",88.5
"PID0212","Meeting workflow",498.2
"PID0212","Email workflow",259.9
"PID0212","Communication workflow",189
"PID0212","Document and comment",149.4
"PID0212","Analysis and research",131.8
"PID0212","General assistance",112.1
"PID0212","Specialised workflow",41.8
"PID0213","Write or debug code",12.6
"PID0213","Meeting workflow",27.7
"PID0213","Email workflow",32
"PID0213","Communication workflow",21.3
"PID0213","Document and comment",28.4
"PID0213","Analysis and research",16.5
"PID0213","General assistance",15.2
"PID0213","Specialised workflow",8.1
"PID0214","Write or debug code",2.8
"PID0214","Meeting workflow",9.5
"PID0214","Email workflow",11.4
"PID0214","Communication workflow",5.7
"PID0214","Document and comment",7.6
"PID0214","Analysis and research",7
"PID0214","General assistance",3.5
"PID0214","Specialised workflow",2.1
"PID0215","Write or debug code",227.5
"PID0215","Meeting workflow",55
"PID0215","Email workflow",54.7
"PID0215","Communication workflow",37.8
"PID0215","Document and comment",51.3
"PID0215","Analysis and research",56.8
"PID0215","General assistance",31.3
"PID0215","Specialised workflow",29.9
"PID0216","Write or debug code",69.6
"PID0216","Meeting workflow",230.6
"PID0216","Email workflow",294.3
"PID0216","Communication workflow",242.7
"PID0216","Document and comment",471.3
"PID0216","Analysis and research",220
"PID0216","General assistance",72.3
"PID0216","Specialised workflow",48.8
"PID0217","Write or debug code",33.1
"PID0217","Meeting workflow",140.8
"PID0217","Email workflow",202.1
"PID0217","Communication workflow",82
"PID0217","Document and comment",347.7
"PID0217","Analysis and research",149
"PID0217","General assistance",29.7
"PID0217","Specialised workflow",28.5
"PID0218","Write or debug code",6.8
"PID0218","Meeting workflow",22.3
"PID0218","Email workflow",26.3
"PID0218","Communication workflow",35.3
"PID0218","Document and comment",39.7
"PID0218","Analysis and research",27.3
"PID0218","General assistance",7.1
"PID0218","Specialised workflow",5.8
"PID0219","Write or debug code",8
"PID0219","Meeting workflow",21.8
"PID0219","Email workflow",21.2
"PID0219","Communication workflow",38.6
"PID0219","Document and comment",69.9
"PID0219","Analysis and research",24.6
"PID0219","General assistance",10.8
"PID0219","Specialised workflow",6.6
"PID0220","Write or debug code",15.7
"PID0220","Meeting workflow",36.5
"PID0220","Email workflow",74.9
"PID0220","Communication workflow",59.9
"PID0220","Document and comment",83.8
"PID0220","Analysis and research",47.7
"PID0220","General assistance",15
"PID0220","Specialised workflow",10.2
"PID0221","Write or debug code",43.4
"PID0221","Meeting workflow",354.1
"PID0221","Email workflow",305.1
"PID0221","Communication workflow",165.8
"PID0221","Document and comment",148.4
"PID0221","Analysis and research",135.5
"PID0221","General assistance",83.3
"PID0221","Specialised workflow",43
"PID0222","Write or debug code",0
"PID0222","Meeting workflow",0
"PID0222","Email workflow",0
"PID0222","Communication workflow",0
"PID0222","Document and comment",0
"PID0222","Analysis and research",0
"PID0222","General assistance",0
"PID0222","Specialised workflow",0
"PID0223","Write or debug code",1.5
"PID0223","Meeting workflow",5.7
"PID0223","Email workflow",9.3
"PID0223","Communication workflow",7.7
"PID0223","Document and comment",4.4
"PID0223","Analysis and research",3.5
"PID0223","General assistance",6.4
"PID0223","Specialised workflow",2.6
"PID0224","Write or debug code",6.9
"PID0224","Meeting workflow",29.4
"PID0224","Email workflow",44.3
"PID0224","Communication workflow",57.6
"PID0224","Document and comment",54.1
"PID0224","Analysis and research",31.9
"PID0224","General assistance",13.8
"PID0224","Specialised workflow",8.3
"PID0225","Write or debug code",87.3
"PID0225","Meeting workflow",20.9
"PID0225","Email workflow",26.3
"PID0225","Communication workflow",19.9
"PID0225","Document and comment",21.3
"PID0225","Analysis and research",17.2
"PID0225","General assistance",16.5
"PID0225","Specialised workflow",17.1
"PID0226","Write or debug code",179.8
"PID0226","Meeting workflow",44
"PID0226","Email workflow",49.1
"PID0226","Communication workflow",36.1
"PID0226","Document and comment",55.8
"PID0226","Analysis and research",38.6
"PID0226","General assistance",27.1
"PID0226","Specialised workflow",26.7
"PID0227","Write or debug code",9.6
"PID0227","Meeting workflow",38.8
"PID0227","Email workflow",37.9
"PID0227","Communication workflow",22.5
"PID0227","Document and comment",25.1
"PID0227","Analysis and research",24.2
"PID0227","General assistance",16.1
"PID0227","Specialised workflow",8.1
"PID0228","Write or debug code",57.7
"PID0228","Meeting workflow",11.5
"PID0228","Email workflow",12.3
"PID0228","Communication workflow",9.5
"PID0228","Document and comment",11.8
"PID0228","Analysis and research",18.6
"PID0228","General assistance",6.5
"PID0228","Specialised workflow",6.8
"PID0229","Write or debug code",9.6
"PID0229","Meeting workflow",25.7
"PID0229","Email workflow",50.1
"PID0229","Communication workflow",15.5
"PID0229","Document and comment",94.5
"PID0229","Analysis and research",34.3
"PID0229","General assistance",16
"PID0229","Specialised workflow",19.1
"PID0230","Write or debug code",12.9
"PID0230","Meeting workflow",77.2
"PID0230","Email workflow",67.2
"PID0230","Communication workflow",42.7
"PID0230","Document and comment",58.2
"PID0230","Analysis and research",36.1
"PID0230","General assistance",44.2
"PID0230","Specialised workflow",9.7
"PID0231","Write or debug code",6.9
"PID0231","Meeting workflow",12.9
"PID0231","Email workflow",31.8
"PID0231","Communication workflow",29.6
"PID0231","Document and comment",11.2
"PID0231","Analysis and research",12.9
"PID0231","General assistance",18.4
"PID0231","Specialised workflow",6.9
"PID0232","Write or debug code",1.5
"PID0232","Meeting workflow",5.8
"PID0232","Email workflow",6
"PID0232","Communication workflow",5.2
"PID0232","Document and comment",5.2
"PID0232","Analysis and research",4.9
"PID0232","General assistance",2.7
"PID0232","Specialised workflow",1.6
"PID0233","Write or debug code",18.6
"PID0233","Meeting workflow",84
"PID0233","Email workflow",84
"PID0233","Communication workflow",63.5
"PID0233","Document and comment",124.3
"PID0233","Analysis and research",61.8
"PID0233","General assistance",24.3
"PID0233","Specialised workflow",15.2
"PID0234","Write or debug code",3.8
"PID0234","Meeting workflow",21.1
"PID0234","Email workflow",23.9
"PID0234","Communication workflow",9
"PID0234","Document and comment",10
"PID0234","Analysis and research",7.6
"PID0234","General assistance",6
"PID0234","Specialised workflow",3.2
"PID0235","Write or debug code",0
"PID0235","Meeting workflow",0
"PID0235","Email workflow",0
"PID0235","Communication workflow",0
"PID0235","Document and comment",0
"PID0235","Analysis and research",0
"PID0235","General assistance",0
"PID0235","Specialised workflow",0
"PID0236","Write or debug code",4.6
"PID0236","Meeting workflow",14
"PID0236","Email workflow",23
"PID0236","Communication workflow",10.1
"PID0236","Document and comment",34.1
"PID0236","Analysis and research",18.3
"PID0236","General assistance",5.9
"PID0236","Specialised workflow",8.3
"PID0237","Write or debug code",1033.7
"PID0237","Meeting workflow",179.6
"PID0237","Email workflow",238.6
"PID0237","Communication workflow",138
"PID0237","Document and comment",170.1
"PID0237","Analysis and research",221.4
"PID0237","General assistance",88.2
"PID0237","Specialised workflow",111.6
"PID0238","Write or debug code",2.8
"PID0238","Meeting workflow",10.1
"PID0238","Email workflow",22.6
"PID0238","Communication workflow",22.6
"PID0238","Document and comment",9.9
"PID0238","Analysis and research",11.4
"PID0238","General assistance",14.3
"PID0238","Specialised workflow",5
"PID0239","Write or debug code",2.4
"PID0239","Meeting workflow",7.6
"PID0239","Email workflow",11.4
"PID0239","Communication workflow",10.4
"PID0239","Document and comment",16.4
"PID0239","Analysis and research",5.9
"PID0239","General assistance",2.9
"PID0239","Specialised workflow",1.6
"PID0240","Write or debug code",1120.4
"PID0240","Meeting workflow",407.8
"PID0240","Email workflow",299.8
"PID0240","Communication workflow",258.4
"PID0240","Document and comment",269.6
"PID0240","Analysis and research",253.2
"PID0240","General assistance",138.2
"PID0240","Specialised workflow",217.6
"PID0241","Write or debug code",8.1
"PID0241","Meeting workflow",65.2
"PID0241","Email workflow",67
"PID0241","Communication workflow",49.2
"PID0241","Document and comment",44.9
"PID0241","Analysis and research",27.8
"PID0241","General assistance",23.1
"PID0241","Specialised workflow",11.1
"PID0242","Write or debug code",780.5
"PID0242","Meeting workflow",110.8
"PID0242","Email workflow",133.6
"PID0242","Communication workflow",130.7
"PID0242","Document and comment",174.3
"PID0242","Analysis and research",208.4
"PID0242","General assistance",87.6
"PID0242","Specialised workflow",95.7
"PID0243","Write or debug code",27
"PID0243","Meeting workflow",66.6
"PID0243","Email workflow",71.3
"PID0243","Communication workflow",35.8
"PID0243","Document and comment",108.8
"PID0243","Analysis and research",190.8
"PID0243","General assistance",46.4
"PID0243","Specialised workflow",39.8
"PID0244","Write or debug code",1.5
"PID0244","Meeting workflow",4.5
"PID0244","Email workflow",10
"PID0244","Communication workflow",9.1
"PID0244","Document and comment",7.2
"PID0244","Analysis and research",5.2
"PID0244","General assistance",7.5
"PID0244","Specialised workflow",1.9
"PID0245","Write or debug code",18.1
"PID0245","Meeting workflow",56.3
"PID0245","Email workflow",62.9
"PID0245","Communication workflow",57.6
"PID0245","Document and comment",52.1
"PID0245","Analysis and research",35.3
"PID0245","General assistance",34.3
"PID0245","Specialised workflow",18
"PID0246","Write or debug code",25
"PID0246","Meeting workflow",58.3
"PID0246","Email workflow",121.4
"PID0246","Communication workflow",130.7
"PID0246","Document and comment",54.3
"PID0246","Analysis and research",69.8
"PID0246","General assistance",73
"PID0246","Specialised workflow",29
"PID0247","Write or debug code",561.9
"PID0247","Meeting workflow",103.8
"PID0247","Email workflow",224.9
"PID0247","Communication workflow",124.7
"PID0247","Document and comment",105.9
"PID0247","Analysis and research",154
"PID0247","General assistance",62.5
"PID0247","Specialised workflow",94.9
"PID0248","Write or debug code",9.5
"PID0248","Meeting workflow",24
"PID0248","Email workflow",53.1
"PID0248","Communication workflow",52.9
"PID0248","Document and comment",76.6
"PID0248","Analysis and research",35.2
"PID0248","General assistance",16.8
"PID0248","Specialised workflow",9.6
"PID0249","Write or debug code",178.3
"PID0249","Meeting workflow",462.3
"PID0249","Email workflow",502.6
"PID0249","Communication workflow",361.3
"PID0249","Document and comment",304.2
"PID0249","Analysis and research",305.8
"PID0249","General assistance",250
"PID0249","Specialised workflow",86.7
"PID0250","Write or debug code",18
"PID0250","Meeting workflow",30.5
"PID0250","Email workflow",40.5
"PID0250","Communication workflow",23
"PID0250","Document and comment",43
"PID0250","Analysis and research",22.9
"PID0250","General assistance",18.5
"PID0250","Specialised workflow",8
"PID0251","Write or debug code",39.1
"PID0251","Meeting workflow",113.5
"PID0251","Email workflow",110.3
"PID0251","Communication workflow",58.5
"PID0251","Document and comment",89.3
"PID0251","Analysis and research",111
"PID0251","General assistance",62.4
"PID0251","Specialised workflow",25.3
"PID0252","Write or debug code",1.6
"PID0252","Meeting workflow",4.7
"PID0252","Email workflow",6.1
"PID0252","Communication workflow",7.3
"PID0252","Document and comment",4.2
"PID0252","Analysis and research",3
"PID0252","General assistance",5.5
"PID0252","Specialised workflow",1.9
"PID0253","Write or debug code",7.7
"PID0253","Meeting workflow",32.3
"PID0253","Email workflow",61.8
"PID0253","Communication workflow",58.8
"PID0253","Document and comment",24.3
"PID0253","Analysis and research",25.6
"PID0253","General assistance",40.8
"PID0253","Specialised workflow",15.1
"PID0254","Write or debug code",0.5
"PID0254","Meeting workflow",2.1
"PID0254","Email workflow",2.4
"PID0254","Communication workflow",3.8
"PID0254","Document and comment",1.3
"PID0254","Analysis and research",1.5
"PID0254","General assistance",1.2
"PID0254","Specialised workflow",0.8
"PID0255","Write or debug code",6.7
"PID0255","Meeting workflow",18.3
"PID0255","Email workflow",28.6
"PID0255","Communication workflow",15.6
"PID0255","Document and comment",35.2
"PID0255","Analysis and research",43.8
"PID0255","General assistance",11.7
"PID0255","Specialised workflow",7.9
"PID0256","Write or debug code",3.6
"PID0256","Meeting workflow",10.5
"PID0256","Email workflow",11.8
"PID0256","Communication workflow",7.5
"PID0256","Document and comment",15.7
"PID0256","Analysis and research",18.4
"PID0256","General assistance",5.6
"PID0256","Specialised workflow",4.3
"PID0257","Write or debug code",14.1
"PID0257","Meeting workflow",126.3
"PID0257","Email workflow",91.4
"PID0257","Communication workflow",69.1
"PID0257","Document and comment",55.2
"PID0257","Analysis and research",34
"PID0257","General assistance",34.5
"PID0257","Specialised workflow",15.3
"PID0258","Write or debug code",48.1
"PID0258","Meeting workflow",97.3
"PID0258","Email workflow",170
"PID0258","Communication workflow",95.2
"PID0258","Document and comment",237.6
"PID0258","Analysis and research",270.3
"PID0258","General assistance",97.6
"PID0258","Specialised workflow",49.2
"PID0259","Write or debug code",22.7
"PID0259","Meeting workflow",60.8
"PID0259","Email workflow",60.8
"PID0259","Communication workflow",51.4
"PID0259","Document and comment",51.5
"PID0259","Analysis and research",46.8
"PID0259","General assistance",29.1
"PID0259","Specialised workflow",11.1
"PID0260","Write or debug code",3.9
"PID0260","Meeting workflow",16.8
"PID0260","Email workflow",12.2
"PID0260","Communication workflow",9.7
"PID0260","Document and comment",8.1
"PID0260","Analysis and research",9.2
"PID0260","General assistance",5.7
"PID0260","Specialised workflow",2.5
"PID0261","Write or debug code",25.7
"PID0261","Meeting workflow",116.4
"PID0261","Email workflow",102.4
"PID0261","Communication workflow",55.8
"PID0261","Document and comment",137.2
"PID0261","Analysis and research",227.5
"PID0261","General assistance",48.3
"PID0261","Specialised workflow",37.1
"PID0262","Write or debug code",18.3
"PID0262","Meeting workflow",70.2
"PID0262","Email workflow",155.9
"PID0262","Communication workflow",115
"PID0262","Document and comment",43.7
"PID0262","Analysis and research",41
"PID0262","General assistance",27.9
"PID0262","Specialised workflow",12.7
"PID0263","Write or debug code",5.4
"PID0263","Meeting workflow",45.6
"PID0263","Email workflow",53.3
"PID0263","Communication workflow",36.1
"PID0263","Document and comment",41.1
"PID0263","Analysis and research",27.2
"PID0263","General assistance",17.8
"PID0263","Specialised workflow",6.6
"PID0264","Write or debug code",36.1
"PID0264","Meeting workflow",79.5
"PID0264","Email workflow",150
"PID0264","Communication workflow",54.8
"PID0264","Document and comment",177.1
"PID0264","Analysis and research",300.4
"PID0264","General assistance",55.7
"PID0264","Specialised workflow",49.6
"PID0265","Write or debug code",543.5
"PID0265","Meeting workflow",104.4
"PID0265","Email workflow",120.8
"PID0265","Communication workflow",81
"PID0265","Document and comment",126.3
"PID0265","Analysis and research",141.6
"PID0265","General assistance",79.3
"PID0265","Specialised workflow",79
"PID0266","Write or debug code",0
"PID0266","Meeting workflow",0
"PID0266","Email workflow",0
"PID0266","Communication workflow",0
"PID0266","Document and comment",0
"PID0266","Analysis and research",0
"PID0266","General assistance",0
"PID0266","Specialised workflow",0
"PID0267","Write or debug code",19
"PID0267","Meeting workflow",62.7
"PID0267","Email workflow",55
"PID0267","Communication workflow",59.2
"PID0267","Document and comment",40.1
"PID0267","Analysis and research",46.6
"PID0267","General assistance",26.1
"PID0267","Specialised workflow",11.2
"PID0268","Write or debug code",5.2
"PID0268","Meeting workflow",64.4
"PID0268","Email workflow",39
"PID0268","Communication workflow",32
"PID0268","Document and comment",29.8
"PID0268","Analysis and research",20.9
"PID0268","General assistance",17.4
"PID0268","Specialised workflow",7.2
"PID0269","Write or debug code",2.5
"PID0269","Meeting workflow",7.8
"PID0269","Email workflow",7.1
"PID0269","Communication workflow",14.9
"PID0269","Document and comment",20.1
"PID0269","Analysis and research",11.5
"PID0269","General assistance",4.3
"PID0269","Specialised workflow",2.1
"PID0270","Write or debug code",56.1
"PID0270","Meeting workflow",11.9
"PID0270","Email workflow",10.4
"PID0270","Communication workflow",10.9
"PID0270","Document and comment",13.2
"PID0270","Analysis and research",16.5
"PID0270","General assistance",12.3
"PID0270","Specialised workflow",9.5
"PID0271","Write or debug code",6.2
"PID0271","Meeting workflow",11.1
"PID0271","Email workflow",13.8
"PID0271","Communication workflow",9.5
"PID0271","Document and comment",9.4
"PID0271","Analysis and research",7.7
"PID0271","General assistance",6.7
"PID0271","Specialised workflow",3
"PID0272","Write or debug code",24.2
"PID0272","Meeting workflow",101
"PID0272","Email workflow",86.2
"PID0272","Communication workflow",54.8
"PID0272","Document and comment",135.5
"PID0272","Analysis and research",184.1
"PID0272","General assistance",43.7
"PID0272","Specialised workflow",37.5
"PID0273","Write or debug code",0
"PID0273","Meeting workflow",0
"PID0273","Email workflow",0
"PID0273","Communication workflow",0
"PID0273","Document and comment",0
"PID0273","Analysis and research",0
"PID0273","General assistance",0
"PID0273","Specialised workflow",0
"PID0274","Write or debug code",26.3
"PID0274","Meeting workflow",108.7
"PID0274","Email workflow",207.1
"PID0274","Communication workflow",83.3
"PID0274","Document and comment",91.6
"PID0274","Analysis and research",51
"PID0274","General assistance",70.4
"PID0274","Specialised workflow",22.9
"PID0275","Write or debug code",8.6
"PID0275","Meeting workflow",34.9
"PID0275","Email workflow",26.7
"PID0275","Communication workflow",17.8
"PID0275","Document and comment",18.1
"PID0275","Analysis and research",16.7
"PID0275","General assistance",15
"PID0275","Specialised workflow",6.3
"PID0276","Write or debug code",249.3
"PID0276","Meeting workflow",82.5
"PID0276","Email workflow",57.1
"PID0276","Communication workflow",35.1
"PID0276","Document and comment",46.6
"PID0276","Analysis and research",61.9
"PID0276","General assistance",37.5
"PID0276","Specialised workflow",43.7
"PID0277","Write or debug code",731.9
"PID0277","Meeting workflow",196.7
"PID0277","Email workflow",125.9
"PID0277","Communication workflow",117.2
"PID0277","Document and comment",127.8
"PID0277","Analysis and research",185.3
"PID0277","General assistance",81.4
"PID0277","Specialised workflow",95.6
"PID0278","Write or debug code",1.9
"PID0278","Meeting workflow",11.1
"PID0278","Email workflow",20.3
"PID0278","Communication workflow",8.9
"PID0278","Document and comment",5.4
"PID0278","Analysis and research",4.9
"PID0278","General assistance",2.7
"PID0278","Specialised workflow",1.6
"PID0279","Write or debug code",8.1
"PID0279","Meeting workflow",29.4
"PID0279","Email workflow",64.6
"PID0279","Communication workflow",79.3
"PID0279","Document and comment",45.8
"PID0279","Analysis and research",22.2
"PID0279","General assistance",47.1
"PID0279","Specialised workflow",21.6
"PID0280","Write or debug code",177.1
"PID0280","Meeting workflow",46
"PID0280","Email workflow",48.3
"PID0280","Communication workflow",32.3
"PID0280","Document and comment",53.3
"PID0280","Analysis and research",56
"PID0280","General assistance",22.4
"PID0280","Specialised workflow",30.7
"PID0281","Write or debug code",22.9
"PID0281","Meeting workflow",186.9
"PID0281","Email workflow",110.4
"PID0281","Communication workflow",120.5
"PID0281","Document and comment",97.9
"PID0281","Analysis and research",74.7
"PID0281","General assistance",70.5
"PID0281","Specialised workflow",25.4
"PID0282","Write or debug code",9
"PID0282","Meeting workflow",24.8
"PID0282","Email workflow",43.5
"PID0282","Communication workflow",48.9
"PID0282","Document and comment",16.1
"PID0282","Analysis and research",14.9
"PID0282","General assistance",31
"PID0282","Specialised workflow",9.4
"PID0283","Write or debug code",0
"PID0283","Meeting workflow",0.4
"PID0283","Email workflow",0.3
"PID0283","Communication workflow",0.2
"PID0283","Document and comment",0.2
"PID0283","Analysis and research",0.1
"PID0283","General assistance",0.1
"PID0283","Specialised workflow",0.1
"PID0284","Write or debug code",8.1
"PID0284","Meeting workflow",44.4
"PID0284","Email workflow",52.1
"PID0284","Communication workflow",42.4
"PID0284","Document and comment",30.1
"PID0284","Analysis and research",22.7
"PID0284","General assistance",12.3
"PID0284","Specialised workflow",7.2
"PID0285","Write or debug code",147.2
"PID0285","Meeting workflow",781.6
"PID0285","Email workflow",947.2
"PID0285","Communication workflow",953.2
"PID0285","Document and comment",659.1
"PID0285","Analysis and research",482.2
"PID0285","General assistance",314.7
"PID0285","Specialised workflow",163
"PID0286","Write or debug code",0.2
"PID0286","Meeting workflow",0.5
"PID0286","Email workflow",1
"PID0286","Communication workflow",1.3
"PID0286","Document and comment",0.6
"PID0286","Analysis and research",0.5
"PID0286","General assistance",1
"PID0286","Specialised workflow",0.3
"PID0287","Write or debug code",31.2
"PID0287","Meeting workflow",90
"PID0287","Email workflow",119
"PID0287","Communication workflow",66.2
"PID0287","Document and comment",75.5
"PID0287","Analysis and research",60.8
"PID0287","General assistance",46.9
"PID0287","Specialised workflow",17.9
"PID0288","Write or debug code",12.7
"PID0288","Meeting workflow",40.4
"PID0288","Email workflow",56.4
"PID0288","Communication workflow",22.7
"PID0288","Document and comment",86.5
"PID0288","Analysis and research",48.9
"PID0288","General assistance",16.2
"PID0288","Specialised workflow",13
"PID0289","Write or debug code",166.8
"PID0289","Meeting workflow",44.3
"PID0289","Email workflow",38.8
"PID0289","Communication workflow",32.2
"PID0289","Document and comment",34.3
"PID0289","Analysis and research",45
"PID0289","General assistance",17.9
"PID0289","Specialised workflow",28.6
"PID0290","Write or debug code",15.9
"PID0290","Meeting workflow",38.4
"PID0290","Email workflow",98.7
"PID0290","Communication workflow",119.5
"PID0290","Document and comment",41.2
"PID0290","Analysis and research",39.6
"PID0290","General assistance",61.3
"PID0290","Specialised workflow",16.5
"PID0291","Write or debug code",21.6
"PID0291","Meeting workflow",159.4
"PID0291","Email workflow",125.7
"PID0291","Communication workflow",91
"PID0291","Document and comment",80.3
"PID0291","Analysis and research",59.5
"PID0291","General assistance",47
"PID0291","Specialised workflow",25.2
"PID0292","Write or debug code",1070.6
"PID0292","Meeting workflow",247.5
"PID0292","Email workflow",319.3
"PID0292","Communication workflow",262.2
"PID0292","Document and comment",216.6
"PID0292","Analysis and research",288.5
"PID0292","General assistance",117.2
"PID0292","Specialised workflow",215.7
"PID0293","Write or debug code",1.6
"PID0293","Meeting workflow",4.3
"PID0293","Email workflow",8.2
"PID0293","Communication workflow",8.4
"PID0293","Document and comment",4.7
"PID0293","Analysis and research",4.9
"PID0293","General assistance",5.8
"PID0293","Specialised workflow",3.1
"PID0294","Write or debug code",37.5
"PID0294","Meeting workflow",75.2
"PID0294","Email workflow",88.7
"PID0294","Communication workflow",50.1
"PID0294","Document and comment",75.6
"PID0294","Analysis and research",72.2
"PID0294","General assistance",48.8
"PID0294","Specialised workflow",15.6
"PID0295","Write or debug code",1.9
"PID0295","Meeting workflow",6
"PID0295","Email workflow",12.7
"PID0295","Communication workflow",5.5
"PID0295","Document and comment",3.7
"PID0295","Analysis and research",3.3
"PID0295","General assistance",2.9
"PID0295","Specialised workflow",1.5
"PID0296","Write or debug code",0
"PID0296","Meeting workflow",0
"PID0296","Email workflow",0
"PID0296","Communication workflow",0
"PID0296","Document and comment",0
"PID0296","Analysis and research",0
"PID0296","General assistance",0
"PID0296","Specialised workflow",0
"PID0297","Write or debug code",127.4
"PID0297","Meeting workflow",1056.4
"PID0297","Email workflow",1179.3
"PID0297","Communication workflow",685.9
"PID0297","Document and comment",695.1
"PID0297","Analysis and research",449.5
"PID0297","General assistance",405.2
"PID0297","Specialised workflow",117.3
"PID0298","Write or debug code",4
"PID0298","Meeting workflow",8.5
"PID0298","Email workflow",10
"PID0298","Communication workflow",5.7
"PID0298","Document and comment",7.9
"PID0298","Analysis and research",6.7
"PID0298","General assistance",5.8
"PID0298","Specialised workflow",1.9
"PID0299","Write or debug code",5
"PID0299","Meeting workflow",29.1
"PID0299","Email workflow",36.7
"PID0299","Communication workflow",35.5
"PID0299","Document and comment",21.7
"PID0299","Analysis and research",15.4
"PID0299","General assistance",12.9
"PID0299","Specialised workflow",4.7
"PID0300","Write or debug code",23.3
"PID0300","Meeting workflow",69.5
"PID0300","Email workflow",80.8
"PID0300","Communication workflow",34
"PID0300","Document and comment",127.8
"PID0300","Analysis and research",160.2
"PID0300","General assistance",27.1
"PID0300","Specialised workflow",26.5
"PID0301","Write or debug code",1.3
"PID0301","Meeting workflow",2.8
"PID0301","Email workflow",3.6
"PID0301","Communication workflow",3.7
"PID0301","Document and comment",5.4
"PID0301","Analysis and research",2.8
"PID0301","General assistance",1.6
"PID0301","Specialised workflow",0.6
"PID0302","Write or debug code",1.6
"PID0302","Meeting workflow",5.7
"PID0302","Email workflow",6
"PID0302","Communication workflow",3.8
"PID0302","Document and comment",3.8
"PID0302","Analysis and research",4.3
"PID0302","General assistance",2.6
"PID0302","Specialised workflow",1.1
"PID0303","Write or debug code",0
"PID0303","Meeting workflow",0
"PID0303","Email workflow",0
"PID0303","Communication workflow",0
"PID0303","Document and comment",0
"PID0303","Analysis and research",0
"PID0303","General assistance",0
"PID0303","Specialised workflow",0
"PID0304","Write or debug code",45.6
"PID0304","Meeting workflow",161.7
"PID0304","Email workflow",186.1
"PID0304","Communication workflow",92.1
"PID0304","Document and comment",211.4
"PID0304","Analysis and research",353.2
"PID0304","General assistance",91.5
"PID0304","Specialised workflow",68.6
"PID0305","Write or debug code",10.4
"PID0305","Meeting workflow",58.7
"PID0305","Email workflow",148.1
"PID0305","Communication workflow",51.9
"PID0305","Document and comment",34.7
"PID0305","Analysis and research",30.7
"PID0305","General assistance",29.3
"PID0305","Specialised workflow",13.6
"PID0306","Write or debug code",73.5
"PID0306","Meeting workflow",172.1
"PID0306","Email workflow",386.5
"PID0306","Communication workflow",386.9
"PID0306","Document and comment",170.5
"PID0306","Analysis and research",160.1
"PID0306","General assistance",274.1
"PID0306","Specialised workflow",128.1
"PID0307","Write or debug code",0
"PID0307","Meeting workflow",0.1
"PID0307","Email workflow",0.2
"PID0307","Communication workflow",0.2
"PID0307","Document and comment",0.1
"PID0307","Analysis and research",0.1
"PID0307","General assistance",0.1
"PID0307","Specialised workflow",0
"PID0308","Write or debug code",101.1
"PID0308","Meeting workflow",31.5
"PID0308","Email workflow",38.7
"PID0308","Communication workflow",29
"PID0308","Document and comment",17.7
"PID0308","Analysis and research",36.7
"PID0308","General assistance",14.4
"PID0308","Specialised workflow",19.9
"PID0309","Write or debug code",32.6
"PID0309","Meeting workflow",96
"PID0309","Email workflow",86.8
"PID0309","Communication workflow",76.4
"PID0309","Document and comment",81.9
"PID0309","Analysis and research",79.5
"PID0309","General assistance",49.1
"PID0309","Specialised workflow",15.2
"PID0310","Write or debug code",0
"PID0310","Meeting workflow",0
"PID0310","Email workflow",0
"PID0310","Communication workflow",0
"PID0310","Document and comment",0
"PID0310","Analysis and research",0
"PID0310","General assistance",0
"PID0310","Specialised workflow",0
"PID0311","Write or debug code",15.1
"PID0311","Meeting workflow",72.1
"PID0311","Email workflow",115.1
"PID0311","Communication workflow",71.4
"PID0311","Document and comment",38.6
"PID0311","Analysis and research",28.3
"PID0311","General assistance",26.6
"PID0311","Specialised workflow",11.8
"PID0312","Write or debug code",4.5
"PID0312","Meeting workflow",10.8
"PID0312","Email workflow",10.6
"PID0312","Communication workflow",7.1
"PID0312","Document and comment",7.5
"PID0312","Analysis and research",7.2
"PID0312","General assistance",5
"PID0312","Specialised workflow",1.9
"PID0313","Write or debug code",6.2
"PID0313","Meeting workflow",15.7
"PID0313","Email workflow",15.9
"PID0313","Communication workflow",9.6
"PID0313","Document and comment",23.8
"PID0313","Analysis and research",41.4
"PID0313","General assistance",7.8
"PID0313","Specialised workflow",6.2
"PID0314","Write or debug code",16
"PID0314","Meeting workflow",117.7
"PID0314","Email workflow",133
"PID0314","Communication workflow",87.3
"PID0314","Document and comment",47.8
"PID0314","Analysis and research",57.1
"PID0314","General assistance",31.7
"PID0314","Specialised workflow",18.9
"PID0315","Write or debug code",25.5
"PID0315","Meeting workflow",168.7
"PID0315","Email workflow",263.4
"PID0315","Communication workflow",102.4
"PID0315","Document and comment",88.7
"PID0315","Analysis and research",85
"PID0315","General assistance",38.7
"PID0315","Specialised workflow",24
"PID0316","Write or debug code",28
"PID0316","Meeting workflow",93.6
"PID0316","Email workflow",175.1
"PID0316","Communication workflow",50.7
"PID0316","Document and comment",187.4
"PID0316","Analysis and research",107.3
"PID0316","General assistance",40.3
"PID0316","Specialised workflow",36.1
"PID0317","Write or debug code",68.9
"PID0317","Meeting workflow",194.8
"PID0317","Email workflow",265.6
"PID0317","Communication workflow",396.7
"PID0317","Document and comment",408.9
"PID0317","Analysis and research",250.6
"PID0317","General assistance",112.5
"PID0317","Specialised workflow",58.5
"PID0318","Write or debug code",3.3
"PID0318","Meeting workflow",14.2
"PID0318","Email workflow",31
"PID0318","Communication workflow",26.6
"PID0318","Document and comment",10.2
"PID0318","Analysis and research",7.2
"PID0318","General assistance",17.1
"PID0318","Specialised workflow",6.1
"PID0319","Write or debug code",11.5
"PID0319","Meeting workflow",29.7
"PID0319","Email workflow",47.1
"PID0319","Communication workflow",51.6
"PID0319","Document and comment",71.3
"PID0319","Analysis and research",30.1
"PID0319","General assistance",19.3
"PID0319","Specialised workflow",9.2
"PID0320","Write or debug code",0.3
"PID0320","Meeting workflow",1.3
"PID0320","Email workflow",1.8
"PID0320","Communication workflow",2.2
"PID0320","Document and comment",0.9
"PID0320","Analysis and research",1
"PID0320","General assistance",1.6
"PID0320","Specialised workflow",0.4
"PID0321","Write or debug code",26.9
"PID0321","Meeting workflow",60.2
"PID0321","Email workflow",160.1
"PID0321","Communication workflow",178.5
"PID0321","Document and comment",66.5
"PID0321","Analysis and research",68.9
"PID0321","General assistance",102
"PID0321","Specialised workflow",37.2
"PID0322","Write or debug code",78.8
"PID0322","Meeting workflow",21.9
"PID0322","Email workflow",18.8
"PID0322","Communication workflow",14.8
"PID0322","Document and comment",13.1
"PID0322","Analysis and research",22.7
"PID0322","General assistance",12.3
"PID0322","Specialised workflow",17.9
"PID0323","Write or debug code",20.5
"PID0323","Meeting workflow",31.2
"PID0323","Email workflow",61.3
"PID0323","Communication workflow",26.3
"PID0323","Document and comment",68.4
"PID0323","Analysis and research",104.6
"PID0323","General assistance",27.7
"PID0323","Specialised workflow",24.9
"PID0324","Write or debug code",7.6
"PID0324","Meeting workflow",75.5
"PID0324","Email workflow",101.2
"PID0324","Communication workflow",45.6
"PID0324","Document and comment",32.7
"PID0324","Analysis and research",46.2
"PID0324","General assistance",17.4
"PID0324","Specialised workflow",11.8
"PID0325","Write or debug code",88.5
"PID0325","Meeting workflow",571
"PID0325","Email workflow",737
"PID0325","Communication workflow",358.3
"PID0325","Document and comment",330.5
"PID0325","Analysis and research",292.7
"PID0325","General assistance",168.5
"PID0325","Specialised workflow",68.7
"PID0326","Write or debug code",0
"PID0326","Meeting workflow",0
"PID0326","Email workflow",0
"PID0326","Communication workflow",0
"PID0326","Document and comment",0
"PID0326","Analysis and research",0
"PID0326","General assistance",0
"PID0326","Specialised workflow",0
"PID0327","Write or debug code",0.3
"PID0327","Meeting workflow",1.8
"PID0327","Email workflow",1.8
"PID0327","Communication workflow",1.6
"PID0327","Document and comment",1.4
"PID0327","Analysis and research",1.1
"PID0327","General assistance",0.9
"PID0327","Specialised workflow",0.3
"PID0328","Write or debug code",83.9
"PID0328","Meeting workflow",353.5
"PID0328","Email workflow",441.9
"PID0328","Communication workflow",260.7
"PID0328","Document and comment",313.2
"PID0328","Analysis and research",135.7
"PID0328","General assistance",152.8
"PID0328","Specialised workflow",52.9
"PID0329","Write or debug code",7.8
"PID0329","Meeting workflow",18.7
"PID0329","Email workflow",37.3
"PID0329","Communication workflow",45.1
"PID0329","Document and comment",23
"PID0329","Analysis and research",17.9
"PID0329","General assistance",32.6
"PID0329","Specialised workflow",13.2
"PID0330","Write or debug code",610.5
"PID0330","Meeting workflow",202.8
"PID0330","Email workflow",220.2
"PID0330","Communication workflow",149.9
"PID0330","Document and comment",132.8
"PID0330","Analysis and research",208.4
"PID0330","General assistance",86.1
"PID0330","Specialised workflow",96.7
"PID0331","Write or debug code",0
"PID0331","Meeting workflow",0
"PID0331","Email workflow",0
"PID0331","Communication workflow",0
"PID0331","Document and comment",0
"PID0331","Analysis and research",0
"PID0331","General assistance",0
"PID0331","Specialised workflow",0
"PID0332","Write or debug code",0
"PID0332","Meeting workflow",0
"PID0332","Email workflow",0
"PID0332","Communication workflow",0
"PID0332","Document and comment",0
"PID0332","Analysis and research",0
"PID0332","General assistance",0
"PID0332","Specialised workflow",0
"PID0333","Write or debug code",20.6
"PID0333","Meeting workflow",75.1
"PID0333","Email workflow",72
"PID0333","Communication workflow",37.1
"PID0333","Document and comment",92.6
"PID0333","Analysis and research",110.8
"PID0333","General assistance",21.9
"PID0333","Specialised workflow",24.9
"PID0334","Write or debug code",93.6
"PID0334","Meeting workflow",296.9
"PID0334","Email workflow",236.2
"PID0334","Communication workflow",213.6
"PID0334","Document and comment",234.4
"PID0334","Analysis and research",162.8
"PID0334","General assistance",144.6
"PID0334","Specialised workflow",56.7
"PID0335","Write or debug code",568.7
"PID0335","Meeting workflow",202
"PID0335","Email workflow",283.2
"PID0335","Communication workflow",167.6
"PID0335","Document and comment",209.8
"PID0335","Analysis and research",239.3
"PID0335","General assistance",114.4
"PID0335","Specialised workflow",125.7
"PID0336","Write or debug code",40.9
"PID0336","Meeting workflow",236.7
"PID0336","Email workflow",255.8
"PID0336","Communication workflow",115.9
"PID0336","Document and comment",101.8
"PID0336","Analysis and research",145.4
"PID0336","General assistance",92.7
"PID0336","Specialised workflow",34.9
"PID0337","Write or debug code",7.1
"PID0337","Meeting workflow",49.5
"PID0337","Email workflow",42.7
"PID0337","Communication workflow",44.9
"PID0337","Document and comment",32.4
"PID0337","Analysis and research",32.7
"PID0337","General assistance",20.3
"PID0337","Specialised workflow",6.9
"PID0338","Write or debug code",1.7
"PID0338","Meeting workflow",7.1
"PID0338","Email workflow",5.4
"PID0338","Communication workflow",4.3
"PID0338","Document and comment",5.9
"PID0338","Analysis and research",4.5
"PID0338","General assistance",2.7
"PID0338","Specialised workflow",1.2
"PID0339","Write or debug code",10.8
"PID0339","Meeting workflow",32.1
"PID0339","Email workflow",54.3
"PID0339","Communication workflow",18
"PID0339","Document and comment",50.7
"PID0339","Analysis and research",68.4
"PID0339","General assistance",15.8
"PID0339","Specialised workflow",12.9
"PID0340","Write or debug code",11.6
"PID0340","Meeting workflow",115
"PID0340","Email workflow",99.8
"PID0340","Communication workflow",53.2
"PID0340","Document and comment",37.9
"PID0340","Analysis and research",38.8
"PID0340","General assistance",28.6
"PID0340","Specialised workflow",12.7
"PID0341","Write or debug code",7.4
"PID0341","Meeting workflow",11.9
"PID0341","Email workflow",38.1
"PID0341","Communication workflow",41.8
"PID0341","Document and comment",16.2
"PID0341","Analysis and research",22.7
"PID0341","General assistance",21.8
"PID0341","Specialised workflow",10
"PID0342","Write or debug code",0
"PID0342","Meeting workflow",0
"PID0342","Email workflow",0
"PID0342","Communication workflow",0
"PID0342","Document and comment",0
"PID0342","Analysis and research",0
"PID0342","General assistance",0
"PID0342","Specialised workflow",0
"PID0343","Write or debug code",0
"PID0343","Meeting workflow",0
"PID0343","Email workflow",0
"PID0343","Communication workflow",0
"PID0343","Document and comment",0
"PID0343","Analysis and research",0
"PID0343","General assistance",0
"PID0343","Specialised workflow",0
"PID0344","Write or debug code",51.2
"PID0344","Meeting workflow",108.9
"PID0344","Email workflow",304.9
"PID0344","Communication workflow",373.2
"PID0344","Document and comment",214.8
"PID0344","Analysis and research",101.3
"PID0344","General assistance",198.2
"PID0344","Specialised workflow",56.8
"PID0345","Write or debug code",2.2
"PID0345","Meeting workflow",5.4
"PID0345","Email workflow",5.5
"PID0345","Communication workflow",6.1
"PID0345","Document and comment",4.2
"PID0345","Analysis and research",3
"PID0345","General assistance",2.2
"PID0345","Specialised workflow",1
"PID0346","Write or debug code",0.2
"PID0346","Meeting workflow",0.7
"PID0346","Email workflow",1
"PID0346","Communication workflow",0.5
"PID0346","Document and comment",0.3
"PID0346","Analysis and research",0.4
"PID0346","General assistance",0.2
"PID0346","Specialised workflow",0.1
"PID0347","Write or debug code",8
"PID0347","Meeting workflow",24
"PID0347","Email workflow",46.7
"PID0347","Communication workflow",67.3
"PID0347","Document and comment",31.1
"PID0347","Analysis and research",26.1
"PID0347","General assistance",31.3
"PID0347","Specialised workflow",16.6
"PID0348","Write or debug code",0
"PID0348","Meeting workflow",0
"PID0348","Email workflow",0
"PID0348","Communication workflow",0
"PID0348","Document and comment",0
"PID0348","Analysis and research",0
"PID0348","General assistance",0
"PID0348","Specialised workflow",0
"PID0349","Write or debug code",32
"PID0349","Meeting workflow",73.4
"PID0349","Email workflow",82.7
"PID0349","Communication workflow",71.7
"PID0349","Document and comment",97.2
"PID0349","Analysis and research",58
"PID0349","General assistance",33.7
"PID0349","Specialised workflow",15
"PID0350","Write or debug code",38.3
"PID0350","Meeting workflow",262.5
"PID0350","Email workflow",274.1
"PID0350","Communication workflow",270.6
"PID0350","Document and comment",181.3
"PID0350","Analysis and research",130.6
"PID0350","General assistance",118.9
"PID0350","Specialised workflow",43.2
"PID0351","Write or debug code",2.7
"PID0351","Meeting workflow",6
"PID0351","Email workflow",12.2
"PID0351","Communication workflow",2.4
"PID0351","Document and comment",14.8
"PID0351","Analysis and research",12.2
"PID0351","General assistance",4.6
"PID0351","Specialised workflow",3.1
"PID0352","Write or debug code",380.3
"PID0352","Meeting workflow",58.4
"PID0352","Email workflow",87.1
"PID0352","Communication workflow",63.1
"PID0352","Document and comment",70.9
"PID0352","Analysis and research",71.5
"PID0352","General assistance",62.2
"PID0352","Specialised workflow",42.1
"PID0353","Write or debug code",3.7
"PID0353","Meeting workflow",13.7
"PID0353","Email workflow",18.9
"PID0353","Communication workflow",23.8
"PID0353","Document and comment",11.7
"PID0353","Analysis and research",6.7
"PID0353","General assistance",17.9
"PID0353","Specialised workflow",5.4
"PID0354","Write or debug code",49
"PID0354","Meeting workflow",167.1
"PID0354","Email workflow",85.1
"PID0354","Communication workflow",86.9
"PID0354","Document and comment",114
"PID0354","Analysis and research",96.1
"PID0354","General assistance",41.8
"PID0354","Specialised workflow",15.3
"PID0355","Write or debug code",161.4
"PID0355","Meeting workflow",27
"PID0355","Email workflow",42.5
"PID0355","Communication workflow",29.5
"PID0355","Document and comment",40.8
"PID0355","Analysis and research",47.9
"PID0355","General assistance",24
"PID0355","Specialised workflow",25.2
"PID0356","Write or debug code",0
"PID0356","Meeting workflow",0
"PID0356","Email workflow",0
"PID0356","Communication workflow",0
"PID0356","Document and comment",0
"PID0356","Analysis and research",0
"PID0356","General assistance",0
"PID0356","Specialised workflow",0
"PID0357","Write or debug code",0
"PID0357","Meeting workflow",0
"PID0357","Email workflow",0
"PID0357","Communication workflow",0
"PID0357","Document and comment",0
"PID0357","Analysis and research",0
"PID0357","General assistance",0
"PID0357","Specialised workflow",0
"PID0358","Write or debug code",2.7
"PID0358","Meeting workflow",10.2
"PID0358","Email workflow",13.6
"PID0358","Communication workflow",16.5
"PID0358","Document and comment",21.2
"PID0358","Analysis and research",14.6
"PID0358","General assistance",5.3
"PID0358","Specialised workflow",4.4
"PID0359","Write or debug code",3194.8
"PID0359","Meeting workflow",726.9
"PID0359","Email workflow",598.1
"PID0359","Communication workflow",426.5
"PID0359","Document and comment",660.3
"PID0359","Analysis and research",1218.4
"PID0359","General assistance",358.8
"PID0359","Specialised workflow",554.1
"PID0360","Write or debug code",0.1
"PID0360","Meeting workflow",0.5
"PID0360","Email workflow",0.4
"PID0360","Communication workflow",0.3
"PID0360","Document and comment",0.2
"PID0360","Analysis and research",0.2
"PID0360","General assistance",0.1
"PID0360","Specialised workflow",0.1
"PID0361","Write or debug code",13.7
"PID0361","Meeting workflow",38
"PID0361","Email workflow",34
"PID0361","Communication workflow",17.7
"PID0361","Document and comment",24
"PID0361","Analysis and research",17.1
"PID0361","General assistance",23.1
"PID0361","Specialised workflow",5.7
"PID0362","Write or debug code",92.6
"PID0362","Meeting workflow",242.8
"PID0362","Email workflow",401.1
"PID0362","Communication workflow",581.5
"PID0362","Document and comment",796.7
"PID0362","Analysis and research",419.3
"PID0362","General assistance",155.1
"PID0362","Specialised workflow",86.7
"PID0363","Write or debug code",407.2
"PID0363","Meeting workflow",128.5
"PID0363","Email workflow",107.3
"PID0363","Communication workflow",77.8
"PID0363","Document and comment",104.1
"PID0363","Analysis and research",139
"PID0363","General assistance",73.4
"PID0363","Specialised workflow",109.9
"PID0364","Write or debug code",453.9
"PID0364","Meeting workflow",65.4
"PID0364","Email workflow",81.6
"PID0364","Communication workflow",81.7
"PID0364","Document and comment",64.8
"PID0364","Analysis and research",172.7
"PID0364","General assistance",47.9
"PID0364","Specialised workflow",50.4
"PID0365","Write or debug code",0
"PID0365","Meeting workflow",0
"PID0365","Email workflow",0
"PID0365","Communication workflow",0
"PID0365","Document and comment",0
"PID0365","Analysis and research",0
"PID0365","General assistance",0
"PID0365","Specialised workflow",0
"PID0366","Write or debug code",27.7
"PID0366","Meeting workflow",82.9
"PID0366","Email workflow",107.9
"PID0366","Communication workflow",55.7
"PID0366","Document and comment",76
"PID0366","Analysis and research",69.8
"PID0366","General assistance",30.4
"PID0366","Specialised workflow",16.1
"PID0367","Write or debug code",5.5
"PID0367","Meeting workflow",20.4
"PID0367","Email workflow",28.7
"PID0367","Communication workflow",11
"PID0367","Document and comment",45.8
"PID0367","Analysis and research",23.4
"PID0367","General assistance",7
"PID0367","Specialised workflow",7.3
"PID0368","Write or debug code",0
"PID0368","Meeting workflow",0
"PID0368","Email workflow",0
"PID0368","Communication workflow",0
"PID0368","Document and comment",0
"PID0368","Analysis and research",0
"PID0368","General assistance",0
"PID0368","Specialised workflow",0
"PID0369","Write or debug code",14.5
"PID0369","Meeting workflow",42.4
"PID0369","Email workflow",48.4
"PID0369","Communication workflow",29.2
"PID0369","Document and comment",159.4
"PID0369","Analysis and research",65.5
"PID0369","General assistance",22.1
"PID0369","Specialised workflow",28.8
"PID0370","Write or debug code",0
"PID0370","Meeting workflow",0
"PID0370","Email workflow",0
"PID0370","Communication workflow",0
"PID0370","Document and comment",0
"PID0370","Analysis and research",0
"PID0370","General assistance",0
"PID0370","Specialised workflow",0
"PID0371","Write or debug code",144
"PID0371","Meeting workflow",333.3
"PID0371","Email workflow",388.9
"PID0371","Communication workflow",208
"PID0371","Document and comment",433.7
"PID0371","Analysis and research",691.1
"PID0371","General assistance",85.6
"PID0371","Specialised workflow",107.2
"PID0372","Write or debug code",57.7
"PID0372","Meeting workflow",230.3
"PID0372","Email workflow",461.2
"PID0372","Communication workflow",225.9
"PID0372","Document and comment",168.3
"PID0372","Analysis and research",146
"PID0372","General assistance",137.6
"PID0372","Specialised workflow",42.6
"PID0373","Write or debug code",22
"PID0373","Meeting workflow",63.9
"PID0373","Email workflow",131.3
"PID0373","Communication workflow",116.1
"PID0373","Document and comment",62.2
"PID0373","Analysis and research",54.4
"PID0373","General assistance",90.2
"PID0373","Specialised workflow",31.2
"PID0374","Write or debug code",5.3
"PID0374","Meeting workflow",14.8
"PID0374","Email workflow",33.1
"PID0374","Communication workflow",48.2
"PID0374","Document and comment",18
"PID0374","Analysis and research",12.4
"PID0374","General assistance",23.3
"PID0374","Specialised workflow",8.3
"PID0375","Write or debug code",16.3
"PID0375","Meeting workflow",52.5
"PID0375","Email workflow",56.2
"PID0375","Communication workflow",39.8
"PID0375","Document and comment",39.1
"PID0375","Analysis and research",34
"PID0375","General assistance",18.1
"PID0375","Specialised workflow",8.8
"PID0376","Write or debug code",32
"PID0376","Meeting workflow",167.9
"PID0376","Email workflow",322
"PID0376","Communication workflow",114.4
"PID0376","Document and comment",95.8
"PID0376","Analysis and research",95.8
"PID0376","General assistance",72.8
"PID0376","Specialised workflow",31.3
"PID0377","Write or debug code",102.2
"PID0377","Meeting workflow",16.1
"PID0377","Email workflow",17.4
"PID0377","Communication workflow",13.5
"PID0377","Document and comment",14.6
"PID0377","Analysis and research",21.3
"PID0377","General assistance",10.7
"PID0377","Specialised workflow",12.7
"PID0378","Write or debug code",325.3
"PID0378","Meeting workflow",50.6
"PID0378","Email workflow",62.1
"PID0378","Communication workflow",53.4
"PID0378","Document and comment",61.9
"PID0378","Analysis and research",56.7
"PID0378","General assistance",31.4
"PID0378","Specialised workflow",48.3
"PID0379","Write or debug code",60.4
"PID0379","Meeting workflow",15.3
"PID0379","Email workflow",13.5
"PID0379","Communication workflow",12.8
"PID0379","Document and comment",14
"PID0379","Analysis and research",20.5
"PID0379","General assistance",7.9
"PID0379","Specialised workflow",10.7
"PID0380","Write or debug code",72.5
"PID0380","Meeting workflow",13.9
"PID0380","Email workflow",12.9
"PID0380","Communication workflow",15.6
"PID0380","Document and comment",15
"PID0380","Analysis and research",23.9
"PID0380","General assistance",9.2
"PID0380","Specialised workflow",5.7
"PID0381","Write or debug code",0
"PID0381","Meeting workflow",0
"PID0381","Email workflow",0
"PID0381","Communication workflow",0
"PID0381","Document and comment",0
"PID0381","Analysis and research",0
"PID0381","General assistance",0
"PID0381","Specialised workflow",0
"PID0382","Write or debug code",12.7
"PID0382","Meeting workflow",25.6
"PID0382","Email workflow",77.2
"PID0382","Communication workflow",22.2
"PID0382","Document and comment",64.2
"PID0382","Analysis and research",62.4
"PID0382","General assistance",17.8
"PID0382","Specialised workflow",14.9
"PID0383","Write or debug code",0.2
"PID0383","Meeting workflow",0.9
"PID0383","Email workflow",1.6
"PID0383","Communication workflow",1.1
"PID0383","Document and comment",1
"PID0383","Analysis and research",0.6
"PID0383","General assistance",0.5
"PID0383","Specialised workflow",0.2
"PID0384","Write or debug code",14.3
"PID0384","Meeting workflow",54.5
"PID0384","Email workflow",46.3
"PID0384","Communication workflow",35.5
"PID0384","Document and comment",38
"PID0384","Analysis and research",29.5
"PID0384","General assistance",21.9
"PID0384","Specialised workflow",10.5
"PID0385","Write or debug code",4.6
"PID0385","Meeting workflow",1.6
"PID0385","Email workflow",1.3
"PID0385","Communication workflow",1.2
"PID0385","Document and comment",1.4
"PID0385","Analysis and research",1.5
"PID0385","General assistance",0.7
"PID0385","Specialised workflow",0.9
"PID0386","Write or debug code",7.7
"PID0386","Meeting workflow",51
"PID0386","Email workflow",69.9
"PID0386","Communication workflow",55.9
"PID0386","Document and comment",32.4
"PID0386","Analysis and research",32.2
"PID0386","General assistance",29.2
"PID0386","Specialised workflow",10.5
"PID0387","Write or debug code",211.5
"PID0387","Meeting workflow",31
"PID0387","Email workflow",69.7
"PID0387","Communication workflow",35
"PID0387","Document and comment",41.3
"PID0387","Analysis and research",44.9
"PID0387","General assistance",27.1
"PID0387","Specialised workflow",25.9
"PID0388","Write or debug code",418
"PID0388","Meeting workflow",120.6
"PID0388","Email workflow",94.4
"PID0388","Communication workflow",74.3
"PID0388","Document and comment",113.3
"PID0388","Analysis and research",116.2
"PID0388","General assistance",82.1
"PID0388","Specialised workflow",58
"PID0389","Write or debug code",4.2
"PID0389","Meeting workflow",15.8
"PID0389","Email workflow",22.9
"PID0389","Communication workflow",10.2
"PID0389","Document and comment",35.4
"PID0389","Analysis and research",23.7
"PID0389","General assistance",7.1
"PID0389","Specialised workflow",5.7
"PID0390","Write or debug code",11.9
"PID0390","Meeting workflow",30.2
"PID0390","Email workflow",33.7
"PID0390","Communication workflow",29
"PID0390","Document and comment",23.3
"PID0390","Analysis and research",24.6
"PID0390","General assistance",15.7
"PID0390","Specialised workflow",5.9
"PID0391","Write or debug code",37
"PID0391","Meeting workflow",113.3
"PID0391","Email workflow",118.4
"PID0391","Communication workflow",144
"PID0391","Document and comment",256.7
"PID0391","Analysis and research",138.7
"PID0391","General assistance",63.4
"PID0391","Specialised workflow",30
"PID0392","Write or debug code",50.4
"PID0392","Meeting workflow",406.6
"PID0392","Email workflow",388.7
"PID0392","Communication workflow",275.4
"PID0392","Document and comment",188.5
"PID0392","Analysis and research",213.3
"PID0392","General assistance",86.8
"PID0392","Specialised workflow",62.2
"PID0393","Write or debug code",0
"PID0393","Meeting workflow",0
"PID0393","Email workflow",0
"PID0393","Communication workflow",0
"PID0393","Document and comment",0
"PID0393","Analysis and research",0
"PID0393","General assistance",0
"PID0393","Specialised workflow",0
"PID0394","Write or debug code",6
"PID0394","Meeting workflow",0.9
"PID0394","Email workflow",1.2
"PID0394","Communication workflow",1.1
"PID0394","Document and comment",1.5
"PID0394","Analysis and research",1.3
"PID0394","General assistance",1
"PID0394","Specialised workflow",0.8
"PID0395","Write or debug code",30.6
"PID0395","Meeting workflow",73.6
"PID0395","Email workflow",105.7
"PID0395","Communication workflow",138.5
"PID0395","Document and comment",157.3
"PID0395","Analysis and research",81
"PID0395","General assistance",43.6
"PID0395","Specialised workflow",23.2
"PID0396","Write or debug code",0
"PID0396","Meeting workflow",0
"PID0396","Email workflow",0
"PID0396","Communication workflow",0
"PID0396","Document and comment",0
"PID0396","Analysis and research",0
"PID0396","General assistance",0
"PID0396","Specialised workflow",0
"PID0397","Write or debug code",18.5
"PID0397","Meeting workflow",90.3
"PID0397","Email workflow",110
"PID0397","Communication workflow",65.5
"PID0397","Document and comment",40.8
"PID0397","Analysis and research",43.4
"PID0397","General assistance",31.6
"PID0397","Specialised workflow",13.3
"PID0398","Write or debug code",5.4
"PID0398","Meeting workflow",30.6
"PID0398","Email workflow",35.9
"PID0398","Communication workflow",30.1
"PID0398","Document and comment",18.2
"PID0398","Analysis and research",15.8
"PID0398","General assistance",9
"PID0398","Specialised workflow",7.3
"PID0399","Write or debug code",8.9
"PID0399","Meeting workflow",21.1
"PID0399","Email workflow",24.9
"PID0399","Communication workflow",13.2
"PID0399","Document and comment",36.2
"PID0399","Analysis and research",62.7
"PID0399","General assistance",15
"PID0399","Specialised workflow",11.7
"PID0400","Write or debug code",16.1
"PID0400","Meeting workflow",71.5
"PID0400","Email workflow",80.5
"PID0400","Communication workflow",29.3
"PID0400","Document and comment",133.9
"PID0400","Analysis and research",70
"PID0400","General assistance",23.5
"PID0400","Specialised workflow",25
"PID0401","Write or debug code",195.3
"PID0401","Meeting workflow",58.6
"PID0401","Email workflow",79.6
"PID0401","Communication workflow",58.3
"PID0401","Document and comment",44.7
"PID0401","Analysis and research",68.1
"PID0401","General assistance",31.7
"PID0401","Specialised workflow",36.1
"PID0402","Write or debug code",13.9
"PID0402","Meeting workflow",30.7
"PID0402","Email workflow",33
"PID0402","Communication workflow",21
"PID0402","Document and comment",24.5
"PID0402","Analysis and research",17.7
"PID0402","General assistance",14.7
"PID0402","Specialised workflow",6.7
"PID0403","Write or debug code",36.6
"PID0403","Meeting workflow",12.5
"PID0403","Email workflow",12.2
"PID0403","Communication workflow",11.5
"PID0403","Document and comment",7.7
"PID0403","Analysis and research",14.5
"PID0403","General assistance",6.5
"PID0403","Specialised workflow",5.9
"PID0404","Write or debug code",21.1
"PID0404","Meeting workflow",70.1
"PID0404","Email workflow",79.9
"PID0404","Communication workflow",39.9
"PID0404","Document and comment",116.9
"PID0404","Analysis and research",210.6
"PID0404","General assistance",36.2
"PID0404","Specialised workflow",15.1
"PID0405","Write or debug code",121.3
"PID0405","Meeting workflow",41
"PID0405","Email workflow",33.5
"PID0405","Communication workflow",29
"PID0405","Document and comment",37.6
"PID0405","Analysis and research",36.5
"PID0405","General assistance",30.5
"PID0405","Specialised workflow",23.9
"PID0406","Write or debug code",23.1
"PID0406","Meeting workflow",66.1
"PID0406","Email workflow",78.7
"PID0406","Communication workflow",88.5
"PID0406","Document and comment",141.9
"PID0406","Analysis and research",43.9
"PID0406","General assistance",51.3
"PID0406","Specialised workflow",13.6
"PID0407","Write or debug code",0.4
"PID0407","Meeting workflow",0.7
"PID0407","Email workflow",1.7
"PID0407","Communication workflow",3.7
"PID0407","Document and comment",1
"PID0407","Analysis and research",0.8
"PID0407","General assistance",1.9
"PID0407","Specialised workflow",0.4
"PID0408","Write or debug code",1.2
"PID0408","Meeting workflow",2.7
"PID0408","Email workflow",4.7
"PID0408","Communication workflow",2.8
"PID0408","Document and comment",10
"PID0408","Analysis and research",4.2
"PID0408","General assistance",1.7
"PID0408","Specialised workflow",1.3
"PID0409","Write or debug code",3.3
"PID0409","Meeting workflow",13
"PID0409","Email workflow",13.5
"PID0409","Communication workflow",5.7
"PID0409","Document and comment",28.2
"PID0409","Analysis and research",18.8
"PID0409","General assistance",3.4
"PID0409","Specialised workflow",4.7
"PID0410","Write or debug code",50.8
"PID0410","Meeting workflow",187.8
"PID0410","Email workflow",367.8
"PID0410","Communication workflow",98.7
"PID0410","Document and comment",410.8
"PID0410","Analysis and research",267.1
"PID0410","General assistance",86.4
"PID0410","Specialised workflow",84.8
"PID0411","Write or debug code",3.7
"PID0411","Meeting workflow",11.3
"PID0411","Email workflow",16.7
"PID0411","Communication workflow",6
"PID0411","Document and comment",9.5
"PID0411","Analysis and research",6.4
"PID0411","General assistance",5.4
"PID0411","Specialised workflow",3.1
"PID0412","Write or debug code",82.9
"PID0412","Meeting workflow",302
"PID0412","Email workflow",303.2
"PID0412","Communication workflow",387.4
"PID0412","Document and comment",652.5
"PID0412","Analysis and research",336.4
"PID0412","General assistance",133.5
"PID0412","Specialised workflow",46.9
"PID0413","Write or debug code",16.8
"PID0413","Meeting workflow",57.5
"PID0413","Email workflow",102.1
"PID0413","Communication workflow",53.1
"PID0413","Document and comment",43.1
"PID0413","Analysis and research",22.2
"PID0413","General assistance",19.6
"PID0413","Specialised workflow",14.8
"PID0414","Write or debug code",6
"PID0414","Meeting workflow",26.3
"PID0414","Email workflow",33.7
"PID0414","Communication workflow",26.5
"PID0414","Document and comment",24.5
"PID0414","Analysis and research",17.7
"PID0414","General assistance",14.7
"PID0414","Specialised workflow",5.2
"PID0415","Write or debug code",213.8
"PID0415","Meeting workflow",45.9
"PID0415","Email workflow",49.7
"PID0415","Communication workflow",32
"PID0415","Document and comment",37.5
"PID0415","Analysis and research",25.7
"PID0415","General assistance",22.5
"PID0415","Specialised workflow",29.8
"PID0416","Write or debug code",17.2
"PID0416","Meeting workflow",96.1
"PID0416","Email workflow",151.2
"PID0416","Communication workflow",210.2
"PID0416","Document and comment",70.5
"PID0416","Analysis and research",65.6
"PID0416","General assistance",115.3
"PID0416","Specialised workflow",38
"PID0417","Write or debug code",0
"PID0417","Meeting workflow",0
"PID0417","Email workflow",0
"PID0417","Communication workflow",0
"PID0417","Document and comment",0
"PID0417","Analysis and research",0
"PID0417","General assistance",0
"PID0417","Specialised workflow",0
"PID0418","Write or debug code",0.5
"PID0418","Meeting workflow",4.1
"PID0418","Email workflow",4.5
"PID0418","Communication workflow",2.8
"PID0418","Document and comment",2.4
"PID0418","Analysis and research",2.7
"PID0418","General assistance",1.8
"PID0418","Specialised workflow",0.7
"PID0419","Write or debug code",5.1
"PID0419","Meeting workflow",16.3
"PID0419","Email workflow",23.9
"PID0419","Communication workflow",11.6
"PID0419","Document and comment",21.5
"PID0419","Analysis and research",27.3
"PID0419","General assistance",9.7
"PID0419","Specialised workflow",8.1
"PID0420","Write or debug code",24.8
"PID0420","Meeting workflow",86.9
"PID0420","Email workflow",83.6
"PID0420","Communication workflow",97.5
"PID0420","Document and comment",61.4
"PID0420","Analysis and research",52.8
"PID0420","General assistance",51.9
"PID0420","Specialised workflow",18.6
"PID0421","Write or debug code",0
"PID0421","Meeting workflow",0
"PID0421","Email workflow",0
"PID0421","Communication workflow",0
"PID0421","Document and comment",0
"PID0421","Analysis and research",0
"PID0421","General assistance",0
"PID0421","Specialised workflow",0
"PID0422","Write or debug code",0
"PID0422","Meeting workflow",0
"PID0422","Email workflow",0
"PID0422","Communication workflow",0
"PID0422","Document and comment",0
"PID0422","Analysis and research",0
"PID0422","General assistance",0
"PID0422","Specialised workflow",0
"PID0423","Write or debug code",15.8
"PID0423","Meeting workflow",53.5
"PID0423","Email workflow",95.2
"PID0423","Communication workflow",82.9
"PID0423","Document and comment",43.3
"PID0423","Analysis and research",25.7
"PID0423","General assistance",55.8
"PID0423","Specialised workflow",19.8
"PID0424","Write or debug code",14.7
"PID0424","Meeting workflow",80.9
"PID0424","Email workflow",112.6
"PID0424","Communication workflow",53.1
"PID0424","Document and comment",64.9
"PID0424","Analysis and research",31.6
"PID0424","General assistance",27.2
"PID0424","Specialised workflow",16.7
"PID0425","Write or debug code",13.9
"PID0425","Meeting workflow",45.7
"PID0425","Email workflow",67.8
"PID0425","Communication workflow",33.5
"PID0425","Document and comment",122.4
"PID0425","Analysis and research",61.7
"PID0425","General assistance",17.2
"PID0425","Specialised workflow",20.2
"PID0426","Write or debug code",184.1
"PID0426","Meeting workflow",624.1
"PID0426","Email workflow",524.4
"PID0426","Communication workflow",325.6
"PID0426","Document and comment",635.1
"PID0426","Analysis and research",349.3
"PID0426","General assistance",280
"PID0426","Specialised workflow",121.2
"PID0427","Write or debug code",226.2
"PID0427","Meeting workflow",29.9
"PID0427","Email workflow",39.8
"PID0427","Communication workflow",49.5
"PID0427","Document and comment",36.6
"PID0427","Analysis and research",40.1
"PID0427","General assistance",32
"PID0427","Specialised workflow",26.2
"PID0428","Write or debug code",9.8
"PID0428","Meeting workflow",48.3
"PID0428","Email workflow",41.8
"PID0428","Communication workflow",18.4
"PID0428","Document and comment",65.9
"PID0428","Analysis and research",74.3
"PID0428","General assistance",24.1
"PID0428","Specialised workflow",14.6
"PID0429","Write or debug code",16.4
"PID0429","Meeting workflow",30
"PID0429","Email workflow",50.9
"PID0429","Communication workflow",57.5
"PID0429","Document and comment",72.2
"PID0429","Analysis and research",33.4
"PID0429","General assistance",17.8
"PID0429","Specialised workflow",9.7
"PID0430","Write or debug code",8.8
"PID0430","Meeting workflow",28.3
"PID0430","Email workflow",28.2
"PID0430","Communication workflow",35.8
"PID0430","Document and comment",32.3
"PID0430","Analysis and research",26.6
"PID0430","General assistance",16.2
"PID0430","Specialised workflow",8
"PID0431","Write or debug code",480
"PID0431","Meeting workflow",125.9
"PID0431","Email workflow",89.2
"PID0431","Communication workflow",109.1
"PID0431","Document and comment",75.8
"PID0431","Analysis and research",135.1
"PID0431","General assistance",45.7
"PID0431","Specialised workflow",72.3
"PID0432","Write or debug code",5.8
"PID0432","Meeting workflow",11.3
"PID0432","Email workflow",19.2
"PID0432","Communication workflow",6.4
"PID0432","Document and comment",20.1
"PID0432","Analysis and research",29.2
"PID0432","General assistance",7.7
"PID0432","Specialised workflow",4.2
"PID0433","Write or debug code",2.1
"PID0433","Meeting workflow",3.9
"PID0433","Email workflow",8.7
"PID0433","Communication workflow",9.5
"PID0433","Document and comment",5.3
"PID0433","Analysis and research",3.1
"PID0433","General assistance",7.3
"PID0433","Specialised workflow",2.5
"PID0434","Write or debug code",105.5
"PID0434","Meeting workflow",38.9
"PID0434","Email workflow",34.7
"PID0434","Communication workflow",27.2
"PID0434","Document and comment",20
"PID0434","Analysis and research",41.1
"PID0434","General assistance",12.6
"PID0434","Specialised workflow",16.4
"PID0435","Write or debug code",3
"PID0435","Meeting workflow",22.2
"PID0435","Email workflow",27.5
"PID0435","Communication workflow",12.6
"PID0435","Document and comment",13.8
"PID0435","Analysis and research",10.5
"PID0435","General assistance",6.7
"PID0435","Specialised workflow",2.9
"PID0436","Write or debug code",34.4
"PID0436","Meeting workflow",9.1
"PID0436","Email workflow",7.5
"PID0436","Communication workflow",6.1
"PID0436","Document and comment",6
"PID0436","Analysis and research",14.4
"PID0436","General assistance",3.9
"PID0436","Specialised workflow",5.3
"PID0437","Write or debug code",16.6
"PID0437","Meeting workflow",60.2
"PID0437","Email workflow",38.4
"PID0437","Communication workflow",41
"PID0437","Document and comment",38.4
"PID0437","Analysis and research",57.5
"PID0437","General assistance",35
"PID0437","Specialised workflow",12.4
"PID0438","Write or debug code",11.9
"PID0438","Meeting workflow",51.5
"PID0438","Email workflow",84.7
"PID0438","Communication workflow",64.6
"PID0438","Document and comment",57.8
"PID0438","Analysis and research",39.6
"PID0438","General assistance",40.7
"PID0438","Specialised workflow",26.1
"PID0439","Write or debug code",38.3
"PID0439","Meeting workflow",126.2
"PID0439","Email workflow",154.1
"PID0439","Communication workflow",145.6
"PID0439","Document and comment",231.2
"PID0439","Analysis and research",150
"PID0439","General assistance",77.3
"PID0439","Specialised workflow",30
"PID0440","Write or debug code",158
"PID0440","Meeting workflow",22.5
"PID0440","Email workflow",22.4
"PID0440","Communication workflow",18.4
"PID0440","Document and comment",26.9
"PID0440","Analysis and research",24.9
"PID0440","General assistance",19
"PID0440","Specialised workflow",22.5
"PID0441","Write or debug code",0.7
"PID0441","Meeting workflow",1.8
"PID0441","Email workflow",4.6
"PID0441","Communication workflow",4.6
"PID0441","Document and comment",2
"PID0441","Analysis and research",1.4
"PID0441","General assistance",2.9
"PID0441","Specialised workflow",1.3
"PID0442","Write or debug code",36.5
"PID0442","Meeting workflow",215.6
"PID0442","Email workflow",297
"PID0442","Communication workflow",158.7
"PID0442","Document and comment",93.7
"PID0442","Analysis and research",106.9
"PID0442","General assistance",54.7
"PID0442","Specialised workflow",41.4
"PID0443","Write or debug code",0.6
"PID0443","Meeting workflow",3.5
"PID0443","Email workflow",5.1
"PID0443","Communication workflow",2.7
"PID0443","Document and comment",1.2
"PID0443","Analysis and research",0.9
"PID0443","General assistance",1
"PID0443","Specialised workflow",0.5
"PID0444","Write or debug code",92.3
"PID0444","Meeting workflow",862.5
"PID0444","Email workflow",1181.7
"PID0444","Communication workflow",584.3
"PID0444","Document and comment",457.7
"PID0444","Analysis and research",263.6
"PID0444","General assistance",234.4
"PID0444","Specialised workflow",135.8
"PID0445","Write or debug code",789.5
"PID0445","Meeting workflow",185.6
"PID0445","Email workflow",208.1
"PID0445","Communication workflow",143
"PID0445","Document and comment",138.9
"PID0445","Analysis and research",184.2
"PID0445","General assistance",123.6
"PID0445","Specialised workflow",123.4
"PID0446","Write or debug code",5.5
"PID0446","Meeting workflow",20.3
"PID0446","Email workflow",22.1
"PID0446","Communication workflow",15.6
"PID0446","Document and comment",19.2
"PID0446","Analysis and research",12
"PID0446","General assistance",9.7
"PID0446","Specialised workflow",3.9
"PID0447","Write or debug code",9.7
"PID0447","Meeting workflow",22.8
"PID0447","Email workflow",34.1
"PID0447","Communication workflow",24.7
"PID0447","Document and comment",27
"PID0447","Analysis and research",18.9
"PID0447","General assistance",12.8
"PID0447","Specialised workflow",5.9
"PID0448","Write or debug code",1570.3
"PID0448","Meeting workflow",211.2
"PID0448","Email workflow",263.5
"PID0448","Communication workflow",247.9
"PID0448","Document and comment",219.9
"PID0448","Analysis and research",419.3
"PID0448","General assistance",190
"PID0448","Specialised workflow",269.5
"PID0449","Write or debug code",8.8
"PID0449","Meeting workflow",23.1
"PID0449","Email workflow",28.9
"PID0449","Communication workflow",14.9
"PID0449","Document and comment",24.4
"PID0449","Analysis and research",16.2
"PID0449","General assistance",12.2
"PID0449","Specialised workflow",4.9
"PID0450","Write or debug code",33.8
"PID0450","Meeting workflow",107.4
"PID0450","Email workflow",90.5
"PID0450","Communication workflow",56.8
"PID0450","Document and comment",81
"PID0450","Analysis and research",60.3
"PID0450","General assistance",44.7
"PID0450","Specialised workflow",21.6
"PID0451","Write or debug code",0.3
"PID0451","Meeting workflow",2.6
"PID0451","Email workflow",2.8
"PID0451","Communication workflow",2.3
"PID0451","Document and comment",1.7
"PID0451","Analysis and research",1.1
"PID0451","General assistance",1
"PID0451","Specialised workflow",0.4
"PID0452","Write or debug code",45
"PID0452","Meeting workflow",93.8
"PID0452","Email workflow",105.8
"PID0452","Communication workflow",89
"PID0452","Document and comment",98.4
"PID0452","Analysis and research",92.1
"PID0452","General assistance",64.6
"PID0452","Specialised workflow",25.1
"PID0453","Write or debug code",3.5
"PID0453","Meeting workflow",23.9
"PID0453","Email workflow",26
"PID0453","Communication workflow",14
"PID0453","Document and comment",8.6
"PID0453","Analysis and research",9.8
"PID0453","General assistance",9.6
"PID0453","Specialised workflow",3
"PID0454","Write or debug code",260.1
"PID0454","Meeting workflow",99.9
"PID0454","Email workflow",53.8
"PID0454","Communication workflow",52.2
"PID0454","Document and comment",51.5
"PID0454","Analysis and research",86.5
"PID0454","General assistance",38.1
"PID0454","Specialised workflow",41.2
"PID0455","Write or debug code",0
"PID0455","Meeting workflow",0.1
"PID0455","Email workflow",0.2
"PID0455","Communication workflow",0.3
"PID0455","Document and comment",0.2
"PID0455","Analysis and research",0.1
"PID0455","General assistance",0.2
"PID0455","Specialised workflow",0.1
"PID0456","Write or debug code",29
"PID0456","Meeting workflow",55.8
"PID0456","Email workflow",66.4
"PID0456","Communication workflow",32.7
"PID0456","Document and comment",108.4
"PID0456","Analysis and research",151.5
"PID0456","General assistance",36.6
"PID0456","Specialised workflow",19.6
"PID0457","Write or debug code",29
"PID0457","Meeting workflow",91.6
"PID0457","Email workflow",93.4
"PID0457","Communication workflow",106.1
"PID0457","Document and comment",136.3
"PID0457","Analysis and research",68.9
"PID0457","General assistance",40.4
"PID0457","Specialised workflow",14.2
"PID0458","Write or debug code",7
"PID0458","Meeting workflow",17.6
"PID0458","Email workflow",41.2
"PID0458","Communication workflow",55.7
"PID0458","Document and comment",20.3
"PID0458","Analysis and research",18.3
"PID0458","General assistance",30
"PID0458","Specialised workflow",11.1
"PID0459","Write or debug code",8.8
"PID0459","Meeting workflow",32.3
"PID0459","Email workflow",47.7
"PID0459","Communication workflow",70.7
"PID0459","Document and comment",22.4
"PID0459","Analysis and research",21.9
"PID0459","General assistance",36.1
"PID0459","Specialised workflow",11.8
"PID0460","Write or debug code",2.3
"PID0460","Meeting workflow",12.2
"PID0460","Email workflow",14.5
"PID0460","Communication workflow",9.2
"PID0460","Document and comment",4.9
"PID0460","Analysis and research",6.7
"PID0460","General assistance",4.2
"PID0460","Specialised workflow",1.5
"PID0461","Write or debug code",0
"PID0461","Meeting workflow",0
"PID0461","Email workflow",0
"PID0461","Communication workflow",0
"PID0461","Document and comment",0
"PID0461","Analysis and research",0
"PID0461","General assistance",0
"PID0461","Specialised workflow",0
"PID0462","Write or debug code",120.7
"PID0462","Meeting workflow",286
"PID0462","Email workflow",554.7
"PID0462","Communication workflow",181.1
"PID0462","Document and comment",459.4
"PID0462","Analysis and research",665.2
"PID0462","General assistance",178.5
"PID0462","Specialised workflow",99.9
"PID0463","Write or debug code",19.5
"PID0463","Meeting workflow",45.2
"PID0463","Email workflow",57.3
"PID0463","Communication workflow",28.6
"PID0463","Document and comment",55.2
"PID0463","Analysis and research",119
"PID0463","General assistance",29.8
"PID0463","Specialised workflow",18.6
"PID0464","Write or debug code",23.9
"PID0464","Meeting workflow",105.7
"PID0464","Email workflow",126.7
"PID0464","Communication workflow",126.9
"PID0464","Document and comment",91.2
"PID0464","Analysis and research",59.4
"PID0464","General assistance",39.2
"PID0464","Specialised workflow",16.4
"PID0465","Write or debug code",0
"PID0465","Meeting workflow",0
"PID0465","Email workflow",0
"PID0465","Communication workflow",0
"PID0465","Document and comment",0
"PID0465","Analysis and research",0
"PID0465","General assistance",0
"PID0465","Specialised workflow",0
"PID0466","Write or debug code",997.7
"PID0466","Meeting workflow",207.9
"PID0466","Email workflow",239.4
"PID0466","Communication workflow",137.9
"PID0466","Document and comment",195.8
"PID0466","Analysis and research",175.2
"PID0466","General assistance",133.4
"PID0466","Specialised workflow",177.8
"PID0467","Write or debug code",2.2
"PID0467","Meeting workflow",7.3
"PID0467","Email workflow",9.5
"PID0467","Communication workflow",3.9
"PID0467","Document and comment",16.4
"PID0467","Analysis and research",11
"PID0467","General assistance",3.4
"PID0467","Specialised workflow",2.9
"PID0468","Write or debug code",29.1
"PID0468","Meeting workflow",77.9
"PID0468","Email workflow",163.8
"PID0468","Communication workflow",38.4
"PID0468","Document and comment",262.1
"PID0468","Analysis and research",104
"PID0468","General assistance",35.2
"PID0468","Specialised workflow",42.5
"PID0469","Write or debug code",14.2
"PID0469","Meeting workflow",99.9
"PID0469","Email workflow",108.2
"PID0469","Communication workflow",62.2
"PID0469","Document and comment",75.5
"PID0469","Analysis and research",52.7
"PID0469","General assistance",30
"PID0469","Specialised workflow",19.1
"PID0470","Write or debug code",21.3
"PID0470","Meeting workflow",52.8
"PID0470","Email workflow",64.9
"PID0470","Communication workflow",38.2
"PID0470","Document and comment",36.5
"PID0470","Analysis and research",34.1
"PID0470","General assistance",26.5
"PID0470","Specialised workflow",10
"PID0471","Write or debug code",30.5
"PID0471","Meeting workflow",104.3
"PID0471","Email workflow",71.2
"PID0471","Communication workflow",39.8
"PID0471","Document and comment",111.3
"PID0471","Analysis and research",142.1
"PID0471","General assistance",41.8
"PID0471","Specialised workflow",34.9
"PID0472","Write or debug code",8.7
"PID0472","Meeting workflow",59.5
"PID0472","Email workflow",70.4
"PID0472","Communication workflow",51.6
"PID0472","Document and comment",26.6
"PID0472","Analysis and research",23.1
"PID0472","General assistance",21.5
"PID0472","Specialised workflow",4.3
"PID0473","Write or debug code",0
"PID0473","Meeting workflow",0
"PID0473","Email workflow",0
"PID0473","Communication workflow",0
"PID0473","Document and comment",0
"PID0473","Analysis and research",0
"PID0473","General assistance",0
"PID0473","Specialised workflow",0
"PID0474","Write or debug code",24.2
"PID0474","Meeting workflow",62.3
"PID0474","Email workflow",122.9
"PID0474","Communication workflow",41.6
"PID0474","Document and comment",101.5
"PID0474","Analysis and research",176.9
"PID0474","General assistance",46.9
"PID0474","Specialised workflow",26.4
"PID0475","Write or debug code",4.1
"PID0475","Meeting workflow",14.5
"PID0475","Email workflow",20.1
"PID0475","Communication workflow",8.3
"PID0475","Document and comment",22.5
"PID0475","Analysis and research",35.6
"PID0475","General assistance",6.3
"PID0475","Specialised workflow",6.6
"PID0476","Write or debug code",0.2
"PID0476","Meeting workflow",0.4
"PID0476","Email workflow",0.5
"PID0476","Communication workflow",0.3
"PID0476","Document and comment",0.4
"PID0476","Analysis and research",0.3
"PID0476","General assistance",0.2
"PID0476","Specialised workflow",0.1
"PID0477","Write or debug code",38.1
"PID0477","Meeting workflow",122.8
"PID0477","Email workflow",362.4
"PID0477","Communication workflow",440.3
"PID0477","Document and comment",166.8
"PID0477","Analysis and research",106.2
"PID0477","General assistance",207
"PID0477","Specialised workflow",77.2
"PID0478","Write or debug code",0.9
"PID0478","Meeting workflow",8
"PID0478","Email workflow",5.3
"PID0478","Communication workflow",3.8
"PID0478","Document and comment",4.9
"PID0478","Analysis and research",3.5
"PID0478","General assistance",2.9
"PID0478","Specialised workflow",1.1
"PID0479","Write or debug code",77.5
"PID0479","Meeting workflow",494.2
"PID0479","Email workflow",491.3
"PID0479","Communication workflow",315.1
"PID0479","Document and comment",224.7
"PID0479","Analysis and research",177.8
"PID0479","General assistance",124.8
"PID0479","Specialised workflow",57.3
"PID0480","Write or debug code",1.3
"PID0480","Meeting workflow",5.4
"PID0480","Email workflow",8.5
"PID0480","Communication workflow",10.4
"PID0480","Document and comment",4.1
"PID0480","Analysis and research",4.5
"PID0480","General assistance",4.6
"PID0480","Specialised workflow",2.6
"PID0481","Write or debug code",1.1
"PID0481","Meeting workflow",6.2
"PID0481","Email workflow",5.7
"PID0481","Communication workflow",4.8
"PID0481","Document and comment",2.7
"PID0481","Analysis and research",2.7
"PID0481","General assistance",1.3
"PID0481","Specialised workflow",1.3
"PID0482","Write or debug code",1.6
"PID0482","Meeting workflow",4.6
"PID0482","Email workflow",8.2
"PID0482","Communication workflow",6.8
"PID0482","Document and comment",5.2
"PID0482","Analysis and research",3.9
"PID0482","General assistance",4.7
"PID0482","Specialised workflow",1.9
"PID0483","Write or debug code",0.5
"PID0483","Meeting workflow",0.9
"PID0483","Email workflow",1
"PID0483","Communication workflow",0.7
"PID0483","Document and comment",1
"PID0483","Analysis and research",1
"PID0483","General assistance",0.7
"PID0483","Specialised workflow",0.2
"PID0484","Write or debug code",2.1
"PID0484","Meeting workflow",7.2
"PID0484","Email workflow",13
"PID0484","Communication workflow",3.9
"PID0484","Document and comment",20.2
"PID0484","Analysis and research",12.5
"PID0484","General assistance",3.7
"PID0484","Specialised workflow",3.1
"PID0485","Write or debug code",19.6
"PID0485","Meeting workflow",49.1
"PID0485","Email workflow",61.8
"PID0485","Communication workflow",81.8
"PID0485","Document and comment",124.7
"PID0485","Analysis and research",64.7
"PID0485","General assistance",33.5
"PID0485","Specialised workflow",12.6
"PID0486","Write or debug code",85.3
"PID0486","Meeting workflow",521.3
"PID0486","Email workflow",440
"PID0486","Communication workflow",263.4
"PID0486","Document and comment",180
"PID0486","Analysis and research",231.5
"PID0486","General assistance",87.9
"PID0486","Specialised workflow",46.8
"PID0487","Write or debug code",5.6
"PID0487","Meeting workflow",16.2
"PID0487","Email workflow",38.4
"PID0487","Communication workflow",34.3
"PID0487","Document and comment",18.5
"PID0487","Analysis and research",12.5
"PID0487","General assistance",22.1
"PID0487","Specialised workflow",8.3
"PID0488","Write or debug code",2.8
"PID0488","Meeting workflow",8
"PID0488","Email workflow",13.8
"PID0488","Communication workflow",7.9
"PID0488","Document and comment",22.7
"PID0488","Analysis and research",25.7
"PID0488","General assistance",6
"PID0488","Specialised workflow",3.4
"PID0489","Write or debug code",47.3
"PID0489","Meeting workflow",331.8
"PID0489","Email workflow",328.5
"PID0489","Communication workflow",161.3
"PID0489","Document and comment",111.8
"PID0489","Analysis and research",135
"PID0489","General assistance",96.5
"PID0489","Specialised workflow",33.4
"PID0490","Write or debug code",58.1
"PID0490","Meeting workflow",10.4
"PID0490","Email workflow",14
"PID0490","Communication workflow",9.3
"PID0490","Document and comment",10.3
"PID0490","Analysis and research",14.3
"PID0490","General assistance",6.1
"PID0490","Specialised workflow",8.6
"PID0491","Write or debug code",172
"PID0491","Meeting workflow",35.1
"PID0491","Email workflow",45.6
"PID0491","Communication workflow",34.3
"PID0491","Document and comment",29.2
"PID0491","Analysis and research",41.1
"PID0491","General assistance",22
"PID0491","Specialised workflow",23
"PID0492","Write or debug code",7
"PID0492","Meeting workflow",42.6
"PID0492","Email workflow",51.3
"PID0492","Communication workflow",28.2
"PID0492","Document and comment",18.9
"PID0492","Analysis and research",24.1
"PID0492","General assistance",14.7
"PID0492","Specialised workflow",8.6
"PID0493","Write or debug code",28.8
"PID0493","Meeting workflow",64.9
"PID0493","Email workflow",159.4
"PID0493","Communication workflow",116.7
"PID0493","Document and comment",65.3
"PID0493","Analysis and research",57.1
"PID0493","General assistance",86.5
"PID0493","Specialised workflow",33.3
"PID0494","Write or debug code",0.1
"PID0494","Meeting workflow",0.8
"PID0494","Email workflow",1.6
"PID0494","Communication workflow",0.6
"PID0494","Document and comment",0.5
"PID0494","Analysis and research",0.7
"PID0494","General assistance",0.3
"PID0494","Specialised workflow",0.2
"PID0495","Write or debug code",19.5
"PID0495","Meeting workflow",69.2
"PID0495","Email workflow",82.2
"PID0495","Communication workflow",35.9
"PID0495","Document and comment",40
"PID0495","Analysis and research",45.7
"PID0495","General assistance",32.3
"PID0495","Specialised workflow",13.2
"PID0496","Write or debug code",203.3
"PID0496","Meeting workflow",35.4
"PID0496","Email workflow",43.4
"PID0496","Communication workflow",24
"PID0496","Document and comment",31
"PID0496","Analysis and research",35.4
"PID0496","General assistance",17.9
"PID0496","Specialised workflow",25.6
"PID0497","Write or debug code",16.3
"PID0497","Meeting workflow",41.8
"PID0497","Email workflow",91.6
"PID0497","Communication workflow",36.6
"PID0497","Document and comment",129.3
"PID0497","Analysis and research",88.1
"PID0497","General assistance",22.2
"PID0497","Specialised workflow",32.4
"PID0498","Write or debug code",6.7
"PID0498","Meeting workflow",20.4
"PID0498","Email workflow",34.8
"PID0498","Communication workflow",49.6
"PID0498","Document and comment",22.1
"PID0498","Analysis and research",18.6
"PID0498","General assistance",26.5
"PID0498","Specialised workflow",11.8
"PID0499","Write or debug code",6.2
"PID0499","Meeting workflow",20.5
"PID0499","Email workflow",20.2
"PID0499","Communication workflow",15.1
"PID0499","Document and comment",18.4
"PID0499","Analysis and research",11.6
"PID0499","General assistance",12.2
"PID0499","Specialised workflow",3.9
"PID0500","Write or debug code",2.8
"PID0500","Meeting workflow",7
"PID0500","Email workflow",8.1
"PID0500","Communication workflow",6.5
"PID0500","Document and comment",6.4
"PID0500","Analysis and research",4.6
"PID0500","General assistance",4.1
"PID0500","Specialised workflow",1.1
"PID0501","Write or debug code",0.2
"PID0501","Meeting workflow",0.5
"PID0501","Email workflow",0.9
"PID0501","Communication workflow",0.2
"PID0501","Document and comment",2
"PID0501","Analysis and research",1.1
"PID0501","General assistance",0.2
"PID0501","Specialised workflow",0.3
"PID0502","Write or debug code",3.2
"PID0502","Meeting workflow",11.8
"PID0502","Email workflow",13.2
"PID0502","Communication workflow",7.9
"PID0502","Document and comment",6.9
"PID0502","Analysis and research",11.9
"PID0502","General assistance",8.7
"PID0502","Specialised workflow",1.7
"PID0503","Write or debug code",0.6
"PID0503","Meeting workflow",6
"PID0503","Email workflow",5.1
"PID0503","Communication workflow",4.5
"PID0503","Document and comment",3.4
"PID0503","Analysis and research",2.6
"PID0503","General assistance",1.6
"PID0503","Specialised workflow",0.9
"PID0504","Write or debug code",0
"PID0504","Meeting workflow",0
"PID0504","Email workflow",0
"PID0504","Communication workflow",0
"PID0504","Document and comment",0
"PID0504","Analysis and research",0
"PID0504","General assistance",0
"PID0504","Specialised workflow",0
"PID0505","Write or debug code",0
"PID0505","Meeting workflow",0
"PID0505","Email workflow",0
"PID0505","Communication workflow",0
"PID0505","Document and comment",0
"PID0505","Analysis and research",0
"PID0505","General assistance",0
"PID0505","Specialised workflow",0
"PID0506","Write or debug code",21.3
"PID0506","Meeting workflow",133.8
"PID0506","Email workflow",197.7
"PID0506","Communication workflow",81.6
"PID0506","Document and comment",70.9
"PID0506","Analysis and research",71.1
"PID0506","General assistance",54
"PID0506","Specialised workflow",25
"PID0507","Write or debug code",6.4
"PID0507","Meeting workflow",23.8
"PID0507","Email workflow",26.6
"PID0507","Communication workflow",35.5
"PID0507","Document and comment",43.3
"PID0507","Analysis and research",17.8
"PID0507","General assistance",12.5
"PID0507","Specialised workflow",4.5
"PID0508","Write or debug code",9.2
"PID0508","Meeting workflow",45.6
"PID0508","Email workflow",71.2
"PID0508","Communication workflow",33.4
"PID0508","Document and comment",24.2
"PID0508","Analysis and research",23.4
"PID0508","General assistance",13.7
"PID0508","Specialised workflow",6.4
"PID0509","Write or debug code",312.9
"PID0509","Meeting workflow",71.2
"PID0509","Email workflow",54.9
"PID0509","Communication workflow",67.6
"PID0509","Document and comment",73.3
"PID0509","Analysis and research",74.9
"PID0509","General assistance",36.4
"PID0509","Specialised workflow",52.1
"PID0510","Write or debug code",6.8
"PID0510","Meeting workflow",61.7
"PID0510","Email workflow",61.3
"PID0510","Communication workflow",50.2
"PID0510","Document and comment",52
"PID0510","Analysis and research",38
"PID0510","General assistance",25.4
"PID0510","Specialised workflow",10.5
"PID0511","Write or debug code",2.3
"PID0511","Meeting workflow",4.6
"PID0511","Email workflow",7.9
"PID0511","Communication workflow",3.9
"PID0511","Document and comment",6.1
"PID0511","Analysis and research",13.1
"PID0511","General assistance",3.2
"PID0511","Specialised workflow",2.5
"PID0512","Write or debug code",12
"PID0512","Meeting workflow",43.3
"PID0512","Email workflow",44.3
"PID0512","Communication workflow",26.5
"PID0512","Document and comment",34.1
"PID0512","Analysis and research",29
"PID0512","General assistance",18.3
"PID0512","Specialised workflow",8.2
"PID0513","Write or debug code",0
"PID0513","Meeting workflow",0
"PID0513","Email workflow",0
"PID0513","Communication workflow",0
"PID0513","Document and comment",0
"PID0513","Analysis and research",0
"PID0513","General assistance",0
"PID0513","Specialised workflow",0
"PID0514","Write or debug code",0.3
"PID0514","Meeting workflow",2.1
"PID0514","Email workflow",3.4
"PID0514","Communication workflow",1.5
"PID0514","Document and comment",1.1
"PID0514","Analysis and research",0.9
"PID0514","General assistance",0.9
"PID0514","Specialised workflow",0.3
"PID0515","Write or debug code",8.9
"PID0515","Meeting workflow",22.9
"PID0515","Email workflow",32.1
"PID0515","Communication workflow",21.3
"PID0515","Document and comment",31.4
"PID0515","Analysis and research",20
"PID0515","General assistance",15.9
"PID0515","Specialised workflow",6.7
"PID0516","Write or debug code",63.9
"PID0516","Meeting workflow",378.5
"PID0516","Email workflow",516.9
"PID0516","Communication workflow",318.2
"PID0516","Document and comment",181.5
"PID0516","Analysis and research",169.5
"PID0516","General assistance",137.6
"PID0516","Specialised workflow",51
"PID0517","Write or debug code",5.4
"PID0517","Meeting workflow",18.4
"PID0517","Email workflow",29.8
"PID0517","Communication workflow",35.2
"PID0517","Document and comment",18.9
"PID0517","Analysis and research",8.3
"PID0517","General assistance",24.8
"PID0517","Specialised workflow",9.3
"PID0518","Write or debug code",23.6
"PID0518","Meeting workflow",52.4
"PID0518","Email workflow",91.2
"PID0518","Communication workflow",86.6
"PID0518","Document and comment",141
"PID0518","Analysis and research",111.1
"PID0518","General assistance",40.8
"PID0518","Specialised workflow",18.5
"PID0519","Write or debug code",0
"PID0519","Meeting workflow",0
"PID0519","Email workflow",0
"PID0519","Communication workflow",0
"PID0519","Document and comment",0
"PID0519","Analysis and research",0
"PID0519","General assistance",0
"PID0519","Specialised workflow",0
"PID0520","Write or debug code",2.5
"PID0520","Meeting workflow",0.5
"PID0520","Email workflow",0.7
"PID0520","Communication workflow",0.7
"PID0520","Document and comment",0.5
"PID0520","Analysis and research",0.6
"PID0520","General assistance",0.5
"PID0520","Specialised workflow",0.5
"PID0521","Write or debug code",17.8
"PID0521","Meeting workflow",44.4
"PID0521","Email workflow",58.1
"PID0521","Communication workflow",30
"PID0521","Document and comment",34.5
"PID0521","Analysis and research",35.1
"PID0521","General assistance",22.8
"PID0521","Specialised workflow",10.4
"PID0522","Write or debug code",4.3
"PID0522","Meeting workflow",24.4
"PID0522","Email workflow",19.4
"PID0522","Communication workflow",12.7
"PID0522","Document and comment",8.6
"PID0522","Analysis and research",11.1
"PID0522","General assistance",5.8
"PID0522","Specialised workflow",3.6
"PID0523","Write or debug code",15.5
"PID0523","Meeting workflow",84.7
"PID0523","Email workflow",93
"PID0523","Communication workflow",88.3
"PID0523","Document and comment",108.8
"PID0523","Analysis and research",62.6
"PID0523","General assistance",34.9
"PID0523","Specialised workflow",12.8
"PID0524","Write or debug code",24.6
"PID0524","Meeting workflow",135.7
"PID0524","Email workflow",145.6
"PID0524","Communication workflow",120.2
"PID0524","Document and comment",62.8
"PID0524","Analysis and research",70.9
"PID0524","General assistance",43.8
"PID0524","Specialised workflow",30.9
"PID0525","Write or debug code",0
"PID0525","Meeting workflow",0
"PID0525","Email workflow",0
"PID0525","Communication workflow",0
"PID0525","Document and comment",0
"PID0525","Analysis and research",0
"PID0525","General assistance",0
"PID0525","Specialised workflow",0
"PID0526","Write or debug code",119.7
"PID0526","Meeting workflow",42.1
"PID0526","Email workflow",33.7
"PID0526","Communication workflow",41.1
"PID0526","Document and comment",34.7
"PID0526","Analysis and research",48.3
"PID0526","General assistance",27.9
"PID0526","Specialised workflow",29.2
"PID0527","Write or debug code",65.1
"PID0527","Meeting workflow",454.9
"PID0527","Email workflow",466.7
"PID0527","Communication workflow",337.3
"PID0527","Document and comment",331
"PID0527","Analysis and research",195.3
"PID0527","General assistance",225.4
"PID0527","Specialised workflow",85.5
"PID0528","Write or debug code",513.9
"PID0528","Meeting workflow",126.8
"PID0528","Email workflow",123.2
"PID0528","Communication workflow",67.6
"PID0528","Document and comment",140.1
"PID0528","Analysis and research",160.5
"PID0528","General assistance",64.3
"PID0528","Specialised workflow",67.7
"PID0529","Write or debug code",51.9
"PID0529","Meeting workflow",152.4
"PID0529","Email workflow",259
"PID0529","Communication workflow",126.7
"PID0529","Document and comment",291.3
"PID0529","Analysis and research",334.6
"PID0529","General assistance",86.4
"PID0529","Specialised workflow",70.8
"PID0530","Write or debug code",0
"PID0530","Meeting workflow",0
"PID0530","Email workflow",0
"PID0530","Communication workflow",0
"PID0530","Document and comment",0
"PID0530","Analysis and research",0
"PID0530","General assistance",0
"PID0530","Specialised workflow",0
"PID0531","Write or debug code",0.7
"PID0531","Meeting workflow",3.3
"PID0531","Email workflow",3.1
"PID0531","Communication workflow",2.8
"PID0531","Document and comment",3.6
"PID0531","Analysis and research",1.5
"PID0531","General assistance",1.6
"PID0531","Specialised workflow",0.4
"PID0532","Write or debug code",55.8
"PID0532","Meeting workflow",151.5
"PID0532","Email workflow",291
"PID0532","Communication workflow",423.7
"PID0532","Document and comment",489.9
"PID0532","Analysis and research",219.5
"PID0532","General assistance",102.4
"PID0532","Specialised workflow",43.3
"PID0533","Write or debug code",0
"PID0533","Meeting workflow",0
"PID0533","Email workflow",0
"PID0533","Communication workflow",0
"PID0533","Document and comment",0
"PID0533","Analysis and research",0
"PID0533","General assistance",0
"PID0533","Specialised workflow",0
"PID0534","Write or debug code",19.4
"PID0534","Meeting workflow",67.1
"PID0534","Email workflow",67.4
"PID0534","Communication workflow",53.9
"PID0534","Document and comment",65.6
"PID0534","Analysis and research",50.7
"PID0534","General assistance",45.1
"PID0534","Specialised workflow",20.8
"PID0535","Write or debug code",0.2
"PID0535","Meeting workflow",0.8
"PID0535","Email workflow",0.7
"PID0535","Communication workflow",0.3
"PID0535","Document and comment",1.7
"PID0535","Analysis and research",0.8
"PID0535","General assistance",0.3
"PID0535","Specialised workflow",0.3
"PID0536","Write or debug code",21.7
"PID0536","Meeting workflow",126.9
"PID0536","Email workflow",151.5
"PID0536","Communication workflow",81
"PID0536","Document and comment",56.9
"PID0536","Analysis and research",70.7
"PID0536","General assistance",45.8
"PID0536","Specialised workflow",19.7
"PID0537","Write or debug code",7.1
"PID0537","Meeting workflow",37.2
"PID0537","Email workflow",39.3
"PID0537","Communication workflow",36.5
"PID0537","Document and comment",22.9
"PID0537","Analysis and research",23.3
"PID0537","General assistance",12.9
"PID0537","Specialised workflow",7.5
"PID0538","Write or debug code",0
"PID0538","Meeting workflow",0
"PID0538","Email workflow",0
"PID0538","Communication workflow",0
"PID0538","Document and comment",0
"PID0538","Analysis and research",0
"PID0538","General assistance",0
"PID0538","Specialised workflow",0
"PID0539","Write or debug code",17.7
"PID0539","Meeting workflow",70.5
"PID0539","Email workflow",98.9
"PID0539","Communication workflow",52.7
"PID0539","Document and comment",114.5
"PID0539","Analysis and research",137.2
"PID0539","General assistance",54.9
"PID0539","Specialised workflow",34.7
"PID0540","Write or debug code",27.8
"PID0540","Meeting workflow",72.8
"PID0540","Email workflow",98.4
"PID0540","Communication workflow",64.4
"PID0540","Document and comment",59.2
"PID0540","Analysis and research",54.9
"PID0540","General assistance",39
"PID0540","Specialised workflow",11.8
"PID0541","Write or debug code",13.1
"PID0541","Meeting workflow",83.9
"PID0541","Email workflow",74.9
"PID0541","Communication workflow",75.2
"PID0541","Document and comment",67.6
"PID0541","Analysis and research",38.3
"PID0541","General assistance",32.4
"PID0541","Specialised workflow",15.7
"PID0542","Write or debug code",0
"PID0542","Meeting workflow",0
"PID0542","Email workflow",0
"PID0542","Communication workflow",0
"PID0542","Document and comment",0
"PID0542","Analysis and research",0
"PID0542","General assistance",0
"PID0542","Specialised workflow",0
"PID0543","Write or debug code",10.2
"PID0543","Meeting workflow",29.8
"PID0543","Email workflow",46.3
"PID0543","Communication workflow",19.4
"PID0543","Document and comment",53.7
"PID0543","Analysis and research",67.2
"PID0543","General assistance",18
"PID0543","Specialised workflow",12.6
"PID0544","Write or debug code",14.1
"PID0544","Meeting workflow",41.9
"PID0544","Email workflow",46.6
"PID0544","Communication workflow",40.2
"PID0544","Document and comment",38.1
"PID0544","Analysis and research",33.1
"PID0544","General assistance",22.3
"PID0544","Specialised workflow",9.7
"PID0545","Write or debug code",6.8
"PID0545","Meeting workflow",42.8
"PID0545","Email workflow",35.9
"PID0545","Communication workflow",34.1
"PID0545","Document and comment",17.3
"PID0545","Analysis and research",22.4
"PID0545","General assistance",13.4
"PID0545","Specialised workflow",5
"PID0546","Write or debug code",22
"PID0546","Meeting workflow",125
"PID0546","Email workflow",184.9
"PID0546","Communication workflow",78.4
"PID0546","Document and comment",61.6
"PID0546","Analysis and research",52
"PID0546","General assistance",39
"PID0546","Specialised workflow",19.5
"PID0547","Write or debug code",416.4
"PID0547","Meeting workflow",80.9
"PID0547","Email workflow",74.4
"PID0547","Communication workflow",34.6
"PID0547","Document and comment",63.5
"PID0547","Analysis and research",71
"PID0547","General assistance",52.2
"PID0547","Specialised workflow",77.8
"PID0548","Write or debug code",4.7
"PID0548","Meeting workflow",11.3
"PID0548","Email workflow",18.1
"PID0548","Communication workflow",6.9
"PID0548","Document and comment",19.9
"PID0548","Analysis and research",29.9
"PID0548","General assistance",7.6
"PID0548","Specialised workflow",6
"PID0549","Write or debug code",4.6
"PID0549","Meeting workflow",31.3
"PID0549","Email workflow",34.5
"PID0549","Communication workflow",29.5
"PID0549","Document and comment",17.1
"PID0549","Analysis and research",17.5
"PID0549","General assistance",9.1
"PID0549","Specialised workflow",4.8
"PID0550","Write or debug code",0.6
"PID0550","Meeting workflow",5.1
"PID0550","Email workflow",3.6
"PID0550","Communication workflow",3.1
"PID0550","Document and comment",3.3
"PID0550","Analysis and research",1.6
"PID0550","General assistance",1.6
"PID0550","Specialised workflow",0.5
"PID0551","Write or debug code",852.2
"PID0551","Meeting workflow",252.4
"PID0551","Email workflow",208.5
"PID0551","Communication workflow",174.7
"PID0551","Document and comment",182.9
"PID0551","Analysis and research",227
"PID0551","General assistance",141.3
"PID0551","Specialised workflow",152.4
"PID0552","Write or debug code",56.3
"PID0552","Meeting workflow",125.9
"PID0552","Email workflow",104.5
"PID0552","Communication workflow",87.8
"PID0552","Document and comment",91.4
"PID0552","Analysis and research",116.9
"PID0552","General assistance",34.7
"PID0552","Specialised workflow",16.7
"PID0553","Write or debug code",9.8
"PID0553","Meeting workflow",61.6
"PID0553","Email workflow",84.5
"PID0553","Communication workflow",30.2
"PID0553","Document and comment",19
"PID0553","Analysis and research",30.8
"PID0553","General assistance",13.2
"PID0553","Specialised workflow",9.9
"PID0554","Write or debug code",0.3
"PID0554","Meeting workflow",2.7
"PID0554","Email workflow",4.9
"PID0554","Communication workflow",2.6
"PID0554","Document and comment",2.2
"PID0554","Analysis and research",1.8
"PID0554","General assistance",1.6
"PID0554","Specialised workflow",0.5
"PID0555","Write or debug code",306.2
"PID0555","Meeting workflow",86.4
"PID0555","Email workflow",59
"PID0555","Communication workflow",55.9
"PID0555","Document and comment",78.9
"PID0555","Analysis and research",61.1
"PID0555","General assistance",35.5
"PID0555","Specialised workflow",48.8
"PID0556","Write or debug code",6.7
"PID0556","Meeting workflow",24.6
"PID0556","Email workflow",53.9
"PID0556","Communication workflow",17.3
"PID0556","Document and comment",72
"PID0556","Analysis and research",34.5
"PID0556","General assistance",12.5
"PID0556","Specialised workflow",11.8
"PID0557","Write or debug code",10.6
"PID0557","Meeting workflow",69.3
"PID0557","Email workflow",65.7
"PID0557","Communication workflow",50
"PID0557","Document and comment",44.1
"PID0557","Analysis and research",29.4
"PID0557","General assistance",23.6
"PID0557","Specialised workflow",9.3
"PID0558","Write or debug code",43.6
"PID0558","Meeting workflow",225.5
"PID0558","Email workflow",342.4
"PID0558","Communication workflow",163.3
"PID0558","Document and comment",167.2
"PID0558","Analysis and research",140.2
"PID0558","General assistance",65.3
"PID0558","Specialised workflow",34.7
"PID0559","Write or debug code",6.6
"PID0559","Meeting workflow",2
"PID0559","Email workflow",1.5
"PID0559","Communication workflow",1
"PID0559","Document and comment",1.5
"PID0559","Analysis and research",1.6
"PID0559","General assistance",0.9
"PID0559","Specialised workflow",1.3
"PID0560","Write or debug code",12.9
"PID0560","Meeting workflow",45.5
"PID0560","Email workflow",38.2
"PID0560","Communication workflow",46.4
"PID0560","Document and comment",28.1
"PID0560","Analysis and research",37.6
"PID0560","General assistance",19.5
"PID0560","Specialised workflow",10.7
"PID0561","Write or debug code",45.5
"PID0561","Meeting workflow",109.9
"PID0561","Email workflow",157.7
"PID0561","Communication workflow",87.8
"PID0561","Document and comment",147.2
"PID0561","Analysis and research",301.9
"PID0561","General assistance",61.1
"PID0561","Specialised workflow",45.4
"PID0562","Write or debug code",0
"PID0562","Meeting workflow",0
"PID0562","Email workflow",0
"PID0562","Communication workflow",0
"PID0562","Document and comment",0
"PID0562","Analysis and research",0
"PID0562","General assistance",0
"PID0562","Specialised workflow",0
"PID0563","Write or debug code",5.1
"PID0563","Meeting workflow",14.8
"PID0563","Email workflow",33.1
"PID0563","Communication workflow",9.6
"PID0563","Document and comment",51
"PID0563","Analysis and research",21.5
"PID0563","General assistance",9.4
"PID0563","Specialised workflow",5.8
"PID0564","Write or debug code",0.1
"PID0564","Meeting workflow",0.5
"PID0564","Email workflow",0.4
"PID0564","Communication workflow",0.2
"PID0564","Document and comment",0.2
"PID0564","Analysis and research",0.3
"PID0564","General assistance",0.2
"PID0564","Specialised workflow",0.1
"PID0565","Write or debug code",92.1
"PID0565","Meeting workflow",154.9
"PID0565","Email workflow",137.3
"PID0565","Communication workflow",180.8
"PID0565","Document and comment",213.4
"PID0565","Analysis and research",142.2
"PID0565","General assistance",112.8
"PID0565","Specialised workflow",49.5
"PID0566","Write or debug code",8.8
"PID0566","Meeting workflow",22.2
"PID0566","Email workflow",46.8
"PID0566","Communication workflow",14.4
"PID0566","Document and comment",42
"PID0566","Analysis and research",44.3
"PID0566","General assistance",16
"PID0566","Specialised workflow",9.1
"PID0567","Write or debug code",9
"PID0567","Meeting workflow",37.3
"PID0567","Email workflow",29.7
"PID0567","Communication workflow",19.9
"PID0567","Document and comment",22.3
"PID0567","Analysis and research",23
"PID0567","General assistance",18.8
"PID0567","Specialised workflow",8
"PID0568","Write or debug code",4.6
"PID0568","Meeting workflow",21.8
"PID0568","Email workflow",18.4
"PID0568","Communication workflow",17.6
"PID0568","Document and comment",16
"PID0568","Analysis and research",10.3
"PID0568","General assistance",10.7
"PID0568","Specialised workflow",3.9
"PID0569","Write or debug code",649.1
"PID0569","Meeting workflow",138.5
"PID0569","Email workflow",153.9
"PID0569","Communication workflow",145.4
"PID0569","Document and comment",223.8
"PID0569","Analysis and research",228.1
"PID0569","General assistance",116.7
"PID0569","Specialised workflow",101.7
"PID0570","Write or debug code",36.8
"PID0570","Meeting workflow",180
"PID0570","Email workflow",293.3
"PID0570","Communication workflow",128.4
"PID0570","Document and comment",102.1
"PID0570","Analysis and research",71.9
"PID0570","General assistance",97.2
"PID0570","Specialised workflow",30.5
"PID0571","Write or debug code",0.5
"PID0571","Meeting workflow",2.1
"PID0571","Email workflow",3
"PID0571","Communication workflow",4.3
"PID0571","Document and comment",1.7
"PID0571","Analysis and research",1.2
"PID0571","General assistance",2.7
"PID0571","Specialised workflow",0.8
"PID0572","Write or debug code",0
"PID0572","Meeting workflow",0.2
"PID0572","Email workflow",0.1
"PID0572","Communication workflow",0.1
"PID0572","Document and comment",0.1
"PID0572","Analysis and research",0.1
"PID0572","General assistance",0.1
"PID0572","Specialised workflow",0
"PID0573","Write or debug code",0.4
"PID0573","Meeting workflow",3.1
"PID0573","Email workflow",3.6
"PID0573","Communication workflow",1.7
"PID0573","Document and comment",1.1
"PID0573","Analysis and research",1.1
"PID0573","General assistance",0.9
"PID0573","Specialised workflow",0.5
"PID0574","Write or debug code",2.8
"PID0574","Meeting workflow",13.1
"PID0574","Email workflow",12.5
"PID0574","Communication workflow",7.7
"PID0574","Document and comment",6.8
"PID0574","Analysis and research",10.3
"PID0574","General assistance",6.1
"PID0574","Specialised workflow",2.6
"PID0575","Write or debug code",67.5
"PID0575","Meeting workflow",181.7
"PID0575","Email workflow",395.6
"PID0575","Communication workflow",466.9
"PID0575","Document and comment",271
"PID0575","Analysis and research",181.4
"PID0575","General assistance",262.4
"PID0575","Specialised workflow",86.7
"PID0576","Write or debug code",66.9
"PID0576","Meeting workflow",569.2
"PID0576","Email workflow",422.9
"PID0576","Communication workflow",384.7
"PID0576","Document and comment",403.7
"PID0576","Analysis and research",179.4
"PID0576","General assistance",181.7
"PID0576","Specialised workflow",79
"PID0577","Write or debug code",8.1
"PID0577","Meeting workflow",51.8
"PID0577","Email workflow",44
"PID0577","Communication workflow",35.3
"PID0577","Document and comment",20.4
"PID0577","Analysis and research",24.6
"PID0577","General assistance",15.8
"PID0577","Specialised workflow",7.4
"PID0578","Write or debug code",114.8
"PID0578","Meeting workflow",46.9
"PID0578","Email workflow",35.8
"PID0578","Communication workflow",33.6
"PID0578","Document and comment",37
"PID0578","Analysis and research",59.7
"PID0578","General assistance",24.2
"PID0578","Specialised workflow",25.3
"PID0579","Write or debug code",585.2
"PID0579","Meeting workflow",139.7
"PID0579","Email workflow",102.3
"PID0579","Communication workflow",101.5
"PID0579","Document and comment",81.4
"PID0579","Analysis and research",156.6
"PID0579","General assistance",57.9
"PID0579","Specialised workflow",71.6
"PID0580","Write or debug code",17
"PID0580","Meeting workflow",124.4
"PID0580","Email workflow",131.5
"PID0580","Communication workflow",59.2
"PID0580","Document and comment",67.1
"PID0580","Analysis and research",47.1
"PID0580","General assistance",35.5
"PID0580","Specialised workflow",22.2
"PID0581","Write or debug code",38.5
"PID0581","Meeting workflow",151.5
"PID0581","Email workflow",449.3
"PID0581","Communication workflow",300.5
"PID0581","Document and comment",199.2
"PID0581","Analysis and research",116.2
"PID0581","General assistance",114.5
"PID0581","Specialised workflow",40.7
"PID0582","Write or debug code",17.8
"PID0582","Meeting workflow",44.4
"PID0582","Email workflow",56.6
"PID0582","Communication workflow",39
"PID0582","Document and comment",29
"PID0582","Analysis and research",35.2
"PID0582","General assistance",20.2
"PID0582","Specialised workflow",11.5
"PID0583","Write or debug code",4.2
"PID0583","Meeting workflow",15.4
"PID0583","Email workflow",18.9
"PID0583","Communication workflow",10.4
"PID0583","Document and comment",17.5
"PID0583","Analysis and research",38.5
"PID0583","General assistance",9.7
"PID0583","Specialised workflow",8.2
"PID0584","Write or debug code",13.8
"PID0584","Meeting workflow",36.3
"PID0584","Email workflow",35.3
"PID0584","Communication workflow",57.8
"PID0584","Document and comment",75.2
"PID0584","Analysis and research",45.3
"PID0584","General assistance",21.6
"PID0584","Specialised workflow",8.5
"PID0585","Write or debug code",0
"PID0585","Meeting workflow",0
"PID0585","Email workflow",0
"PID0585","Communication workflow",0
"PID0585","Document and comment",0
"PID0585","Analysis and research",0
"PID0585","General assistance",0
"PID0585","Specialised workflow",0
"PID0586","Write or debug code",4.5
"PID0586","Meeting workflow",11.6
"PID0586","Email workflow",18.4
"PID0586","Communication workflow",8.4
"PID0586","Document and comment",20.9
"PID0586","Analysis and research",33.4
"PID0586","General assistance",9.2
"PID0586","Specialised workflow",7.3
"PID0587","Write or debug code",0
"PID0587","Meeting workflow",0
"PID0587","Email workflow",0
"PID0587","Communication workflow",0
"PID0587","Document and comment",0
"PID0587","Analysis and research",0
"PID0587","General assistance",0
"PID0587","Specialised workflow",0
"PID0588","Write or debug code",0.1
"PID0588","Meeting workflow",0.5
"PID0588","Email workflow",0.9
"PID0588","Communication workflow",1.1
"PID0588","Document and comment",0.5
"PID0588","Analysis and research",0.5
"PID0588","General assistance",0.7
"PID0588","Specialised workflow",0.2
"PID0589","Write or debug code",114.9
"PID0589","Meeting workflow",323.5
"PID0589","Email workflow",538.6
"PID0589","Communication workflow",417.7
"PID0589","Document and comment",686.5
"PID0589","Analysis and research",292.1
"PID0589","General assistance",175.3
"PID0589","Specialised workflow",99.4
"PID0590","Write or debug code",257
"PID0590","Meeting workflow",63.6
"PID0590","Email workflow",58.4
"PID0590","Communication workflow",41.3
"PID0590","Document and comment",60
"PID0590","Analysis and research",69.3
"PID0590","General assistance",28.9
"PID0590","Specialised workflow",42.3
"PID0591","Write or debug code",19.4
"PID0591","Meeting workflow",41.4
"PID0591","Email workflow",43.3
"PID0591","Communication workflow",22.8
"PID0591","Document and comment",40
"PID0591","Analysis and research",40.1
"PID0591","General assistance",24
"PID0591","Specialised workflow",12.2
"PID0592","Write or debug code",11.3
"PID0592","Meeting workflow",87.2
"PID0592","Email workflow",66
"PID0592","Communication workflow",60.7
"PID0592","Document and comment",57.6
"PID0592","Analysis and research",34.8
"PID0592","General assistance",33.8
"PID0592","Specialised workflow",13.8
"PID0593","Write or debug code",12.1
"PID0593","Meeting workflow",29.9
"PID0593","Email workflow",38.6
"PID0593","Communication workflow",13.2
"PID0593","Document and comment",64.6
"PID0593","Analysis and research",32.7
"PID0593","General assistance",11.2
"PID0593","Specialised workflow",10.4
"PID0594","Write or debug code",2.4
"PID0594","Meeting workflow",0.5
"PID0594","Email workflow",0.7
"PID0594","Communication workflow",0.5
"PID0594","Document and comment",0.7
"PID0594","Analysis and research",0.5
"PID0594","General assistance",0.3
"PID0594","Specialised workflow",0.4
"PID0595","Write or debug code",48.9
"PID0595","Meeting workflow",147.2
"PID0595","Email workflow",344.7
"PID0595","Communication workflow",478.6
"PID0595","Document and comment",128
"PID0595","Analysis and research",136.8
"PID0595","General assistance",296.3
"PID0595","Specialised workflow",118.7
"PID0596","Write or debug code",16.3
"PID0596","Meeting workflow",77
"PID0596","Email workflow",58.7
"PID0596","Communication workflow",51
"PID0596","Document and comment",38.7
"PID0596","Analysis and research",59.2
"PID0596","General assistance",30
"PID0596","Specialised workflow",14.3
"PID0597","Write or debug code",391.7
"PID0597","Meeting workflow",94.9
"PID0597","Email workflow",72.4
"PID0597","Communication workflow",66.3
"PID0597","Document and comment",77.4
"PID0597","Analysis and research",106.1
"PID0597","General assistance",59
"PID0597","Specialised workflow",68.1
"PID0598","Write or debug code",2.8
"PID0598","Meeting workflow",16.9
"PID0598","Email workflow",22.2
"PID0598","Communication workflow",10.3
"PID0598","Document and comment",15.1
"PID0598","Analysis and research",9.3
"PID0598","General assistance",8.4
"PID0598","Specialised workflow",3.1
"PID0599","Write or debug code",4.5
"PID0599","Meeting workflow",13.7
"PID0599","Email workflow",27.1
"PID0599","Communication workflow",12.5
"PID0599","Document and comment",34.3
"PID0599","Analysis and research",18.3
"PID0599","General assistance",5.9
"PID0599","Specialised workflow",5.4
"PID0600","Write or debug code",2.5
"PID0600","Meeting workflow",9.2
"PID0600","Email workflow",14.9
"PID0600","Communication workflow",5.4
"PID0600","Document and comment",19.3
"PID0600","Analysis and research",16
"PID0600","General assistance",4.1
"PID0600","Specialised workflow",5.2
"PID0601","Write or debug code",7.1
"PID0601","Meeting workflow",14.4
"PID0601","Email workflow",17.9
"PID0601","Communication workflow",25.9
"PID0601","Document and comment",53.2
"PID0601","Analysis and research",25.3
"PID0601","General assistance",10.1
"PID0601","Specialised workflow",6.8
"PID0602","Write or debug code",52.3
"PID0602","Meeting workflow",274.7
"PID0602","Email workflow",264.1
"PID0602","Communication workflow",266.7
"PID0602","Document and comment",201.8
"PID0602","Analysis and research",183.4
"PID0602","General assistance",149
"PID0602","Specialised workflow",52.4
"PID0603","Write or debug code",0
"PID0603","Meeting workflow",0
"PID0603","Email workflow",0
"PID0603","Communication workflow",0
"PID0603","Document and comment",0
"PID0603","Analysis and research",0
"PID0603","General assistance",0
"PID0603","Specialised workflow",0
"PID0604","Write or debug code",28.7
"PID0604","Meeting workflow",254.7
"PID0604","Email workflow",190.6
"PID0604","Communication workflow",108.5
"PID0604","Document and comment",103.8
"PID0604","Analysis and research",65.9
"PID0604","General assistance",48
"PID0604","Specialised workflow",31.7
"PID0605","Write or debug code",37.4
"PID0605","Meeting workflow",172
"PID0605","Email workflow",190.9
"PID0605","Communication workflow",185.3
"PID0605","Document and comment",145.9
"PID0605","Analysis and research",139.6
"PID0605","General assistance",110
"PID0605","Specialised workflow",42.8
"PID0606","Write or debug code",46.3
"PID0606","Meeting workflow",109
"PID0606","Email workflow",128.6
"PID0606","Communication workflow",98
"PID0606","Document and comment",101.6
"PID0606","Analysis and research",94
"PID0606","General assistance",61.3
"PID0606","Specialised workflow",27.7
"PID0607","Write or debug code",22.8
"PID0607","Meeting workflow",95.8
"PID0607","Email workflow",232.9
"PID0607","Communication workflow",211.4
"PID0607","Document and comment",96.7
"PID0607","Analysis and research",80.1
"PID0607","General assistance",140.7
"PID0607","Specialised workflow",49.7
"PID0608","Write or debug code",18.7
"PID0608","Meeting workflow",36.2
"PID0608","Email workflow",55.3
"PID0608","Communication workflow",26.5
"PID0608","Document and comment",73.2
"PID0608","Analysis and research",98.5
"PID0608","General assistance",31.4
"PID0608","Specialised workflow",17.8
"PID0609","Write or debug code",1.4
"PID0609","Meeting workflow",7
"PID0609","Email workflow",7.3
"PID0609","Communication workflow",4.5
"PID0609","Document and comment",4.7
"PID0609","Analysis and research",3.3
"PID0609","General assistance",2.4
"PID0609","Specialised workflow",1
"PID0610","Write or debug code",0
"PID0610","Meeting workflow",0
"PID0610","Email workflow",0
"PID0610","Communication workflow",0
"PID0610","Document and comment",0
"PID0610","Analysis and research",0
"PID0610","General assistance",0
"PID0610","Specialised workflow",0
"PID0611","Write or debug code",7.3
"PID0611","Meeting workflow",19.7
"PID0611","Email workflow",26.1
"PID0611","Communication workflow",40.4
"PID0611","Document and comment",23.3
"PID0611","Analysis and research",11.5
"PID0611","General assistance",27.9
"PID0611","Specialised workflow",10.5
"PID0612","Write or debug code",8.3
"PID0612","Meeting workflow",19.2
"PID0612","Email workflow",22.4
"PID0612","Communication workflow",19.4
"PID0612","Document and comment",31.9
"PID0612","Analysis and research",18.9
"PID0612","General assistance",11.3
"PID0612","Specialised workflow",5.9
"PID0613","Write or debug code",1.8
"PID0613","Meeting workflow",4.1
"PID0613","Email workflow",5
"PID0613","Communication workflow",2.6
"PID0613","Document and comment",10.6
"PID0613","Analysis and research",12.5
"PID0613","General assistance",2.2
"PID0613","Specialised workflow",2.2
"PID0614","Write or debug code",0
"PID0614","Meeting workflow",0
"PID0614","Email workflow",0
"PID0614","Communication workflow",0
"PID0614","Document and comment",0
"PID0614","Analysis and research",0
"PID0614","General assistance",0
"PID0614","Specialised workflow",0
"PID0615","Write or debug code",1.2
"PID0615","Meeting workflow",6.9
"PID0615","Email workflow",9.7
"PID0615","Communication workflow",4
"PID0615","Document and comment",4
"PID0615","Analysis and research",2.7
"PID0615","General assistance",2.3
"PID0615","Specialised workflow",0.9
"PID0616","Write or debug code",562.5
"PID0616","Meeting workflow",132.1
"PID0616","Email workflow",118
"PID0616","Communication workflow",99.4
"PID0616","Document and comment",122.5
"PID0616","Analysis and research",125.4
"PID0616","General assistance",57
"PID0616","Specialised workflow",84.4
"PID0617","Write or debug code",22
"PID0617","Meeting workflow",192.1
"PID0617","Email workflow",174
"PID0617","Communication workflow",120
"PID0617","Document and comment",61.5
"PID0617","Analysis and research",85.3
"PID0617","General assistance",35.3
"PID0617","Specialised workflow",21.9
"PID0618","Write or debug code",1.9
"PID0618","Meeting workflow",5.4
"PID0618","Email workflow",4.8
"PID0618","Communication workflow",3.1
"PID0618","Document and comment",3.4
"PID0618","Analysis and research",3
"PID0618","General assistance",2.6
"PID0618","Specialised workflow",1
"PID0619","Write or debug code",437
"PID0619","Meeting workflow",120.1
"PID0619","Email workflow",121.6
"PID0619","Communication workflow",101.2
"PID0619","Document and comment",118.4
"PID0619","Analysis and research",127.9
"PID0619","General assistance",78.8
"PID0619","Specialised workflow",68.3
"PID0620","Write or debug code",9.6
"PID0620","Meeting workflow",33
"PID0620","Email workflow",43.8
"PID0620","Communication workflow",20.2
"PID0620","Document and comment",53.2
"PID0620","Analysis and research",66.8
"PID0620","General assistance",18.4
"PID0620","Specialised workflow",16.6
"PID0621","Write or debug code",1.8
"PID0621","Meeting workflow",18.3
"PID0621","Email workflow",18.8
"PID0621","Communication workflow",14.3
"PID0621","Document and comment",7.3
"PID0621","Analysis and research",6.8
"PID0621","General assistance",4.7
"PID0621","Specialised workflow",2.4
"PID0622","Write or debug code",235.3
"PID0622","Meeting workflow",52.7
"PID0622","Email workflow",58.3
"PID0622","Communication workflow",41.7
"PID0622","Document and comment",53.2
"PID0622","Analysis and research",80.6
"PID0622","General assistance",39.1
"PID0622","Specialised workflow",26.8
"PID0623","Write or debug code",0.2
"PID0623","Meeting workflow",0.9
"PID0623","Email workflow",1.8
"PID0623","Communication workflow",1.3
"PID0623","Document and comment",1
"PID0623","Analysis and research",0.6
"PID0623","General assistance",1
"PID0623","Specialised workflow",0.4
"PID0624","Write or debug code",2
"PID0624","Meeting workflow",8.8
"PID0624","Email workflow",8.4
"PID0624","Communication workflow",14.7
"PID0624","Document and comment",17.2
"PID0624","Analysis and research",9
"PID0624","General assistance",5.6
"PID0624","Specialised workflow",2.8
"PID0625","Write or debug code",100.5
"PID0625","Meeting workflow",248.4
"PID0625","Email workflow",350.1
"PID0625","Communication workflow",460.2
"PID0625","Document and comment",637.2
"PID0625","Analysis and research",198
"PID0625","General assistance",186.3
"PID0625","Specialised workflow",67.9
"PID0626","Write or debug code",127.1
"PID0626","Meeting workflow",38.7
"PID0626","Email workflow",34.5
"PID0626","Communication workflow",41.1
"PID0626","Document and comment",45.6
"PID0626","Analysis and research",40.1
"PID0626","General assistance",17.9
"PID0626","Specialised workflow",24.8
"PID0627","Write or debug code",14.8
"PID0627","Meeting workflow",32.7
"PID0627","Email workflow",72.3
"PID0627","Communication workflow",26.6
"PID0627","Document and comment",57.8
"PID0627","Analysis and research",78.9
"PID0627","General assistance",28.2
"PID0627","Specialised workflow",16
"PID0628","Write or debug code",31.2
"PID0628","Meeting workflow",110.5
"PID0628","Email workflow",183.2
"PID0628","Communication workflow",76.7
"PID0628","Document and comment",216.9
"PID0628","Analysis and research",236.6
"PID0628","General assistance",83.3
"PID0628","Specialised workflow",51.6
"PID0629","Write or debug code",1.2
"PID0629","Meeting workflow",4.2
"PID0629","Email workflow",7.3
"PID0629","Communication workflow",7.4
"PID0629","Document and comment",2.7
"PID0629","Analysis and research",3.4
"PID0629","General assistance",4.2
"PID0629","Specialised workflow",1.9
"PID0630","Write or debug code",21.5
"PID0630","Meeting workflow",66.8
"PID0630","Email workflow",142.2
"PID0630","Communication workflow",129
"PID0630","Document and comment",74.4
"PID0630","Analysis and research",69.8
"PID0630","General assistance",120.5
"PID0630","Specialised workflow",26.1
"PID0631","Write or debug code",8
"PID0631","Meeting workflow",37.4
"PID0631","Email workflow",57.1
"PID0631","Communication workflow",27.1
"PID0631","Document and comment",32.5
"PID0631","Analysis and research",26
"PID0631","General assistance",14.5
"PID0631","Specialised workflow",5.1
"PID0632","Write or debug code",12.5
"PID0632","Meeting workflow",86.9
"PID0632","Email workflow",104.9
"PID0632","Communication workflow",40
"PID0632","Document and comment",30.9
"PID0632","Analysis and research",26.7
"PID0632","General assistance",27.5
"PID0632","Specialised workflow",8.8
"PID0633","Write or debug code",21.6
"PID0633","Meeting workflow",109.8
"PID0633","Email workflow",122.4
"PID0633","Communication workflow",95.5
"PID0633","Document and comment",74.6
"PID0633","Analysis and research",44.3
"PID0633","General assistance",42.1
"PID0633","Specialised workflow",19.6
"PID0634","Write or debug code",0
"PID0634","Meeting workflow",0
"PID0634","Email workflow",0
"PID0634","Communication workflow",0
"PID0634","Document and comment",0
"PID0634","Analysis and research",0
"PID0634","General assistance",0
"PID0634","Specialised workflow",0
"PID0635","Write or debug code",1.8
"PID0635","Meeting workflow",5.4
"PID0635","Email workflow",8.7
"PID0635","Communication workflow",4.1
"PID0635","Document and comment",19.5
"PID0635","Analysis and research",11.7
"PID0635","General assistance",2.8
"PID0635","Specialised workflow",2.5
"PID0636","Write or debug code",7.5
"PID0636","Meeting workflow",29.1
"PID0636","Email workflow",46.6
"PID0636","Communication workflow",46.8
"PID0636","Document and comment",30
"PID0636","Analysis and research",24.9
"PID0636","General assistance",42.4
"PID0636","Specialised workflow",14.6
"PID0637","Write or debug code",1.8
"PID0637","Meeting workflow",5.8
"PID0637","Email workflow",8.9
"PID0637","Communication workflow",3.7
"PID0637","Document and comment",6.9
"PID0637","Analysis and research",14.4
"PID0637","General assistance",3.8
"PID0637","Specialised workflow",2.7
"PID0638","Write or debug code",15.8
"PID0638","Meeting workflow",128.3
"PID0638","Email workflow",142.6
"PID0638","Communication workflow",80
"PID0638","Document and comment",46.9
"PID0638","Analysis and research",49.5
"PID0638","General assistance",40.3
"PID0638","Specialised workflow",24.4
"PID0639","Write or debug code",5.3
"PID0639","Meeting workflow",19.3
"PID0639","Email workflow",25.7
"PID0639","Communication workflow",11.1
"PID0639","Document and comment",26.3
"PID0639","Analysis and research",47.1
"PID0639","General assistance",10.9
"PID0639","Specialised workflow",7.9
"PID0640","Write or debug code",1
"PID0640","Meeting workflow",2.6
"PID0640","Email workflow",7.5
"PID0640","Communication workflow",3.5
"PID0640","Document and comment",2.4
"PID0640","Analysis and research",2
"PID0640","General assistance",3.4
"PID0640","Specialised workflow",1.2
"PID0641","Write or debug code",592.9
"PID0641","Meeting workflow",108.5
"PID0641","Email workflow",108.1
"PID0641","Communication workflow",73.6
"PID0641","Document and comment",90.7
"PID0641","Analysis and research",150.9
"PID0641","General assistance",61.9
"PID0641","Specialised workflow",69.7
"PID0642","Write or debug code",5.3
"PID0642","Meeting workflow",14
"PID0642","Email workflow",23.4
"PID0642","Communication workflow",25.4
"PID0642","Document and comment",44.8
"PID0642","Analysis and research",17.8
"PID0642","General assistance",10.1
"PID0642","Specialised workflow",5.8
"PID0643","Write or debug code",10.5
"PID0643","Meeting workflow",45.4
"PID0643","Email workflow",37.8
"PID0643","Communication workflow",57.3
"PID0643","Document and comment",99.7
"PID0643","Analysis and research",43.4
"PID0643","General assistance",15.3
"PID0643","Specialised workflow",9
"PID0644","Write or debug code",0
"PID0644","Meeting workflow",0
"PID0644","Email workflow",0
"PID0644","Communication workflow",0
"PID0644","Document and comment",0
"PID0644","Analysis and research",0
"PID0644","General assistance",0
"PID0644","Specialised workflow",0
"PID0645","Write or debug code",20.2
"PID0645","Meeting workflow",186.2
"PID0645","Email workflow",187.7
"PID0645","Communication workflow",75.8
"PID0645","Document and comment",46.3
"PID0645","Analysis and research",76
"PID0645","General assistance",36.8
"PID0645","Specialised workflow",24.9
"PID0646","Write or debug code",247.4
"PID0646","Meeting workflow",51.6
"PID0646","Email workflow",45.2
"PID0646","Communication workflow",41
"PID0646","Document and comment",44.3
"PID0646","Analysis and research",50.4
"PID0646","General assistance",25.6
"PID0646","Specialised workflow",31.8
"PID0647","Write or debug code",0
"PID0647","Meeting workflow",0
"PID0647","Email workflow",0
"PID0647","Communication workflow",0
"PID0647","Document and comment",0
"PID0647","Analysis and research",0
"PID0647","General assistance",0
"PID0647","Specialised workflow",0
"PID0648","Write or debug code",67.5
"PID0648","Meeting workflow",465.4
"PID0648","Email workflow",539.4
"PID0648","Communication workflow",464.8
"PID0648","Document and comment",234.5
"PID0648","Analysis and research",196.7
"PID0648","General assistance",143.7
"PID0648","Specialised workflow",62.5
"PID0649","Write or debug code",243.4
"PID0649","Meeting workflow",61.9
"PID0649","Email workflow",53.1
"PID0649","Communication workflow",46
"PID0649","Document and comment",37.6
"PID0649","Analysis and research",39.6
"PID0649","General assistance",26.9
"PID0649","Specialised workflow",36.9
"PID0650","Write or debug code",422.9
"PID0650","Meeting workflow",109.3
"PID0650","Email workflow",115
"PID0650","Communication workflow",80.4
"PID0650","Document and comment",88.6
"PID0650","Analysis and research",123.7
"PID0650","General assistance",67.6
"PID0650","Specialised workflow",54.4
"PID0651","Write or debug code",0.8
"PID0651","Meeting workflow",1.4
"PID0651","Email workflow",1.7
"PID0651","Communication workflow",1.2
"PID0651","Document and comment",1.3
"PID0651","Analysis and research",1.2
"PID0651","General assistance",1.1
"PID0651","Specialised workflow",0.4
"PID0652","Write or debug code",9.2
"PID0652","Meeting workflow",27.7
"PID0652","Email workflow",35.5
"PID0652","Communication workflow",13.9
"PID0652","Document and comment",83.6
"PID0652","Analysis and research",48.7
"PID0652","General assistance",13.2
"PID0652","Specialised workflow",14.6
"PID0653","Write or debug code",4.5
"PID0653","Meeting workflow",1.4
"PID0653","Email workflow",1.1
"PID0653","Communication workflow",1.3
"PID0653","Document and comment",1.4
"PID0653","Analysis and research",1.9
"PID0653","General assistance",0.7
"PID0653","Specialised workflow",0.7
"PID0654","Write or debug code",18.5
"PID0654","Meeting workflow",63.4
"PID0654","Email workflow",70.2
"PID0654","Communication workflow",22.2
"PID0654","Document and comment",56
"PID0654","Analysis and research",145.5
"PID0654","General assistance",31.4
"PID0654","Specialised workflow",36.1
"PID0655","Write or debug code",0
"PID0655","Meeting workflow",0
"PID0655","Email workflow",0
"PID0655","Communication workflow",0
"PID0655","Document and comment",0
"PID0655","Analysis and research",0
"PID0655","General assistance",0
"PID0655","Specialised workflow",0
"PID0656","Write or debug code",14.6
"PID0656","Meeting workflow",98
"PID0656","Email workflow",101.5
"PID0656","Communication workflow",55.4
"PID0656","Document and comment",50
"PID0656","Analysis and research",39.1
"PID0656","General assistance",44.8
"PID0656","Specialised workflow",9.8
"PID0657","Write or debug code",36.1
"PID0657","Meeting workflow",223.9
"PID0657","Email workflow",292.4
"PID0657","Communication workflow",99.5
"PID0657","Document and comment",84.7
"PID0657","Analysis and research",88
"PID0657","General assistance",70.6
"PID0657","Specialised workflow",47.4
"PID0658","Write or debug code",8.3
"PID0658","Meeting workflow",19
"PID0658","Email workflow",19.2
"PID0658","Communication workflow",12.9
"PID0658","Document and comment",17.2
"PID0658","Analysis and research",12.7
"PID0658","General assistance",8.9
"PID0658","Specialised workflow",3.2
"PID0659","Write or debug code",659.9
"PID0659","Meeting workflow",98.7
"PID0659","Email workflow",95.6
"PID0659","Communication workflow",96.5
"PID0659","Document and comment",122.6
"PID0659","Analysis and research",117.1
"PID0659","General assistance",80.3
"PID0659","Specialised workflow",46.5
"PID0660","Write or debug code",0
"PID0660","Meeting workflow",0
"PID0660","Email workflow",0
"PID0660","Communication workflow",0
"PID0660","Document and comment",0
"PID0660","Analysis and research",0
"PID0660","General assistance",0
"PID0660","Specialised workflow",0
"PID0661","Write or debug code",296.3
"PID0661","Meeting workflow",79.1
"PID0661","Email workflow",80.7
"PID0661","Communication workflow",66
"PID0661","Document and comment",52.5
"PID0661","Analysis and research",114.5
"PID0661","General assistance",49.5
"PID0661","Specialised workflow",46
"PID0662","Write or debug code",64.9
"PID0662","Meeting workflow",255.3
"PID0662","Email workflow",239.2
"PID0662","Communication workflow",174.6
"PID0662","Document and comment",161.2
"PID0662","Analysis and research",139.3
"PID0662","General assistance",109.5
"PID0662","Specialised workflow",57.9
"PID0663","Write or debug code",17.7
"PID0663","Meeting workflow",32.7
"PID0663","Email workflow",49.6
"PID0663","Communication workflow",30.9
"PID0663","Document and comment",46.5
"PID0663","Analysis and research",59.3
"PID0663","General assistance",15.9
"PID0663","Specialised workflow",12
"PID0664","Write or debug code",6.8
"PID0664","Meeting workflow",15.9
"PID0664","Email workflow",30.8
"PID0664","Communication workflow",11.2
"PID0664","Document and comment",26.6
"PID0664","Analysis and research",51.2
"PID0664","General assistance",8.8
"PID0664","Specialised workflow",7.4
"PID0665","Write or debug code",486.3
"PID0665","Meeting workflow",120.5
"PID0665","Email workflow",118.2
"PID0665","Communication workflow",95.6
"PID0665","Document and comment",102.9
"PID0665","Analysis and research",133.7
"PID0665","General assistance",70.3
"PID0665","Specialised workflow",93.8
"PID0666","Write or debug code",22.4
"PID0666","Meeting workflow",36.9
"PID0666","Email workflow",61.5
"PID0666","Communication workflow",50.5
"PID0666","Document and comment",77.2
"PID0666","Analysis and research",47.3
"PID0666","General assistance",23
"PID0666","Specialised workflow",11
"PID0667","Write or debug code",4.6
"PID0667","Meeting workflow",15.9
"PID0667","Email workflow",25.9
"PID0667","Communication workflow",8.6
"PID0667","Document and comment",49.1
"PID0667","Analysis and research",21.5
"PID0667","General assistance",6.3
"PID0667","Specialised workflow",3.9
"PID0668","Write or debug code",0
"PID0668","Meeting workflow",0
"PID0668","Email workflow",0
"PID0668","Communication workflow",0
"PID0668","Document and comment",0
"PID0668","Analysis and research",0
"PID0668","General assistance",0
"PID0668","Specialised workflow",0
"PID0669","Write or debug code",141.8
"PID0669","Meeting workflow",33.7
"PID0669","Email workflow",26.9
"PID0669","Communication workflow",18.7
"PID0669","Document and comment",32
"PID0669","Analysis and research",35.7
"PID0669","General assistance",18.7
"PID0669","Specialised workflow",20
"PID0670","Write or debug code",5
"PID0670","Meeting workflow",13.1
"PID0670","Email workflow",26.8
"PID0670","Communication workflow",26
"PID0670","Document and comment",10.3
"PID0670","Analysis and research",11.8
"PID0670","General assistance",13.1
"PID0670","Specialised workflow",6.3
"PID0671","Write or debug code",143.8
"PID0671","Meeting workflow",28
"PID0671","Email workflow",44.3
"PID0671","Communication workflow",23.7
"PID0671","Document and comment",30
"PID0671","Analysis and research",40.8
"PID0671","General assistance",17.7
"PID0671","Specialised workflow",20.4
"PID0672","Write or debug code",1.9
"PID0672","Meeting workflow",10.3
"PID0672","Email workflow",15.9
"PID0672","Communication workflow",7
"PID0672","Document and comment",6.7
"PID0672","Analysis and research",5.3
"PID0672","General assistance",3.8
"PID0672","Specialised workflow",1.8
"PID0673","Write or debug code",1.2
"PID0673","Meeting workflow",5
"PID0673","Email workflow",9.1
"PID0673","Communication workflow",10.4
"PID0673","Document and comment",5.6
"PID0673","Analysis and research",4.5
"PID0673","General assistance",8.5
"PID0673","Specialised workflow",3.1
"PID0674","Write or debug code",19.5
"PID0674","Meeting workflow",150.8
"PID0674","Email workflow",167.3
"PID0674","Communication workflow",93.8
"PID0674","Document and comment",93.5
"PID0674","Analysis and research",80.2
"PID0674","General assistance",51.7
"PID0674","Specialised workflow",23.8
"PID0675","Write or debug code",498.2
"PID0675","Meeting workflow",122.4
"PID0675","Email workflow",134.1
"PID0675","Communication workflow",132.5
"PID0675","Document and comment",147.6
"PID0675","Analysis and research",186.2
"PID0675","General assistance",82.5
"PID0675","Specialised workflow",89.3
"PID0676","Write or debug code",6.3
"PID0676","Meeting workflow",24.4
"PID0676","Email workflow",14.2
"PID0676","Communication workflow",18.6
"PID0676","Document and comment",14.9
"PID0676","Analysis and research",12.1
"PID0676","General assistance",8.3
"PID0676","Specialised workflow",4.3
"PID0677","Write or debug code",0
"PID0677","Meeting workflow",0
"PID0677","Email workflow",0
"PID0677","Communication workflow",0
"PID0677","Document and comment",0
"PID0677","Analysis and research",0
"PID0677","General assistance",0
"PID0677","Specialised workflow",0
"PID0678","Write or debug code",112.5
"PID0678","Meeting workflow",32.6
"PID0678","Email workflow",20.6
"PID0678","Communication workflow",24.5
"PID0678","Document and comment",22.7
"PID0678","Analysis and research",36.7
"PID0678","General assistance",15.2
"PID0678","Specialised workflow",14.1
"PID0679","Write or debug code",0.1
"PID0679","Meeting workflow",0.3
"PID0679","Email workflow",0.3
"PID0679","Communication workflow",0.2
"PID0679","Document and comment",0.2
"PID0679","Analysis and research",0.2
"PID0679","General assistance",0.2
"PID0679","Specialised workflow",0.1
"PID0680","Write or debug code",11.2
"PID0680","Meeting workflow",29.1
"PID0680","Email workflow",29
"PID0680","Communication workflow",22.3
"PID0680","Document and comment",27.4
"PID0680","Analysis and research",17.9
"PID0680","General assistance",11.8
"PID0680","Specialised workflow",7
"PID0681","Write or debug code",152.8
"PID0681","Meeting workflow",46.8
"PID0681","Email workflow",47.1
"PID0681","Communication workflow",44.1
"PID0681","Document and comment",39.9
"PID0681","Analysis and research",65.8
"PID0681","General assistance",26.1
"PID0681","Specialised workflow",31.2
"PID0682","Write or debug code",0.1
"PID0682","Meeting workflow",0.5
"PID0682","Email workflow",0.6
"PID0682","Communication workflow",0.4
"PID0682","Document and comment",0.3
"PID0682","Analysis and research",0.3
"PID0682","General assistance",0.3
"PID0682","Specialised workflow",0.1
"PID0683","Write or debug code",107.2
"PID0683","Meeting workflow",24.6
"PID0683","Email workflow",15.9
"PID0683","Communication workflow",19.6
"PID0683","Document and comment",18.5
"PID0683","Analysis and research",22.7
"PID0683","General assistance",11.8
"PID0683","Specialised workflow",13.7
"PID0684","Write or debug code",0
"PID0684","Meeting workflow",0
"PID0684","Email workflow",0
"PID0684","Communication workflow",0
"PID0684","Document and comment",0
"PID0684","Analysis and research",0
"PID0684","General assistance",0
"PID0684","Specialised workflow",0
"PID0685","Write or debug code",190.9
"PID0685","Meeting workflow",36.3
"PID0685","Email workflow",31.3
"PID0685","Communication workflow",29.1
"PID0685","Document and comment",22.5
"PID0685","Analysis and research",27.3
"PID0685","General assistance",15.7
"PID0685","Specialised workflow",20.1
"PID0686","Write or debug code",2.9
"PID0686","Meeting workflow",0.7
"PID0686","Email workflow",0.5
"PID0686","Communication workflow",0.4
"PID0686","Document and comment",0.6
"PID0686","Analysis and research",0.6
"PID0686","General assistance",0.3
"PID0686","Specialised workflow",0.3
"PID0687","Write or debug code",0.7
"PID0687","Meeting workflow",2.5
"PID0687","Email workflow",3.7
"PID0687","Communication workflow",5.2
"PID0687","Document and comment",1.8
"PID0687","Analysis and research",1.7
"PID0687","General assistance",2.3
"PID0687","Specialised workflow",1.6
"PID0688","Write or debug code",0
"PID0688","Meeting workflow",0
"PID0688","Email workflow",0
"PID0688","Communication workflow",0
"PID0688","Document and comment",0
"PID0688","Analysis and research",0
"PID0688","General assistance",0
"PID0688","Specialised workflow",0
"PID0689","Write or debug code",0
"PID0689","Meeting workflow",0
"PID0689","Email workflow",0
"PID0689","Communication workflow",0
"PID0689","Document and comment",0
"PID0689","Analysis and research",0
"PID0689","General assistance",0
"PID0689","Specialised workflow",0
"PID0690","Write or debug code",662.1
"PID0690","Meeting workflow",186.5
"PID0690","Email workflow",141.3
"PID0690","Communication workflow",121.9
"PID0690","Document and comment",144.7
"PID0690","Analysis and research",118.5
"PID0690","General assistance",125.6
"PID0690","Specialised workflow",117
"PID0691","Write or debug code",75
"PID0691","Meeting workflow",579.3
"PID0691","Email workflow",470.3
"PID0691","Communication workflow",384.9
"PID0691","Document and comment",271.6
"PID0691","Analysis and research",244.7
"PID0691","General assistance",113.6
"PID0691","Specialised workflow",57.2
"PID0692","Write or debug code",18.5
"PID0692","Meeting workflow",166.4
"PID0692","Email workflow",128.4
"PID0692","Communication workflow",72.9
"PID0692","Document and comment",44.8
"PID0692","Analysis and research",52.2
"PID0692","General assistance",44.4
"PID0692","Specialised workflow",13.7
"PID0693","Write or debug code",133.5
"PID0693","Meeting workflow",336.1
"PID0693","Email workflow",741
"PID0693","Communication workflow",251.9
"PID0693","Document and comment",435.6
"PID0693","Analysis and research",781.8
"PID0693","General assistance",239.1
"PID0693","Specialised workflow",141.4
"PID0694","Write or debug code",185
"PID0694","Meeting workflow",573.2
"PID0694","Email workflow",524.5
"PID0694","Communication workflow",272.8
"PID0694","Document and comment",369.4
"PID0694","Analysis and research",319
"PID0694","General assistance",201.1
"PID0694","Specialised workflow",93
"PID0695","Write or debug code",308
"PID0695","Meeting workflow",1672.2
"PID0695","Email workflow",1811.3
"PID0695","Communication workflow",1040.3
"PID0695","Document and comment",892.5
"PID0695","Analysis and research",475.3
"PID0695","General assistance",656.5
"PID0695","Specialised workflow",213.3
"PID0696","Write or debug code",155.4
"PID0696","Meeting workflow",22.6
"PID0696","Email workflow",38.4
"PID0696","Communication workflow",16.4
"PID0696","Document and comment",33.1
"PID0696","Analysis and research",35
"PID0696","General assistance",21.5
"PID0696","Specialised workflow",23.7
"PID0697","Write or debug code",100.7
"PID0697","Meeting workflow",350.5
"PID0697","Email workflow",537.7
"PID0697","Communication workflow",146.3
"PID0697","Document and comment",580
"PID0697","Analysis and research",784.3
"PID0697","General assistance",172.5
"PID0697","Specialised workflow",129.8
"PID0698","Write or debug code",9.7
"PID0698","Meeting workflow",27
"PID0698","Email workflow",59.5
"PID0698","Communication workflow",61.6
"PID0698","Document and comment",23
"PID0698","Analysis and research",19.8
"PID0698","General assistance",31.4
"PID0698","Specialised workflow",14.2
"PID0699","Write or debug code",1.1
"PID0699","Meeting workflow",2.9
"PID0699","Email workflow",4.5
"PID0699","Communication workflow",3.9
"PID0699","Document and comment",6.7
"PID0699","Analysis and research",3.1
"PID0699","General assistance",1.5
"PID0699","Specialised workflow",0.9
"PID0700","Write or debug code",0
"PID0700","Meeting workflow",0
"PID0700","Email workflow",0
"PID0700","Communication workflow",0
"PID0700","Document and comment",0
"PID0700","Analysis and research",0
"PID0700","General assistance",0
"PID0700","Specialised workflow",0
"PID0701","Write or debug code",2.8
"PID0701","Meeting workflow",8.2
"PID0701","Email workflow",15.3
"PID0701","Communication workflow",13.7
"PID0701","Document and comment",7.6
"PID0701","Analysis and research",5.9
"PID0701","General assistance",11.8
"PID0701","Specialised workflow",4.6
"PID0702","Write or debug code",11.8
"PID0702","Meeting workflow",43
"PID0702","Email workflow",45.7
"PID0702","Communication workflow",73
"PID0702","Document and comment",62.5
"PID0702","Analysis and research",25
"PID0702","General assistance",18
"PID0702","Specialised workflow",8
"PID0703","Write or debug code",16.2
"PID0703","Meeting workflow",29.2
"PID0703","Email workflow",45.9
"PID0703","Communication workflow",19
"PID0703","Document and comment",83.8
"PID0703","Analysis and research",58.8
"PID0703","General assistance",12.6
"PID0703","Specialised workflow",19
"PID0704","Write or debug code",18.5
"PID0704","Meeting workflow",51.8
"PID0704","Email workflow",112.8
"PID0704","Communication workflow",34.8
"PID0704","Document and comment",84.2
"PID0704","Analysis and research",152.9
"PID0704","General assistance",27.3
"PID0704","Specialised workflow",19.6
"PID0705","Write or debug code",34.5
"PID0705","Meeting workflow",68
"PID0705","Email workflow",73.8
"PID0705","Communication workflow",81.5
"PID0705","Document and comment",64
"PID0705","Analysis and research",71.1
"PID0705","General assistance",41.1
"PID0705","Specialised workflow",17.7
"PID0706","Write or debug code",9.9
"PID0706","Meeting workflow",61.3
"PID0706","Email workflow",96.1
"PID0706","Communication workflow",42.8
"PID0706","Document and comment",30.9
"PID0706","Analysis and research",25.9
"PID0706","General assistance",16
"PID0706","Specialised workflow",8.7
"PID0707","Write or debug code",2.2
"PID0707","Meeting workflow",5.3
"PID0707","Email workflow",11.5
"PID0707","Communication workflow",12.9
"PID0707","Document and comment",3.6
"PID0707","Analysis and research",5
"PID0707","General assistance",7.4
"PID0707","Specialised workflow",3.1
"PID0708","Write or debug code",21.4
"PID0708","Meeting workflow",40.4
"PID0708","Email workflow",64
"PID0708","Communication workflow",89.9
"PID0708","Document and comment",80.7
"PID0708","Analysis and research",63.7
"PID0708","General assistance",31.2
"PID0708","Specialised workflow",15.3
"PID0709","Write or debug code",3.1
"PID0709","Meeting workflow",4.8
"PID0709","Email workflow",16.8
"PID0709","Communication workflow",14.5
"PID0709","Document and comment",7.9
"PID0709","Analysis and research",5.6
"PID0709","General assistance",9.2
"PID0709","Specialised workflow",3.9
"PID0710","Write or debug code",13.1
"PID0710","Meeting workflow",37
"PID0710","Email workflow",56.5
"PID0710","Communication workflow",16.8
"PID0710","Document and comment",52.2
"PID0710","Analysis and research",52.9
"PID0710","General assistance",20
"PID0710","Specialised workflow",12.4
"PID0711","Write or debug code",548.7
"PID0711","Meeting workflow",126.8
"PID0711","Email workflow",140.1
"PID0711","Communication workflow",125
"PID0711","Document and comment",173.6
"PID0711","Analysis and research",160.4
"PID0711","General assistance",77.3
"PID0711","Specialised workflow",77.8
"PID0712","Write or debug code",0
"PID0712","Meeting workflow",0
"PID0712","Email workflow",0
"PID0712","Communication workflow",0
"PID0712","Document and comment",0
"PID0712","Analysis and research",0
"PID0712","General assistance",0
"PID0712","Specialised workflow",0
"PID0713","Write or debug code",12.3
"PID0713","Meeting workflow",54.4
"PID0713","Email workflow",63.7
"PID0713","Communication workflow",37.5
"PID0713","Document and comment",46.6
"PID0713","Analysis and research",37.2
"PID0713","General assistance",34
"PID0713","Specialised workflow",9.8
"PID0714","Write or debug code",7
"PID0714","Meeting workflow",45
"PID0714","Email workflow",42.6
"PID0714","Communication workflow",24.1
"PID0714","Document and comment",20.6
"PID0714","Analysis and research",12.3
"PID0714","General assistance",10.7
"PID0714","Specialised workflow",6.2
"PID0715","Write or debug code",0
"PID0715","Meeting workflow",0
"PID0715","Email workflow",0
"PID0715","Communication workflow",0
"PID0715","Document and comment",0
"PID0715","Analysis and research",0
"PID0715","General assistance",0
"PID0715","Specialised workflow",0
"PID0716","Write or debug code",16.2
"PID0716","Meeting workflow",39.8
"PID0716","Email workflow",55.9
"PID0716","Communication workflow",26.4
"PID0716","Document and comment",61.4
"PID0716","Analysis and research",75.5
"PID0716","General assistance",18.6
"PID0716","Specialised workflow",17.5
"PID0717","Write or debug code",153.2
"PID0717","Meeting workflow",22.1
"PID0717","Email workflow",27.4
"PID0717","Communication workflow",25.3
"PID0717","Document and comment",26.2
"PID0717","Analysis and research",24.6
"PID0717","General assistance",12.5
"PID0717","Specialised workflow",12.2
"PID0718","Write or debug code",9.8
"PID0718","Meeting workflow",28.6
"PID0718","Email workflow",54.6
"PID0718","Communication workflow",15.4
"PID0718","Document and comment",42.5
"PID0718","Analysis and research",53.8
"PID0718","General assistance",14.1
"PID0718","Specialised workflow",9.9
"PID0719","Write or debug code",0.2
"PID0719","Meeting workflow",0.8
"PID0719","Email workflow",1
"PID0719","Communication workflow",0.4
"PID0719","Document and comment",1.7
"PID0719","Analysis and research",0.9
"PID0719","General assistance",0.3
"PID0719","Specialised workflow",0.4
"PID0720","Write or debug code",17.4
"PID0720","Meeting workflow",68.4
"PID0720","Email workflow",56.8
"PID0720","Communication workflow",46.1
"PID0720","Document and comment",46.8
"PID0720","Analysis and research",35.5
"PID0720","General assistance",24.4
"PID0720","Specialised workflow",11.2
"PID0721","Write or debug code",0
"PID0721","Meeting workflow",0
"PID0721","Email workflow",0
"PID0721","Communication workflow",0
"PID0721","Document and comment",0
"PID0721","Analysis and research",0
"PID0721","General assistance",0
"PID0721","Specialised workflow",0
"PID0722","Write or debug code",28.3
"PID0722","Meeting workflow",206
"PID0722","Email workflow",157.3
"PID0722","Communication workflow",143.6
"PID0722","Document and comment",88
"PID0722","Analysis and research",89.7
"PID0722","General assistance",78.2
"PID0722","Specialised workflow",32.7
"PID0723","Write or debug code",1.4
"PID0723","Meeting workflow",5.7
"PID0723","Email workflow",12.8
"PID0723","Communication workflow",10.3
"PID0723","Document and comment",4.5
"PID0723","Analysis and research",3.2
"PID0723","General assistance",7.9
"PID0723","Specialised workflow",3.3
"PID0724","Write or debug code",12.2
"PID0724","Meeting workflow",30.9
"PID0724","Email workflow",55.8
"PID0724","Communication workflow",65.3
"PID0724","Document and comment",36.9
"PID0724","Analysis and research",25.4
"PID0724","General assistance",43.1
"PID0724","Specialised workflow",19.3
"PID0725","Write or debug code",34.2
"PID0725","Meeting workflow",89.2
"PID0725","Email workflow",144.9
"PID0725","Communication workflow",69.6
"PID0725","Document and comment",241.5
"PID0725","Analysis and research",96
"PID0725","General assistance",31.9
"PID0725","Specialised workflow",41.3
"PID0726","Write or debug code",376.5
"PID0726","Meeting workflow",62.3
"PID0726","Email workflow",81.2
"PID0726","Communication workflow",84.3
"PID0726","Document and comment",96.4
"PID0726","Analysis and research",104.3
"PID0726","General assistance",55
"PID0726","Specialised workflow",63.6
"PID0727","Write or debug code",1155.8
"PID0727","Meeting workflow",309.7
"PID0727","Email workflow",248.9
"PID0727","Communication workflow",280.3
"PID0727","Document and comment",257.7
"PID0727","Analysis and research",281.9
"PID0727","General assistance",180.8
"PID0727","Specialised workflow",241
"PID0728","Write or debug code",10.8
"PID0728","Meeting workflow",64.3
"PID0728","Email workflow",84.4
"PID0728","Communication workflow",34.9
"PID0728","Document and comment",129.9
"PID0728","Analysis and research",64.3
"PID0728","General assistance",28.6
"PID0728","Specialised workflow",26.1
"PID0729","Write or debug code",7.9
"PID0729","Meeting workflow",25.7
"PID0729","Email workflow",40.3
"PID0729","Communication workflow",58.1
"PID0729","Document and comment",30.8
"PID0729","Analysis and research",18.1
"PID0729","General assistance",33.9
"PID0729","Specialised workflow",13.1
"PID0730","Write or debug code",4403.5
"PID0730","Meeting workflow",671.6
"PID0730","Email workflow",911
"PID0730","Communication workflow",522.1
"PID0730","Document and comment",577.5
"PID0730","Analysis and research",543.6
"PID0730","General assistance",458.4
"PID0730","Specialised workflow",563.9
"PID0731","Write or debug code",3
"PID0731","Meeting workflow",16.8
"PID0731","Email workflow",26.3
"PID0731","Communication workflow",18.6
"PID0731","Document and comment",12.3
"PID0731","Analysis and research",11.6
"PID0731","General assistance",9.3
"PID0731","Specialised workflow",4
"PID0732","Write or debug code",0
"PID0732","Meeting workflow",0
"PID0732","Email workflow",0
"PID0732","Communication workflow",0
"PID0732","Document and comment",0
"PID0732","Analysis and research",0
"PID0732","General assistance",0
"PID0732","Specialised workflow",0
"PID0733","Write or debug code",24.8
"PID0733","Meeting workflow",66.7
"PID0733","Email workflow",91.8
"PID0733","Communication workflow",48.4
"PID0733","Document and comment",104
"PID0733","Analysis and research",139.8
"PID0733","General assistance",28.8
"PID0733","Specialised workflow",23.9
"PID0734","Write or debug code",5
"PID0734","Meeting workflow",33.6
"PID0734","Email workflow",24
"PID0734","Communication workflow",36.9
"PID0734","Document and comment",18.2
"PID0734","Analysis and research",18.8
"PID0734","General assistance",12.2
"PID0734","Specialised workflow",4.2
"PID0735","Write or debug code",0.2
"PID0735","Meeting workflow",0.5
"PID0735","Email workflow",0.8
"PID0735","Communication workflow",0.9
"PID0735","Document and comment",1.8
"PID0735","Analysis and research",1
"PID0735","General assistance",0.3
"PID0735","Specialised workflow",0.2
"PID0736","Write or debug code",307.6
"PID0736","Meeting workflow",53.4
"PID0736","Email workflow",77
"PID0736","Communication workflow",63.3
"PID0736","Document and comment",71
"PID0736","Analysis and research",96.8
"PID0736","General assistance",42.4
"PID0736","Specialised workflow",50.8
"PID0737","Write or debug code",4.7
"PID0737","Meeting workflow",20.5
"PID0737","Email workflow",19.6
"PID0737","Communication workflow",20.3
"PID0737","Document and comment",32.5
"PID0737","Analysis and research",16.5
"PID0737","General assistance",9.8
"PID0737","Specialised workflow",4.3
"PID0738","Write or debug code",19.3
"PID0738","Meeting workflow",49.3
"PID0738","Email workflow",89.2
"PID0738","Communication workflow",77.2
"PID0738","Document and comment",133.6
"PID0738","Analysis and research",67.3
"PID0738","General assistance",30.4
"PID0738","Specialised workflow",16.4
"PID0739","Write or debug code",34.1
"PID0739","Meeting workflow",284.9
"PID0739","Email workflow",254.3
"PID0739","Communication workflow",159.6
"PID0739","Document and comment",101.8
"PID0739","Analysis and research",148.3
"PID0739","General assistance",64.1
"PID0739","Specialised workflow",40.7
"PID0740","Write or debug code",8.1
"PID0740","Meeting workflow",38.5
"PID0740","Email workflow",55
"PID0740","Communication workflow",71.7
"PID0740","Document and comment",33.1
"PID0740","Analysis and research",23.5
"PID0740","General assistance",66
"PID0740","Specialised workflow",14.5
"PID0741","Write or debug code",57.3
"PID0741","Meeting workflow",308.7
"PID0741","Email workflow",555.3
"PID0741","Communication workflow",285.1
"PID0741","Document and comment",139.7
"PID0741","Analysis and research",189.1
"PID0741","General assistance",86.6
"PID0741","Specialised workflow",69.5
"PID0742","Write or debug code",49.6
"PID0742","Meeting workflow",183.8
"PID0742","Email workflow",385.1
"PID0742","Communication workflow",339.7
"PID0742","Document and comment",184.7
"PID0742","Analysis and research",193
"PID0742","General assistance",217.5
"PID0742","Specialised workflow",92.2
"PID0743","Write or debug code",87.4
"PID0743","Meeting workflow",281.2
"PID0743","Email workflow",265.4
"PID0743","Communication workflow",155.8
"PID0743","Document and comment",224.1
"PID0743","Analysis and research",419.2
"PID0743","General assistance",110.8
"PID0743","Specialised workflow",87.1
"PID0744","Write or debug code",652.4
"PID0744","Meeting workflow",122.8
"PID0744","Email workflow",130.9
"PID0744","Communication workflow",92
"PID0744","Document and comment",92.9
"PID0744","Analysis and research",135.6
"PID0744","General assistance",50.7
"PID0744","Specialised workflow",60.6
"PID0745","Write or debug code",0
"PID0745","Meeting workflow",0
"PID0745","Email workflow",0
"PID0745","Communication workflow",0
"PID0745","Document and comment",0
"PID0745","Analysis and research",0
"PID0745","General assistance",0
"PID0745","Specialised workflow",0
"PID0746","Write or debug code",14.3
"PID0746","Meeting workflow",34.5
"PID0746","Email workflow",43.1
"PID0746","Communication workflow",25.3
"PID0746","Document and comment",37.5
"PID0746","Analysis and research",32.7
"PID0746","General assistance",16.5
"PID0746","Specialised workflow",7.3
"PID0747","Write or debug code",15.2
"PID0747","Meeting workflow",89.7
"PID0747","Email workflow",81.6
"PID0747","Communication workflow",47.9
"PID0747","Document and comment",27.1
"PID0747","Analysis and research",36.6
"PID0747","General assistance",23.6
"PID0747","Specialised workflow",9
"PID0748","Write or debug code",0
"PID0748","Meeting workflow",0
"PID0748","Email workflow",0
"PID0748","Communication workflow",0
"PID0748","Document and comment",0
"PID0748","Analysis and research",0
"PID0748","General assistance",0
"PID0748","Specialised workflow",0
"PID0749","Write or debug code",9.3
"PID0749","Meeting workflow",42.1
"PID0749","Email workflow",69.5
"PID0749","Communication workflow",51.7
"PID0749","Document and comment",41.2
"PID0749","Analysis and research",23.7
"PID0749","General assistance",42.7
"PID0749","Specialised workflow",19.1
"PID0750","Write or debug code",0
"PID0750","Meeting workflow",0
"PID0750","Email workflow",0
"PID0750","Communication workflow",0
"PID0750","Document and comment",0
"PID0750","Analysis and research",0
"PID0750","General assistance",0
"PID0750","Specialised workflow",0
"PID0751","Write or debug code",84.3
"PID0751","Meeting workflow",20.2
"PID0751","Email workflow",14
"PID0751","Communication workflow",13.2
"PID0751","Document and comment",15.1
"PID0751","Analysis and research",16.2
"PID0751","General assistance",10.6
"PID0751","Specialised workflow",11.2
"PID0752","Write or debug code",4.7
"PID0752","Meeting workflow",21.4
"PID0752","Email workflow",33.9
"PID0752","Communication workflow",29.7
"PID0752","Document and comment",21.7
"PID0752","Analysis and research",12.5
"PID0752","General assistance",15.1
"PID0752","Specialised workflow",4.9
"PID0753","Write or debug code",0
"PID0753","Meeting workflow",0
"PID0753","Email workflow",0
"PID0753","Communication workflow",0
"PID0753","Document and comment",0
"PID0753","Analysis and research",0
"PID0753","General assistance",0
"PID0753","Specialised workflow",0
"PID0754","Write or debug code",36.9
"PID0754","Meeting workflow",241.7
"PID0754","Email workflow",507.9
"PID0754","Communication workflow",165.2
"PID0754","Document and comment",116.3
"PID0754","Analysis and research",128.2
"PID0754","General assistance",60.8
"PID0754","Specialised workflow",40.5
"PID0755","Write or debug code",57.4
"PID0755","Meeting workflow",294.1
"PID0755","Email workflow",184.6
"PID0755","Communication workflow",150.9
"PID0755","Document and comment",224.7
"PID0755","Analysis and research",141.3
"PID0755","General assistance",106.3
"PID0755","Specialised workflow",44.7
"PID0756","Write or debug code",3
"PID0756","Meeting workflow",31.3
"PID0756","Email workflow",22.2
"PID0756","Communication workflow",20.7
"PID0756","Document and comment",14.4
"PID0756","Analysis and research",10.5
"PID0756","General assistance",10.3
"PID0756","Specialised workflow",4
"PID0757","Write or debug code",2.6
"PID0757","Meeting workflow",17.9
"PID0757","Email workflow",25.2
"PID0757","Communication workflow",9.4
"PID0757","Document and comment",11.1
"PID0757","Analysis and research",8.2
"PID0757","General assistance",4.8
"PID0757","Specialised workflow",2.5
"PID0758","Write or debug code",18.2
"PID0758","Meeting workflow",45
"PID0758","Email workflow",125.6
"PID0758","Communication workflow",209.7
"PID0758","Document and comment",71.9
"PID0758","Analysis and research",74.5
"PID0758","General assistance",93.7
"PID0758","Specialised workflow",33.2
"PID0759","Write or debug code",159.2
"PID0759","Meeting workflow",34.1
"PID0759","Email workflow",39.3
"PID0759","Communication workflow",28
"PID0759","Document and comment",39.2
"PID0759","Analysis and research",47.3
"PID0759","General assistance",20.5
"PID0759","Specialised workflow",23.9
"PID0760","Write or debug code",8.3
"PID0760","Meeting workflow",20.5
"PID0760","Email workflow",31.4
"PID0760","Communication workflow",13.8
"PID0760","Document and comment",26.7
"PID0760","Analysis and research",47.2
"PID0760","General assistance",13.1
"PID0760","Specialised workflow",9
"PID0761","Write or debug code",1.2
"PID0761","Meeting workflow",4.3
"PID0761","Email workflow",5.7
"PID0761","Communication workflow",3.5
"PID0761","Document and comment",4.7
"PID0761","Analysis and research",7.6
"PID0761","General assistance",1.9
"PID0761","Specialised workflow",1.8
"PID0762","Write or debug code",0.7
"PID0762","Meeting workflow",3.7
"PID0762","Email workflow",5.7
"PID0762","Communication workflow",3.1
"PID0762","Document and comment",2.7
"PID0762","Analysis and research",1.9
"PID0762","General assistance",1.8
"PID0762","Specialised workflow",0.9
"PID0763","Write or debug code",93.9
"PID0763","Meeting workflow",18.6
"PID0763","Email workflow",14.8
"PID0763","Communication workflow",20.4
"PID0763","Document and comment",17.1
"PID0763","Analysis and research",21.8
"PID0763","General assistance",14.4
"PID0763","Specialised workflow",13.2
"PID0764","Write or debug code",0
"PID0764","Meeting workflow",0
"PID0764","Email workflow",0
"PID0764","Communication workflow",0
"PID0764","Document and comment",0
"PID0764","Analysis and research",0
"PID0764","General assistance",0
"PID0764","Specialised workflow",0
"PID0765","Write or debug code",48.5
"PID0765","Meeting workflow",14
"PID0765","Email workflow",22.9
"PID0765","Communication workflow",14.5
"PID0765","Document and comment",15.4
"PID0765","Analysis and research",18.2
"PID0765","General assistance",11.8
"PID0765","Specialised workflow",9.5
"PID0766","Write or debug code",160.4
"PID0766","Meeting workflow",387.8
"PID0766","Email workflow",492.9
"PID0766","Communication workflow",736.4
"PID0766","Document and comment",610.6
"PID0766","Analysis and research",344.2
"PID0766","General assistance",249.2
"PID0766","Specialised workflow",106.2
"PID0767","Write or debug code",9.8
"PID0767","Meeting workflow",81.1
"PID0767","Email workflow",73.5
"PID0767","Communication workflow",52.2
"PID0767","Document and comment",49.1
"PID0767","Analysis and research",29.1
"PID0767","General assistance",29.7
"PID0767","Specialised workflow",12.6
"PID0768","Write or debug code",5.3
"PID0768","Meeting workflow",24.3
"PID0768","Email workflow",25.2
"PID0768","Communication workflow",20.2
"PID0768","Document and comment",17.9
"PID0768","Analysis and research",15.1
"PID0768","General assistance",14
"PID0768","Specialised workflow",5.1
"PID0769","Write or debug code",0
"PID0769","Meeting workflow",0
"PID0769","Email workflow",0
"PID0769","Communication workflow",0
"PID0769","Document and comment",0
"PID0769","Analysis and research",0
"PID0769","General assistance",0
"PID0769","Specialised workflow",0
"PID0770","Write or debug code",35.1
"PID0770","Meeting workflow",116.9
"PID0770","Email workflow",102
"PID0770","Communication workflow",62.3
"PID0770","Document and comment",67.2
"PID0770","Analysis and research",58.6
"PID0770","General assistance",38.2
"PID0770","Specialised workflow",16.4
"PID0771","Write or debug code",3.9
"PID0771","Meeting workflow",16.4
"PID0771","Email workflow",17.7
"PID0771","Communication workflow",8.3
"PID0771","Document and comment",9.5
"PID0771","Analysis and research",8.7
"PID0771","General assistance",5.4
"PID0771","Specialised workflow",2.5
"PID0772","Write or debug code",5
"PID0772","Meeting workflow",18.6
"PID0772","Email workflow",37.7
"PID0772","Communication workflow",31.1
"PID0772","Document and comment",16.7
"PID0772","Analysis and research",10.8
"PID0772","General assistance",18.6
"PID0772","Specialised workflow",6.4
"PID0773","Write or debug code",0.4
"PID0773","Meeting workflow",1.2
"PID0773","Email workflow",1.7
"PID0773","Communication workflow",0.8
"PID0773","Document and comment",0.8
"PID0773","Analysis and research",0.6
"PID0773","General assistance",1.1
"PID0773","Specialised workflow",0.3
"PID0774","Write or debug code",2.7
"PID0774","Meeting workflow",10.7
"PID0774","Email workflow",19.2
"PID0774","Communication workflow",4.9
"PID0774","Document and comment",30.7
"PID0774","Analysis and research",10.3
"PID0774","General assistance",3.8
"PID0774","Specialised workflow",3.7
"PID0775","Write or debug code",0
"PID0775","Meeting workflow",0
"PID0775","Email workflow",0
"PID0775","Communication workflow",0
"PID0775","Document and comment",0
"PID0775","Analysis and research",0
"PID0775","General assistance",0
"PID0775","Specialised workflow",0
"PID0776","Write or debug code",24.3
"PID0776","Meeting workflow",70.9
"PID0776","Email workflow",51
"PID0776","Communication workflow",49.7
"PID0776","Document and comment",46.8
"PID0776","Analysis and research",52.2
"PID0776","General assistance",40.9
"PID0776","Specialised workflow",13.2
"PID0777","Write or debug code",321.5
"PID0777","Meeting workflow",95.6
"PID0777","Email workflow",85
"PID0777","Communication workflow",71.2
"PID0777","Document and comment",110.9
"PID0777","Analysis and research",97.2
"PID0777","General assistance",64.5
"PID0777","Specialised workflow",81.6
"PID0778","Write or debug code",171
"PID0778","Meeting workflow",580.8
"PID0778","Email workflow",945.6
"PID0778","Communication workflow",786
"PID0778","Document and comment",1347.3
"PID0778","Analysis and research",565.4
"PID0778","General assistance",473
"PID0778","Specialised workflow",176.8
"PID0779","Write or debug code",29.6
"PID0779","Meeting workflow",274.3
"PID0779","Email workflow",392.6
"PID0779","Communication workflow",205.9
"PID0779","Document and comment",77.3
"PID0779","Analysis and research",133.7
"PID0779","General assistance",98.9
"PID0779","Specialised workflow",37.1
"PID0780","Write or debug code",45.5
"PID0780","Meeting workflow",141.3
"PID0780","Email workflow",237.1
"PID0780","Communication workflow",134.9
"PID0780","Document and comment",217.5
"PID0780","Analysis and research",307.9
"PID0780","General assistance",113.4
"PID0780","Specialised workflow",74.3
"PID0781","Write or debug code",46.8
"PID0781","Meeting workflow",99.1
"PID0781","Email workflow",237.8
"PID0781","Communication workflow",66.1
"PID0781","Document and comment",267.6
"PID0781","Analysis and research",196.7
"PID0781","General assistance",43.6
"PID0781","Specialised workflow",63.5
"PID0782","Write or debug code",2.4
"PID0782","Meeting workflow",7.6
"PID0782","Email workflow",14.7
"PID0782","Communication workflow",7.8
"PID0782","Document and comment",27.1
"PID0782","Analysis and research",12.8
"PID0782","General assistance",3.6
"PID0782","Specialised workflow",3.3
"PID0783","Write or debug code",626.1
"PID0783","Meeting workflow",154.8
"PID0783","Email workflow",194.3
"PID0783","Communication workflow",109
"PID0783","Document and comment",189
"PID0783","Analysis and research",143.7
"PID0783","General assistance",93.3
"PID0783","Specialised workflow",125.6
"PID0784","Write or debug code",1.3
"PID0784","Meeting workflow",5.5
"PID0784","Email workflow",8.7
"PID0784","Communication workflow",3
"PID0784","Document and comment",9.3
"PID0784","Analysis and research",6.9
"PID0784","General assistance",1.9
"PID0784","Specialised workflow",1.5
"PID0785","Write or debug code",24.8
"PID0785","Meeting workflow",82
"PID0785","Email workflow",119.7
"PID0785","Communication workflow",37.9
"PID0785","Document and comment",174.2
"PID0785","Analysis and research",76.4
"PID0785","General assistance",30.8
"PID0785","Specialised workflow",40
"PID0786","Write or debug code",46.2
"PID0786","Meeting workflow",468.1
"PID0786","Email workflow",390.2
"PID0786","Communication workflow",305.6
"PID0786","Document and comment",171.4
"PID0786","Analysis and research",193
"PID0786","General assistance",123.9
"PID0786","Specialised workflow",54.5
"PID0787","Write or debug code",1.2
"PID0787","Meeting workflow",2.6
"PID0787","Email workflow",2.2
"PID0787","Communication workflow",2.5
"PID0787","Document and comment",2.7
"PID0787","Analysis and research",2.6
"PID0787","General assistance",2
"PID0787","Specialised workflow",0.6
"PID0788","Write or debug code",12.5
"PID0788","Meeting workflow",27.5
"PID0788","Email workflow",42.1
"PID0788","Communication workflow",18.9
"PID0788","Document and comment",48
"PID0788","Analysis and research",81.5
"PID0788","General assistance",12.7
"PID0788","Specialised workflow",13.6
"PID0789","Write or debug code",2.1
"PID0789","Meeting workflow",12
"PID0789","Email workflow",13.7
"PID0789","Communication workflow",6.8
"PID0789","Document and comment",6.3
"PID0789","Analysis and research",4.9
"PID0789","General assistance",4.2
"PID0789","Specialised workflow",1.4
"PID0790","Write or debug code",75.9
"PID0790","Meeting workflow",23.3
"PID0790","Email workflow",24.3
"PID0790","Communication workflow",14.5
"PID0790","Document and comment",18.8
"PID0790","Analysis and research",22.6
"PID0790","General assistance",10.5
"PID0790","Specialised workflow",10.1
"PID0791","Write or debug code",76
"PID0791","Meeting workflow",148.5
"PID0791","Email workflow",302.1
"PID0791","Communication workflow",89.8
"PID0791","Document and comment",298.5
"PID0791","Analysis and research",316.3
"PID0791","General assistance",98.3
"PID0791","Specialised workflow",75.2
"PID0792","Write or debug code",6.3
"PID0792","Meeting workflow",21.7
"PID0792","Email workflow",68
"PID0792","Communication workflow",82.2
"PID0792","Document and comment",23.1
"PID0792","Analysis and research",19.5
"PID0792","General assistance",28.8
"PID0792","Specialised workflow",16
"PID0793","Write or debug code",24
"PID0793","Meeting workflow",162.5
"PID0793","Email workflow",136.4
"PID0793","Communication workflow",118.4
"PID0793","Document and comment",105.4
"PID0793","Analysis and research",45.2
"PID0793","General assistance",69.7
"PID0793","Specialised workflow",21.3
"PID0794","Write or debug code",6.9
"PID0794","Meeting workflow",18.2
"PID0794","Email workflow",39.8
"PID0794","Communication workflow",52.1
"PID0794","Document and comment",46.7
"PID0794","Analysis and research",27.4
"PID0794","General assistance",15.8
"PID0794","Specialised workflow",6.4
"PID0795","Write or debug code",11.3
"PID0795","Meeting workflow",107
"PID0795","Email workflow",125.9
"PID0795","Communication workflow",85.4
"PID0795","Document and comment",46.1
"PID0795","Analysis and research",37.6
"PID0795","General assistance",33.5
"PID0795","Specialised workflow",17
"PID0796","Write or debug code",0
"PID0796","Meeting workflow",0
"PID0796","Email workflow",0
"PID0796","Communication workflow",0
"PID0796","Document and comment",0
"PID0796","Analysis and research",0
"PID0796","General assistance",0
"PID0796","Specialised workflow",0
"PID0797","Write or debug code",91.8
"PID0797","Meeting workflow",289.6
"PID0797","Email workflow",252.4
"PID0797","Communication workflow",140.2
"PID0797","Document and comment",353.4
"PID0797","Analysis and research",663.4
"PID0797","General assistance",190
"PID0797","Specialised workflow",81.2
"PID0798","Write or debug code",7.4
"PID0798","Meeting workflow",41.4
"PID0798","Email workflow",55.8
"PID0798","Communication workflow",30.4
"PID0798","Document and comment",21.1
"PID0798","Analysis and research",19.6
"PID0798","General assistance",15.2
"PID0798","Specialised workflow",6.8
"PID0799","Write or debug code",20.7
"PID0799","Meeting workflow",132
"PID0799","Email workflow",132.8
"PID0799","Communication workflow",84.1
"PID0799","Document and comment",68.5
"PID0799","Analysis and research",41
"PID0799","General assistance",36.1
"PID0799","Specialised workflow",17.9
"PID0800","Write or debug code",47.4
"PID0800","Meeting workflow",95.4
"PID0800","Email workflow",189.7
"PID0800","Communication workflow",83.4
"PID0800","Document and comment",203
"PID0800","Analysis and research",217.8
"PID0800","General assistance",60.2
"PID0800","Specialised workflow",47.8
"PID0801","Write or debug code",2.3
"PID0801","Meeting workflow",7.9
"PID0801","Email workflow",16.2
"PID0801","Communication workflow",16.6
"PID0801","Document and comment",7.5
"PID0801","Analysis and research",6
"PID0801","General assistance",10.3
"PID0801","Specialised workflow",3.2
"PID0802","Write or debug code",0
"PID0802","Meeting workflow",0
"PID0802","Email workflow",0
"PID0802","Communication workflow",0
"PID0802","Document and comment",0
"PID0802","Analysis and research",0
"PID0802","General assistance",0
"PID0802","Specialised workflow",0
"PID0803","Write or debug code",39.3
"PID0803","Meeting workflow",128.4
"PID0803","Email workflow",169.9
"PID0803","Communication workflow",62.9
"PID0803","Document and comment",206.4
"PID0803","Analysis and research",305.6
"PID0803","General assistance",45.1
"PID0803","Specialised workflow",47.8
"PID0804","Write or debug code",298.8
"PID0804","Meeting workflow",52.2
"PID0804","Email workflow",46.1
"PID0804","Communication workflow",36.9
"PID0804","Document and comment",39.9
"PID0804","Analysis and research",55.4
"PID0804","General assistance",22.6
"PID0804","Specialised workflow",31.2
"PID0805","Write or debug code",26.9
"PID0805","Meeting workflow",78.4
"PID0805","Email workflow",113
"PID0805","Communication workflow",136.7
"PID0805","Document and comment",137.3
"PID0805","Analysis and research",94.1
"PID0805","General assistance",49.3
"PID0805","Specialised workflow",27.6
"PID0806","Write or debug code",50.4
"PID0806","Meeting workflow",229.4
"PID0806","Email workflow",255.2
"PID0806","Communication workflow",139.3
"PID0806","Document and comment",121.9
"PID0806","Analysis and research",88.9
"PID0806","General assistance",85.1
"PID0806","Specialised workflow",33.9
"PID0807","Write or debug code",34.2
"PID0807","Meeting workflow",108.8
"PID0807","Email workflow",171.7
"PID0807","Communication workflow",71
"PID0807","Document and comment",200.8
"PID0807","Analysis and research",327.6
"PID0807","General assistance",51.8
"PID0807","Specialised workflow",34.6
"PID0808","Write or debug code",267
"PID0808","Meeting workflow",777.4
"PID0808","Email workflow",822.2
"PID0808","Communication workflow",501.7
"PID0808","Document and comment",1188.3
"PID0808","Analysis and research",1638.5
"PID0808","General assistance",541.8
"PID0808","Specialised workflow",245.3
"PID0809","Write or debug code",17.5
"PID0809","Meeting workflow",75
"PID0809","Email workflow",55.3
"PID0809","Communication workflow",86.6
"PID0809","Document and comment",92.2
"PID0809","Analysis and research",64.9
"PID0809","General assistance",29.1
"PID0809","Specialised workflow",17.4
"PID0810","Write or debug code",0
"PID0810","Meeting workflow",0
"PID0810","Email workflow",0
"PID0810","Communication workflow",0
"PID0810","Document and comment",0
"PID0810","Analysis and research",0
"PID0810","General assistance",0
"PID0810","Specialised workflow",0
"PID0811","Write or debug code",0
"PID0811","Meeting workflow",0
"PID0811","Email workflow",0
"PID0811","Communication workflow",0
"PID0811","Document and comment",0
"PID0811","Analysis and research",0
"PID0811","General assistance",0
"PID0811","Specialised workflow",0
"PID0812","Write or debug code",18.7
"PID0812","Meeting workflow",60.8
"PID0812","Email workflow",70.3
"PID0812","Communication workflow",103.9
"PID0812","Document and comment",132.9
"PID0812","Analysis and research",71.8
"PID0812","General assistance",32.1
"PID0812","Specialised workflow",20.7
"PID0813","Write or debug code",27.9
"PID0813","Meeting workflow",87.3
"PID0813","Email workflow",121.2
"PID0813","Communication workflow",137
"PID0813","Document and comment",87.4
"PID0813","Analysis and research",76
"PID0813","General assistance",121.3
"PID0813","Specialised workflow",39
"PID0814","Write or debug code",5.1
"PID0814","Meeting workflow",39.7
"PID0814","Email workflow",43.8
"PID0814","Communication workflow",33.4
"PID0814","Document and comment",23
"PID0814","Analysis and research",21.4
"PID0814","General assistance",13.6
"PID0814","Specialised workflow",8.4
"PID0815","Write or debug code",27.7
"PID0815","Meeting workflow",71.4
"PID0815","Email workflow",110.5
"PID0815","Communication workflow",40.8
"PID0815","Document and comment",102.5
"PID0815","Analysis and research",152.8
"PID0815","General assistance",25
"PID0815","Specialised workflow",26.4
"PID0816","Write or debug code",5.5
"PID0816","Meeting workflow",16
"PID0816","Email workflow",15.7
"PID0816","Communication workflow",12.2
"PID0816","Document and comment",12.9
"PID0816","Analysis and research",13.9
"PID0816","General assistance",9.4
"PID0816","Specialised workflow",3.2
"PID0817","Write or debug code",269.6
"PID0817","Meeting workflow",55.7
"PID0817","Email workflow",38
"PID0817","Communication workflow",42.2
"PID0817","Document and comment",46.3
"PID0817","Analysis and research",73.9
"PID0817","General assistance",33.1
"PID0817","Specialised workflow",30.2
"PID0818","Write or debug code",0.6
"PID0818","Meeting workflow",0.9
"PID0818","Email workflow",1.1
"PID0818","Communication workflow",2
"PID0818","Document and comment",2
"PID0818","Analysis and research",1.2
"PID0818","General assistance",0.5
"PID0818","Specialised workflow",0.3
"PID0819","Write or debug code",6.5
"PID0819","Meeting workflow",17.4
"PID0819","Email workflow",53
"PID0819","Communication workflow",48
"PID0819","Document and comment",14.2
"PID0819","Analysis and research",14.3
"PID0819","General assistance",26.8
"PID0819","Specialised workflow",10.1
"PID0820","Write or debug code",1306.3
"PID0820","Meeting workflow",147.7
"PID0820","Email workflow",148.8
"PID0820","Communication workflow",104.6
"PID0820","Document and comment",111.5
"PID0820","Analysis and research",154.3
"PID0820","General assistance",117.3
"PID0820","Specialised workflow",91.3
"PID0821","Write or debug code",24.1
"PID0821","Meeting workflow",73.1
"PID0821","Email workflow",117.4
"PID0821","Communication workflow",49.6
"PID0821","Document and comment",195.8
"PID0821","Analysis and research",75.1
"PID0821","General assistance",43.4
"PID0821","Specialised workflow",36.9
"PID0822","Write or debug code",62.2
"PID0822","Meeting workflow",131.9
"PID0822","Email workflow",184.2
"PID0822","Communication workflow",183.8
"PID0822","Document and comment",271.6
"PID0822","Analysis and research",122.4
"PID0822","General assistance",86.5
"PID0822","Specialised workflow",26.7
"PID0823","Write or debug code",35.6
"PID0823","Meeting workflow",129.6
"PID0823","Email workflow",98.8
"PID0823","Communication workflow",61.6
"PID0823","Document and comment",66.9
"PID0823","Analysis and research",84.4
"PID0823","General assistance",53.7
"PID0823","Specialised workflow",21.3
"PID0824","Write or debug code",17.6
"PID0824","Meeting workflow",113.6
"PID0824","Email workflow",193.3
"PID0824","Communication workflow",80.7
"PID0824","Document and comment",70.8
"PID0824","Analysis and research",68.1
"PID0824","General assistance",57
"PID0824","Specialised workflow",27.2
"PID0825","Write or debug code",0
"PID0825","Meeting workflow",0
"PID0825","Email workflow",0
"PID0825","Communication workflow",0
"PID0825","Document and comment",0
"PID0825","Analysis and research",0
"PID0825","General assistance",0
"PID0825","Specialised workflow",0
"PID0826","Write or debug code",1184.1
"PID0826","Meeting workflow",326.6
"PID0826","Email workflow",306.4
"PID0826","Communication workflow",190.2
"PID0826","Document and comment",143.2
"PID0826","Analysis and research",305.3
"PID0826","General assistance",153.8
"PID0826","Specialised workflow",121.6
"PID0827","Write or debug code",45.2
"PID0827","Meeting workflow",371.9
"PID0827","Email workflow",519.3
"PID0827","Communication workflow",166.7
"PID0827","Document and comment",155
"PID0827","Analysis and research",115.6
"PID0827","General assistance",105
"PID0827","Specialised workflow",51.5
"PID0828","Write or debug code",20.5
"PID0828","Meeting workflow",60.7
"PID0828","Email workflow",71.9
"PID0828","Communication workflow",38.5
"PID0828","Document and comment",32.9
"PID0828","Analysis and research",46.8
"PID0828","General assistance",28
"PID0828","Specialised workflow",10.1
"PID0829","Write or debug code",16.2
"PID0829","Meeting workflow",49.3
"PID0829","Email workflow",41.2
"PID0829","Communication workflow",33.2
"PID0829","Document and comment",29.5
"PID0829","Analysis and research",43.2
"PID0829","General assistance",20.5
"PID0829","Specialised workflow",9.8
"PID0830","Write or debug code",53.4
"PID0830","Meeting workflow",689.8
"PID0830","Email workflow",474.5
"PID0830","Communication workflow",519.5
"PID0830","Document and comment",567.4
"PID0830","Analysis and research",197.9
"PID0830","General assistance",162.9
"PID0830","Specialised workflow",109.8
"PID0831","Write or debug code",0
"PID0831","Meeting workflow",0
"PID0831","Email workflow",0
"PID0831","Communication workflow",0
"PID0831","Document and comment",0
"PID0831","Analysis and research",0
"PID0831","General assistance",0
"PID0831","Specialised workflow",0
"PID0832","Write or debug code",165.2
"PID0832","Meeting workflow",33
"PID0832","Email workflow",25
"PID0832","Communication workflow",25.1
"PID0832","Document and comment",29.5
"PID0832","Analysis and research",39.9
"PID0832","General assistance",19.2
"PID0832","Specialised workflow",27.4
"PID0833","Write or debug code",6.1
"PID0833","Meeting workflow",15.8
"PID0833","Email workflow",20
"PID0833","Communication workflow",27.1
"PID0833","Document and comment",31.5
"PID0833","Analysis and research",13.1
"PID0833","General assistance",9.1
"PID0833","Specialised workflow",4.2
"PID0834","Write or debug code",0
"PID0834","Meeting workflow",0
"PID0834","Email workflow",0
"PID0834","Communication workflow",0
"PID0834","Document and comment",0
"PID0834","Analysis and research",0
"PID0834","General assistance",0
"PID0834","Specialised workflow",0
"PID0835","Write or debug code",2.5
"PID0835","Meeting workflow",7.5
"PID0835","Email workflow",11.1
"PID0835","Communication workflow",3.9
"PID0835","Document and comment",11.8
"PID0835","Analysis and research",14.9
"PID0835","General assistance",2.7
"PID0835","Specialised workflow",2.6
"PID0836","Write or debug code",5.8
"PID0836","Meeting workflow",26.7
"PID0836","Email workflow",23.8
"PID0836","Communication workflow",24.6
"PID0836","Document and comment",22.6
"PID0836","Analysis and research",11.6
"PID0836","General assistance",9.2
"PID0836","Specialised workflow",4.5
"PID0837","Write or debug code",9.3
"PID0837","Meeting workflow",20.4
"PID0837","Email workflow",33.4
"PID0837","Communication workflow",55
"PID0837","Document and comment",28.1
"PID0837","Analysis and research",22.3
"PID0837","General assistance",19
"PID0837","Specialised workflow",9.9
"PID0838","Write or debug code",1.4
"PID0838","Meeting workflow",7.9
"PID0838","Email workflow",11.7
"PID0838","Communication workflow",5.1
"PID0838","Document and comment",6.7
"PID0838","Analysis and research",5.3
"PID0838","General assistance",2.6
"PID0838","Specialised workflow",1.7
"PID0839","Write or debug code",23.4
"PID0839","Meeting workflow",120.6
"PID0839","Email workflow",203.6
"PID0839","Communication workflow",124.1
"PID0839","Document and comment",49.2
"PID0839","Analysis and research",81.4
"PID0839","General assistance",41.5
"PID0839","Specialised workflow",30.6
"PID0840","Write or debug code",9.9
"PID0840","Meeting workflow",31.1
"PID0840","Email workflow",58.8
"PID0840","Communication workflow",72.2
"PID0840","Document and comment",24.8
"PID0840","Analysis and research",19.5
"PID0840","General assistance",30.4
"PID0840","Specialised workflow",15.7
"PID0841","Write or debug code",36.5
"PID0841","Meeting workflow",84.1
"PID0841","Email workflow",109.5
"PID0841","Communication workflow",62.5
"PID0841","Document and comment",106.2
"PID0841","Analysis and research",76.6
"PID0841","General assistance",66.2
"PID0841","Specialised workflow",18.7
"PID0842","Write or debug code",37.3
"PID0842","Meeting workflow",67.9
"PID0842","Email workflow",70.2
"PID0842","Communication workflow",68.2
"PID0842","Document and comment",63.7
"PID0842","Analysis and research",66
"PID0842","General assistance",36.4
"PID0842","Specialised workflow",16.3
"PID0843","Write or debug code",0
"PID0843","Meeting workflow",0
"PID0843","Email workflow",0
"PID0843","Communication workflow",0
"PID0843","Document and comment",0
"PID0843","Analysis and research",0
"PID0843","General assistance",0
"PID0843","Specialised workflow",0
"PID0844","Write or debug code",113.9
"PID0844","Meeting workflow",25.6
"PID0844","Email workflow",23.4
"PID0844","Communication workflow",28.1
"PID0844","Document and comment",24.9
"PID0844","Analysis and research",34.3
"PID0844","General assistance",18.2
"PID0844","Specialised workflow",15.7
"PID0845","Write or debug code",3
"PID0845","Meeting workflow",22.2
"PID0845","Email workflow",24.7
"PID0845","Communication workflow",12.7
"PID0845","Document and comment",10.6
"PID0845","Analysis and research",8.8
"PID0845","General assistance",6.5
"PID0845","Specialised workflow",4.1
"PID0846","Write or debug code",4.4
"PID0846","Meeting workflow",7.4
"PID0846","Email workflow",20.6
"PID0846","Communication workflow",18.9
"PID0846","Document and comment",9.5
"PID0846","Analysis and research",6.7
"PID0846","General assistance",7.4
"PID0846","Specialised workflow",5.3
"PID0847","Write or debug code",10.2
"PID0847","Meeting workflow",44.9
"PID0847","Email workflow",43.4
"PID0847","Communication workflow",23.6
"PID0847","Document and comment",34.9
"PID0847","Analysis and research",23.9
"PID0847","General assistance",20.4
"PID0847","Specialised workflow",9.6
"PID0848","Write or debug code",83.1
"PID0848","Meeting workflow",298.2
"PID0848","Email workflow",493.9
"PID0848","Communication workflow",409.7
"PID0848","Document and comment",175.1
"PID0848","Analysis and research",165.6
"PID0848","General assistance",430.1
"PID0848","Specialised workflow",109
"PID0849","Write or debug code",8.5
"PID0849","Meeting workflow",17.6
"PID0849","Email workflow",27.1
"PID0849","Communication workflow",10
"PID0849","Document and comment",32
"PID0849","Analysis and research",49.3
"PID0849","General assistance",17.2
"PID0849","Specialised workflow",10.5
"PID0850","Write or debug code",1.6
"PID0850","Meeting workflow",5
"PID0850","Email workflow",8.2
"PID0850","Communication workflow",3.3
"PID0850","Document and comment",16.4
"PID0850","Analysis and research",7.4
"PID0850","General assistance",2
"PID0850","Specialised workflow",2.5
"PID0851","Write or debug code",587.4
"PID0851","Meeting workflow",92
"PID0851","Email workflow",91.6
"PID0851","Communication workflow",106.8
"PID0851","Document and comment",87.3
"PID0851","Analysis and research",127.3
"PID0851","General assistance",57.9
"PID0851","Specialised workflow",62
"PID0852","Write or debug code",2.8
"PID0852","Meeting workflow",21.3
"PID0852","Email workflow",24
"PID0852","Communication workflow",24.8
"PID0852","Document and comment",15.2
"PID0852","Analysis and research",10
"PID0852","General assistance",7.4
"PID0852","Specialised workflow",3.1
"PID0853","Write or debug code",6.1
"PID0853","Meeting workflow",18.3
"PID0853","Email workflow",40.6
"PID0853","Communication workflow",52.1
"PID0853","Document and comment",18.5
"PID0853","Analysis and research",18
"PID0853","General assistance",39.1
"PID0853","Specialised workflow",9.5
"PID0854","Write or debug code",0
"PID0854","Meeting workflow",0
"PID0854","Email workflow",0
"PID0854","Communication workflow",0
"PID0854","Document and comment",0
"PID0854","Analysis and research",0
"PID0854","General assistance",0
"PID0854","Specialised workflow",0
"PID0855","Write or debug code",0
"PID0855","Meeting workflow",0.1
"PID0855","Email workflow",0.2
"PID0855","Communication workflow",0.1
"PID0855","Document and comment",0.1
"PID0855","Analysis and research",0.1
"PID0855","General assistance",0.1
"PID0855","Specialised workflow",0
"PID0856","Write or debug code",8.9
"PID0856","Meeting workflow",24.1
"PID0856","Email workflow",30.2
"PID0856","Communication workflow",32
"PID0856","Document and comment",59.5
"PID0856","Analysis and research",25.5
"PID0856","General assistance",15.3
"PID0856","Specialised workflow",6.9
"PID0857","Write or debug code",60.7
"PID0857","Meeting workflow",150.3
"PID0857","Email workflow",417.5
"PID0857","Communication workflow",135.6
"PID0857","Document and comment",374.1
"PID0857","Analysis and research",485.4
"PID0857","General assistance",106.4
"PID0857","Specialised workflow",70.4
"PID0858","Write or debug code",0
"PID0858","Meeting workflow",0
"PID0858","Email workflow",0
"PID0858","Communication workflow",0
"PID0858","Document and comment",0
"PID0858","Analysis and research",0
"PID0858","General assistance",0
"PID0858","Specialised workflow",0
"PID0859","Write or debug code",0
"PID0859","Meeting workflow",0
"PID0859","Email workflow",0
"PID0859","Communication workflow",0
"PID0859","Document and comment",0
"PID0859","Analysis and research",0
"PID0859","General assistance",0
"PID0859","Specialised workflow",0
"PID0860","Write or debug code",11.5
"PID0860","Meeting workflow",21.6
"PID0860","Email workflow",35.5
"PID0860","Communication workflow",21.1
"PID0860","Document and comment",31.9
"PID0860","Analysis and research",17
"PID0860","General assistance",14.9
"PID0860","Specialised workflow",7.2
"PID0861","Write or debug code",0
"PID0861","Meeting workflow",0
"PID0861","Email workflow",0
"PID0861","Communication workflow",0
"PID0861","Document and comment",0
"PID0861","Analysis and research",0
"PID0861","General assistance",0
"PID0861","Specialised workflow",0
"PID0862","Write or debug code",20.8
"PID0862","Meeting workflow",42.5
"PID0862","Email workflow",65.5
"PID0862","Communication workflow",36.4
"PID0862","Document and comment",93.8
"PID0862","Analysis and research",113.7
"PID0862","General assistance",29.4
"PID0862","Specialised workflow",24.2
"PID0863","Write or debug code",0
"PID0863","Meeting workflow",0
"PID0863","Email workflow",0
"PID0863","Communication workflow",0
"PID0863","Document and comment",0
"PID0863","Analysis and research",0
"PID0863","General assistance",0
"PID0863","Specialised workflow",0
"PID0864","Write or debug code",0
"PID0864","Meeting workflow",0
"PID0864","Email workflow",0
"PID0864","Communication workflow",0
"PID0864","Document and comment",0
"PID0864","Analysis and research",0
"PID0864","General assistance",0
"PID0864","Specialised workflow",0
"PID0865","Write or debug code",0
"PID0865","Meeting workflow",0
"PID0865","Email workflow",0
"PID0865","Communication workflow",0
"PID0865","Document and comment",0
"PID0865","Analysis and research",0
"PID0865","General assistance",0
"PID0865","Specialised workflow",0
"PID0866","Write or debug code",13.3
"PID0866","Meeting workflow",33.6
"PID0866","Email workflow",41.1
"PID0866","Communication workflow",27.9
"PID0866","Document and comment",34.8
"PID0866","Analysis and research",16.3
"PID0866","General assistance",17.2
"PID0866","Specialised workflow",7.9
"PID0867","Write or debug code",4.8
"PID0867","Meeting workflow",32.2
"PID0867","Email workflow",31.4
"PID0867","Communication workflow",18.1
"PID0867","Document and comment",14.9
"PID0867","Analysis and research",12.7
"PID0867","General assistance",13.1
"PID0867","Specialised workflow",4.2
"PID0868","Write or debug code",7.8
"PID0868","Meeting workflow",14.4
"PID0868","Email workflow",9.4
"PID0868","Communication workflow",8
"PID0868","Document and comment",11
"PID0868","Analysis and research",9.3
"PID0868","General assistance",8
"PID0868","Specialised workflow",2.5
"PID0869","Write or debug code",3.5
"PID0869","Meeting workflow",8.6
"PID0869","Email workflow",7.7
"PID0869","Communication workflow",4.9
"PID0869","Document and comment",3.8
"PID0869","Analysis and research",4.2
"PID0869","General assistance",4.7
"PID0869","Specialised workflow",1.5
"PID0870","Write or debug code",14.5
"PID0870","Meeting workflow",33.1
"PID0870","Email workflow",64.4
"PID0870","Communication workflow",70
"PID0870","Document and comment",40
"PID0870","Analysis and research",34.3
"PID0870","General assistance",52.4
"PID0870","Specialised workflow",18
"PID0871","Write or debug code",0
"PID0871","Meeting workflow",0
"PID0871","Email workflow",0
"PID0871","Communication workflow",0
"PID0871","Document and comment",0
"PID0871","Analysis and research",0
"PID0871","General assistance",0
"PID0871","Specialised workflow",0
"PID0872","Write or debug code",326.7
"PID0872","Meeting workflow",91.2
"PID0872","Email workflow",68.9
"PID0872","Communication workflow",41.7
"PID0872","Document and comment",70.3
"PID0872","Analysis and research",72.6
"PID0872","General assistance",32.2
"PID0872","Specialised workflow",49.9
"PID0873","Write or debug code",13.1
"PID0873","Meeting workflow",46.4
"PID0873","Email workflow",88.5
"PID0873","Communication workflow",27.2
"PID0873","Document and comment",64.4
"PID0873","Analysis and research",146.5
"PID0873","General assistance",39.6
"PID0873","Specialised workflow",22.4
"PID0874","Write or debug code",17.6
"PID0874","Meeting workflow",42.6
"PID0874","Email workflow",87
"PID0874","Communication workflow",60.2
"PID0874","Document and comment",73.2
"PID0874","Analysis and research",49.2
"PID0874","General assistance",37.6
"PID0874","Specialised workflow",12.7
"PID0875","Write or debug code",1009.3
"PID0875","Meeting workflow",238.2
"PID0875","Email workflow",169.8
"PID0875","Communication workflow",148.7
"PID0875","Document and comment",215.6
"PID0875","Analysis and research",240.5
"PID0875","General assistance",101.5
"PID0875","Specialised workflow",164.3
"PID0876","Write or debug code",172.8
"PID0876","Meeting workflow",535.8
"PID0876","Email workflow",564.4
"PID0876","Communication workflow",692.1
"PID0876","Document and comment",876.5
"PID0876","Analysis and research",508.5
"PID0876","General assistance",262.4
"PID0876","Specialised workflow",159.9
"PID0877","Write or debug code",9.3
"PID0877","Meeting workflow",61.6
"PID0877","Email workflow",90.1
"PID0877","Communication workflow",53.1
"PID0877","Document and comment",30.4
"PID0877","Analysis and research",40.9
"PID0877","General assistance",17.5
"PID0877","Specialised workflow",9.4
"PID0878","Write or debug code",6.2
"PID0878","Meeting workflow",11.9
"PID0878","Email workflow",44.5
"PID0878","Communication workflow",30.9
"PID0878","Document and comment",15
"PID0878","Analysis and research",11.1
"PID0878","General assistance",20.2
"PID0878","Specialised workflow",7.3
"PID0879","Write or debug code",0
"PID0879","Meeting workflow",0.1
"PID0879","Email workflow",0.1
"PID0879","Communication workflow",0.1
"PID0879","Document and comment",0.1
"PID0879","Analysis and research",0.1
"PID0879","General assistance",0.1
"PID0879","Specialised workflow",0.1
"PID0880","Write or debug code",4.3
"PID0880","Meeting workflow",10.9
"PID0880","Email workflow",23.5
"PID0880","Communication workflow",9.2
"PID0880","Document and comment",37.2
"PID0880","Analysis and research",35.2
"PID0880","General assistance",6.5
"PID0880","Specialised workflow",6.7
"PID0881","Write or debug code",551.7
"PID0881","Meeting workflow",162.2
"PID0881","Email workflow",148.5
"PID0881","Communication workflow",79.4
"PID0881","Document and comment",121.5
"PID0881","Analysis and research",174
"PID0881","General assistance",70.8
"PID0881","Specialised workflow",113.1
"PID0882","Write or debug code",152.3
"PID0882","Meeting workflow",374.9
"PID0882","Email workflow",572.6
"PID0882","Communication workflow",198.2
"PID0882","Document and comment",592
"PID0882","Analysis and research",687.4
"PID0882","General assistance",184.8
"PID0882","Specialised workflow",115.4
"PID0883","Write or debug code",22.8
"PID0883","Meeting workflow",44.1
"PID0883","Email workflow",92.3
"PID0883","Communication workflow",43.9
"PID0883","Document and comment",98.3
"PID0883","Analysis and research",158.5
"PID0883","General assistance",50.3
"PID0883","Specialised workflow",29.1
"PID0884","Write or debug code",34.1
"PID0884","Meeting workflow",79.3
"PID0884","Email workflow",132.2
"PID0884","Communication workflow",125.1
"PID0884","Document and comment",209.7
"PID0884","Analysis and research",105.4
"PID0884","General assistance",42.8
"PID0884","Specialised workflow",23
"PID0885","Write or debug code",214.1
"PID0885","Meeting workflow",61
"PID0885","Email workflow",36.3
"PID0885","Communication workflow",40.2
"PID0885","Document and comment",58.2
"PID0885","Analysis and research",86.4
"PID0885","General assistance",27.1
"PID0885","Specialised workflow",52.4
"PID0886","Write or debug code",5.5
"PID0886","Meeting workflow",9.9
"PID0886","Email workflow",24.3
"PID0886","Communication workflow",23.8
"PID0886","Document and comment",11.6
"PID0886","Analysis and research",15
"PID0886","General assistance",12.2
"PID0886","Specialised workflow",4.3
"PID0887","Write or debug code",3.1
"PID0887","Meeting workflow",6.6
"PID0887","Email workflow",11.4
"PID0887","Communication workflow",5.8
"PID0887","Document and comment",8.6
"PID0887","Analysis and research",22
"PID0887","General assistance",6.2
"PID0887","Specialised workflow",4
"PID0888","Write or debug code",22.5
"PID0888","Meeting workflow",95.1
"PID0888","Email workflow",129.5
"PID0888","Communication workflow",109.5
"PID0888","Document and comment",71.4
"PID0888","Analysis and research",48.5
"PID0888","General assistance",62.5
"PID0888","Specialised workflow",16.3
"PID0889","Write or debug code",28.6
"PID0889","Meeting workflow",126.9
"PID0889","Email workflow",191.4
"PID0889","Communication workflow",189.2
"PID0889","Document and comment",59.1
"PID0889","Analysis and research",81.8
"PID0889","General assistance",51.9
"PID0889","Specialised workflow",19
"PID0890","Write or debug code",9.4
"PID0890","Meeting workflow",97.8
"PID0890","Email workflow",81.6
"PID0890","Communication workflow",42.3
"PID0890","Document and comment",24.7
"PID0890","Analysis and research",23.6
"PID0890","General assistance",19.2
"PID0890","Specialised workflow",9
"PID0891","Write or debug code",67.1
"PID0891","Meeting workflow",412.4
"PID0891","Email workflow",351.3
"PID0891","Communication workflow",242.2
"PID0891","Document and comment",301
"PID0891","Analysis and research",137.3
"PID0891","General assistance",137.2
"PID0891","Specialised workflow",65.8
"PID0892","Write or debug code",0
"PID0892","Meeting workflow",0
"PID0892","Email workflow",0
"PID0892","Communication workflow",0
"PID0892","Document and comment",0
"PID0892","Analysis and research",0
"PID0892","General assistance",0
"PID0892","Specialised workflow",0
"PID0893","Write or debug code",161.4
"PID0893","Meeting workflow",56.9
"PID0893","Email workflow",61.5
"PID0893","Communication workflow",30.3
"PID0893","Document and comment",44
"PID0893","Analysis and research",51.8
"PID0893","General assistance",20
"PID0893","Specialised workflow",28.2
"PID0894","Write or debug code",0
"PID0894","Meeting workflow",0
"PID0894","Email workflow",0
"PID0894","Communication workflow",0
"PID0894","Document and comment",0
"PID0894","Analysis and research",0
"PID0894","General assistance",0
"PID0894","Specialised workflow",0
"PID0895","Write or debug code",15.5
"PID0895","Meeting workflow",112.8
"PID0895","Email workflow",74.3
"PID0895","Communication workflow",77.7
"PID0895","Document and comment",64.7
"PID0895","Analysis and research",41.8
"PID0895","General assistance",41
"PID0895","Specialised workflow",16.4
"PID0896","Write or debug code",1.5
"PID0896","Meeting workflow",3.9
"PID0896","Email workflow",3.1
"PID0896","Communication workflow",3
"PID0896","Document and comment",3
"PID0896","Analysis and research",2.2
"PID0896","General assistance",1.3
"PID0896","Specialised workflow",0.6
"PID0897","Write or debug code",0
"PID0897","Meeting workflow",0
"PID0897","Email workflow",0
"PID0897","Communication workflow",0
"PID0897","Document and comment",0
"PID0897","Analysis and research",0
"PID0897","General assistance",0
"PID0897","Specialised workflow",0
"PID0898","Write or debug code",190.8
"PID0898","Meeting workflow",41.6
"PID0898","Email workflow",27.7
"PID0898","Communication workflow",23.4
"PID0898","Document and comment",30.5
"PID0898","Analysis and research",29
"PID0898","General assistance",20.6
"PID0898","Specialised workflow",14.2
"PID0899","Write or debug code",0
"PID0899","Meeting workflow",0
"PID0899","Email workflow",0
"PID0899","Communication workflow",0
"PID0899","Document and comment",0
"PID0899","Analysis and research",0
"PID0899","General assistance",0
"PID0899","Specialised workflow",0
"PID0900","Write or debug code",6.1
"PID0900","Meeting workflow",37.8
"PID0900","Email workflow",41.6
"PID0900","Communication workflow",38.1
"PID0900","Document and comment",27.2
"PID0900","Analysis and research",16.3
"PID0900","General assistance",15.6
"PID0900","Specialised workflow",5
"PID0901","Write or debug code",2
"PID0901","Meeting workflow",13.4
"PID0901","Email workflow",14.6
"PID0901","Communication workflow",12.8
"PID0901","Document and comment",11.8
"PID0901","Analysis and research",4.8
"PID0901","General assistance",7.1
"PID0901","Specialised workflow",2.5
"PID0902","Write or debug code",51.9
"PID0902","Meeting workflow",108.8
"PID0902","Email workflow",106.9
"PID0902","Communication workflow",136.8
"PID0902","Document and comment",201.6
"PID0902","Analysis and research",135.1
"PID0902","General assistance",44.4
"PID0902","Specialised workflow",35.5
"PID0903","Write or debug code",16.5
"PID0903","Meeting workflow",111.4
"PID0903","Email workflow",106.9
"PID0903","Communication workflow",74.2
"PID0903","Document and comment",46.9
"PID0903","Analysis and research",48.1
"PID0903","General assistance",31.4
"PID0903","Specialised workflow",16.3
"PID0904","Write or debug code",2.6
"PID0904","Meeting workflow",11
"PID0904","Email workflow",9.9
"PID0904","Communication workflow",8.1
"PID0904","Document and comment",11.9
"PID0904","Analysis and research",7.2
"PID0904","General assistance",4
"PID0904","Specialised workflow",2.4
"PID0905","Write or debug code",37.7
"PID0905","Meeting workflow",113.9
"PID0905","Email workflow",124.2
"PID0905","Communication workflow",153.3
"PID0905","Document and comment",237.6
"PID0905","Analysis and research",122.2
"PID0905","General assistance",44.9
"PID0905","Specialised workflow",34.9
"PID0906","Write or debug code",40.9
"PID0906","Meeting workflow",114.9
"PID0906","Email workflow",98.8
"PID0906","Communication workflow",132.7
"PID0906","Document and comment",178.7
"PID0906","Analysis and research",118.3
"PID0906","General assistance",69.8
"PID0906","Specialised workflow",25
"PID0907","Write or debug code",46.6
"PID0907","Meeting workflow",322
"PID0907","Email workflow",440.4
"PID0907","Communication workflow",366.4
"PID0907","Document and comment",338.3
"PID0907","Analysis and research",204.5
"PID0907","General assistance",152
"PID0907","Specialised workflow",67.5
"PID0908","Write or debug code",5.2
"PID0908","Meeting workflow",24.6
"PID0908","Email workflow",28.5
"PID0908","Communication workflow",14.5
"PID0908","Document and comment",11.6
"PID0908","Analysis and research",10.1
"PID0908","General assistance",8.4
"PID0908","Specialised workflow",3.2
"PID0909","Write or debug code",23.3
"PID0909","Meeting workflow",57.3
"PID0909","Email workflow",77
"PID0909","Communication workflow",41.8
"PID0909","Document and comment",35.8
"PID0909","Analysis and research",58
"PID0909","General assistance",29.3
"PID0909","Specialised workflow",11.2
"PID0910","Write or debug code",29.2
"PID0910","Meeting workflow",6.8
"PID0910","Email workflow",9.2
"PID0910","Communication workflow",5.3
"PID0910","Document and comment",8
"PID0910","Analysis and research",10.5
"PID0910","General assistance",3.7
"PID0910","Specialised workflow",4.1
"PID0911","Write or debug code",0
"PID0911","Meeting workflow",0
"PID0911","Email workflow",0
"PID0911","Communication workflow",0
"PID0911","Document and comment",0
"PID0911","Analysis and research",0
"PID0911","General assistance",0
"PID0911","Specialised workflow",0
"PID0912","Write or debug code",14.3
"PID0912","Meeting workflow",40.5
"PID0912","Email workflow",44
"PID0912","Communication workflow",29.3
"PID0912","Document and comment",34.2
"PID0912","Analysis and research",33.6
"PID0912","General assistance",17.4
"PID0912","Specialised workflow",11.1
"PID0913","Write or debug code",15.8
"PID0913","Meeting workflow",28
"PID0913","Email workflow",36.7
"PID0913","Communication workflow",21.5
"PID0913","Document and comment",56.9
"PID0913","Analysis and research",87.3
"PID0913","General assistance",20.7
"PID0913","Specialised workflow",13.2
"PID0914","Write or debug code",15.3
"PID0914","Meeting workflow",34
"PID0914","Email workflow",62
"PID0914","Communication workflow",59.6
"PID0914","Document and comment",31.1
"PID0914","Analysis and research",28.3
"PID0914","General assistance",35.4
"PID0914","Specialised workflow",20.6
"PID0915","Write or debug code",9.7
"PID0915","Meeting workflow",2.1
"PID0915","Email workflow",2.5
"PID0915","Communication workflow",1.9
"PID0915","Document and comment",1.5
"PID0915","Analysis and research",3
"PID0915","General assistance",1.3
"PID0915","Specialised workflow",1.5
"PID0916","Write or debug code",18.5
"PID0916","Meeting workflow",72.6
"PID0916","Email workflow",53.9
"PID0916","Communication workflow",81.4
"PID0916","Document and comment",114.8
"PID0916","Analysis and research",62.8
"PID0916","General assistance",25.1
"PID0916","Specialised workflow",17.8
"PID0917","Write or debug code",42.4
"PID0917","Meeting workflow",157.4
"PID0917","Email workflow",151.7
"PID0917","Communication workflow",153.8
"PID0917","Document and comment",118.7
"PID0917","Analysis and research",99.3
"PID0917","General assistance",74.4
"PID0917","Specialised workflow",33.6
"PID0918","Write or debug code",0
"PID0918","Meeting workflow",0
"PID0918","Email workflow",0
"PID0918","Communication workflow",0
"PID0918","Document and comment",0
"PID0918","Analysis and research",0
"PID0918","General assistance",0
"PID0918","Specialised workflow",0
"PID0919","Write or debug code",3.6
"PID0919","Meeting workflow",19
"PID0919","Email workflow",13.8
"PID0919","Communication workflow",16.5
"PID0919","Document and comment",13.1
"PID0919","Analysis and research",8.3
"PID0919","General assistance",5.2
"PID0919","Specialised workflow",2.7
"PID0920","Write or debug code",3.8
"PID0920","Meeting workflow",9
"PID0920","Email workflow",17.2
"PID0920","Communication workflow",16
"PID0920","Document and comment",29.2
"PID0920","Analysis and research",9.6
"PID0920","General assistance",6.7
"PID0920","Specialised workflow",2.8
"PID0921","Write or debug code",8.5
"PID0921","Meeting workflow",30.5
"PID0921","Email workflow",31.2
"PID0921","Communication workflow",38.2
"PID0921","Document and comment",14.8
"PID0921","Analysis and research",20.4
"PID0921","General assistance",20.6
"PID0921","Specialised workflow",8.9
"PID0922","Write or debug code",9.5
"PID0922","Meeting workflow",30.7
"PID0922","Email workflow",48.5
"PID0922","Communication workflow",19.2
"PID0922","Document and comment",59.5
"PID0922","Analysis and research",56.8
"PID0922","General assistance",16.9
"PID0922","Specialised workflow",10.1
"PID0923","Write or debug code",7.8
"PID0923","Meeting workflow",21.9
"PID0923","Email workflow",36.5
"PID0923","Communication workflow",14.9
"PID0923","Document and comment",31.3
"PID0923","Analysis and research",72.7
"PID0923","General assistance",14.5
"PID0923","Specialised workflow",12.1
"PID0924","Write or debug code",16.1
"PID0924","Meeting workflow",45.5
"PID0924","Email workflow",111.8
"PID0924","Communication workflow",110.3
"PID0924","Document and comment",42.6
"PID0924","Analysis and research",31.6
"PID0924","General assistance",64.5
"PID0924","Specialised workflow",31.3
"PID0925","Write or debug code",35.3
"PID0925","Meeting workflow",101.5
"PID0925","Email workflow",142.1
"PID0925","Communication workflow",118.5
"PID0925","Document and comment",184.4
"PID0925","Analysis and research",89.3
"PID0925","General assistance",59
"PID0925","Specialised workflow",37.7
"PID0926","Write or debug code",249.5
"PID0926","Meeting workflow",71.1
"PID0926","Email workflow",84.5
"PID0926","Communication workflow",59
"PID0926","Document and comment",52.7
"PID0926","Analysis and research",52.8
"PID0926","General assistance",27.7
"PID0926","Specialised workflow",37.1
"PID0927","Write or debug code",20.1
"PID0927","Meeting workflow",168.2
"PID0927","Email workflow",218.5
"PID0927","Communication workflow",113.6
"PID0927","Document and comment",55.6
"PID0927","Analysis and research",52.4
"PID0927","General assistance",38.8
"PID0927","Specialised workflow",18.1
"PID0928","Write or debug code",14.8
"PID0928","Meeting workflow",62.4
"PID0928","Email workflow",126.6
"PID0928","Communication workflow",113.2
"PID0928","Document and comment",46.2
"PID0928","Analysis and research",40.5
"PID0928","General assistance",55.3
"PID0928","Specialised workflow",24.2
"PID0929","Write or debug code",0.5
"PID0929","Meeting workflow",1.8
"PID0929","Email workflow",2.2
"PID0929","Communication workflow",0.8
"PID0929","Document and comment",3.4
"PID0929","Analysis and research",2.3
"PID0929","General assistance",0.6
"PID0929","Specialised workflow",0.7
"PID0930","Write or debug code",4.3
"PID0930","Meeting workflow",14.2
"PID0930","Email workflow",21.1
"PID0930","Communication workflow",29.5
"PID0930","Document and comment",9.9
"PID0930","Analysis and research",8
"PID0930","General assistance",12.5
"PID0930","Specialised workflow",6.7
"PID0931","Write or debug code",0
"PID0931","Meeting workflow",0
"PID0931","Email workflow",0
"PID0931","Communication workflow",0
"PID0931","Document and comment",0
"PID0931","Analysis and research",0
"PID0931","General assistance",0
"PID0931","Specialised workflow",0
"PID0932","Write or debug code",51.5
"PID0932","Meeting workflow",7.5
"PID0932","Email workflow",7.1
"PID0932","Communication workflow",6
"PID0932","Document and comment",6.9
"PID0932","Analysis and research",9.2
"PID0932","General assistance",4.3
"PID0932","Specialised workflow",5.5
"PID0933","Write or debug code",6.9
"PID0933","Meeting workflow",14.6
"PID0933","Email workflow",23.3
"PID0933","Communication workflow",27.6
"PID0933","Document and comment",25.9
"PID0933","Analysis and research",17
"PID0933","General assistance",12.8
"PID0933","Specialised workflow",5.6
"PID0934","Write or debug code",13.8
"PID0934","Meeting workflow",32.4
"PID0934","Email workflow",73.8
"PID0934","Communication workflow",90.4
"PID0934","Document and comment",38.3
"PID0934","Analysis and research",35.3
"PID0934","General assistance",64
"PID0934","Specialised workflow",19.9
"PID0935","Write or debug code",109.8
"PID0935","Meeting workflow",25.1
"PID0935","Email workflow",22
"PID0935","Communication workflow",20.8
"PID0935","Document and comment",28.7
"PID0935","Analysis and research",25.9
"PID0935","General assistance",14.3
"PID0935","Specialised workflow",17.7
"PID0936","Write or debug code",16.9
"PID0936","Meeting workflow",124.5
"PID0936","Email workflow",96.1
"PID0936","Communication workflow",74.6
"PID0936","Document and comment",55.9
"PID0936","Analysis and research",62.7
"PID0936","General assistance",41.3
"PID0936","Specialised workflow",13.6
"PID0937","Write or debug code",12.1
"PID0937","Meeting workflow",32.9
"PID0937","Email workflow",56.3
"PID0937","Communication workflow",60.6
"PID0937","Document and comment",45.6
"PID0937","Analysis and research",26.4
"PID0937","General assistance",36.7
"PID0937","Specialised workflow",16.6
"PID0938","Write or debug code",60.4
"PID0938","Meeting workflow",167
"PID0938","Email workflow",221.7
"PID0938","Communication workflow",113.8
"PID0938","Document and comment",154.7
"PID0938","Analysis and research",177.9
"PID0938","General assistance",105.1
"PID0938","Specialised workflow",36.3
"PID0939","Write or debug code",17.1
"PID0939","Meeting workflow",98.6
"PID0939","Email workflow",61.5
"PID0939","Communication workflow",54.7
"PID0939","Document and comment",71.7
"PID0939","Analysis and research",61.8
"PID0939","General assistance",39.3
"PID0939","Specialised workflow",17.7
"PID0940","Write or debug code",115.2
"PID0940","Meeting workflow",331.8
"PID0940","Email workflow",382.8
"PID0940","Communication workflow",384.2
"PID0940","Document and comment",330
"PID0940","Analysis and research",247.9
"PID0940","General assistance",215.3
"PID0940","Specialised workflow",90.9
"PID0941","Write or debug code",8.8
"PID0941","Meeting workflow",24.1
"PID0941","Email workflow",24.2
"PID0941","Communication workflow",42.7
"PID0941","Document and comment",29.2
"PID0941","Analysis and research",20.8
"PID0941","General assistance",14.7
"PID0941","Specialised workflow",5.4
"PID0942","Write or debug code",4.8
"PID0942","Meeting workflow",27.5
"PID0942","Email workflow",37.1
"PID0942","Communication workflow",14.1
"PID0942","Document and comment",54.6
"PID0942","Analysis and research",31.9
"PID0942","General assistance",7.4
"PID0942","Specialised workflow",9.1
"PID0943","Write or debug code",40
"PID0943","Meeting workflow",84.8
"PID0943","Email workflow",213.8
"PID0943","Communication workflow",219.8
"PID0943","Document and comment",96.6
"PID0943","Analysis and research",80.8
"PID0943","General assistance",174.7
"PID0943","Specialised workflow",47.9
"PID0944","Write or debug code",12.2
"PID0944","Meeting workflow",84
"PID0944","Email workflow",73.2
"PID0944","Communication workflow",46
"PID0944","Document and comment",33.4
"PID0944","Analysis and research",37.6
"PID0944","General assistance",16
"PID0944","Specialised workflow",11
"PID0945","Write or debug code",45.4
"PID0945","Meeting workflow",372.4
"PID0945","Email workflow",457.7
"PID0945","Communication workflow",212.3
"PID0945","Document and comment",174.7
"PID0945","Analysis and research",157.3
"PID0945","General assistance",106.3
"PID0945","Specialised workflow",35.1
"PID0946","Write or debug code",364.2
"PID0946","Meeting workflow",70.3
"PID0946","Email workflow",46.8
"PID0946","Communication workflow",55.2
"PID0946","Document and comment",78.8
"PID0946","Analysis and research",105.9
"PID0946","General assistance",50.8
"PID0946","Specialised workflow",36
"PID0947","Write or debug code",173.4
"PID0947","Meeting workflow",27.5
"PID0947","Email workflow",28.4
"PID0947","Communication workflow",34.8
"PID0947","Document and comment",25.3
"PID0947","Analysis and research",37.4
"PID0947","General assistance",13.6
"PID0947","Specialised workflow",24.2
"PID0948","Write or debug code",170.4
"PID0948","Meeting workflow",37
"PID0948","Email workflow",27.6
"PID0948","Communication workflow",24.4
"PID0948","Document and comment",25.3
"PID0948","Analysis and research",32.8
"PID0948","General assistance",22.4
"PID0948","Specialised workflow",21.5
"PID0949","Write or debug code",17.7
"PID0949","Meeting workflow",42.8
"PID0949","Email workflow",54.1
"PID0949","Communication workflow",31.8
"PID0949","Document and comment",77.6
"PID0949","Analysis and research",89.7
"PID0949","General assistance",23.6
"PID0949","Specialised workflow",15.1
"PID0950","Write or debug code",20.6
"PID0950","Meeting workflow",80.9
"PID0950","Email workflow",116.8
"PID0950","Communication workflow",48.6
"PID0950","Document and comment",269.4
"PID0950","Analysis and research",154.5
"PID0950","General assistance",38.5
"PID0950","Specialised workflow",35.6
"PID0951","Write or debug code",12
"PID0951","Meeting workflow",69.7
"PID0951","Email workflow",107
"PID0951","Communication workflow",56.4
"PID0951","Document and comment",28.1
"PID0951","Analysis and research",34.2
"PID0951","General assistance",23.4
"PID0951","Specialised workflow",9.4
"PID0952","Write or debug code",13.1
"PID0952","Meeting workflow",99
"PID0952","Email workflow",124.6
"PID0952","Communication workflow",66.1
"PID0952","Document and comment",74.1
"PID0952","Analysis and research",60.9
"PID0952","General assistance",48.1
"PID0952","Specialised workflow",19.6
"PID0953","Write or debug code",62.1
"PID0953","Meeting workflow",265.9
"PID0953","Email workflow",389.1
"PID0953","Communication workflow",220.1
"PID0953","Document and comment",215.4
"PID0953","Analysis and research",123
"PID0953","General assistance",116.4
"PID0953","Specialised workflow",53
"PID0954","Write or debug code",0.9
"PID0954","Meeting workflow",4.1
"PID0954","Email workflow",5.5
"PID0954","Communication workflow",7.3
"PID0954","Document and comment",2.8
"PID0954","Analysis and research",2.5
"PID0954","General assistance",5
"PID0954","Specialised workflow",1.5
"PID0955","Write or debug code",7.9
"PID0955","Meeting workflow",25.9
"PID0955","Email workflow",34.4
"PID0955","Communication workflow",50.8
"PID0955","Document and comment",13.6
"PID0955","Analysis and research",15.9
"PID0955","General assistance",21.6
"PID0955","Specialised workflow",11.1
"PID0956","Write or debug code",160.6
"PID0956","Meeting workflow",30.2
"PID0956","Email workflow",41.1
"PID0956","Communication workflow",34.2
"PID0956","Document and comment",40.4
"PID0956","Analysis and research",49.8
"PID0956","General assistance",20.5
"PID0956","Specialised workflow",24.9
"PID0957","Write or debug code",3.1
"PID0957","Meeting workflow",11.2
"PID0957","Email workflow",16.2
"PID0957","Communication workflow",8
"PID0957","Document and comment",11.7
"PID0957","Analysis and research",8.8
"PID0957","General assistance",7.1
"PID0957","Specialised workflow",2.6
"PID0958","Write or debug code",0
"PID0958","Meeting workflow",0
"PID0958","Email workflow",0
"PID0958","Communication workflow",0
"PID0958","Document and comment",0
"PID0958","Analysis and research",0
"PID0958","General assistance",0
"PID0958","Specialised workflow",0
"PID0959","Write or debug code",0
"PID0959","Meeting workflow",0
"PID0959","Email workflow",0
"PID0959","Communication workflow",0
"PID0959","Document and comment",0
"PID0959","Analysis and research",0
"PID0959","General assistance",0
"PID0959","Specialised workflow",0
"PID0960","Write or debug code",41.3
"PID0960","Meeting workflow",8.3
"PID0960","Email workflow",8.9
"PID0960","Communication workflow",10.8
"PID0960","Document and comment",10.1
"PID0960","Analysis and research",11.7
"PID0960","General assistance",5.2
"PID0960","Specialised workflow",5.2
"PID0961","Write or debug code",8.5
"PID0961","Meeting workflow",28.5
"PID0961","Email workflow",31.5
"PID0961","Communication workflow",18.8
"PID0961","Document and comment",37.5
"PID0961","Analysis and research",46.4
"PID0961","General assistance",15.7
"PID0961","Specialised workflow",10.5
"PID0962","Write or debug code",250.9
"PID0962","Meeting workflow",52.9
"PID0962","Email workflow",47.5
"PID0962","Communication workflow",36.6
"PID0962","Document and comment",54.4
"PID0962","Analysis and research",64
"PID0962","General assistance",27.5
"PID0962","Specialised workflow",31.3
"PID0963","Write or debug code",0.4
"PID0963","Meeting workflow",1
"PID0963","Email workflow",1.6
"PID0963","Communication workflow",1.9
"PID0963","Document and comment",2.4
"PID0963","Analysis and research",1.4
"PID0963","General assistance",0.5
"PID0963","Specialised workflow",0.3
"PID0964","Write or debug code",0.7
"PID0964","Meeting workflow",1.8
"PID0964","Email workflow",4.2
"PID0964","Communication workflow",4.3
"PID0964","Document and comment",1.4
"PID0964","Analysis and research",1.5
"PID0964","General assistance",3.8
"PID0964","Specialised workflow",0.9
"PID0965","Write or debug code",4.7
"PID0965","Meeting workflow",10.9
"PID0965","Email workflow",22.3
"PID0965","Communication workflow",22.4
"PID0965","Document and comment",13.2
"PID0965","Analysis and research",12.7
"PID0965","General assistance",21.6
"PID0965","Specialised workflow",6
"PID0966","Write or debug code",0
"PID0966","Meeting workflow",0
"PID0966","Email workflow",0
"PID0966","Communication workflow",0
"PID0966","Document and comment",0
"PID0966","Analysis and research",0
"PID0966","General assistance",0
"PID0966","Specialised workflow",0
"PID0967","Write or debug code",26.2
"PID0967","Meeting workflow",113.5
"PID0967","Email workflow",117
"PID0967","Communication workflow",148.6
"PID0967","Document and comment",204.4
"PID0967","Analysis and research",79.9
"PID0967","General assistance",50.2
"PID0967","Specialised workflow",19
"PID0968","Write or debug code",1.5
"PID0968","Meeting workflow",3.7
"PID0968","Email workflow",4.1
"PID0968","Communication workflow",2.5
"PID0968","Document and comment",3.1
"PID0968","Analysis and research",4.5
"PID0968","General assistance",2
"PID0968","Specialised workflow",0.8
"PID0969","Write or debug code",6.1
"PID0969","Meeting workflow",35.3
"PID0969","Email workflow",42
"PID0969","Communication workflow",26.2
"PID0969","Document and comment",31
"PID0969","Analysis and research",19.1
"PID0969","General assistance",16.7
"PID0969","Specialised workflow",5
"PID0970","Write or debug code",25.3
"PID0970","Meeting workflow",71
"PID0970","Email workflow",82
"PID0970","Communication workflow",67.3
"PID0970","Document and comment",61.5
"PID0970","Analysis and research",52.8
"PID0970","General assistance",35.6
"PID0970","Specialised workflow",16
"PID0971","Write or debug code",148.7
"PID0971","Meeting workflow",47.4
"PID0971","Email workflow",34.1
"PID0971","Communication workflow",28.1
"PID0971","Document and comment",25.8
"PID0971","Analysis and research",53.7
"PID0971","General assistance",23.1
"PID0971","Specialised workflow",25.5
"PID0972","Write or debug code",46.3
"PID0972","Meeting workflow",15.4
"PID0972","Email workflow",13.1
"PID0972","Communication workflow",10.2
"PID0972","Document and comment",15.4
"PID0972","Analysis and research",17.9
"PID0972","General assistance",7.8
"PID0972","Specialised workflow",8.2
"PID0973","Write or debug code",18.7
"PID0973","Meeting workflow",52.6
"PID0973","Email workflow",76.3
"PID0973","Communication workflow",32.1
"PID0973","Document and comment",60.6
"PID0973","Analysis and research",104.9
"PID0973","General assistance",34.7
"PID0973","Specialised workflow",17.8
"PID0974","Write or debug code",0
"PID0974","Meeting workflow",0
"PID0974","Email workflow",0
"PID0974","Communication workflow",0
"PID0974","Document and comment",0
"PID0974","Analysis and research",0
"PID0974","General assistance",0
"PID0974","Specialised workflow",0
"PID0975","Write or debug code",4.4
"PID0975","Meeting workflow",33.6
"PID0975","Email workflow",44.1
"PID0975","Communication workflow",28.3
"PID0975","Document and comment",13.4
"PID0975","Analysis and research",17.8
"PID0975","General assistance",8.7
"PID0975","Specialised workflow",5.8
"PID0976","Write or debug code",1.1
"PID0976","Meeting workflow",2.1
"PID0976","Email workflow",2.9
"PID0976","Communication workflow",1.5
"PID0976","Document and comment",1.8
"PID0976","Analysis and research",1.3
"PID0976","General assistance",1.4
"PID0976","Specialised workflow",0.5
"PID0977","Write or debug code",7.4
"PID0977","Meeting workflow",41.6
"PID0977","Email workflow",63.2
"PID0977","Communication workflow",28.4
"PID0977","Document and comment",21.8
"PID0977","Analysis and research",17.7
"PID0977","General assistance",12.7
"PID0977","Specialised workflow",5.6
"PID0978","Write or debug code",9
"PID0978","Meeting workflow",2.2
"PID0978","Email workflow",2.2
"PID0978","Communication workflow",2.4
"PID0978","Document and comment",2.1
"PID0978","Analysis and research",3.1
"PID0978","General assistance",1
"PID0978","Specialised workflow",1.7
"PID0979","Write or debug code",110
"PID0979","Meeting workflow",27.9
"PID0979","Email workflow",28.5
"PID0979","Communication workflow",28.7
"PID0979","Document and comment",22.1
"PID0979","Analysis and research",31.6
"PID0979","General assistance",17.9
"PID0979","Specialised workflow",20
"PID0980","Write or debug code",14.4
"PID0980","Meeting workflow",51.4
"PID0980","Email workflow",53
"PID0980","Communication workflow",17.2
"PID0980","Document and comment",98.5
"PID0980","Analysis and research",52.9
"PID0980","General assistance",19.4
"PID0980","Specialised workflow",26.4
"PID0981","Write or debug code",5.4
"PID0981","Meeting workflow",42.6
"PID0981","Email workflow",37.1
"PID0981","Communication workflow",34.8
"PID0981","Document and comment",24.6
"PID0981","Analysis and research",16.1
"PID0981","General assistance",15.1
"PID0981","Specialised workflow",4.3
"PID0982","Write or debug code",3.4
"PID0982","Meeting workflow",8.6
"PID0982","Email workflow",14.7
"PID0982","Communication workflow",27.7
"PID0982","Document and comment",5.7
"PID0982","Analysis and research",6.8
"PID0982","General assistance",8.7
"PID0982","Specialised workflow",4.7
"PID0983","Write or debug code",258.4
"PID0983","Meeting workflow",75.2
"PID0983","Email workflow",68.6
"PID0983","Communication workflow",60.1
"PID0983","Document and comment",66.3
"PID0983","Analysis and research",102.7
"PID0983","General assistance",33.2
"PID0983","Specialised workflow",38.4
"PID0984","Write or debug code",7.1
"PID0984","Meeting workflow",23.5
"PID0984","Email workflow",22.9
"PID0984","Communication workflow",26.7
"PID0984","Document and comment",40
"PID0984","Analysis and research",23
"PID0984","General assistance",8.4
"PID0984","Specialised workflow",4.6
"PID0985","Write or debug code",5.2
"PID0985","Meeting workflow",10.8
"PID0985","Email workflow",13.6
"PID0985","Communication workflow",9.5
"PID0985","Document and comment",8.1
"PID0985","Analysis and research",7.1
"PID0985","General assistance",3.2
"PID0985","Specialised workflow",2.7
"PID0986","Write or debug code",0
"PID0986","Meeting workflow",0
"PID0986","Email workflow",0
"PID0986","Communication workflow",0
"PID0986","Document and comment",0
"PID0986","Analysis and research",0
"PID0986","General assistance",0
"PID0986","Specialised workflow",0
"PID0987","Write or debug code",32.3
"PID0987","Meeting workflow",76.4
"PID0987","Email workflow",133
"PID0987","Communication workflow",124.7
"PID0987","Document and comment",180.5
"PID0987","Analysis and research",112
"PID0987","General assistance",68.7
"PID0987","Specialised workflow",26.5
"PID0988","Write or debug code",3.3
"PID0988","Meeting workflow",18.6
"PID0988","Email workflow",41.2
"PID0988","Communication workflow",15.9
"PID0988","Document and comment",11.6
"PID0988","Analysis and research",9.1
"PID0988","General assistance",6
"PID0988","Specialised workflow",3.1
"PID0989","Write or debug code",8.2
"PID0989","Meeting workflow",34.5
"PID0989","Email workflow",40.7
"PID0989","Communication workflow",42.9
"PID0989","Document and comment",46.2
"PID0989","Analysis and research",24.6
"PID0989","General assistance",13.1
"PID0989","Specialised workflow",5.2
"PID0990","Write or debug code",297.6
"PID0990","Meeting workflow",96.3
"PID0990","Email workflow",51.2
"PID0990","Communication workflow",68.2
"PID0990","Document and comment",74.9
"PID0990","Analysis and research",73.2
"PID0990","General assistance",47.8
"PID0990","Specialised workflow",49.9
"PID0991","Write or debug code",16.7
"PID0991","Meeting workflow",61.6
"PID0991","Email workflow",73.1
"PID0991","Communication workflow",120.2
"PID0991","Document and comment",90.9
"PID0991","Analysis and research",67
"PID0991","General assistance",39.9
"PID0991","Specialised workflow",17.5
"PID0992","Write or debug code",0.2
"PID0992","Meeting workflow",0.6
"PID0992","Email workflow",0.7
"PID0992","Communication workflow",0.3
"PID0992","Document and comment",0.3
"PID0992","Analysis and research",0.4
"PID0992","General assistance",0.3
"PID0992","Specialised workflow",0.1
"PID0993","Write or debug code",38.6
"PID0993","Meeting workflow",99.3
"PID0993","Email workflow",207.6
"PID0993","Communication workflow",228.1
"PID0993","Document and comment",88.1
"PID0993","Analysis and research",83
"PID0993","General assistance",140.8
"PID0993","Specialised workflow",53.5
"PID0994","Write or debug code",0
"PID0994","Meeting workflow",0
"PID0994","Email workflow",0
"PID0994","Communication workflow",0
"PID0994","Document and comment",0
"PID0994","Analysis and research",0
"PID0994","General assistance",0
"PID0994","Specialised workflow",0
"PID0995","Write or debug code",29.6
"PID0995","Meeting workflow",101.3
"PID0995","Email workflow",77.4
"PID0995","Communication workflow",63.8
"PID0995","Document and comment",62.2
"PID0995","Analysis and research",78.7
"PID0995","General assistance",31.8
"PID0995","Specialised workflow",19.1
"PID0996","Write or debug code",7.6
"PID0996","Meeting workflow",22.1
"PID0996","Email workflow",50.9
"PID0996","Communication workflow",61.4
"PID0996","Document and comment",22.3
"PID0996","Analysis and research",21.5
"PID0996","General assistance",33.8
"PID0996","Specialised workflow",12.4
"PID0997","Write or debug code",0.4
"PID0997","Meeting workflow",3
"PID0997","Email workflow",3.1
"PID0997","Communication workflow",2
"PID0997","Document and comment",2.4
"PID0997","Analysis and research",1.1
"PID0997","General assistance",0.8
"PID0997","Specialised workflow",0.4
"PID0998","Write or debug code",21.4
"PID0998","Meeting workflow",216.9
"PID0998","Email workflow",155.5
"PID0998","Communication workflow",112.4
"PID0998","Document and comment",80.2
"PID0998","Analysis and research",89.3
"PID0998","General assistance",57.7
"PID0998","Specialised workflow",21.8
"PID0999","Write or debug code",18
"PID0999","Meeting workflow",85.2
"PID0999","Email workflow",91.6
"PID0999","Communication workflow",73.1
"PID0999","Document and comment",66.8
"PID0999","Analysis and research",39.6
"PID0999","General assistance",30
"PID0999","Specialised workflow",18.4
"PID1000","Write or debug code",2
"PID1000","Meeting workflow",9.6
"PID1000","Email workflow",13.8
"PID1000","Communication workflow",8.8
"PID1000","Document and comment",5.7
"PID1000","Analysis and research",5.1
"PID1000","General assistance",3.4
"PID1000","Specialised workflow",1.6
"PID1001","Write or debug code",0.4
"PID1001","Meeting workflow",1.5
"PID1001","Email workflow",1.5
"PID1001","Communication workflow",1.2
"PID1001","Document and comment",1.1
"PID1001","Analysis and research",1.4
"PID1001","General assistance",0.7
"PID1001","Specialised workflow",0.3
"PID1002","Write or debug code",10.5
"PID1002","Meeting workflow",35.2
"PID1002","Email workflow",30.9
"PID1002","Communication workflow",33.4
"PID1002","Document and comment",53.3
"PID1002","Analysis and research",33.4
"PID1002","General assistance",25.7
"PID1002","Specialised workflow",11.9
"PID1003","Write or debug code",18.2
"PID1003","Meeting workflow",130.3
"PID1003","Email workflow",131.7
"PID1003","Communication workflow",92.2
"PID1003","Document and comment",83.7
"PID1003","Analysis and research",45
"PID1003","General assistance",60.7
"PID1003","Specialised workflow",23.5
"PID1004","Write or debug code",2.5
"PID1004","Meeting workflow",10.6
"PID1004","Email workflow",8.3
"PID1004","Communication workflow",4.8
"PID1004","Document and comment",6.5
"PID1004","Analysis and research",5.8
"PID1004","General assistance",4.2
"PID1004","Specialised workflow",2
"PID1005","Write or debug code",7.2
"PID1005","Meeting workflow",31.7
"PID1005","Email workflow",50.8
"PID1005","Communication workflow",16
"PID1005","Document and comment",88.3
"PID1005","Analysis and research",26.6
"PID1005","General assistance",13.2
"PID1005","Specialised workflow",10.5
"PID1006","Write or debug code",0
"PID1006","Meeting workflow",0
"PID1006","Email workflow",0
"PID1006","Communication workflow",0
"PID1006","Document and comment",0
"PID1006","Analysis and research",0
"PID1006","General assistance",0
"PID1006","Specialised workflow",0
"PID1007","Write or debug code",9.2
"PID1007","Meeting workflow",61.3
"PID1007","Email workflow",73.5
"PID1007","Communication workflow",71.3
"PID1007","Document and comment",67.1
"PID1007","Analysis and research",31.8
"PID1007","General assistance",34.9
"PID1007","Specialised workflow",11.9
"PID1008","Write or debug code",1
"PID1008","Meeting workflow",2
"PID1008","Email workflow",4
"PID1008","Communication workflow",1.5
"PID1008","Document and comment",3.4
"PID1008","Analysis and research",4
"PID1008","General assistance",1.1
"PID1008","Specialised workflow",1.1
"PID1009","Write or debug code",2315.5
"PID1009","Meeting workflow",716.3
"PID1009","Email workflow",451.6
"PID1009","Communication workflow",736.4
"PID1009","Document and comment",632.2
"PID1009","Analysis and research",958
"PID1009","General assistance",356.5
"PID1009","Specialised workflow",556.6
"PID1010","Write or debug code",0
"PID1010","Meeting workflow",0
"PID1010","Email workflow",0
"PID1010","Communication workflow",0
"PID1010","Document and comment",0
"PID1010","Analysis and research",0
"PID1010","General assistance",0
"PID1010","Specialised workflow",0
"PID1011","Write or debug code",3.9
"PID1011","Meeting workflow",1
"PID1011","Email workflow",1.2
"PID1011","Communication workflow",1.1
"PID1011","Document and comment",0.7
"PID1011","Analysis and research",1.2
"PID1011","General assistance",0.6
"PID1011","Specialised workflow",0.7
"PID1012","Write or debug code",0
"PID1012","Meeting workflow",0
"PID1012","Email workflow",0
"PID1012","Communication workflow",0
"PID1012","Document and comment",0
"PID1012","Analysis and research",0
"PID1012","General assistance",0
"PID1012","Specialised workflow",0
"PID1013","Write or debug code",0
"PID1013","Meeting workflow",0
"PID1013","Email workflow",0
"PID1013","Communication workflow",0
"PID1013","Document and comment",0
"PID1013","Analysis and research",0
"PID1013","General assistance",0
"PID1013","Specialised workflow",0
"PID1014","Write or debug code",6.1
"PID1014","Meeting workflow",31.5
"PID1014","Email workflow",64.4
"PID1014","Communication workflow",34.2
"PID1014","Document and comment",20.4
"PID1014","Analysis and research",18.5
"PID1014","General assistance",22.8
"PID1014","Specialised workflow",5.1
"PID1015","Write or debug code",5.4
"PID1015","Meeting workflow",0.9
"PID1015","Email workflow",1.4
"PID1015","Communication workflow",1
"PID1015","Document and comment",1.3
"PID1015","Analysis and research",1.6
"PID1015","General assistance",0.7
"PID1015","Specialised workflow",0.8
"PID1016","Write or debug code",0
"PID1016","Meeting workflow",0
"PID1016","Email workflow",0
"PID1016","Communication workflow",0
"PID1016","Document and comment",0
"PID1016","Analysis and research",0
"PID1016","General assistance",0
"PID1016","Specialised workflow",0
"PID1017","Write or debug code",3.3
"PID1017","Meeting workflow",7.6
"PID1017","Email workflow",10.7
"PID1017","Communication workflow",3.8
"PID1017","Document and comment",21.3
"PID1017","Analysis and research",11.7
"PID1017","General assistance",3.5
"PID1017","Specialised workflow",2.7
"PID1018","Write or debug code",2.2
"PID1018","Meeting workflow",7.9
"PID1018","Email workflow",12.6
"PID1018","Communication workflow",13
"PID1018","Document and comment",7.4
"PID1018","Analysis and research",5.2
"PID1018","General assistance",7.5
"PID1018","Specialised workflow",1.9
"PID1019","Write or debug code",9
"PID1019","Meeting workflow",29.7
"PID1019","Email workflow",38.3
"PID1019","Communication workflow",23.4
"PID1019","Document and comment",32.3
"PID1019","Analysis and research",29.1
"PID1019","General assistance",19.7
"PID1019","Specialised workflow",5.7
"PID1020","Write or debug code",18.3
"PID1020","Meeting workflow",131.5
"PID1020","Email workflow",184.7
"PID1020","Communication workflow",92.8
"PID1020","Document and comment",67.3
"PID1020","Analysis and research",49
"PID1020","General assistance",39.1
"PID1020","Specialised workflow",27.1
"PID1021","Write or debug code",33.2
"PID1021","Meeting workflow",124.9
"PID1021","Email workflow",132.7
"PID1021","Communication workflow",118.1
"PID1021","Document and comment",151.3
"PID1021","Analysis and research",74.7
"PID1021","General assistance",57.7
"PID1021","Specialised workflow",24.5
"PID1022","Write or debug code",1262.1
"PID1022","Meeting workflow",360.4
"PID1022","Email workflow",408.5
"PID1022","Communication workflow",377.6
"PID1022","Document and comment",315.7
"PID1022","Analysis and research",441.9
"PID1022","General assistance",253.5
"PID1022","Specialised workflow",254.8
"PID1023","Write or debug code",172.3
"PID1023","Meeting workflow",421.1
"PID1023","Email workflow",1160.3
"PID1023","Communication workflow",641.1
"PID1023","Document and comment",1095.4
"PID1023","Analysis and research",620.5
"PID1023","General assistance",267.2
"PID1023","Specialised workflow",109.3
"PID1024","Write or debug code",1.3
"PID1024","Meeting workflow",4.1
"PID1024","Email workflow",9.9
"PID1024","Communication workflow",7.2
"PID1024","Document and comment",4.7
"PID1024","Analysis and research",4.3
"PID1024","General assistance",6.2
"PID1024","Specialised workflow",2.3
"PID1025","Write or debug code",17.8
"PID1025","Meeting workflow",123.1
"PID1025","Email workflow",188
"PID1025","Communication workflow",80.5
"PID1025","Document and comment",80.8
"PID1025","Analysis and research",52.8
"PID1025","General assistance",41.1
"PID1025","Specialised workflow",12.2
"PID1026","Write or debug code",13.1
"PID1026","Meeting workflow",44.4
"PID1026","Email workflow",50.6
"PID1026","Communication workflow",64
"PID1026","Document and comment",88.6
"PID1026","Analysis and research",40.9
"PID1026","General assistance",22.6
"PID1026","Specialised workflow",13
"PID1027","Write or debug code",75.4
"PID1027","Meeting workflow",220.4
"PID1027","Email workflow",275.1
"PID1027","Communication workflow",379.9
"PID1027","Document and comment",399.4
"PID1027","Analysis and research",214.8
"PID1027","General assistance",130.9
"PID1027","Specialised workflow",63.5
"PID1028","Write or debug code",3.4
"PID1028","Meeting workflow",8.2
"PID1028","Email workflow",11.5
"PID1028","Communication workflow",8.4
"PID1028","Document and comment",6
"PID1028","Analysis and research",6.5
"PID1028","General assistance",4.9
"PID1028","Specialised workflow",2.4
"PID1029","Write or debug code",23.8
"PID1029","Meeting workflow",48.1
"PID1029","Email workflow",62.7
"PID1029","Communication workflow",82.4
"PID1029","Document and comment",122.9
"PID1029","Analysis and research",102.4
"PID1029","General assistance",44.6
"PID1029","Specialised workflow",17.7
"PID1030","Write or debug code",0
"PID1030","Meeting workflow",0
"PID1030","Email workflow",0
"PID1030","Communication workflow",0
"PID1030","Document and comment",0
"PID1030","Analysis and research",0
"PID1030","General assistance",0
"PID1030","Specialised workflow",0
"PID1031","Write or debug code",83.6
"PID1031","Meeting workflow",28.1
"PID1031","Email workflow",35.8
"PID1031","Communication workflow",18.4
"PID1031","Document and comment",20.4
"PID1031","Analysis and research",27.3
"PID1031","General assistance",17.6
"PID1031","Specialised workflow",21.9
"PID1032","Write or debug code",6.8
"PID1032","Meeting workflow",18.7
"PID1032","Email workflow",21.8
"PID1032","Communication workflow",14.8
"PID1032","Document and comment",15.2
"PID1032","Analysis and research",15
"PID1032","General assistance",6.4
"PID1032","Specialised workflow",3.6
"PID1033","Write or debug code",71.3
"PID1033","Meeting workflow",18.3
"PID1033","Email workflow",14.9
"PID1033","Communication workflow",15.2
"PID1033","Document and comment",17.6
"PID1033","Analysis and research",23.8
"PID1033","General assistance",9.1
"PID1033","Specialised workflow",13.6
"PID1034","Write or debug code",2.9
"PID1034","Meeting workflow",14.2
"PID1034","Email workflow",19.6
"PID1034","Communication workflow",12.4
"PID1034","Document and comment",8.9
"PID1034","Analysis and research",8.3
"PID1034","General assistance",6.5
"PID1034","Specialised workflow",2.2
"PID1035","Write or debug code",15.9
"PID1035","Meeting workflow",113
"PID1035","Email workflow",129
"PID1035","Communication workflow",89.9
"PID1035","Document and comment",56.7
"PID1035","Analysis and research",61.3
"PID1035","General assistance",42
"PID1035","Specialised workflow",20.7
"PID1036","Write or debug code",6.2
"PID1036","Meeting workflow",17.1
"PID1036","Email workflow",23.8
"PID1036","Communication workflow",16
"PID1036","Document and comment",35
"PID1036","Analysis and research",32
"PID1036","General assistance",11
"PID1036","Specialised workflow",9.9
"PID1037","Write or debug code",0.3
"PID1037","Meeting workflow",0.9
"PID1037","Email workflow",1.6
"PID1037","Communication workflow",0.7
"PID1037","Document and comment",1.3
"PID1037","Analysis and research",1.5
"PID1037","General assistance",0.7
"PID1037","Specialised workflow",0.4
"PID1038","Write or debug code",192.4
"PID1038","Meeting workflow",37
"PID1038","Email workflow",67.9
"PID1038","Communication workflow",45.5
"PID1038","Document and comment",33.7
"PID1038","Analysis and research",53.8
"PID1038","General assistance",23.4
"PID1038","Specialised workflow",28
"PID1039","Write or debug code",2.2
"PID1039","Meeting workflow",13.8
"PID1039","Email workflow",16.5
"PID1039","Communication workflow",9.8
"PID1039","Document and comment",9.7
"PID1039","Analysis and research",4.6
"PID1039","General assistance",6.5
"PID1039","Specialised workflow",1.8
"PID1040","Write or debug code",19.4
"PID1040","Meeting workflow",61.9
"PID1040","Email workflow",71
"PID1040","Communication workflow",43.2
"PID1040","Document and comment",46.1
"PID1040","Analysis and research",30.6
"PID1040","General assistance",31.5
"PID1040","Specialised workflow",11.5
"PID1041","Write or debug code",233.4
"PID1041","Meeting workflow",33.5
"PID1041","Email workflow",35.2
"PID1041","Communication workflow",41.3
"PID1041","Document and comment",33.1
"PID1041","Analysis and research",34.2
"PID1041","General assistance",17.9
"PID1041","Specialised workflow",22.7
"PID1042","Write or debug code",403.3
"PID1042","Meeting workflow",95.2
"PID1042","Email workflow",124.7
"PID1042","Communication workflow",75.8
"PID1042","Document and comment",91.5
"PID1042","Analysis and research",101.2
"PID1042","General assistance",60.8
"PID1042","Specialised workflow",76.1
"PID1043","Write or debug code",4.1
"PID1043","Meeting workflow",18.1
"PID1043","Email workflow",22.9
"PID1043","Communication workflow",7
"PID1043","Document and comment",44.4
"PID1043","Analysis and research",21.5
"PID1043","General assistance",5.9
"PID1043","Specialised workflow",7
"PID1044","Write or debug code",21.1
"PID1044","Meeting workflow",157.9
"PID1044","Email workflow",154.6
"PID1044","Communication workflow",112
"PID1044","Document and comment",55
"PID1044","Analysis and research",54.6
"PID1044","General assistance",52.8
"PID1044","Specialised workflow",18.2
"PID1045","Write or debug code",2.2
"PID1045","Meeting workflow",14.1
"PID1045","Email workflow",20.5
"PID1045","Communication workflow",9
"PID1045","Document and comment",8.1
"PID1045","Analysis and research",7.8
"PID1045","General assistance",4.7
"PID1045","Specialised workflow",2.9
"PID1046","Write or debug code",0.4
"PID1046","Meeting workflow",2.6
"PID1046","Email workflow",3.4
"PID1046","Communication workflow",1.5
"PID1046","Document and comment",1.5
"PID1046","Analysis and research",0.8
"PID1046","General assistance",0.8
"PID1046","Specialised workflow",0.4
"PID1047","Write or debug code",8.7
"PID1047","Meeting workflow",23.7
"PID1047","Email workflow",48.1
"PID1047","Communication workflow",40.5
"PID1047","Document and comment",22.1
"PID1047","Analysis and research",18.5
"PID1047","General assistance",25.2
"PID1047","Specialised workflow",10.8
"PID1048","Write or debug code",11.6
"PID1048","Meeting workflow",30.9
"PID1048","Email workflow",52
"PID1048","Communication workflow",95.8
"PID1048","Document and comment",40.8
"PID1048","Analysis and research",25.8
"PID1048","General assistance",41.4
"PID1048","Specialised workflow",17.5
"PID1049","Write or debug code",14.8
"PID1049","Meeting workflow",31
"PID1049","Email workflow",54.1
"PID1049","Communication workflow",27.3
"PID1049","Document and comment",64.9
"PID1049","Analysis and research",48.6
"PID1049","General assistance",17.4
"PID1049","Specialised workflow",12.5
"PID1050","Write or debug code",61.8
"PID1050","Meeting workflow",17.3
"PID1050","Email workflow",14
"PID1050","Communication workflow",8.8
"PID1050","Document and comment",15.3
"PID1050","Analysis and research",13.5
"PID1050","General assistance",10.9
"PID1050","Specialised workflow",8.6
"PID1051","Write or debug code",7
"PID1051","Meeting workflow",41.4
"PID1051","Email workflow",62.7
"PID1051","Communication workflow",29.4
"PID1051","Document and comment",14.7
"PID1051","Analysis and research",19.1
"PID1051","General assistance",10.6
"PID1051","Specialised workflow",7.4
"PID1052","Write or debug code",115.1
"PID1052","Meeting workflow",21.4
"PID1052","Email workflow",35.7
"PID1052","Communication workflow",31
"PID1052","Document and comment",31.1
"PID1052","Analysis and research",38.5
"PID1052","General assistance",11.6
"PID1052","Specialised workflow",13.8
"PID1053","Write or debug code",8.3
"PID1053","Meeting workflow",29.8
"PID1053","Email workflow",48.3
"PID1053","Communication workflow",50.5
"PID1053","Document and comment",74.2
"PID1053","Analysis and research",36
"PID1053","General assistance",18.9
"PID1053","Specialised workflow",10.7
"PID1054","Write or debug code",62.9
"PID1054","Meeting workflow",175
"PID1054","Email workflow",139.1
"PID1054","Communication workflow",57.5
"PID1054","Document and comment",93.6
"PID1054","Analysis and research",86.4
"PID1054","General assistance",61.4
"PID1054","Specialised workflow",17.2
"PID1055","Write or debug code",225.3
"PID1055","Meeting workflow",41.1
"PID1055","Email workflow",50.7
"PID1055","Communication workflow",61.1
"PID1055","Document and comment",55.2
"PID1055","Analysis and research",89.3
"PID1055","General assistance",29.5
"PID1055","Specialised workflow",62
"PID1056","Write or debug code",10.3
"PID1056","Meeting workflow",1.7
"PID1056","Email workflow",2
"PID1056","Communication workflow",2.4
"PID1056","Document and comment",1.4
"PID1056","Analysis and research",2.8
"PID1056","General assistance",1.1
"PID1056","Specialised workflow",1.2
"PID1057","Write or debug code",20.1
"PID1057","Meeting workflow",4
"PID1057","Email workflow",4.3
"PID1057","Communication workflow",2.5
"PID1057","Document and comment",3.1
"PID1057","Analysis and research",4.1
"PID1057","General assistance",3.2
"PID1057","Specialised workflow",2.9
"PID1058","Write or debug code",0
"PID1058","Meeting workflow",0
"PID1058","Email workflow",0
"PID1058","Communication workflow",0
"PID1058","Document and comment",0
"PID1058","Analysis and research",0
"PID1058","General assistance",0
"PID1058","Specialised workflow",0
"PID1059","Write or debug code",21.4
"PID1059","Meeting workflow",5
"PID1059","Email workflow",4.5
"PID1059","Communication workflow",4.1
"PID1059","Document and comment",3.7
"PID1059","Analysis and research",4.6
"PID1059","General assistance",2.7
"PID1059","Specialised workflow",4
"PID1060","Write or debug code",12.7
"PID1060","Meeting workflow",37.4
"PID1060","Email workflow",39.9
"PID1060","Communication workflow",22.8
"PID1060","Document and comment",32.4
"PID1060","Analysis and research",25.3
"PID1060","General assistance",15.9
"PID1060","Specialised workflow",5.3
"PID1061","Write or debug code",93.3
"PID1061","Meeting workflow",21.3
"PID1061","Email workflow",24.2
"PID1061","Communication workflow",16.1
"PID1061","Document and comment",15.4
"PID1061","Analysis and research",30.1
"PID1061","General assistance",13.8
"PID1061","Specialised workflow",21
"PID1062","Write or debug code",209.5
"PID1062","Meeting workflow",38.6
"PID1062","Email workflow",34.2
"PID1062","Communication workflow",32.1
"PID1062","Document and comment",47.5
"PID1062","Analysis and research",40
"PID1062","General assistance",47.2
"PID1062","Specialised workflow",28.8
"PID1063","Write or debug code",10
"PID1063","Meeting workflow",1.6
"PID1063","Email workflow",1.8
"PID1063","Communication workflow",1.4
"PID1063","Document and comment",1.7
"PID1063","Analysis and research",2.2
"PID1063","General assistance",0.7
"PID1063","Specialised workflow",1
"PID1064","Write or debug code",39.3
"PID1064","Meeting workflow",124
"PID1064","Email workflow",220.9
"PID1064","Communication workflow",206.2
"PID1064","Document and comment",223
"PID1064","Analysis and research",153.3
"PID1064","General assistance",74
"PID1064","Specialised workflow",37.7
"PID1065","Write or debug code",0
"PID1065","Meeting workflow",0
"PID1065","Email workflow",0
"PID1065","Communication workflow",0
"PID1065","Document and comment",0
"PID1065","Analysis and research",0
"PID1065","General assistance",0
"PID1065","Specialised workflow",0
"PID1066","Write or debug code",8.5
"PID1066","Meeting workflow",22.6
"PID1066","Email workflow",38.4
"PID1066","Communication workflow",17.4
"PID1066","Document and comment",41
"PID1066","Analysis and research",67.8
"PID1066","General assistance",15.4
"PID1066","Specialised workflow",9.6
"PID1067","Write or debug code",6.5
"PID1067","Meeting workflow",20.7
"PID1067","Email workflow",23
"PID1067","Communication workflow",26.4
"PID1067","Document and comment",33.9
"PID1067","Analysis and research",23.1
"PID1067","General assistance",13.1
"PID1067","Specialised workflow",5.5
"PID1068","Write or debug code",270.5
"PID1068","Meeting workflow",37.3
"PID1068","Email workflow",46.5
"PID1068","Communication workflow",37.9
"PID1068","Document and comment",63.4
"PID1068","Analysis and research",70.6
"PID1068","General assistance",22.5
"PID1068","Specialised workflow",29.7
"PID1069","Write or debug code",13
"PID1069","Meeting workflow",56.6
"PID1069","Email workflow",55
"PID1069","Communication workflow",50.1
"PID1069","Document and comment",46.4
"PID1069","Analysis and research",28.8
"PID1069","General assistance",31
"PID1069","Specialised workflow",11.9
"PID1070","Write or debug code",22
"PID1070","Meeting workflow",76.3
"PID1070","Email workflow",113.5
"PID1070","Communication workflow",105.9
"PID1070","Document and comment",55.8
"PID1070","Analysis and research",43.2
"PID1070","General assistance",83.2
"PID1070","Specialised workflow",31.8
"PID1071","Write or debug code",0
"PID1071","Meeting workflow",0
"PID1071","Email workflow",0
"PID1071","Communication workflow",0
"PID1071","Document and comment",0
"PID1071","Analysis and research",0
"PID1071","General assistance",0
"PID1071","Specialised workflow",0
"PID1072","Write or debug code",31.2
"PID1072","Meeting workflow",9.6
"PID1072","Email workflow",5.2
"PID1072","Communication workflow",6.7
"PID1072","Document and comment",4.9
"PID1072","Analysis and research",9.6
"PID1072","General assistance",6.2
"PID1072","Specialised workflow",5.1
"PID1073","Write or debug code",59.3
"PID1073","Meeting workflow",137.5
"PID1073","Email workflow",183.1
"PID1073","Communication workflow",143.2
"PID1073","Document and comment",185.5
"PID1073","Analysis and research",145.9
"PID1073","General assistance",141.3
"PID1073","Specialised workflow",35.3
"PID1074","Write or debug code",13.4
"PID1074","Meeting workflow",59.3
"PID1074","Email workflow",127
"PID1074","Communication workflow",63.3
"PID1074","Document and comment",67.6
"PID1074","Analysis and research",32.4
"PID1074","General assistance",31.7
"PID1074","Specialised workflow",9.5
"PID1075","Write or debug code",32.7
"PID1075","Meeting workflow",82.9
"PID1075","Email workflow",163.3
"PID1075","Communication workflow",226.8
"PID1075","Document and comment",72.3
"PID1075","Analysis and research",49.2
"PID1075","General assistance",97.8
"PID1075","Specialised workflow",44.6
"PID1076","Write or debug code",0
"PID1076","Meeting workflow",0
"PID1076","Email workflow",0
"PID1076","Communication workflow",0
"PID1076","Document and comment",0
"PID1076","Analysis and research",0
"PID1076","General assistance",0
"PID1076","Specialised workflow",0
"PID1077","Write or debug code",0.2
"PID1077","Meeting workflow",1
"PID1077","Email workflow",1.1
"PID1077","Communication workflow",1
"PID1077","Document and comment",0.9
"PID1077","Analysis and research",0.6
"PID1077","General assistance",0.5
"PID1077","Specialised workflow",0.2
"PID1078","Write or debug code",15.8
"PID1078","Meeting workflow",101.1
"PID1078","Email workflow",112.3
"PID1078","Communication workflow",100.4
"PID1078","Document and comment",40.9
"PID1078","Analysis and research",52
"PID1078","General assistance",23.8
"PID1078","Specialised workflow",15.8
"PID1079","Write or debug code",965.8
"PID1079","Meeting workflow",175
"PID1079","Email workflow",174.5
"PID1079","Communication workflow",162
"PID1079","Document and comment",166
"PID1079","Analysis and research",230.4
"PID1079","General assistance",96.6
"PID1079","Specialised workflow",131.2
"PID1080","Write or debug code",28.4
"PID1080","Meeting workflow",112.4
"PID1080","Email workflow",124.1
"PID1080","Communication workflow",138.6
"PID1080","Document and comment",168.7
"PID1080","Analysis and research",120.5
"PID1080","General assistance",56.6
"PID1080","Specialised workflow",26.9
"PID1081","Write or debug code",1.3
"PID1081","Meeting workflow",6.8
"PID1081","Email workflow",9.1
"PID1081","Communication workflow",7
"PID1081","Document and comment",4.3
"PID1081","Analysis and research",3.9
"PID1081","General assistance",2.5
"PID1081","Specialised workflow",1.3
"PID1082","Write or debug code",0.1
"PID1082","Meeting workflow",0.5
"PID1082","Email workflow",0.6
"PID1082","Communication workflow",0.5
"PID1082","Document and comment",0.3
"PID1082","Analysis and research",0.2
"PID1082","General assistance",0.2
"PID1082","Specialised workflow",0.1
"PID1083","Write or debug code",4.4
"PID1083","Meeting workflow",20.6
"PID1083","Email workflow",19.8
"PID1083","Communication workflow",25.3
"PID1083","Document and comment",14.9
"PID1083","Analysis and research",10.7
"PID1083","General assistance",17.8
"PID1083","Specialised workflow",6.7
"PID1084","Write or debug code",0
"PID1084","Meeting workflow",0
"PID1084","Email workflow",0
"PID1084","Communication workflow",0
"PID1084","Document and comment",0
"PID1084","Analysis and research",0
"PID1084","General assistance",0
"PID1084","Specialised workflow",0
"PID1085","Write or debug code",2.7
"PID1085","Meeting workflow",10.2
"PID1085","Email workflow",9.6
"PID1085","Communication workflow",4.3
"PID1085","Document and comment",7.2
"PID1085","Analysis and research",5.4
"PID1085","General assistance",3.3
"PID1085","Specialised workflow",1.5
"PID1086","Write or debug code",6.8
"PID1086","Meeting workflow",22.7
"PID1086","Email workflow",27.9
"PID1086","Communication workflow",14
"PID1086","Document and comment",28.3
"PID1086","Analysis and research",43.3
"PID1086","General assistance",9.4
"PID1086","Specialised workflow",9.3
"PID1087","Write or debug code",61.1
"PID1087","Meeting workflow",114.2
"PID1087","Email workflow",110.2
"PID1087","Communication workflow",69.1
"PID1087","Document and comment",90.3
"PID1087","Analysis and research",107.9
"PID1087","General assistance",65.8
"PID1087","Specialised workflow",28
"PID1088","Write or debug code",0.6
"PID1088","Meeting workflow",1.7
"PID1088","Email workflow",2.6
"PID1088","Communication workflow",4.4
"PID1088","Document and comment",1.6
"PID1088","Analysis and research",1.1
"PID1088","General assistance",2.6
"PID1088","Specialised workflow",0.8
"PID1089","Write or debug code",0
"PID1089","Meeting workflow",0
"PID1089","Email workflow",0
"PID1089","Communication workflow",0
"PID1089","Document and comment",0
"PID1089","Analysis and research",0
"PID1089","General assistance",0
"PID1089","Specialised workflow",0
"PID1090","Write or debug code",8.2
"PID1090","Meeting workflow",29.2
"PID1090","Email workflow",32.9
"PID1090","Communication workflow",24.3
"PID1090","Document and comment",24.7
"PID1090","Analysis and research",28.4
"PID1090","General assistance",16.4
"PID1090","Specialised workflow",6.6
"PID1091","Write or debug code",1.8
"PID1091","Meeting workflow",8.7
"PID1091","Email workflow",19.5
"PID1091","Communication workflow",14.5
"PID1091","Document and comment",6.9
"PID1091","Analysis and research",7.1
"PID1091","General assistance",9.4
"PID1091","Specialised workflow",3.5
"PID1092","Write or debug code",0
"PID1092","Meeting workflow",0
"PID1092","Email workflow",0
"PID1092","Communication workflow",0
"PID1092","Document and comment",0
"PID1092","Analysis and research",0
"PID1092","General assistance",0
"PID1092","Specialised workflow",0
"PID1093","Write or debug code",25.9
"PID1093","Meeting workflow",65.4
"PID1093","Email workflow",87.7
"PID1093","Communication workflow",44.7
"PID1093","Document and comment",124.6
"PID1093","Analysis and research",127.6
"PID1093","General assistance",41.7
"PID1093","Specialised workflow",18.3
"PID1094","Write or debug code",2.3
"PID1094","Meeting workflow",6.9
"PID1094","Email workflow",9.5
"PID1094","Communication workflow",9.9
"PID1094","Document and comment",6
"PID1094","Analysis and research",6.4
"PID1094","General assistance",9.9
"PID1094","Specialised workflow",2.6
"PID1095","Write or debug code",784.6
"PID1095","Meeting workflow",133.3
"PID1095","Email workflow",115.9
"PID1095","Communication workflow",126.2
"PID1095","Document and comment",141.9
"PID1095","Analysis and research",198.3
"PID1095","General assistance",63.9
"PID1095","Specialised workflow",85.7
"PID1096","Write or debug code",36.2
"PID1096","Meeting workflow",132.5
"PID1096","Email workflow",150.3
"PID1096","Communication workflow",185.7
"PID1096","Document and comment",226.7
"PID1096","Analysis and research",149.6
"PID1096","General assistance",59.3
"PID1096","Specialised workflow",42.1
"PID1097","Write or debug code",3.1
"PID1097","Meeting workflow",8
"PID1097","Email workflow",11.8
"PID1097","Communication workflow",9.2
"PID1097","Document and comment",17
"PID1097","Analysis and research",8.2
"PID1097","General assistance",6.5
"PID1097","Specialised workflow",1.9
"PID1098","Write or debug code",0
"PID1098","Meeting workflow",0
"PID1098","Email workflow",0
"PID1098","Communication workflow",0
"PID1098","Document and comment",0
"PID1098","Analysis and research",0
"PID1098","General assistance",0
"PID1098","Specialised workflow",0
"PID1099","Write or debug code",9.7
"PID1099","Meeting workflow",17.9
"PID1099","Email workflow",33.8
"PID1099","Communication workflow",29.9
"PID1099","Document and comment",43.2
"PID1099","Analysis and research",26.9
"PID1099","General assistance",11.3
"PID1099","Specialised workflow",5
"PID1100","Write or debug code",871.5
"PID1100","Meeting workflow",236.1
"PID1100","Email workflow",217.4
"PID1100","Communication workflow",180.3
"PID1100","Document and comment",149
"PID1100","Analysis and research",271.5
"PID1100","General assistance",121.3
"PID1100","Specialised workflow",125.9
"PID1101","Write or debug code",0.4
"PID1101","Meeting workflow",1.2
"PID1101","Email workflow",1.5
"PID1101","Communication workflow",1.4
"PID1101","Document and comment",2.8
"PID1101","Analysis and research",1.1
"PID1101","General assistance",0.6
"PID1101","Specialised workflow",0.2
"PID1102","Write or debug code",4.2
"PID1102","Meeting workflow",9.5
"PID1102","Email workflow",11.5
"PID1102","Communication workflow",6.5
"PID1102","Document and comment",17.9
"PID1102","Analysis and research",14.8
"PID1102","General assistance",5.8
"PID1102","Specialised workflow",3.1
"PID1103","Write or debug code",0
"PID1103","Meeting workflow",0
"PID1103","Email workflow",0
"PID1103","Communication workflow",0
"PID1103","Document and comment",0
"PID1103","Analysis and research",0
"PID1103","General assistance",0
"PID1103","Specialised workflow",0
"PID1104","Write or debug code",1.6
"PID1104","Meeting workflow",3.7
"PID1104","Email workflow",5.3
"PID1104","Communication workflow",9.3
"PID1104","Document and comment",10.4
"PID1104","Analysis and research",5.3
"PID1104","General assistance",2.5
"PID1104","Specialised workflow",1.2
"PID1105","Write or debug code",11
"PID1105","Meeting workflow",67.6
"PID1105","Email workflow",83.9
"PID1105","Communication workflow",44.1
"PID1105","Document and comment",34.2
"PID1105","Analysis and research",35.3
"PID1105","General assistance",26.6
"PID1105","Specialised workflow",9.7
"PID1106","Write or debug code",159.3
"PID1106","Meeting workflow",43.2
"PID1106","Email workflow",36.7
"PID1106","Communication workflow",52.9
"PID1106","Document and comment",39.5
"PID1106","Analysis and research",43.2
"PID1106","General assistance",22.5
"PID1106","Specialised workflow",32.4
"PID1107","Write or debug code",84.1
"PID1107","Meeting workflow",23.7
"PID1107","Email workflow",23.6
"PID1107","Communication workflow",16.9
"PID1107","Document and comment",14.3
"PID1107","Analysis and research",24.2
"PID1107","General assistance",12.7
"PID1107","Specialised workflow",12.2
"PID1108","Write or debug code",117.1
"PID1108","Meeting workflow",36.3
"PID1108","Email workflow",33.2
"PID1108","Communication workflow",21.2
"PID1108","Document and comment",23.7
"PID1108","Analysis and research",50.7
"PID1108","General assistance",13.9
"PID1108","Specialised workflow",25.6
"PID1109","Write or debug code",75.7
"PID1109","Meeting workflow",268.4
"PID1109","Email workflow",413.1
"PID1109","Communication workflow",171.9
"PID1109","Document and comment",501.3
"PID1109","Analysis and research",874.5
"PID1109","General assistance",135.4
"PID1109","Specialised workflow",116.9
"PID1110","Write or debug code",3.5
"PID1110","Meeting workflow",23.5
"PID1110","Email workflow",36.2
"PID1110","Communication workflow",16.9
"PID1110","Document and comment",10.6
"PID1110","Analysis and research",11.7
"PID1110","General assistance",6
"PID1110","Specialised workflow",2.8
"PID1111","Write or debug code",57.6
"PID1111","Meeting workflow",234.4
"PID1111","Email workflow",308.1
"PID1111","Communication workflow",271.8
"PID1111","Document and comment",242
"PID1111","Analysis and research",136.6
"PID1111","General assistance",157.8
"PID1111","Specialised workflow",49.9
"PID1112","Write or debug code",3.6
"PID1112","Meeting workflow",16.4
"PID1112","Email workflow",37.9
"PID1112","Communication workflow",10.4
"PID1112","Document and comment",10.5
"PID1112","Analysis and research",8.3
"PID1112","General assistance",8.6
"PID1112","Specialised workflow",3.5
"PID1113","Write or debug code",2.1
"PID1113","Meeting workflow",10.8
"PID1113","Email workflow",13.5
"PID1113","Communication workflow",9.4
"PID1113","Document and comment",4.9
"PID1113","Analysis and research",5.8
"PID1113","General assistance",2.8
"PID1113","Specialised workflow",1.7
"PID1114","Write or debug code",6.5
"PID1114","Meeting workflow",27.3
"PID1114","Email workflow",16.8
"PID1114","Communication workflow",15.5
"PID1114","Document and comment",17.2
"PID1114","Analysis and research",23.2
"PID1114","General assistance",12.4
"PID1114","Specialised workflow",4
"PID1115","Write or debug code",22.1
"PID1115","Meeting workflow",72.7
"PID1115","Email workflow",113.1
"PID1115","Communication workflow",50.5
"PID1115","Document and comment",108
"PID1115","Analysis and research",203.3
"PID1115","General assistance",38.6
"PID1115","Specialised workflow",29.4
"PID1116","Write or debug code",4.6
"PID1116","Meeting workflow",23
"PID1116","Email workflow",24
"PID1116","Communication workflow",19
"PID1116","Document and comment",14.5
"PID1116","Analysis and research",9.9
"PID1116","General assistance",10.2
"PID1116","Specialised workflow",4
"PID1117","Write or debug code",0
"PID1117","Meeting workflow",0
"PID1117","Email workflow",0
"PID1117","Communication workflow",0
"PID1117","Document and comment",0
"PID1117","Analysis and research",0
"PID1117","General assistance",0
"PID1117","Specialised workflow",0
"PID1118","Write or debug code",70.3
"PID1118","Meeting workflow",16.8
"PID1118","Email workflow",23.3
"PID1118","Communication workflow",16.4
"PID1118","Document and comment",19.2
"PID1118","Analysis and research",25.9
"PID1118","General assistance",11.2
"PID1118","Specialised workflow",20.2
"PID1119","Write or debug code",79.1
"PID1119","Meeting workflow",116.7
"PID1119","Email workflow",138.6
"PID1119","Communication workflow",140.8
"PID1119","Document and comment",127.5
"PID1119","Analysis and research",153.2
"PID1119","General assistance",155
"PID1119","Specialised workflow",47.3
"PID1120","Write or debug code",484.5
"PID1120","Meeting workflow",114.9
"PID1120","Email workflow",129.6
"PID1120","Communication workflow",83
"PID1120","Document and comment",73.5
"PID1120","Analysis and research",168.1
"PID1120","General assistance",71.8
"PID1120","Specialised workflow",76.2
"PID1121","Write or debug code",6.3
"PID1121","Meeting workflow",20.2
"PID1121","Email workflow",46.9
"PID1121","Communication workflow",43.7
"PID1121","Document and comment",52.9
"PID1121","Analysis and research",30.9
"PID1121","General assistance",12.5
"PID1121","Specialised workflow",7.3
"PID1122","Write or debug code",11.6
"PID1122","Meeting workflow",36.6
"PID1122","Email workflow",62.8
"PID1122","Communication workflow",92.1
"PID1122","Document and comment",31.9
"PID1122","Analysis and research",29.3
"PID1122","General assistance",47.5
"PID1122","Specialised workflow",14.1
"PID1123","Write or debug code",33
"PID1123","Meeting workflow",102.9
"PID1123","Email workflow",82
"PID1123","Communication workflow",42.2
"PID1123","Document and comment",69.9
"PID1123","Analysis and research",48.6
"PID1123","General assistance",40.8
"PID1123","Specialised workflow",14.5
"PID1124","Write or debug code",22.1
"PID1124","Meeting workflow",139.3
"PID1124","Email workflow",204.5
"PID1124","Communication workflow",84.7
"PID1124","Document and comment",79.2
"PID1124","Analysis and research",72
"PID1124","General assistance",42.2
"PID1124","Specialised workflow",21.7
"PID1125","Write or debug code",23.4
"PID1125","Meeting workflow",49.3
"PID1125","Email workflow",70.7
"PID1125","Communication workflow",80
"PID1125","Document and comment",105.5
"PID1125","Analysis and research",54.9
"PID1125","General assistance",44.7
"PID1125","Specialised workflow",19.3
"PID1126","Write or debug code",411.1
"PID1126","Meeting workflow",140.4
"PID1126","Email workflow",82.5
"PID1126","Communication workflow",62.9
"PID1126","Document and comment",99.5
"PID1126","Analysis and research",118.6
"PID1126","General assistance",51.5
"PID1126","Specialised workflow",77.7
"PID1127","Write or debug code",65.1
"PID1127","Meeting workflow",461
"PID1127","Email workflow",422.6
"PID1127","Communication workflow",277.7
"PID1127","Document and comment",156.4
"PID1127","Analysis and research",202.6
"PID1127","General assistance",112.2
"PID1127","Specialised workflow",88.6
"PID1128","Write or debug code",0
"PID1128","Meeting workflow",0
"PID1128","Email workflow",0
"PID1128","Communication workflow",0
"PID1128","Document and comment",0
"PID1128","Analysis and research",0
"PID1128","General assistance",0
"PID1128","Specialised workflow",0
"PID1129","Write or debug code",13
"PID1129","Meeting workflow",30.8
"PID1129","Email workflow",41.2
"PID1129","Communication workflow",23.9
"PID1129","Document and comment",26.5
"PID1129","Analysis and research",23.3
"PID1129","General assistance",14.4
"PID1129","Specialised workflow",7.3
"PID1130","Write or debug code",0
"PID1130","Meeting workflow",0
"PID1130","Email workflow",0
"PID1130","Communication workflow",0
"PID1130","Document and comment",0
"PID1130","Analysis and research",0
"PID1130","General assistance",0
"PID1130","Specialised workflow",0
"PID1131","Write or debug code",538.6
"PID1131","Meeting workflow",92.9
"PID1131","Email workflow",84.6
"PID1131","Communication workflow",90.5
"PID1131","Document and comment",115.9
"PID1131","Analysis and research",134.6
"PID1131","General assistance",70
"PID1131","Specialised workflow",79.9
"PID1132","Write or debug code",64.1
"PID1132","Meeting workflow",18.5
"PID1132","Email workflow",16.8
"PID1132","Communication workflow",18
"PID1132","Document and comment",13.9
"PID1132","Analysis and research",22.6
"PID1132","General assistance",10.2
"PID1132","Specialised workflow",17.4
"PID1133","Write or debug code",48.9
"PID1133","Meeting workflow",10.6
"PID1133","Email workflow",16.6
"PID1133","Communication workflow",6.9
"PID1133","Document and comment",9.4
"PID1133","Analysis and research",11.6
"PID1133","General assistance",4.2
"PID1133","Specialised workflow",8.4
"PID1134","Write or debug code",183.5
"PID1134","Meeting workflow",26.3
"PID1134","Email workflow",36.2
"PID1134","Communication workflow",44.1
"PID1134","Document and comment",47.5
"PID1134","Analysis and research",70.3
"PID1134","General assistance",22.9
"PID1134","Specialised workflow",23.8
"PID1135","Write or debug code",12.6
"PID1135","Meeting workflow",40.9
"PID1135","Email workflow",89.3
"PID1135","Communication workflow",70.8
"PID1135","Document and comment",47.1
"PID1135","Analysis and research",48
"PID1135","General assistance",50.1
"PID1135","Specialised workflow",18
"PID1136","Write or debug code",27.7
"PID1136","Meeting workflow",119.7
"PID1136","Email workflow",114.2
"PID1136","Communication workflow",83.2
"PID1136","Document and comment",77.1
"PID1136","Analysis and research",81.2
"PID1136","General assistance",44.9
"PID1136","Specialised workflow",20
"PID1137","Write or debug code",612.2
"PID1137","Meeting workflow",135.6
"PID1137","Email workflow",166.1
"PID1137","Communication workflow",99.2
"PID1137","Document and comment",120.7
"PID1137","Analysis and research",161.4
"PID1137","General assistance",65.2
"PID1137","Specialised workflow",142.8
"PID1138","Write or debug code",7.7
"PID1138","Meeting workflow",15.4
"PID1138","Email workflow",22.8
"PID1138","Communication workflow",9.1
"PID1138","Document and comment",26.4
"PID1138","Analysis and research",33.6
"PID1138","General assistance",10.2
"PID1138","Specialised workflow",6.6
"PID1139","Write or debug code",12.7
"PID1139","Meeting workflow",48.4
"PID1139","Email workflow",37.1
"PID1139","Communication workflow",30.8
"PID1139","Document and comment",42.6
"PID1139","Analysis and research",30.7
"PID1139","General assistance",15.7
"PID1139","Specialised workflow",6.6
"PID1140","Write or debug code",0
"PID1140","Meeting workflow",0
"PID1140","Email workflow",0
"PID1140","Communication workflow",0
"PID1140","Document and comment",0
"PID1140","Analysis and research",0
"PID1140","General assistance",0
"PID1140","Specialised workflow",0
"PID1141","Write or debug code",10.5
"PID1141","Meeting workflow",75.1
"PID1141","Email workflow",59.6
"PID1141","Communication workflow",59.5
"PID1141","Document and comment",49.1
"PID1141","Analysis and research",26.4
"PID1141","General assistance",23
"PID1141","Specialised workflow",11.6
"PID1142","Write or debug code",3.2
"PID1142","Meeting workflow",23.4
"PID1142","Email workflow",17.6
"PID1142","Communication workflow",14.1
"PID1142","Document and comment",8.7
"PID1142","Analysis and research",6.5
"PID1142","General assistance",6.7
"PID1142","Specialised workflow",3.2
"PID1143","Write or debug code",211
"PID1143","Meeting workflow",56.7
"PID1143","Email workflow",52.3
"PID1143","Communication workflow",42.7
"PID1143","Document and comment",42.7
"PID1143","Analysis and research",58.2
"PID1143","General assistance",24.5
"PID1143","Specialised workflow",31.8
"PID1144","Write or debug code",83.1
"PID1144","Meeting workflow",13
"PID1144","Email workflow",9.4
"PID1144","Communication workflow",9.8
"PID1144","Document and comment",8.5
"PID1144","Analysis and research",14.4
"PID1144","General assistance",9
"PID1144","Specialised workflow",7.8
"PID1145","Write or debug code",0
"PID1145","Meeting workflow",0
"PID1145","Email workflow",0
"PID1145","Communication workflow",0
"PID1145","Document and comment",0
"PID1145","Analysis and research",0
"PID1145","General assistance",0
"PID1145","Specialised workflow",0
"PID1146","Write or debug code",7.8
"PID1146","Meeting workflow",41.4
"PID1146","Email workflow",50.2
"PID1146","Communication workflow",41.4
"PID1146","Document and comment",33.9
"PID1146","Analysis and research",15.2
"PID1146","General assistance",11.4
"PID1146","Specialised workflow",6.3
"PID1147","Write or debug code",68.7
"PID1147","Meeting workflow",17.3
"PID1147","Email workflow",19.3
"PID1147","Communication workflow",17.9
"PID1147","Document and comment",21.5
"PID1147","Analysis and research",19.7
"PID1147","General assistance",11.5
"PID1147","Specialised workflow",11.2
"PID1148","Write or debug code",13.4
"PID1148","Meeting workflow",79.6
"PID1148","Email workflow",149
"PID1148","Communication workflow",62.1
"PID1148","Document and comment",49.5
"PID1148","Analysis and research",40.1
"PID1148","General assistance",25
"PID1148","Specialised workflow",14.3
"PID1149","Write or debug code",7.7
"PID1149","Meeting workflow",26.4
"PID1149","Email workflow",24.4
"PID1149","Communication workflow",27.9
"PID1149","Document and comment",27.8
"PID1149","Analysis and research",15.4
"PID1149","General assistance",12.7
"PID1149","Specialised workflow",7.1
"PID1150","Write or debug code",0
"PID1150","Meeting workflow",0
"PID1150","Email workflow",0
"PID1150","Communication workflow",0
"PID1150","Document and comment",0
"PID1150","Analysis and research",0
"PID1150","General assistance",0
"PID1150","Specialised workflow",0
"PID1151","Write or debug code",8.3
"PID1151","Meeting workflow",27.4
"PID1151","Email workflow",35.9
"PID1151","Communication workflow",15.2
"PID1151","Document and comment",43.8
"PID1151","Analysis and research",51.4
"PID1151","General assistance",12.4
"PID1151","Specialised workflow",12.6
"PID1152","Write or debug code",59.2
"PID1152","Meeting workflow",241.1
"PID1152","Email workflow",503.6
"PID1152","Communication workflow",563.6
"PID1152","Document and comment",236.9
"PID1152","Analysis and research",207.1
"PID1152","General assistance",261.6
"PID1152","Specialised workflow",111.5
"PID1153","Write or debug code",4.2
"PID1153","Meeting workflow",10.9
"PID1153","Email workflow",23.4
"PID1153","Communication workflow",9.8
"PID1153","Document and comment",57.5
"PID1153","Analysis and research",14.5
"PID1153","General assistance",4.1
"PID1153","Specialised workflow",5.7
"PID1154","Write or debug code",7.2
"PID1154","Meeting workflow",23.1
"PID1154","Email workflow",42.3
"PID1154","Communication workflow",34.3
"PID1154","Document and comment",46
"PID1154","Analysis and research",34.9
"PID1154","General assistance",11.1
"PID1154","Specialised workflow",8.6
"PID1155","Write or debug code",246.6
"PID1155","Meeting workflow",46
"PID1155","Email workflow",38.4
"PID1155","Communication workflow",43
"PID1155","Document and comment",37
"PID1155","Analysis and research",51.9
"PID1155","General assistance",25.6
"PID1155","Specialised workflow",26.4
"PID1156","Write or debug code",1.2
"PID1156","Meeting workflow",0.3
"PID1156","Email workflow",0.3
"PID1156","Communication workflow",0.2
"PID1156","Document and comment",0.2
"PID1156","Analysis and research",0.4
"PID1156","General assistance",0.2
"PID1156","Specialised workflow",0.2
"PID1157","Write or debug code",0
"PID1157","Meeting workflow",0.1
"PID1157","Email workflow",0.1
"PID1157","Communication workflow",0.1
"PID1157","Document and comment",0.1
"PID1157","Analysis and research",0.2
"PID1157","General assistance",0.1
"PID1157","Specialised workflow",0
"PID1158","Write or debug code",0
"PID1158","Meeting workflow",0
"PID1158","Email workflow",0
"PID1158","Communication workflow",0
"PID1158","Document and comment",0
"PID1158","Analysis and research",0
"PID1158","General assistance",0
"PID1158","Specialised workflow",0
"PID1159","Write or debug code",3.9
"PID1159","Meeting workflow",21.5
"PID1159","Email workflow",23.9
"PID1159","Communication workflow",13
"PID1159","Document and comment",16.3
"PID1159","Analysis and research",9.3
"PID1159","General assistance",7.5
"PID1159","Specialised workflow",3.7
"PID1160","Write or debug code",1.6
"PID1160","Meeting workflow",11.6
"PID1160","Email workflow",25.1
"PID1160","Communication workflow",8.1
"PID1160","Document and comment",8.5
"PID1160","Analysis and research",5.6
"PID1160","General assistance",5.1
"PID1160","Specialised workflow",2.2
"PID1161","Write or debug code",4.7
"PID1161","Meeting workflow",13.4
"PID1161","Email workflow",10.6
"PID1161","Communication workflow",9.8
"PID1161","Document and comment",8
"PID1161","Analysis and research",5.6
"PID1161","General assistance",4.9
"PID1161","Specialised workflow",1.7
"PID1162","Write or debug code",12.9
"PID1162","Meeting workflow",114.3
"PID1162","Email workflow",70.9
"PID1162","Communication workflow",86.3
"PID1162","Document and comment",67.4
"PID1162","Analysis and research",56.6
"PID1162","General assistance",56.5
"PID1162","Specialised workflow",18.8
"PID1163","Write or debug code",35.5
"PID1163","Meeting workflow",69.9
"PID1163","Email workflow",190.9
"PID1163","Communication workflow",66.2
"PID1163","Document and comment",113.8
"PID1163","Analysis and research",192.5
"PID1163","General assistance",49.3
"PID1163","Specialised workflow",51.8
"PID1164","Write or debug code",80.8
"PID1164","Meeting workflow",20.2
"PID1164","Email workflow",19.7
"PID1164","Communication workflow",17.9
"PID1164","Document and comment",13
"PID1164","Analysis and research",17.4
"PID1164","General assistance",12
"PID1164","Specialised workflow",10.4
"PID1165","Write or debug code",15.3
"PID1165","Meeting workflow",54.2
"PID1165","Email workflow",102
"PID1165","Communication workflow",85.6
"PID1165","Document and comment",50.7
"PID1165","Analysis and research",36.2
"PID1165","General assistance",65.7
"PID1165","Specialised workflow",30.9
"PID1166","Write or debug code",11.8
"PID1166","Meeting workflow",26.8
"PID1166","Email workflow",48.4
"PID1166","Communication workflow",56
"PID1166","Document and comment",85.9
"PID1166","Analysis and research",46.8
"PID1166","General assistance",15.2
"PID1166","Specialised workflow",10.2
"PID1167","Write or debug code",43.8
"PID1167","Meeting workflow",273
"PID1167","Email workflow",274
"PID1167","Communication workflow",178.4
"PID1167","Document and comment",177.1
"PID1167","Analysis and research",144.9
"PID1167","General assistance",83.6
"PID1167","Specialised workflow",40
"PID1168","Write or debug code",0
"PID1168","Meeting workflow",0
"PID1168","Email workflow",0
"PID1168","Communication workflow",0
"PID1168","Document and comment",0
"PID1168","Analysis and research",0
"PID1168","General assistance",0
"PID1168","Specialised workflow",0
"PID1169","Write or debug code",9.7
"PID1169","Meeting workflow",20
"PID1169","Email workflow",24.1
"PID1169","Communication workflow",34.9
"PID1169","Document and comment",46.2
"PID1169","Analysis and research",19.7
"PID1169","General assistance",17.7
"PID1169","Specialised workflow",5.8
"PID1170","Write or debug code",0
"PID1170","Meeting workflow",0
"PID1170","Email workflow",0
"PID1170","Communication workflow",0
"PID1170","Document and comment",0
"PID1170","Analysis and research",0
"PID1170","General assistance",0
"PID1170","Specialised workflow",0
"PID1171","Write or debug code",0
"PID1171","Meeting workflow",0
"PID1171","Email workflow",0
"PID1171","Communication workflow",0
"PID1171","Document and comment",0
"PID1171","Analysis and research",0
"PID1171","General assistance",0
"PID1171","Specialised workflow",0
"PID1172","Write or debug code",2.8
"PID1172","Meeting workflow",20.9
"PID1172","Email workflow",24.4
"PID1172","Communication workflow",12.6
"PID1172","Document and comment",6.6
"PID1172","Analysis and research",10.2
"PID1172","General assistance",6.9
"PID1172","Specialised workflow",3.3
"PID1173","Write or debug code",394.2
"PID1173","Meeting workflow",83.7
"PID1173","Email workflow",90.3
"PID1173","Communication workflow",67
"PID1173","Document and comment",55.4
"PID1173","Analysis and research",90.2
"PID1173","General assistance",28.1
"PID1173","Specialised workflow",37.8
"PID1174","Write or debug code",12.7
"PID1174","Meeting workflow",105.5
"PID1174","Email workflow",159.1
"PID1174","Communication workflow",79.3
"PID1174","Document and comment",61.2
"PID1174","Analysis and research",53.9
"PID1174","General assistance",42.1
"PID1174","Specialised workflow",17.5
"PID1175","Write or debug code",120.1
"PID1175","Meeting workflow",393.1
"PID1175","Email workflow",577
"PID1175","Communication workflow",268.7
"PID1175","Document and comment",1087.2
"PID1175","Analysis and research",539.6
"PID1175","General assistance",215.6
"PID1175","Specialised workflow",211.3
"PID1176","Write or debug code",67.5
"PID1176","Meeting workflow",286.9
"PID1176","Email workflow",213.7
"PID1176","Communication workflow",122.4
"PID1176","Document and comment",265
"PID1176","Analysis and research",155.3
"PID1176","General assistance",72.8
"PID1176","Specialised workflow",38.3
"PID1177","Write or debug code",70
"PID1177","Meeting workflow",265.2
"PID1177","Email workflow",277.2
"PID1177","Communication workflow",142
"PID1177","Document and comment",334.1
"PID1177","Analysis and research",328.3
"PID1177","General assistance",106.1
"PID1177","Specialised workflow",88.7
"PID1178","Write or debug code",23.8
"PID1178","Meeting workflow",167.6
"PID1178","Email workflow",236.6
"PID1178","Communication workflow",119.2
"PID1178","Document and comment",101.9
"PID1178","Analysis and research",98.8
"PID1178","General assistance",73.6
"PID1178","Specialised workflow",33.8
"PID1179","Write or debug code",13.2
"PID1179","Meeting workflow",109
"PID1179","Email workflow",120.4
"PID1179","Communication workflow",101.4
"PID1179","Document and comment",49
"PID1179","Analysis and research",38.2
"PID1179","General assistance",30.1
"PID1179","Specialised workflow",11.3
"PID1180","Write or debug code",22.1
"PID1180","Meeting workflow",53.8
"PID1180","Email workflow",83.8
"PID1180","Communication workflow",45.3
"PID1180","Document and comment",116.9
"PID1180","Analysis and research",150.7
"PID1180","General assistance",31.2
"PID1180","Specialised workflow",29.1
"PID1181","Write or debug code",0.6
"PID1181","Meeting workflow",2.8
"PID1181","Email workflow",3.8
"PID1181","Communication workflow",3.4
"PID1181","Document and comment",1.7
"PID1181","Analysis and research",1.8
"PID1181","General assistance",1.4
"PID1181","Specialised workflow",0.5
"PID1182","Write or debug code",10.7
"PID1182","Meeting workflow",35
"PID1182","Email workflow",71.9
"PID1182","Communication workflow",105.8
"PID1182","Document and comment",38.7
"PID1182","Analysis and research",25.2
"PID1182","General assistance",55.5
"PID1182","Specialised workflow",26.7
"PID1183","Write or debug code",558.2
"PID1183","Meeting workflow",123.5
"PID1183","Email workflow",159.7
"PID1183","Communication workflow",119.2
"PID1183","Document and comment",98.5
"PID1183","Analysis and research",142.1
"PID1183","General assistance",79.1
"PID1183","Specialised workflow",81
"PID1184","Write or debug code",0
"PID1184","Meeting workflow",0
"PID1184","Email workflow",0
"PID1184","Communication workflow",0
"PID1184","Document and comment",0
"PID1184","Analysis and research",0
"PID1184","General assistance",0
"PID1184","Specialised workflow",0
"PID1185","Write or debug code",10.1
"PID1185","Meeting workflow",28.5
"PID1185","Email workflow",60.5
"PID1185","Communication workflow",72
"PID1185","Document and comment",29
"PID1185","Analysis and research",28
"PID1185","General assistance",42.2
"PID1185","Specialised workflow",15.4
"PID1186","Write or debug code",4.6
"PID1186","Meeting workflow",16.1
"PID1186","Email workflow",21.3
"PID1186","Communication workflow",8.4
"PID1186","Document and comment",30.5
"PID1186","Analysis and research",25.9
"PID1186","General assistance",7.8
"PID1186","Specialised workflow",7.8
"PID1187","Write or debug code",275.8
"PID1187","Meeting workflow",56
"PID1187","Email workflow",49.5
"PID1187","Communication workflow",48.3
"PID1187","Document and comment",34
"PID1187","Analysis and research",49.8
"PID1187","General assistance",33.7
"PID1187","Specialised workflow",45
"PID1188","Write or debug code",353.7
"PID1188","Meeting workflow",65.4
"PID1188","Email workflow",57.4
"PID1188","Communication workflow",43.4
"PID1188","Document and comment",56.1
"PID1188","Analysis and research",65
"PID1188","General assistance",39.7
"PID1188","Specialised workflow",31.2
"PID1189","Write or debug code",2647.9
"PID1189","Meeting workflow",365.3
"PID1189","Email workflow",630.4
"PID1189","Communication workflow",372.3
"PID1189","Document and comment",310.6
"PID1189","Analysis and research",380.3
"PID1189","General assistance",252.8
"PID1189","Specialised workflow",267.6
"PID1190","Write or debug code",20.8
"PID1190","Meeting workflow",36.2
"PID1190","Email workflow",111
"PID1190","Communication workflow",80.3
"PID1190","Document and comment",52.6
"PID1190","Analysis and research",38.7
"PID1190","General assistance",64.3
"PID1190","Specialised workflow",24.6
"PID1191","Write or debug code",8.3
"PID1191","Meeting workflow",24.5
"PID1191","Email workflow",20.1
"PID1191","Communication workflow",13.5
"PID1191","Document and comment",19.2
"PID1191","Analysis and research",15.6
"PID1191","General assistance",13.6
"PID1191","Specialised workflow",4.3
"PID1192","Write or debug code",25.6
"PID1192","Meeting workflow",57.8
"PID1192","Email workflow",109.8
"PID1192","Communication workflow",43.5
"PID1192","Document and comment",123.5
"PID1192","Analysis and research",123.9
"PID1192","General assistance",42.8
"PID1192","Specialised workflow",25.3
"PID1193","Write or debug code",37.9
"PID1193","Meeting workflow",321
"PID1193","Email workflow",232.3
"PID1193","Communication workflow",262.9
"PID1193","Document and comment",180.8
"PID1193","Analysis and research",113.9
"PID1193","General assistance",75.5
"PID1193","Specialised workflow",38.6
"PID1194","Write or debug code",34
"PID1194","Meeting workflow",245.9
"PID1194","Email workflow",312
"PID1194","Communication workflow",227
"PID1194","Document and comment",118.7
"PID1194","Analysis and research",95.7
"PID1194","General assistance",67.6
"PID1194","Specialised workflow",38.3
"PID1195","Write or debug code",61.1
"PID1195","Meeting workflow",8.3
"PID1195","Email workflow",10.9
"PID1195","Communication workflow",8.9
"PID1195","Document and comment",12.7
"PID1195","Analysis and research",13.5
"PID1195","General assistance",5.6
"PID1195","Specialised workflow",6.4
"PID1196","Write or debug code",0.1
"PID1196","Meeting workflow",0.6
"PID1196","Email workflow",0.6
"PID1196","Communication workflow",0.4
"PID1196","Document and comment",0.5
"PID1196","Analysis and research",0.3
"PID1196","General assistance",0.2
"PID1196","Specialised workflow",0.1
"PID1197","Write or debug code",98.3
"PID1197","Meeting workflow",607.3
"PID1197","Email workflow",650.4
"PID1197","Communication workflow",435.8
"PID1197","Document and comment",177.7
"PID1197","Analysis and research",354.3
"PID1197","General assistance",146
"PID1197","Specialised workflow",78.7
"PID1198","Write or debug code",0
"PID1198","Meeting workflow",0
"PID1198","Email workflow",0
"PID1198","Communication workflow",0
"PID1198","Document and comment",0
"PID1198","Analysis and research",0
"PID1198","General assistance",0
"PID1198","Specialised workflow",0
"PID1199","Write or debug code",26.1
"PID1199","Meeting workflow",154
"PID1199","Email workflow",245.2
"PID1199","Communication workflow",98
"PID1199","Document and comment",83.8
"PID1199","Analysis and research",70.5
"PID1199","General assistance",29.3
"PID1199","Specialised workflow",17.4
"PID1200","Write or debug code",69
"PID1200","Meeting workflow",173.7
"PID1200","Email workflow",299.1
"PID1200","Communication workflow",323.4
"PID1200","Document and comment",587.8
"PID1200","Analysis and research",319.4
"PID1200","General assistance",160.2
"PID1200","Specialised workflow",62.1
