Treatment_Level,Effect_Featurized,Effect_Baseline,CI_Lower_Feat,CI_Upper_Feat,CI_Lower_Base,CI_Upper_Base
0,0.0,0.0,0.0,0.0,,
1,3.8855968709329107,0.21733426399043304,-0.8128168627582734,5.070705197616446,,
2,7.7711937418658215,0.4346685279808661,-1.6256337255165467,10.141410395232892,,
3,11.656790612798732,0.6520027919712992,-2.43845058827482,15.21211559284934,,
4,15.542387483731643,0.8693370559617322,-3.2512674510330934,20.282820790465784,,
5,19.427984354664552,1.0866713199521651,-4.064084313791367,25.353525988082232,,
6,23.313581225597463,1.3040055839425984,-4.87690117654964,30.42423118569868,,
7,27.199178096530375,1.5213398479330313,-5.689718039307913,35.49493638331513,,
