PersonId,MetricDate,Total GitHub AI Credits used,PeopleHistoricalId
0388e0d9-8d10-3b74-a111-fdac480a0825,2026-04-06,18.680046,6ebc7d27-88d5-35f2-857d-fc6f145b17b60057015050
04f49ac6-5f35-3df9-b623-c026f24561e1,2026-04-06,79.153345,4ccf4637-f73f-3ea2-bd9d-89cd0876527e2011240689
0594d9cc-176f-3811-b8ff-1badba391ea1,2026-04-06,10.691082,7bf9e218-5646-3380-8098-8b14d617d4eb9836650145
0769202c-7965-32a1-8d36-1cd52b64377d,2026-04-06,5.926139,03bfca79-bd1d-3217-a8ee-b032e1a5d4279777514889
0bd9c8a1-cf25-3dfe-9380-6143b1183f53,2026-04-06,69.198768,7ff7d9b9-eb8b-35f9-9265-8dd933d6e5f40824718437
0d06916c-fc74-37b3-8630-7f2eb8b27347,2026-04-06,44.558438,56ab425a-78d4-3e53-8a5d-bee6cc2ff1583272396058
0d27bc97-59cd-32d0-9146-960993fea8f2,2026-04-06,11.616812,2f024d4b-7d63-3f13-9c02-6541cfb6efcb8610694866
0d66e094-d57b-3221-bdb4-ff9f2a6fa6b6,2026-04-06,58.112876,a1f98fd1-522c-331e-93df-e0e3c705c1c60127744720
0f7a9277-d005-30c0-8821-910389205cba,2026-04-06,12.940389,1498339f-636a-3ba6-8eaf-f82826cfc66b1703033271
103be95c-0738-36fc-9aca-d07b1504909a,2026-04-06,70.784619,288d8971-0036-3b38-be44-cdab7d647fa95424134206
1094d4eb-2c4b-3c82-bb41-36696a775289,2026-04-06,51.903533,8348db4d-a8ba-3dc8-b03d-3f8345e1ce081137124557
1176a69b-fd42-3989-9822-360026e942a4,2026-04-06,95.553115,4b6c12aa-31db-353f-9880-bcdca16d2c971125384531
15d19e1d-74b8-3948-867f-63a4a1188539,2026-04-06,38.246818,3a0da385-e669-30df-8f17-ee93aea6a3a63054977077
18a6d5f8-3203-3934-be7c-fef235f8d5ee,2026-04-06,11.430712,d0fc809f-656e-31a8-9e5e-192c6b636f8d5430933548
19008d6d-be6f-38f0-8a72-4525e9b98022,2026-04-06,37.599456,4201befe-1bec-3dec-bd92-ac10a986017a9798478753
19fa59d6-c1b5-3e11-ba74-ad111de5584f,2026-04-06,299.367612,fc4e8c60-faee-3c94-be88-2bedfd49a32f0411781020
1bdab13f-7bc5-3e3d-81c9-f9179619fd90,2026-04-06,6.771746,5351c2cb-b7f7-3a9c-acd5-db63cfafda343248281033
1c3f0a45-334a-3810-b02a-7ba9181fca95,2026-04-06,4.709237,f25a1909-b1f5-354d-9179-29694f6ccd7b0794803399
2111daa9-5dbb-36aa-b675-efab46559d5d,2026-04-06,6.125943,93fc0a2e-adf6-3b5c-a38a-8aaf0af2466c8463812397
21e18788-026e-37c1-9a0a-259c58a0fc50,2026-04-06,39.431914,6825bc20-32f9-371b-b653-a8454dd0cf4e9794303102
28cba5c0-c834-3c34-900a-9d6772fd9c30,2026-04-06,26.014529,1233b0a6-550e-3390-88ce-2a21eefafe917625072302
2b3c346c-5f49-3232-be35-3443261527b0,2026-04-06,8.441721,e6538295-3b6e-3154-9420-ec45501d20ae5856219597
2bf4e90b-5fb4-3eb6-92bd-c21ab46e7639,2026-04-06,8.287633,4835e147-ad32-3a9a-b1c1-4116ab8c15bf1573038869
2fdf5375-31c8-3c6a-9cf3-12465dbec4a5,2026-04-06,22.656061,fd3e2044-7bf6-3813-acab-9043d4cbda0b6568880041
363a066c-58b6-3bcf-a7b0-e9729a735ba7,2026-04-06,34.574334,29527eb9-d544-35c2-b9f1-bb262cf6b4159824252521
3980a3b0-7169-37c1-ba12-f7547a8e9e3b,2026-04-06,3.694132,12d66d5c-7532-38c8-893b-c6806919a6290164081510
3a95c147-b6b0-329f-88ad-464e73046bbe,2026-04-06,6.758632,a645382c-6cb6-3873-a916-6298b8109de48651485340
3ab4ce54-3bfa-3a09-8624-c69a02d77632,2026-04-06,0.707745,776a90be-9929-3c47-9f5d-5f73f58824c60497278972
3c828a67-8a44-3a18-a2db-213948c73e01,2026-04-06,40.019135,4b9e8129-de42-3612-a62a-b99391f3a1c36185507295
3e7f3808-bc28-36c7-8251-a028f5ff5644,2026-04-06,21.220083,18ddeade-5928-3676-ae42-029acd2d6bcb2570795136
3f3adad3-22df-3188-a572-bab43c8f0258,2026-04-06,55.213774,b2628cd8-ae87-339b-8a4a-eb87332124ab1738661597
423348ca-0838-3372-a616-b4cda0468666,2026-04-06,8.431492,c36a6f4f-bea8-35b0-b824-2c970e256ac26805083472
434188a4-f9da-364f-a6dc-53072f0ec1b3,2026-04-06,32.847023,e25f63b1-614b-3240-9c58-803a43e9bb435024428155
48a891ca-8770-3a95-9414-af5bad034e5a,2026-04-06,6.942203,6a2b2b4f-b163-3211-9417-7ab21b779b6e4168236426
4a7af055-4d5f-39bf-b0a0-3e957abd6b60,2026-04-06,5.78413,2d350fdb-0d58-3f71-94bc-a8c8ac08ee913457245518
4b3616f0-ccf1-31e3-810e-f668c2042b23,2026-04-06,33.520617,b68e0cee-582f-3f61-89e5-ca032d2062073327596356
4c9d57d4-cc8e-3ffa-a7a2-954c71ef5235,2026-04-06,67.382418,10cf198f-ca0e-3ab3-a33e-629868eaf1657063863282
5060be3d-9bbb-3f4e-955c-625e4390c6b7,2026-04-06,12.905079,2aff5a14-b04c-3fb3-98e6-5f847371e3ff9195279440
5113b093-acec-3c38-870f-b61a2dd6b880,2026-04-06,55.270688,6de2df31-0e47-37b7-af92-4257cf86aa933125819112
52412506-0a36-3bbc-b4ff-9579aa41f9b1,2026-04-06,5.503121,258df3e5-7e26-3a3f-9326-aace208da4a32337603841
5498a54c-7cf2-3cbb-85d5-1078aa3be4a7,2026-04-06,8.576257,7f2eff44-b501-3d88-8b7a-bc0819c1cbd05256736696
54de7dbc-3f9b-3702-b677-fee85da6201d,2026-04-06,5.165547,d44e39e8-4f08-3623-986b-2646518072bf1207235870
55ad8c29-20dc-320f-8c21-ac3dfd7685ea,2026-04-06,41.65942,59813d11-bc16-3001-915e-9a9eff70c57f6619407622
591e07f6-72df-366d-a512-d5ee900f7c15,2026-04-06,27.371971,abb3cf38-3fad-3baa-af44-c9b4d24608456857996865
5a91fc01-e54a-36cc-b759-44260109d8b8,2026-04-06,7.266917,1356d797-66bc-3a72-b11f-7b3084dc9d272348624974
5b4c7154-ad7e-3526-aa3c-45e89d71e721,2026-04-06,124.590553,a5074e62-50d5-364b-aeef-675c60c2ee493068298762
5cb2e039-2dc8-3bad-9d23-4bfddc143afe,2026-04-06,88.681066,8a29b19a-f05e-35e9-8df7-d99b28bf8a8d3280431943
5d21d7da-3e33-3ab4-99ef-3ca2c2ff2c69,2026-04-06,16.11869,b03fc426-da51-3e1c-aa77-6b918bff0e513877121931
5d6ffe35-085b-3fc0-abf7-9f02a5c4fb33,2026-04-06,18.613706,03ffa46d-2a01-3d1e-b2b7-afc51d9158352243231721
5de859d5-b06b-3878-b7f0-64c4e91191df,2026-04-06,3.877186,865e99a1-718b-338b-80ab-7bdcf6c522a91536159266
6001b0b7-96fc-3fe1-aef1-329c8e2f62ce,2026-04-06,9.662087,6e29cd08-5d8b-32dd-baf0-fc5123d964c69692072979
617065f0-5c37-32d6-a3d6-dc223ac898b3,2026-04-06,10.623679,ae562d52-09ae-3863-b5f0-5ae580696f0f2844325743
64b0ba20-1b28-3b6c-9ffc-402714ee0245,2026-04-06,13.727656,358bf36d-7dae-3d60-9132-32bf3090f2f25850796649
6c21f96e-4015-302f-a95a-0918b22b3ad8,2026-04-06,7.643045,2083bc7f-bc65-3533-b831-de38c4ce41a85705530326
6e8a1cb9-329d-3c5e-8d21-4c46a734d1e9,2026-04-06,42.619944,b038cfcb-9c1e-3cde-8676-1be4c1366b8b3024374020
745d78f2-7f7a-3cdd-af4f-c4c3f0a18dbb,2026-04-06,31.95818,f1df5283-191c-30dd-b238-da858232e5d08985022611
75be5782-378c-39b7-8d80-e4225331c478,2026-04-06,7.538949,e1d9f528-91ca-3b5f-b9e2-c2bc6c32dd155877684651
760b65eb-45d9-332e-bbdd-15ad2c3223bc,2026-04-06,27.489164,4050495a-d74a-3f1b-b29d-db93ba2a71c15767916558
7a81ce3b-6d3e-3961-8d22-eadf3f5ec0bc,2026-04-06,17.234673,d3e55948-76d9-3a03-928c-dedc44e782891389752743
82a48b8e-4fa5-3f42-857c-71fbe24937aa,2026-04-06,26.480003,78999b98-2dd1-3379-978c-e2474a4a43306995668347
82b47e6e-09d7-36e6-80ab-4506629ff46b,2026-04-06,47.59165,1695d743-ff11-3262-b7c5-f109ac7b016b5800029843
85cb1e88-d121-35a6-a362-3cdc80917d44,2026-04-06,567.895696,1671f2df-523c-3e25-a845-e2ad655275ec3253687227
86a53618-ee86-3705-9b6b-f5372a406e5d,2026-04-06,16.489182,31eb179f-ca40-3562-abbc-7ab5302343cf3567482943
87ab0257-a9f6-3705-89f8-f63b9b8f2b0c,2026-04-06,11.616467,dd1dde98-5502-3952-90fe-dc66f816ed747906535428
8c2e2c06-5c7a-359a-8e69-0efdfb7e79bb,2026-04-06,23.369683,02b8249b-d351-36b0-8f66-387e9b5ecd765409838852
8c5b1f37-b3ea-3b4a-a4dd-fad03cfd11b6,2026-04-06,27.174702,5aa0a87f-17b4-3bc7-a55a-7d422bb28fcc9200948756
8ca30a12-e5f4-3017-8037-1616e9ddbb5b,2026-04-06,3.841424,d980087a-73cd-3a85-914f-0dbeb6da2ff07929331557
8cb2a7d2-f605-3df9-981a-2c02b1d1a4e0,2026-04-06,8.624687,c8409fd1-44f6-341e-aa4a-fcdd48e1dec91197407417
929f777a-b8ac-3e16-8d77-e8ac77fd282c,2026-04-06,5.80055,1ffd69db-4324-35d3-bc6b-b90daffa00c05540448447
92de990d-30ce-38da-ad78-86a4a56c065b,2026-04-06,12.958743,5a8242fb-5aa7-3d5b-ac68-21ea53c5f9e87894148187
9317e817-504a-35a4-b7c3-68e90b432c45,2026-04-06,36.670814,bd68d9fe-0c5e-3648-8a84-d7649dbc11df2315333603
956008d9-c7c8-3450-a799-ccd802fc2078,2026-04-06,49.857286,ac8597c6-2e0c-3fce-bd96-0eeae07b92825791469057
960a5c04-f3ef-340c-af8a-48e88045ac24,2026-04-06,35.163151,485a6ee1-26d8-3d41-bd32-a72421af1a296123003165
9661bcb6-dd62-3576-b8b0-049874fff3a1,2026-04-06,1.954595,a765656c-b5ea-38d3-b817-93751b0015257870386126
96739dc1-9e37-3b11-8e79-e0a5a57062a1,2026-04-06,61.240583,7b60b05a-7946-3efd-a3a0-0ada59de74070619321536
96be8df1-0628-3c17-acd8-50a096438ea0,2026-04-06,21.632458,7b8d6a5a-3256-3096-8208-171b7eaab4737311108557
9f556308-7e5a-375c-8130-c6284c3c5d5c,2026-04-06,8.774662,24110268-df67-321e-9581-bd29f27ea3618160468027
a12779cf-ff75-376e-9cb4-73e937a3c164,2026-04-06,32.714302,ba19c2fb-8246-3ab8-b894-67973ae2268a8549866658
a2de86e5-02cf-3c93-9b40-f9629530b7d1,2026-04-06,498.697366,bcd56054-ac31-3e6f-a2d9-f156a299929c4047783680
a3f48154-490b-350b-9f4e-74835b5aaaae,2026-04-06,21.457103,95ed8b8c-c59c-372a-b31e-6543997b82d74860620288
a5068583-4849-35ce-900f-e2ce7f309840,2026-04-06,19.653751,ccacfe15-f7bf-3c92-9308-98112a74aa440314647208
a513bb7e-87ac-35cd-b4a2-6d23427bd2fa,2026-04-06,15.517585,481dceb1-1678-3a7e-b288-d7e2bf0c062a7786339993
a67cec0f-eda0-3d47-af0e-2bd3262a8cf9,2026-04-06,30.936418,edd1002d-960d-3956-8ea2-8ffafe4e3f780323661523
a8e332b8-087a-38b0-8c1b-64db4efadc7a,2026-04-06,18.491189,47b681e7-c3d8-31f6-ab69-43f82db88fa66316703417
ab0c7a3d-b6a3-3c71-a9f6-6f5167fbf2d9,2026-04-06,22.290193,6e8c3bb5-37b6-3aa6-a40a-2cf1d71e64fa4807837875
acadf00f-5359-3905-a13e-213d751bffb2,2026-04-06,9.438178,2852258a-e2bf-3b5a-ad87-7915c236685c5632583391
af15418c-707a-3e54-a465-034a3b570a96,2026-04-06,7.581082,89b93f60-7af8-31b9-aacf-45885de7f2069142372275
af753398-35e3-3c49-a7bb-31e2830197f3,2026-04-06,29.849648,b00ef48c-948b-3854-a6bb-ed2ca37487540169593901
b095775a-2d08-336f-bccf-d2f71dc4ba3c,2026-04-06,3.143694,fb87865a-444a-3efc-ab25-247ac494cd574338526402
b1d22b60-1492-37de-a246-db25e91bfb1f,2026-04-06,15.830484,ba855984-6afa-3f25-82a9-033558199c9b4291338588
b32150f1-1acd-3990-ad31-f63fed66b1cf,2026-04-06,41.103595,27222e5f-5d35-3311-be74-7f592e6bb2553842641276
b5344373-538f-3f37-8982-c97e3158144a,2026-04-06,8.87972,2a20868d-41a0-350b-abd7-08a3f9d834063257215959
b571b5d8-c91f-3776-86bd-22c88c5580c2,2026-04-06,38.605734,afafa873-61a8-38e0-8977-cd70cd270f449777286253
b7f8d590-1a7d-3745-82cc-9e0c966c6306,2026-04-06,30.712586,65f0ec49-73ce-37cb-a381-28e7217750090455003993
b9f874e5-bbd8-332a-9f2e-a024bb815cf9,2026-04-06,112.457851,0183e024-3556-38ab-8f83-a2397dc1c7ff0961989030
bce50849-a0e7-3f2b-b22a-24ed60440705,2026-04-06,19.903475,ecbe8abc-16bb-3af7-8cf1-b6d262d3f9915691766209
bde82a06-b2ee-3309-b4b0-d268a38e4c2c,2026-04-06,84.144863,37f054fc-a7a4-3b27-aefa-23a338a7e9b08878786853
beac6842-6d1c-39f8-bd3d-f2cbddfe2e23,2026-04-06,16.217086,71933d57-e488-3aa3-b364-7c195cfded299062716503
beb1d1c6-4fa9-36a8-a06f-1dc58ab74161,2026-04-06,5.366076,69be3936-f12c-34ad-b6bc-7a9f397f7d580253357983
bf5e2c07-ebd1-3aab-ae92-933140999b06,2026-04-06,49.836947,e12f9949-3428-338b-a05b-b980386cf9872350056648
c039e4c8-9c3b-3ae3-a2e7-b54c85d2cac7,2026-04-06,45.729987,ef0e0898-3920-39d5-9050-8c57b5cbcd1c9155184466
c0f8ab9f-4b7b-3f4f-b576-f80ad3cb5399,2026-04-06,9.195946,ae6fce59-c426-3691-b4cc-2e7f01a5433a0719674315
c3811eff-eb0f-3e83-943e-18b5d09919e4,2026-04-06,16.815192,b38c4c71-2ecc-3478-967b-30176508f2a82808970508
c41f2431-16c5-3799-9be8-561415389d5f,2026-04-06,31.885224,35f5e81a-e25c-3ff4-892f-d89a5cfb53448046832917
c4b4c934-c94d-3170-bd1b-d7737b2ab490,2026-04-06,5.901941,ddfedfb4-a197-3bc5-b5b9-3413d396c9d18520739647
c7599875-d64e-3ef2-8a6a-a218c4c24bfa,2026-04-06,17.848598,4acd48f6-3379-3b71-a45f-8ba6aad527457333951563
caacaf00-76dc-3d35-955a-b0b7289c1497,2026-04-06,4.796394,5428bbad-02ec-3bbd-b559-a02cb4c2701a9853561586
cce1c127-2ff8-3ea0-a9b8-2df2cd888b5b,2026-04-06,38.057881,40fb0c0c-0006-3ab6-84ec-5dc4198294863739942525
cdcbe271-7336-35c3-a44f-1a90281b0857,2026-04-06,22.023444,cc4a0181-1f8b-3069-891f-8f8303116f410950083050
ce7a22b8-f3c0-3690-acac-8b5a7bf4c798,2026-04-06,22.774646,75a3be66-cc33-35b3-aa17-355486d71eeb4926576029
cecfcbcc-77a8-37e8-9f55-f57834a00b36,2026-04-06,27.940192,383152ad-bbd4-3d70-acd0-208cf7dee4e52442247114
d098b8be-5fd2-3aaf-b08a-03443b43e413,2026-04-06,15.943154,ebfca532-8531-3093-b085-d9b06d8a505a5090987086
d3c48311-d8dc-3e24-95dd-6d2bca767bff,2026-04-06,18.2485,84018d69-0a55-3d24-a877-97aaa31a46cf2815442486
d6f76560-f2a1-3ae9-ab43-eaa1f2033306,2026-04-06,31.292927,df76341f-d9c1-31f1-a511-61e0bba9ac1a9330646801
d72106c4-021a-3b57-bf48-7b6f2c14df23,2026-04-06,4.108777,e7b18bc4-313f-33d3-ad46-7b5d777f74ca3565120826
d76f0b24-1370-3b6f-81fa-de61d93e7ebe,2026-04-06,1.160186,8bb85ae4-103e-305d-9e3e-d9c85ce4b4f27606140443
d834b72d-c2cc-391e-8a0c-c3f147eeb522,2026-04-06,28.594415,62331e5f-4437-3168-b6e9-aa00c1ae49235115900219
d85f6c3e-620f-3cc3-9005-9e1beefefdc6,2026-04-06,10.660015,7a3476cf-c702-35d8-ab2c-c3c41701130b3532848987
d86225ec-57c8-3039-9b73-5067e9668517,2026-04-06,4.639112,9befbbd8-c5ed-3abc-9d19-377736924de73675696583
d940c628-4e61-3954-9aee-1aa0a0b6e21f,2026-04-06,9.875944,cbf31122-ee58-37d2-a16f-5d8ff6fcc1cb8640751006
de0bc8c0-4447-382c-b7c7-ce385510a49b,2026-04-06,50.659144,8d66b14e-bf47-35e5-b800-b55ca34760cf6094204743
dee4128a-2091-303c-8411-15401a64ec03,2026-04-06,85.515078,7d2de236-8dd1-333c-b3b2-c7d8bd4250cd6306917490
e059f4f2-66b1-346c-8a33-8c16446a8657,2026-04-06,18.83977,2a7ac4ba-1536-3186-93b2-a2c27853a79e9011911429
e0ab7ac6-23e5-3ce5-aef4-d9e2e575bb7a,2026-04-06,7.094801,36f25be1-e4a7-34ea-a4d5-d394fb2065cc2046082019
e1ec776a-9a69-3e5d-a0c5-33a9250b1f19,2026-04-06,17.650878,8dbe6882-1128-323e-98cf-6c6c8fd5be7d0079256300
e76bb8c7-e2ca-3a2e-96b4-7d3717dfbe06,2026-04-06,12.489154,e755d9a3-e083-3c09-8b82-e48bcb43e7f81851692813
e83f5cbe-8539-3cbd-b749-7896bd48c47e,2026-04-06,82.705078,f37ca06e-914d-302f-a8eb-903b7734c0c39455202918
ea133f80-908c-3a40-af86-f0745e517fd2,2026-04-06,32.02036,7111b6e6-9d33-3f84-ae08-89cafad819261967282058
ebbf605d-a94c-3f16-9ae0-5449c87f4002,2026-04-06,75.609562,c01d7453-03eb-38be-bc95-24391aa315144796657446
eeaba3bd-0e65-3eff-80b8-bb415d1cdc89,2026-04-06,33.803449,6d3df8ea-2edd-3fc0-8f44-b14a5c9f858f7358431617
f0699448-f713-378f-9e30-ac35b4b0ddbb,2026-04-06,26.977194,0fcce33d-eb23-3f5d-946b-53b6afe198987280446281
f1809858-d9d7-3db3-8cc3-5793c598044c,2026-04-06,37.843937,7697f751-8371-30c0-81c8-fcc775cadf993437132586
f37b1d54-4726-3503-b093-7096160494d8,2026-04-06,8.584243,0701ba50-1c05-393a-97d1-5f4023a8749c6116792851
f55d8d9d-5df9-32e8-a43c-40e2d30fe83e,2026-04-06,35.180383,25ce49b4-0e30-37f6-83c9-8fdba57ec8554749707383
f5a2ffe8-63a0-3fe0-82d0-e2780d9d29dc,2026-04-06,11.535689,33dd9c10-10b1-32fe-be4f-7be1047c9ed36643760194
f5c21c69-5b03-320a-ae2e-2554aefff943,2026-04-06,44.458593,1733732a-abce-3040-96d5-89e43d8b44882339867108
fa146ea6-61c1-3eaf-b3b7-d79bd6e503ca,2026-04-06,2.788748,31c3893f-aa84-359f-a9a7-c4d51a001df11272461817
fccc0510-f20a-3f28-bf3c-66cfe9fa99d1,2026-04-06,12.765547,218810c6-5f55-31ef-942d-6b8f7944e4a79796581507
030041c0-f398-3572-9c7e-3edf3d9d2ea3,2026-04-07,14.842121,123b8640-546f-3146-aac1-b5e3a45883358031893487
04f49ac6-5f35-3df9-b623-c026f24561e1,2026-04-07,47.586911,4ccf4637-f73f-3ea2-bd9d-89cd0876527e2011240689
0594d9cc-176f-3811-b8ff-1badba391ea1,2026-04-07,23.843418,7bf9e218-5646-3380-8098-8b14d617d4eb9836650145
0834a8d5-db47-3f2b-8f52-89726cb486de,2026-04-07,3.533045,adb191b8-a33a-343b-b97c-1c5b503b06aa2102226204
0bd9c8a1-cf25-3dfe-9380-6143b1183f53,2026-04-07,56.484762,7ff7d9b9-eb8b-35f9-9265-8dd933d6e5f40824718437
0d66e094-d57b-3221-bdb4-ff9f2a6fa6b6,2026-04-07,46.486932,a1f98fd1-522c-331e-93df-e0e3c705c1c60127744720
0f7a9277-d005-30c0-8821-910389205cba,2026-04-07,11.104164,1498339f-636a-3ba6-8eaf-f82826cfc66b1703033271
103be95c-0738-36fc-9aca-d07b1504909a,2026-04-07,73.225747,288d8971-0036-3b38-be44-cdab7d647fa95424134206
1094d4eb-2c4b-3c82-bb41-36696a775289,2026-04-07,41.530744,8348db4d-a8ba-3dc8-b03d-3f8345e1ce081137124557
1176a69b-fd42-3989-9822-360026e942a4,2026-04-07,70.244572,4b6c12aa-31db-353f-9880-bcdca16d2c971125384531
15f19ccf-5f54-370e-914a-19ef0d6e7bfe,2026-04-07,181.280591,d0dca904-0a39-3f70-8f24-23b3f8543cae9283252446
17e9c47e-62ba-33a6-96e1-95ad3c636d22,2026-04-07,42.234691,77974123-fa35-3834-90f5-d19a2e752e979650064655
1c3f0a45-334a-3810-b02a-7ba9181fca95,2026-04-07,24.599873,f25a1909-b1f5-354d-9179-29694f6ccd7b0794803399
1eae9205-92f7-36a7-94c5-cb082b3e7211,2026-04-07,20.33179,dd4f2862-ad2c-38c4-98b8-9dfedc77a2173206733718
2111daa9-5dbb-36aa-b675-efab46559d5d,2026-04-07,2.709137,93fc0a2e-adf6-3b5c-a38a-8aaf0af2466c8463812397
21e18788-026e-37c1-9a0a-259c58a0fc50,2026-04-07,43.361458,6825bc20-32f9-371b-b653-a8454dd0cf4e9794303102
226055f6-f55e-381a-9363-c4f462e58856,2026-04-07,21.534534,758f87b4-c782-37fb-911f-42b481be57aa2005558548
2269fc50-2d42-3349-9d12-3bc08569d8ae,2026-04-07,16.403446,5bedbf8e-359c-38f3-981e-a44c610ee0489536718275
2331b8d4-3563-3b2b-8bf1-ee54a482c609,2026-04-07,2.005806,0c4befad-a90a-3f28-8b16-9dd39cf80ecc8123775477
28cba5c0-c834-3c34-900a-9d6772fd9c30,2026-04-07,3.521715,1233b0a6-550e-3390-88ce-2a21eefafe917625072302
2bf4e90b-5fb4-3eb6-92bd-c21ab46e7639,2026-04-07,6.110276,4835e147-ad32-3a9a-b1c1-4116ab8c15bf1573038869
2fe9cfc5-7b82-3db6-a301-cee9e440ba85,2026-04-07,44.991304,45e41d94-342b-3297-9fa8-278d1ca209178357185713
3615a797-2def-32a3-a0ae-3a6e8eccf080,2026-04-07,21.538633,edfa21ff-76b9-3113-8d97-a175f873fb244866321730
363a066c-58b6-3bcf-a7b0-e9729a735ba7,2026-04-07,34.828959,29527eb9-d544-35c2-b9f1-bb262cf6b4159824252521
36f0982a-ff58-3c66-9847-439d640e7d96,2026-04-07,37.598925,50b96d70-0ca5-3d4f-bdec-3c9a5b48f6100810857519
3980a3b0-7169-37c1-ba12-f7547a8e9e3b,2026-04-07,3.596164,12d66d5c-7532-38c8-893b-c6806919a6290164081510
3c828a67-8a44-3a18-a2db-213948c73e01,2026-04-07,30.953211,4b9e8129-de42-3612-a62a-b99391f3a1c36185507295
3e7f3808-bc28-36c7-8251-a028f5ff5644,2026-04-07,22.40564,18ddeade-5928-3676-ae42-029acd2d6bcb2570795136
3f3adad3-22df-3188-a572-bab43c8f0258,2026-04-07,65.46571,b2628cd8-ae87-339b-8a4a-eb87332124ab1738661597
3fe600f0-c808-3676-90fe-909ea8b83ca6,2026-04-07,12.860429,89445095-871b-3498-be52-e63f6b0e774b5355986831
41219c74-897b-3ca9-87e5-43da9041ddd3,2026-04-07,37.966368,fbfd204b-197f-3c6c-95b1-4733172f5fca0533189354
423348ca-0838-3372-a616-b4cda0468666,2026-04-07,13.939648,c36a6f4f-bea8-35b0-b824-2c970e256ac26805083472
4333cd5c-141e-38a1-af2a-a7df714feddb,2026-04-07,9.572733,3c3bc593-75a7-3bce-b04f-0d15bea76c784217531826
434188a4-f9da-364f-a6dc-53072f0ec1b3,2026-04-07,22.872872,e25f63b1-614b-3240-9c58-803a43e9bb435024428155
48a891ca-8770-3a95-9414-af5bad034e5a,2026-04-07,6.609362,6a2b2b4f-b163-3211-9417-7ab21b779b6e4168236426
48d69815-2eb5-3bb9-a39b-cbe1ceb52e99,2026-04-07,8.575832,6cfee349-1ef0-3fb2-815c-a8a1f54dfaf82072162601
4a7af055-4d5f-39bf-b0a0-3e957abd6b60,2026-04-07,36.508471,2d350fdb-0d58-3f71-94bc-a8c8ac08ee913457245518
4b3616f0-ccf1-31e3-810e-f668c2042b23,2026-04-07,15.084638,b68e0cee-582f-3f61-89e5-ca032d2062073327596356
4c8688bb-e063-39d5-af44-f884b8b1b22f,2026-04-07,55.413948,74ba4416-00a1-3f9b-8c10-30d3118fa7ce7583046913
4c9d57d4-cc8e-3ffa-a7a2-954c71ef5235,2026-04-07,40.164612,10cf198f-ca0e-3ab3-a33e-629868eaf1657063863282
4f630062-21f6-3266-9acd-c0827dbf5c05,2026-04-07,23.987327,8f29efaf-4f24-3d15-82d5-2fc874ce981c6011993181
5060be3d-9bbb-3f4e-955c-625e4390c6b7,2026-04-07,16.711326,2aff5a14-b04c-3fb3-98e6-5f847371e3ff9195279440
50be9c42-1c4b-3493-a07c-ffe59fd8491c,2026-04-07,22.308028,edb658c0-31b6-337f-a557-ae881cfe96142560471597
5113b093-acec-3c38-870f-b61a2dd6b880,2026-04-07,117.95888,6de2df31-0e47-37b7-af92-4257cf86aa933125819112
54de7dbc-3f9b-3702-b677-fee85da6201d,2026-04-07,9.271942,d44e39e8-4f08-3623-986b-2646518072bf1207235870
55ad8c29-20dc-320f-8c21-ac3dfd7685ea,2026-04-07,41.998464,59813d11-bc16-3001-915e-9a9eff70c57f6619407622
5656dbc0-5497-3227-a829-fd8eb574450e,2026-04-07,22.023481,a203c081-9992-358a-b291-2006588558ba6822670837
56ab4ff8-d4a1-314d-82eb-cc5055b8d77c,2026-04-07,9.75537,95b986e2-fb52-3222-9a4d-94390d8daa468577144310
57437979-1053-38bc-8abf-3f9eba7ffc49,2026-04-07,26.265557,66cc36c9-6f31-3eff-8201-8a0a7f0bd59a0688159859
591e07f6-72df-366d-a512-d5ee900f7c15,2026-04-07,35.489372,abb3cf38-3fad-3baa-af44-c9b4d24608456857996865
5a91fc01-e54a-36cc-b759-44260109d8b8,2026-04-07,3.458649,1356d797-66bc-3a72-b11f-7b3084dc9d272348624974
5cb2e039-2dc8-3bad-9d23-4bfddc143afe,2026-04-07,79.025662,8a29b19a-f05e-35e9-8df7-d99b28bf8a8d3280431943
5d21d7da-3e33-3ab4-99ef-3ca2c2ff2c69,2026-04-07,9.929088,b03fc426-da51-3e1c-aa77-6b918bff0e513877121931
5de859d5-b06b-3878-b7f0-64c4e91191df,2026-04-07,8.879757,865e99a1-718b-338b-80ab-7bdcf6c522a91536159266
5fa5d9c4-22b7-39f7-a3b2-d521ea60b47b,2026-04-07,15.963899,ab4ba1b3-b598-3bfb-8df0-768a0df60d506177714931
617065f0-5c37-32d6-a3d6-dc223ac898b3,2026-04-07,19.478235,ae562d52-09ae-3863-b5f0-5ae580696f0f2844325743
68b45261-85be-3d03-a069-5aa6ffe8e8ca,2026-04-07,59.646475,b6a7cc29-e0c8-36bf-9e06-ffc155431b242084275934
6a5b5baa-1f05-3d64-a1f4-6971499443c4,2026-04-07,30.488334,b0d9179b-e6c5-3e83-8c9b-5e28ab8ba0868396215767
6a620372-f31e-349c-b6c6-0e040a3edb64,2026-04-07,42.09938,5585108c-6e05-3453-8c97-d5a03ce4ee0a5269991336
72e3323e-cebd-3aa6-a736-9022afb37e21,2026-04-07,47.99894,dd1d2448-04ec-3dd9-9b0e-69f5e79a93407723570593
745d78f2-7f7a-3cdd-af4f-c4c3f0a18dbb,2026-04-07,50.466102,f1df5283-191c-30dd-b238-da858232e5d08985022611
760b65eb-45d9-332e-bbdd-15ad2c3223bc,2026-04-07,38.142527,4050495a-d74a-3f1b-b29d-db93ba2a71c15767916558
7825a025-23b9-3955-84e6-3a54c38e86e4,2026-04-07,23.199173,944aa6d5-032b-30c6-b177-dba1d9d44f1a2385396646
7fb6ff11-be82-30ff-ad1d-e44ada4f46db,2026-04-07,6.075361,44965c11-796e-3e8c-b92a-222141e2d34e4076630863
7feb497b-3ee8-39fa-9cfd-72a898f4cf47,2026-04-07,21.370208,90e6638a-edc1-308e-9f27-d8a3719440025129345869
812c22d3-3843-3385-aa3b-aa8ae91b882a,2026-04-07,20.320941,e7cb4203-d63e-3d55-86b1-e2f3868974688509958032
82a48b8e-4fa5-3f42-857c-71fbe24937aa,2026-04-07,10.753629,78999b98-2dd1-3379-978c-e2474a4a43306995668347
834aa49a-5a2a-30db-8385-ad60aed26cd7,2026-04-07,117.502778,4b2f77f6-8ea8-3f4d-8688-fe485e1dd22d6927009123
84851a10-43f1-3fc8-a358-06f529f15c33,2026-04-07,62.929565,209d6b5c-3879-3f87-9eb1-228cd3cf4edd0737879839
84f354b1-00ae-34ba-b443-ccd2efee613c,2026-04-07,6.434291,8a14f25e-1645-3406-a19d-b9806ef569954307313451
8c272368-ac0c-3bc7-9568-cfbb26f8e749,2026-04-07,7.310832,9ef76979-dca8-3c79-9b0c-a7e5b98cc4183178708115
8c2e2c06-5c7a-359a-8e69-0efdfb7e79bb,2026-04-07,44.758652,02b8249b-d351-36b0-8f66-387e9b5ecd765409838852
8cb2a7d2-f605-3df9-981a-2c02b1d1a4e0,2026-04-07,10.604888,c8409fd1-44f6-341e-aa4a-fcdd48e1dec91197407417
8e914a83-9f14-3c6e-8220-79cebd75eda8,2026-04-07,16.540976,561fc8fa-c73c-3cf0-a4da-ce7cc8fda80f4105333844
929f777a-b8ac-3e16-8d77-e8ac77fd282c,2026-04-07,3.761841,1ffd69db-4324-35d3-bc6b-b90daffa00c05540448447
9317e817-504a-35a4-b7c3-68e90b432c45,2026-04-07,24.025541,bd68d9fe-0c5e-3648-8a84-d7649dbc11df2315333603
9661bcb6-dd62-3576-b8b0-049874fff3a1,2026-04-07,9.922632,a765656c-b5ea-38d3-b817-93751b0015257870386126
96739dc1-9e37-3b11-8e79-e0a5a57062a1,2026-04-07,90.647828,7b60b05a-7946-3efd-a3a0-0ada59de74070619321536
9b195b8e-28d6-386e-8990-1a5bb4dd1bdb,2026-04-07,16.5563,193afc72-4494-30b1-beb3-cd4156f1c97d7901017989
9bffe43c-9c3e-3c3f-947d-b83b096a53f5,2026-04-07,8.710959,635d1fea-f7dc-33f1-a406-2689203c6ffe1836896463
a06461db-ef00-3481-9827-c829471e7245,2026-04-07,3.770827,5511d59c-db31-37fb-8790-ae49b8ec4ba25737611269
a0f95e73-3897-3dcc-9f5c-faad41b5219c,2026-04-07,116.480843,58b12641-aa5e-3c6d-97a0-f417dd0a469c4411625778
a12779cf-ff75-376e-9cb4-73e937a3c164,2026-04-07,28.005893,ba19c2fb-8246-3ab8-b894-67973ae2268a8549866658
a3f48154-490b-350b-9f4e-74835b5aaaae,2026-04-07,11.688409,95ed8b8c-c59c-372a-b31e-6543997b82d74860620288
a67cec0f-eda0-3d47-af0e-2bd3262a8cf9,2026-04-07,47.156242,edd1002d-960d-3956-8ea2-8ffafe4e3f780323661523
a8d7fd17-4556-3ba6-8223-e88d8ead8fb0,2026-04-07,11.396347,7d10e7ed-604b-3e03-a105-86eebe4f6d9d0233713485
acadf00f-5359-3905-a13e-213d751bffb2,2026-04-07,11.10683,2852258a-e2bf-3b5a-ad87-7915c236685c5632583391
ae5f3d2e-f527-359d-8bcf-846f320f8e57,2026-04-07,26.010778,22f94015-ff23-3150-ae0f-9ef0bb188a207912060816
af15418c-707a-3e54-a465-034a3b570a96,2026-04-07,13.669422,89b93f60-7af8-31b9-aacf-45885de7f2069142372275
b095775a-2d08-336f-bccf-d2f71dc4ba3c,2026-04-07,7.287743,fb87865a-444a-3efc-ab25-247ac494cd574338526402
b20c7e06-4ac3-32d4-be1f-8d8ca043e124,2026-04-07,26.297072,650b165d-6706-35fc-bfd9-fcbb4c66d7bc6712610403
b32150f1-1acd-3990-ad31-f63fed66b1cf,2026-04-07,36.374357,27222e5f-5d35-3311-be74-7f592e6bb2553842641276
b516e127-e0a8-3444-a387-7ee0a83c2029,2026-04-07,4.092832,cc30fb51-7115-329e-acbb-6cf3b4f138c85952469832
b5344373-538f-3f37-8982-c97e3158144a,2026-04-07,7.004446,2a20868d-41a0-350b-abd7-08a3f9d834063257215959
b99742c8-7da0-3e81-ab3c-eb775e9f5d24,2026-04-07,83.85454,83de6687-9540-3db3-a6d6-f036d634a1c63930926163
b9f874e5-bbd8-332a-9f2e-a024bb815cf9,2026-04-07,79.621665,0183e024-3556-38ab-8f83-a2397dc1c7ff0961989030
bce50849-a0e7-3f2b-b22a-24ed60440705,2026-04-07,32.782664,ecbe8abc-16bb-3af7-8cf1-b6d262d3f9915691766209
beb1d1c6-4fa9-36a8-a06f-1dc58ab74161,2026-04-07,9.668785,69be3936-f12c-34ad-b6bc-7a9f397f7d580253357983
c0f8ab9f-4b7b-3f4f-b576-f80ad3cb5399,2026-04-07,22.682767,ae6fce59-c426-3691-b4cc-2e7f01a5433a0719674315
c10aa2a4-9710-3c19-a603-5595b7214357,2026-04-07,57.649223,1b9ae923-d5d3-3622-a874-ae484c1dba772258873463
c3811eff-eb0f-3e83-943e-18b5d09919e4,2026-04-07,13.274064,b38c4c71-2ecc-3478-967b-30176508f2a82808970508
c3f4e978-22c4-3743-a4d7-8dc20df21654,2026-04-07,41.672057,08043945-b9cb-35c8-8007-ea153d9880273125348988
c4b4c934-c94d-3170-bd1b-d7737b2ab490,2026-04-07,9.79375,ddfedfb4-a197-3bc5-b5b9-3413d396c9d18520739647
c4ec5436-0c6f-389c-b83d-e1f34b408946,2026-04-07,7.302372,6d73a170-b659-36fe-bc67-1faa907dd4b49647063385
c7599875-d64e-3ef2-8a6a-a218c4c24bfa,2026-04-07,10.169826,4acd48f6-3379-3b71-a45f-8ba6aad527457333951563
cdcbe271-7336-35c3-a44f-1a90281b0857,2026-04-07,12.759076,cc4a0181-1f8b-3069-891f-8f8303116f410950083050
ce7a22b8-f3c0-3690-acac-8b5a7bf4c798,2026-04-07,29.472959,75a3be66-cc33-35b3-aa17-355486d71eeb4926576029
d098b8be-5fd2-3aaf-b08a-03443b43e413,2026-04-07,10.978017,ebfca532-8531-3093-b085-d9b06d8a505a5090987086
d320f92f-4cc3-395c-b6c7-3cb3c7cb3efe,2026-04-07,99.666076,db719257-f1df-3420-b485-acfb0da643a10140791541
d3c48311-d8dc-3e24-95dd-6d2bca767bff,2026-04-07,38.255689,84018d69-0a55-3d24-a877-97aaa31a46cf2815442486
d3d0b6a8-f422-3af5-a62e-826c20495095,2026-04-07,9.064275,9a1ea106-1b3c-358a-b321-05d0ef5590af7934449393
d6f76560-f2a1-3ae9-ab43-eaa1f2033306,2026-04-07,76.021281,df76341f-d9c1-31f1-a511-61e0bba9ac1a9330646801
d72106c4-021a-3b57-bf48-7b6f2c14df23,2026-04-07,14.812469,e7b18bc4-313f-33d3-ad46-7b5d777f74ca3565120826
d834b72d-c2cc-391e-8a0c-c3f147eeb522,2026-04-07,17.934496,62331e5f-4437-3168-b6e9-aa00c1ae49235115900219
d85f6c3e-620f-3cc3-9005-9e1beefefdc6,2026-04-07,16.630744,7a3476cf-c702-35d8-ab2c-c3c41701130b3532848987
d86225ec-57c8-3039-9b73-5067e9668517,2026-04-07,4.164761,9befbbd8-c5ed-3abc-9d19-377736924de73675696583
dee4128a-2091-303c-8411-15401a64ec03,2026-04-07,64.830316,7d2de236-8dd1-333c-b3b2-c7d8bd4250cd6306917490
dfc70541-9d37-355c-af06-9bf106459cdb,2026-04-07,24.440965,8d616aa1-7ca1-3b18-a990-d3dd7b63d8ea3801525816
e059f4f2-66b1-346c-8a33-8c16446a8657,2026-04-07,28.129952,2a7ac4ba-1536-3186-93b2-a2c27853a79e9011911429
e0ab7ac6-23e5-3ce5-aef4-d9e2e575bb7a,2026-04-07,2.565768,36f25be1-e4a7-34ea-a4d5-d394fb2065cc2046082019
e1ec776a-9a69-3e5d-a0c5-33a9250b1f19,2026-04-07,6.309579,8dbe6882-1128-323e-98cf-6c6c8fd5be7d0079256300
e2762d35-02bf-3212-869f-c8b0e7be182b,2026-04-07,47.692673,bd8b163f-0057-3ddc-93cb-786cf93c15bd3450373318
e402d019-6155-3bff-9228-4911ea446777,2026-04-07,67.858401,d454160e-2dc7-3ac7-86b9-e72c34ef16312394849607
e69f5e43-374e-3577-a194-03eca473eb86,2026-04-07,53.580126,b994cb0e-9aaf-3dbd-a0ab-315cc16c435c1107868581
e6a4f012-2129-36d0-bf2f-6e3c384f5497,2026-04-07,10.756765,30a74d31-d91b-3ff9-b591-0ed7882600e46693238563
e83f5cbe-8539-3cbd-b749-7896bd48c47e,2026-04-07,66.56922,f37ca06e-914d-302f-a8eb-903b7734c0c39455202918
e91fcfab-7cdf-31df-8933-e788688d8288,2026-04-07,10.264612,fe28678b-e200-3a9d-a1de-effda4879d2c1615844509
ea133f80-908c-3a40-af86-f0745e517fd2,2026-04-07,47.045023,7111b6e6-9d33-3f84-ae08-89cafad819261967282058
ebbf605d-a94c-3f16-9ae0-5449c87f4002,2026-04-07,69.915338,c01d7453-03eb-38be-bc95-24391aa315144796657446
eeaba3bd-0e65-3eff-80b8-bb415d1cdc89,2026-04-07,24.165733,6d3df8ea-2edd-3fc0-8f44-b14a5c9f858f7358431617
f02cc034-f8c6-39b7-afff-343b04ff2064,2026-04-07,12.464461,4a495ff6-34e1-3d8e-9177-445cdfd39d764430640857
f166b497-832f-3b26-8149-b36820a1aebe,2026-04-07,5.173075,a7ce6c88-3186-35ed-a793-f40dc624f2bc4233811371
f28c27e1-116f-3bfa-87a3-a4aec05ef6ed,2026-04-07,25.764227,06747886-3cd5-3df7-b4e3-5300fd43ba8b6993791108
f37b1d54-4726-3503-b093-7096160494d8,2026-04-07,8.129442,0701ba50-1c05-393a-97d1-5f4023a8749c6116792851
f55d8d9d-5df9-32e8-a43c-40e2d30fe83e,2026-04-07,17.500618,25ce49b4-0e30-37f6-83c9-8fdba57ec8554749707383
f6d44ec5-a47a-3937-931c-9f8412b5fa88,2026-04-07,7.252428,6197876e-4ea6-3121-8a4b-12b6efea400a0240575023
fa146ea6-61c1-3eaf-b3b7-d79bd6e503ca,2026-04-07,4.646248,31c3893f-aa84-359f-a9a7-c4d51a001df11272461817
fbb84839-d7f2-363f-a497-68b74f2449f2,2026-04-07,15.724086,76b88c0d-830b-38ed-91c8-6b3757820cc05429571885
fccc0510-f20a-3f28-bf3c-66cfe9fa99d1,2026-04-07,15.71017,218810c6-5f55-31ef-942d-6b8f7944e4a79796581507
fe5c2831-6d72-3f57-b5da-21037ecbeb2f,2026-04-07,6.909704,caac5c39-53fe-3b0e-a941-3f0559293a333871484605
030041c0-f398-3572-9c7e-3edf3d9d2ea3,2026-04-08,20.80705,123b8640-546f-3146-aac1-b5e3a45883358031893487
03258615-f0ae-3265-b5eb-490bdff3232f,2026-04-08,12.307541,ec9b84cb-cfb5-3ef6-bd03-a93a08ac57152757515168
04f49ac6-5f35-3df9-b623-c026f24561e1,2026-04-08,58.356179,4ccf4637-f73f-3ea2-bd9d-89cd0876527e2011240689
0594d9cc-176f-3811-b8ff-1badba391ea1,2026-04-08,27.748282,7bf9e218-5646-3380-8098-8b14d617d4eb9836650145
06e33f1d-dda0-31b8-915e-bde6cf9b4012,2026-04-08,34.203008,5c1c68c1-feaf-3d3a-8a14-7e795d01c1ba6471737628
0d66e094-d57b-3221-bdb4-ff9f2a6fa6b6,2026-04-08,53.83131,a1f98fd1-522c-331e-93df-e0e3c705c1c60127744720
0f7a9277-d005-30c0-8821-910389205cba,2026-04-08,41.383601,1498339f-636a-3ba6-8eaf-f82826cfc66b1703033271
103be95c-0738-36fc-9aca-d07b1504909a,2026-04-08,80.603782,288d8971-0036-3b38-be44-cdab7d647fa95424134206
1094d4eb-2c4b-3c82-bb41-36696a775289,2026-04-08,77.055234,8348db4d-a8ba-3dc8-b03d-3f8345e1ce081137124557
1176a69b-fd42-3989-9822-360026e942a4,2026-04-08,79.940455,4b6c12aa-31db-353f-9880-bcdca16d2c971125384531
15d19e1d-74b8-3948-867f-63a4a1188539,2026-04-08,36.424834,3a0da385-e669-30df-8f17-ee93aea6a3a63054977077
15f19ccf-5f54-370e-914a-19ef0d6e7bfe,2026-04-08,105.660128,d0dca904-0a39-3f70-8f24-23b3f8543cae9283252446
176efb99-8d0f-325e-a3e0-daa08e876832,2026-04-08,24.349998,c3c60fed-2c36-3d97-8b89-35c5cbbebe232642944088
17e9c47e-62ba-33a6-96e1-95ad3c636d22,2026-04-08,75.922067,77974123-fa35-3834-90f5-d19a2e752e979650064655
19008d6d-be6f-38f0-8a72-4525e9b98022,2026-04-08,90.063321,4201befe-1bec-3dec-bd92-ac10a986017a9798478753
2111daa9-5dbb-36aa-b675-efab46559d5d,2026-04-08,5.76966,93fc0a2e-adf6-3b5c-a38a-8aaf0af2466c8463812397
21e18788-026e-37c1-9a0a-259c58a0fc50,2026-04-08,31.581677,6825bc20-32f9-371b-b653-a8454dd0cf4e9794303102
28cba5c0-c834-3c34-900a-9d6772fd9c30,2026-04-08,20.128393,1233b0a6-550e-3390-88ce-2a21eefafe917625072302
2fd79494-a377-3a29-a882-b11802cfee0c,2026-04-08,7.336273,e50f86b5-d7cd-3a80-a5b4-78c659980b001758781599
323a2cac-7231-3d1b-90b0-babcb0cf55ba,2026-04-08,33.856754,6110ae57-4fb0-3294-9c39-0fdab85c823b7854159322
33a96067-0e23-3bf3-8d10-cbec5a261a65,2026-04-08,26.920461,4d63f0d2-85ca-3a28-b715-4147577bedb24364586828
363a066c-58b6-3bcf-a7b0-e9729a735ba7,2026-04-08,38.931972,29527eb9-d544-35c2-b9f1-bb262cf6b4159824252521
3ab4ce54-3bfa-3a09-8624-c69a02d77632,2026-04-08,2.106803,776a90be-9929-3c47-9f5d-5f73f58824c60497278972
3c828a67-8a44-3a18-a2db-213948c73e01,2026-04-08,28.360137,4b9e8129-de42-3612-a62a-b99391f3a1c36185507295
3ec4aa61-73df-37f5-af33-ac50b24f1ab5,2026-04-08,14.84601,5530820d-9691-3c0b-895b-b218aa4b299c0225945614
41219c74-897b-3ca9-87e5-43da9041ddd3,2026-04-08,44.438841,fbfd204b-197f-3c6c-95b1-4733172f5fca0533189354
423348ca-0838-3372-a616-b4cda0468666,2026-04-08,16.273463,c36a6f4f-bea8-35b0-b824-2c970e256ac26805083472
434188a4-f9da-364f-a6dc-53072f0ec1b3,2026-04-08,47.670686,e25f63b1-614b-3240-9c58-803a43e9bb435024428155
48a891ca-8770-3a95-9414-af5bad034e5a,2026-04-08,8.48983,6a2b2b4f-b163-3211-9417-7ab21b779b6e4168236426
48d69815-2eb5-3bb9-a39b-cbe1ceb52e99,2026-04-08,13.330585,6cfee349-1ef0-3fb2-815c-a8a1f54dfaf82072162601
4a7af055-4d5f-39bf-b0a0-3e957abd6b60,2026-04-08,3.68887,2d350fdb-0d58-3f71-94bc-a8c8ac08ee913457245518
4c8688bb-e063-39d5-af44-f884b8b1b22f,2026-04-08,101.613495,74ba4416-00a1-3f9b-8c10-30d3118fa7ce7583046913
4c9d57d4-cc8e-3ffa-a7a2-954c71ef5235,2026-04-08,87.580444,10cf198f-ca0e-3ab3-a33e-629868eaf1657063863282
4d8e0306-9402-312c-8735-520e75542ddf,2026-04-08,17.268963,fc890f93-7094-3cdc-9c17-a9bca9d2149d3600693627
4f630062-21f6-3266-9acd-c0827dbf5c05,2026-04-08,14.970914,8f29efaf-4f24-3d15-82d5-2fc874ce981c6011993181
50be9c42-1c4b-3493-a07c-ffe59fd8491c,2026-04-08,30.523423,edb658c0-31b6-337f-a557-ae881cfe96142560471597
5113b093-acec-3c38-870f-b61a2dd6b880,2026-04-08,83.200554,6de2df31-0e47-37b7-af92-4257cf86aa933125819112
524da203-40d7-33a6-8ab6-b21a0cef3c58,2026-04-08,26.576169,4b414f3b-b1d8-3f11-b80f-a4ce6c6d7a4c9655939769
5498a54c-7cf2-3cbb-85d5-1078aa3be4a7,2026-04-08,24.969832,7f2eff44-b501-3d88-8b7a-bc0819c1cbd05256736696
54de7dbc-3f9b-3702-b677-fee85da6201d,2026-04-08,9.775137,d44e39e8-4f08-3623-986b-2646518072bf1207235870
55ad8c29-20dc-320f-8c21-ac3dfd7685ea,2026-04-08,49.319557,59813d11-bc16-3001-915e-9a9eff70c57f6619407622
5656dbc0-5497-3227-a829-fd8eb574450e,2026-04-08,4.873134,a203c081-9992-358a-b291-2006588558ba6822670837
56ab4ff8-d4a1-314d-82eb-cc5055b8d77c,2026-04-08,16.352409,95b986e2-fb52-3222-9a4d-94390d8daa468577144310
57437979-1053-38bc-8abf-3f9eba7ffc49,2026-04-08,30.043526,66cc36c9-6f31-3eff-8201-8a0a7f0bd59a0688159859
591e07f6-72df-366d-a512-d5ee900f7c15,2026-04-08,21.55403,abb3cf38-3fad-3baa-af44-c9b4d24608456857996865
5a91fc01-e54a-36cc-b759-44260109d8b8,2026-04-08,1.771993,1356d797-66bc-3a72-b11f-7b3084dc9d272348624974
5b4c7154-ad7e-3526-aa3c-45e89d71e721,2026-04-08,99.290885,a5074e62-50d5-364b-aeef-675c60c2ee493068298762
5cb2e039-2dc8-3bad-9d23-4bfddc143afe,2026-04-08,38.647745,8a29b19a-f05e-35e9-8df7-d99b28bf8a8d3280431943
5d21d7da-3e33-3ab4-99ef-3ca2c2ff2c69,2026-04-08,13.742051,b03fc426-da51-3e1c-aa77-6b918bff0e513877121931
5de859d5-b06b-3878-b7f0-64c4e91191df,2026-04-08,2.202423,865e99a1-718b-338b-80ab-7bdcf6c522a91536159266
5f76ba6d-1bf0-3e51-b2e4-3a6d19bc39b9,2026-04-08,25.229901,c708bc56-c900-3691-a10c-994bfde2114d0282457351
5fa5d9c4-22b7-39f7-a3b2-d521ea60b47b,2026-04-08,13.172469,ab4ba1b3-b598-3bfb-8df0-768a0df60d506177714931
6001b0b7-96fc-3fe1-aef1-329c8e2f62ce,2026-04-08,13.75257,6e29cd08-5d8b-32dd-baf0-fc5123d964c69692072979
6a620372-f31e-349c-b6c6-0e040a3edb64,2026-04-08,26.14156,5585108c-6e05-3453-8c97-d5a03ce4ee0a5269991336
6e8a1cb9-329d-3c5e-8d21-4c46a734d1e9,2026-04-08,16.409633,b038cfcb-9c1e-3cde-8676-1be4c1366b8b3024374020
72e3323e-cebd-3aa6-a736-9022afb37e21,2026-04-08,32.228508,dd1d2448-04ec-3dd9-9b0e-69f5e79a93407723570593
745d78f2-7f7a-3cdd-af4f-c4c3f0a18dbb,2026-04-08,32.065846,f1df5283-191c-30dd-b238-da858232e5d08985022611
74cd4f7c-116b-3316-bf7f-eb46458694da,2026-04-08,84.938615,755c3974-2d2b-3242-8001-42f3d96983649032632994
760b65eb-45d9-332e-bbdd-15ad2c3223bc,2026-04-08,22.571248,4050495a-d74a-3f1b-b29d-db93ba2a71c15767916558
7fb6ff11-be82-30ff-ad1d-e44ada4f46db,2026-04-08,15.209045,44965c11-796e-3e8c-b92a-222141e2d34e4076630863
812c22d3-3843-3385-aa3b-aa8ae91b882a,2026-04-08,23.518428,e7cb4203-d63e-3d55-86b1-e2f3868974688509958032
82a48b8e-4fa5-3f42-857c-71fbe24937aa,2026-04-08,17.390643,78999b98-2dd1-3379-978c-e2474a4a43306995668347
82b47e6e-09d7-36e6-80ab-4506629ff46b,2026-04-08,72.149255,1695d743-ff11-3262-b7c5-f109ac7b016b5800029843
834aa49a-5a2a-30db-8385-ad60aed26cd7,2026-04-08,121.763171,4b2f77f6-8ea8-3f4d-8688-fe485e1dd22d6927009123
83ac466b-0a2c-3b9f-bc16-cc1733598dc1,2026-04-08,54.297676,fbb1458a-bb03-3a59-81a7-c4bfa04cd8482348091600
84851a10-43f1-3fc8-a358-06f529f15c33,2026-04-08,49.115408,209d6b5c-3879-3f87-9eb1-228cd3cf4edd0737879839
84f354b1-00ae-34ba-b443-ccd2efee613c,2026-04-08,4.532846,8a14f25e-1645-3406-a19d-b9806ef569954307313451
8c272368-ac0c-3bc7-9568-cfbb26f8e749,2026-04-08,8.768323,9ef76979-dca8-3c79-9b0c-a7e5b98cc4183178708115
8ca30a12-e5f4-3017-8037-1616e9ddbb5b,2026-04-08,7.574962,d980087a-73cd-3a85-914f-0dbeb6da2ff07929331557
8cb2a7d2-f605-3df9-981a-2c02b1d1a4e0,2026-04-08,13.10553,c8409fd1-44f6-341e-aa4a-fcdd48e1dec91197407417
8ce3a609-9e37-3b54-a602-9b395e5f5a76,2026-04-08,6.178966,140ba20d-dc2d-30f1-8369-9f0fcb7417216954795985
8dc72d59-3896-3d24-a51b-3a8a9e1c6713,2026-04-08,20.909137,2bb55a33-fdd0-39b0-8fa8-bf8f9e9997f59421453150
929f777a-b8ac-3e16-8d77-e8ac77fd282c,2026-04-08,5.197464,1ffd69db-4324-35d3-bc6b-b90daffa00c05540448447
92de990d-30ce-38da-ad78-86a4a56c065b,2026-04-08,11.160577,5a8242fb-5aa7-3d5b-ac68-21ea53c5f9e87894148187
9317e817-504a-35a4-b7c3-68e90b432c45,2026-04-08,36.882936,bd68d9fe-0c5e-3648-8a84-d7649dbc11df2315333603
956008d9-c7c8-3450-a799-ccd802fc2078,2026-04-08,80.474087,ac8597c6-2e0c-3fce-bd96-0eeae07b92825791469057
960a5c04-f3ef-340c-af8a-48e88045ac24,2026-04-08,16.209113,485a6ee1-26d8-3d41-bd32-a72421af1a296123003165
96739dc1-9e37-3b11-8e79-e0a5a57062a1,2026-04-08,59.529508,7b60b05a-7946-3efd-a3a0-0ada59de74070619321536
9784049c-35d1-3534-8c4b-f4cea920d4ff,2026-04-08,4.502338,14447399-901c-34b2-b211-14fb9e9b062c7605520623
9b195b8e-28d6-386e-8990-1a5bb4dd1bdb,2026-04-08,17.062582,193afc72-4494-30b1-beb3-cd4156f1c97d7901017989
9bddd6f0-dd41-333e-aac7-f757b18ea2aa,2026-04-08,37.573443,c6545cb9-33df-373c-8ac9-ce43225c9d986458695776
a2de86e5-02cf-3c93-9b40-f9629530b7d1,2026-04-08,689.162624,bcd56054-ac31-3e6f-a2d9-f156a299929c4047783680
a5068583-4849-35ce-900f-e2ce7f309840,2026-04-08,21.837658,ccacfe15-f7bf-3c92-9308-98112a74aa440314647208
a513bb7e-87ac-35cd-b4a2-6d23427bd2fa,2026-04-08,13.434196,481dceb1-1678-3a7e-b288-d7e2bf0c062a7786339993
a67cec0f-eda0-3d47-af0e-2bd3262a8cf9,2026-04-08,24.599184,edd1002d-960d-3956-8ea2-8ffafe4e3f780323661523
a8d7fd17-4556-3ba6-8223-e88d8ead8fb0,2026-04-08,9.624866,7d10e7ed-604b-3e03-a105-86eebe4f6d9d0233713485
ab5f37ff-9008-3c2a-a32b-c29632f4ea67,2026-04-08,6.229129,0d40eb23-7edb-3787-8cb8-7b09de3075fc1665666263
ac429fef-9e6b-3e26-a5ea-3122c166230c,2026-04-08,38.355866,81f224a7-cb42-3ee9-9103-e81fcc20756c3353013338
acadf00f-5359-3905-a13e-213d751bffb2,2026-04-08,4.976442,2852258a-e2bf-3b5a-ad87-7915c236685c5632583391
ae5f3d2e-f527-359d-8bcf-846f320f8e57,2026-04-08,22.489506,22f94015-ff23-3150-ae0f-9ef0bb188a207912060816
af15418c-707a-3e54-a465-034a3b570a96,2026-04-08,29.011462,89b93f60-7af8-31b9-aacf-45885de7f2069142372275
b1d22b60-1492-37de-a246-db25e91bfb1f,2026-04-08,27.285254,ba855984-6afa-3f25-82a9-033558199c9b4291338588
b32150f1-1acd-3990-ad31-f63fed66b1cf,2026-04-08,60.879728,27222e5f-5d35-3311-be74-7f592e6bb2553842641276
b7f8d590-1a7d-3745-82cc-9e0c966c6306,2026-04-08,21.767645,65f0ec49-73ce-37cb-a381-28e7217750090455003993
b99742c8-7da0-3e81-ab3c-eb775e9f5d24,2026-04-08,39.856668,83de6687-9540-3db3-a6d6-f036d634a1c63930926163
bce50849-a0e7-3f2b-b22a-24ed60440705,2026-04-08,13.191049,ecbe8abc-16bb-3af7-8cf1-b6d262d3f9915691766209
beb1d1c6-4fa9-36a8-a06f-1dc58ab74161,2026-04-08,4.29961,69be3936-f12c-34ad-b6bc-7a9f397f7d580253357983
bf5e2c07-ebd1-3aab-ae92-933140999b06,2026-04-08,56.571313,e12f9949-3428-338b-a05b-b980386cf9872350056648
c0f8ab9f-4b7b-3f4f-b576-f80ad3cb5399,2026-04-08,25.620619,ae6fce59-c426-3691-b4cc-2e7f01a5433a0719674315
c3811eff-eb0f-3e83-943e-18b5d09919e4,2026-04-08,20.187204,b38c4c71-2ecc-3478-967b-30176508f2a82808970508
c41f2431-16c5-3799-9be8-561415389d5f,2026-04-08,20.24196,35f5e81a-e25c-3ff4-892f-d89a5cfb53448046832917
c4b4c934-c94d-3170-bd1b-d7737b2ab490,2026-04-08,3.23094,ddfedfb4-a197-3bc5-b5b9-3413d396c9d18520739647
c4ec5436-0c6f-389c-b83d-e1f34b408946,2026-04-08,3.889405,6d73a170-b659-36fe-bc67-1faa907dd4b49647063385
c6c1b9c0-072d-3dbf-accc-4c8643cc0c4a,2026-04-08,30.992465,8e833220-412d-3626-aef6-f1d8e255b8961584029669
c7599875-d64e-3ef2-8a6a-a218c4c24bfa,2026-04-08,3.816434,4acd48f6-3379-3b71-a45f-8ba6aad527457333951563
c8c964e3-6f43-33e9-8a11-e9eaf55933ba,2026-04-08,54.207782,db1bd750-5b46-3bea-9d82-c79a18a08d0d0806001910
cdcbe271-7336-35c3-a44f-1a90281b0857,2026-04-08,33.027319,cc4a0181-1f8b-3069-891f-8f8303116f410950083050
ce7a22b8-f3c0-3690-acac-8b5a7bf4c798,2026-04-08,17.460571,75a3be66-cc33-35b3-aa17-355486d71eeb4926576029
d098b8be-5fd2-3aaf-b08a-03443b43e413,2026-04-08,13.923325,ebfca532-8531-3093-b085-d9b06d8a505a5090987086
d16b7d90-92be-3869-95a7-7d511669811b,2026-04-08,26.589653,760b5b15-f871-3327-a1ef-e07e6f4cc11c2795438507
d320f92f-4cc3-395c-b6c7-3cb3c7cb3efe,2026-04-08,118.980724,db719257-f1df-3420-b485-acfb0da643a10140791541
d3c48311-d8dc-3e24-95dd-6d2bca767bff,2026-04-08,27.193557,84018d69-0a55-3d24-a877-97aaa31a46cf2815442486
d3d0b6a8-f422-3af5-a62e-826c20495095,2026-04-08,15.755559,9a1ea106-1b3c-358a-b321-05d0ef5590af7934449393
d72106c4-021a-3b57-bf48-7b6f2c14df23,2026-04-08,3.810168,e7b18bc4-313f-33d3-ad46-7b5d777f74ca3565120826
d834b72d-c2cc-391e-8a0c-c3f147eeb522,2026-04-08,38.174597,62331e5f-4437-3168-b6e9-aa00c1ae49235115900219
d85f6c3e-620f-3cc3-9005-9e1beefefdc6,2026-04-08,12.147696,7a3476cf-c702-35d8-ab2c-c3c41701130b3532848987
d86225ec-57c8-3039-9b73-5067e9668517,2026-04-08,3.404445,9befbbd8-c5ed-3abc-9d19-377736924de73675696583
e059f4f2-66b1-346c-8a33-8c16446a8657,2026-04-08,18.172683,2a7ac4ba-1536-3186-93b2-a2c27853a79e9011911429
e0ab7ac6-23e5-3ce5-aef4-d9e2e575bb7a,2026-04-08,5.024634,36f25be1-e4a7-34ea-a4d5-d394fb2065cc2046082019
e1ec776a-9a69-3e5d-a0c5-33a9250b1f19,2026-04-08,11.445991,8dbe6882-1128-323e-98cf-6c6c8fd5be7d0079256300
e402d019-6155-3bff-9228-4911ea446777,2026-04-08,74.318853,d454160e-2dc7-3ac7-86b9-e72c34ef16312394849607
e41ed1fc-302f-351c-8dbd-1ccac5078a09,2026-04-08,29.700096,4a944e09-e32f-36d7-b5a4-e211ca471f446730403642
e69f5e43-374e-3577-a194-03eca473eb86,2026-04-08,22.557876,b994cb0e-9aaf-3dbd-a0ab-315cc16c435c1107868581
e71fe34e-9aa5-3ade-8054-a639af523373,2026-04-08,8.305965,b1e661de-87c5-37a4-b0ad-b47b375e798f8517162525
e91fcfab-7cdf-31df-8933-e788688d8288,2026-04-08,10.548239,fe28678b-e200-3a9d-a1de-effda4879d2c1615844509
ea133f80-908c-3a40-af86-f0745e517fd2,2026-04-08,43.684177,7111b6e6-9d33-3f84-ae08-89cafad819261967282058
ebbf605d-a94c-3f16-9ae0-5449c87f4002,2026-04-08,70.744046,c01d7453-03eb-38be-bc95-24391aa315144796657446
ed0a8ed8-2282-3fec-82db-fafd297cdb61,2026-04-08,7.605547,4e3099ad-3bc5-3b23-837d-8c897adc8c894362553996
eeaba3bd-0e65-3eff-80b8-bb415d1cdc89,2026-04-08,27.136892,6d3df8ea-2edd-3fc0-8f44-b14a5c9f858f7358431617
f166b497-832f-3b26-8149-b36820a1aebe,2026-04-08,5.255909,a7ce6c88-3186-35ed-a793-f40dc624f2bc4233811371
f1809858-d9d7-3db3-8cc3-5793c598044c,2026-04-08,33.302951,7697f751-8371-30c0-81c8-fcc775cadf993437132586
f2469968-f4ce-3c30-aece-76c96bba977f,2026-04-08,14.288964,c20d3ce4-526e-30be-a307-8d2e5de84a028227463090
f28c27e1-116f-3bfa-87a3-a4aec05ef6ed,2026-04-08,25.91658,06747886-3cd5-3df7-b4e3-5300fd43ba8b6993791108
f37b1d54-4726-3503-b093-7096160494d8,2026-04-08,11.651221,0701ba50-1c05-393a-97d1-5f4023a8749c6116792851
f55d8d9d-5df9-32e8-a43c-40e2d30fe83e,2026-04-08,20.372562,25ce49b4-0e30-37f6-83c9-8fdba57ec8554749707383
f5c21c69-5b03-320a-ae2e-2554aefff943,2026-04-08,48.791324,1733732a-abce-3040-96d5-89e43d8b44882339867108
f6d44ec5-a47a-3937-931c-9f8412b5fa88,2026-04-08,12.263169,6197876e-4ea6-3121-8a4b-12b6efea400a0240575023
fccc0510-f20a-3f28-bf3c-66cfe9fa99d1,2026-04-08,25.792609,218810c6-5f55-31ef-942d-6b8f7944e4a79796581507
fe5c2831-6d72-3f57-b5da-21037ecbeb2f,2026-04-08,14.476747,caac5c39-53fe-3b0e-a941-3f0559293a333871484605
030041c0-f398-3572-9c7e-3edf3d9d2ea3,2026-04-09,2.670619,123b8640-546f-3146-aac1-b5e3a45883358031893487
04f49ac6-5f35-3df9-b623-c026f24561e1,2026-04-09,36.801553,4ccf4637-f73f-3ea2-bd9d-89cd0876527e2011240689
0594d9cc-176f-3811-b8ff-1badba391ea1,2026-04-09,18.900034,7bf9e218-5646-3380-8098-8b14d617d4eb9836650145
06e33f1d-dda0-31b8-915e-bde6cf9b4012,2026-04-09,12.782749,5c1c68c1-feaf-3d3a-8a14-7e795d01c1ba6471737628
0769202c-7965-32a1-8d36-1cd52b64377d,2026-04-09,6.621105,03bfca79-bd1d-3217-a8ee-b032e1a5d4279777514889
0834a8d5-db47-3f2b-8f52-89726cb486de,2026-04-09,25.656462,adb191b8-a33a-343b-b97c-1c5b503b06aa2102226204
0bd9c8a1-cf25-3dfe-9380-6143b1183f53,2026-04-09,30.279612,7ff7d9b9-eb8b-35f9-9265-8dd933d6e5f40824718437
0d06916c-fc74-37b3-8630-7f2eb8b27347,2026-04-09,63.025976,56ab425a-78d4-3e53-8a5d-bee6cc2ff1583272396058
0d66e094-d57b-3221-bdb4-ff9f2a6fa6b6,2026-04-09,41.660042,a1f98fd1-522c-331e-93df-e0e3c705c1c60127744720
0f7a9277-d005-30c0-8821-910389205cba,2026-04-09,27.811317,1498339f-636a-3ba6-8eaf-f82826cfc66b1703033271
1094d4eb-2c4b-3c82-bb41-36696a775289,2026-04-09,35.854955,8348db4d-a8ba-3dc8-b03d-3f8345e1ce081137124557
1176a69b-fd42-3989-9822-360026e942a4,2026-04-09,54.678025,4b6c12aa-31db-353f-9880-bcdca16d2c971125384531
17e9c47e-62ba-33a6-96e1-95ad3c636d22,2026-04-09,45.673827,77974123-fa35-3834-90f5-d19a2e752e979650064655
18a6d5f8-3203-3934-be7c-fef235f8d5ee,2026-04-09,18.317254,d0fc809f-656e-31a8-9e5e-192c6b636f8d5430933548
1c3f0a45-334a-3810-b02a-7ba9181fca95,2026-04-09,13.774098,f25a1909-b1f5-354d-9179-29694f6ccd7b0794803399
1eae9205-92f7-36a7-94c5-cb082b3e7211,2026-04-09,30.97313,dd4f2862-ad2c-38c4-98b8-9dfedc77a2173206733718
1f7e14b9-0bb8-3674-9af2-eeacd8638c48,2026-04-09,2.259334,1b760fbb-2f64-3588-8527-fe66c114f51f5277162348
21e18788-026e-37c1-9a0a-259c58a0fc50,2026-04-09,32.406103,6825bc20-32f9-371b-b653-a8454dd0cf4e9794303102
28cba5c0-c834-3c34-900a-9d6772fd9c30,2026-04-09,22.097527,1233b0a6-550e-3390-88ce-2a21eefafe917625072302
29513ef6-a0f9-30aa-b2a3-e67dd9c50f2d,2026-04-09,38.188872,4763c9d2-d480-368f-84c3-63cf0c346e577347437891
29768e10-7435-3d69-8503-a6f77e57bdcd,2026-04-09,6.384612,103d1a25-7f36-33f7-97c6-656f5dff4f1c8078021025
2b3c346c-5f49-3232-be35-3443261527b0,2026-04-09,9.456025,e6538295-3b6e-3154-9420-ec45501d20ae5856219597
2fd79494-a377-3a29-a882-b11802cfee0c,2026-04-09,11.621089,e50f86b5-d7cd-3a80-a5b4-78c659980b001758781599
2fe9cfc5-7b82-3db6-a301-cee9e440ba85,2026-04-09,44.617794,45e41d94-342b-3297-9fa8-278d1ca209178357185713
363a066c-58b6-3bcf-a7b0-e9729a735ba7,2026-04-09,46.666243,29527eb9-d544-35c2-b9f1-bb262cf6b4159824252521
3e7f3808-bc28-36c7-8251-a028f5ff5644,2026-04-09,18.401493,18ddeade-5928-3676-ae42-029acd2d6bcb2570795136
3ec4aa61-73df-37f5-af33-ac50b24f1ab5,2026-04-09,33.662113,5530820d-9691-3c0b-895b-b218aa4b299c0225945614
3fe600f0-c808-3676-90fe-909ea8b83ca6,2026-04-09,6.023858,89445095-871b-3498-be52-e63f6b0e774b5355986831
41219c74-897b-3ca9-87e5-43da9041ddd3,2026-04-09,47.756641,fbfd204b-197f-3c6c-95b1-4733172f5fca0533189354
423348ca-0838-3372-a616-b4cda0468666,2026-04-09,4.830665,c36a6f4f-bea8-35b0-b824-2c970e256ac26805083472
434188a4-f9da-364f-a6dc-53072f0ec1b3,2026-04-09,24.985443,e25f63b1-614b-3240-9c58-803a43e9bb435024428155
43cc96db-6d25-3ad3-9163-10247bdd66bf,2026-04-09,30.606188,9eddeeed-8808-33dc-9ba2-905a79c87f321161343299
458e61b5-010d-3520-8683-4ea9ccc7bf9a,2026-04-09,8.864403,95cfc947-103d-376e-ac8e-6b4da75421917390253262
4a7af055-4d5f-39bf-b0a0-3e957abd6b60,2026-04-09,24.772381,2d350fdb-0d58-3f71-94bc-a8c8ac08ee913457245518
4b3616f0-ccf1-31e3-810e-f668c2042b23,2026-04-09,19.421589,b68e0cee-582f-3f61-89e5-ca032d2062073327596356
4c8688bb-e063-39d5-af44-f884b8b1b22f,2026-04-09,77.219943,74ba4416-00a1-3f9b-8c10-30d3118fa7ce7583046913
4c9d57d4-cc8e-3ffa-a7a2-954c71ef5235,2026-04-09,33.706399,10cf198f-ca0e-3ab3-a33e-629868eaf1657063863282
4d62a2a6-a8bb-3084-8568-8b0c0e6c53f9,2026-04-09,14.382317,30709a03-df76-3a99-9f2c-8ccec86cb09e5850066452
4d8e0306-9402-312c-8735-520e75542ddf,2026-04-09,7.447497,fc890f93-7094-3cdc-9c17-a9bca9d2149d3600693627
4f630062-21f6-3266-9acd-c0827dbf5c05,2026-04-09,10.044233,8f29efaf-4f24-3d15-82d5-2fc874ce981c6011993181
50be9c42-1c4b-3493-a07c-ffe59fd8491c,2026-04-09,26.103923,edb658c0-31b6-337f-a557-ae881cfe96142560471597
52412506-0a36-3bbc-b4ff-9579aa41f9b1,2026-04-09,3.223774,258df3e5-7e26-3a3f-9326-aace208da4a32337603841
524da203-40d7-33a6-8ab6-b21a0cef3c58,2026-04-09,12.316139,4b414f3b-b1d8-3f11-b80f-a4ce6c6d7a4c9655939769
54de7dbc-3f9b-3702-b677-fee85da6201d,2026-04-09,3.607831,d44e39e8-4f08-3623-986b-2646518072bf1207235870
55b0607e-f635-348a-bc83-f4e52515b7ec,2026-04-09,14.130742,118c8a35-e628-36a2-8499-91a87fa954ea9600440361
5656dbc0-5497-3227-a829-fd8eb574450e,2026-04-09,21.856487,a203c081-9992-358a-b291-2006588558ba6822670837
56ab4ff8-d4a1-314d-82eb-cc5055b8d77c,2026-04-09,21.145115,95b986e2-fb52-3222-9a4d-94390d8daa468577144310
591e07f6-72df-366d-a512-d5ee900f7c15,2026-04-09,15.34345,abb3cf38-3fad-3baa-af44-c9b4d24608456857996865
5a91fc01-e54a-36cc-b759-44260109d8b8,2026-04-09,6.714081,1356d797-66bc-3a72-b11f-7b3084dc9d272348624974
5cb2e039-2dc8-3bad-9d23-4bfddc143afe,2026-04-09,62.393661,8a29b19a-f05e-35e9-8df7-d99b28bf8a8d3280431943
5d6ffe35-085b-3fc0-abf7-9f02a5c4fb33,2026-04-09,17.416914,03ffa46d-2a01-3d1e-b2b7-afc51d9158352243231721
5fa5d9c4-22b7-39f7-a3b2-d521ea60b47b,2026-04-09,18.676589,ab4ba1b3-b598-3bfb-8df0-768a0df60d506177714931
6001b0b7-96fc-3fe1-aef1-329c8e2f62ce,2026-04-09,9.035661,6e29cd08-5d8b-32dd-baf0-fc5123d964c69692072979
617065f0-5c37-32d6-a3d6-dc223ac898b3,2026-04-09,14.412507,ae562d52-09ae-3863-b5f0-5ae580696f0f2844325743
64b0ba20-1b28-3b6c-9ffc-402714ee0245,2026-04-09,11.960703,358bf36d-7dae-3d60-9132-32bf3090f2f25850796649
68b45261-85be-3d03-a069-5aa6ffe8e8ca,2026-04-09,44.088411,b6a7cc29-e0c8-36bf-9e06-ffc155431b242084275934
72e3323e-cebd-3aa6-a736-9022afb37e21,2026-04-09,21.051151,dd1d2448-04ec-3dd9-9b0e-69f5e79a93407723570593
74cd4f7c-116b-3316-bf7f-eb46458694da,2026-04-09,69.868275,755c3974-2d2b-3242-8001-42f3d96983649032632994
75c008ab-9d95-3b45-b06c-1ba571bc7895,2026-04-09,7.277512,ec573df9-2361-3e56-a35c-cf369728a6f02624538703
779e581c-a821-3108-9ebe-a92f9dcfc74c,2026-04-09,82.268017,3a13c3b6-0485-353a-a580-ed21741647e41076187335
781a0729-d247-332a-a718-196cd4f0844f,2026-04-09,3.881611,c926082b-f5ea-39f0-9b3a-e5bce96b47c35305695375
7825a025-23b9-3955-84e6-3a54c38e86e4,2026-04-09,18.195414,944aa6d5-032b-30c6-b177-dba1d9d44f1a2385396646
7a7af6a0-86f2-31f0-bb17-7e3d8de4ba8a,2026-04-09,13.024406,122c429d-4933-3ed3-8c02-852801f2503e6499333998
7feb497b-3ee8-39fa-9cfd-72a898f4cf47,2026-04-09,8.384014,90e6638a-edc1-308e-9f27-d8a3719440025129345869
812c22d3-3843-3385-aa3b-aa8ae91b882a,2026-04-09,23.947938,e7cb4203-d63e-3d55-86b1-e2f3868974688509958032
834aa49a-5a2a-30db-8385-ad60aed26cd7,2026-04-09,52.990097,4b2f77f6-8ea8-3f4d-8688-fe485e1dd22d6927009123
83ac466b-0a2c-3b9f-bc16-cc1733598dc1,2026-04-09,49.99494,fbb1458a-bb03-3a59-81a7-c4bfa04cd8482348091600
84851a10-43f1-3fc8-a358-06f529f15c33,2026-04-09,54.946939,209d6b5c-3879-3f87-9eb1-228cd3cf4edd0737879839
84f354b1-00ae-34ba-b443-ccd2efee613c,2026-04-09,3.905514,8a14f25e-1645-3406-a19d-b9806ef569954307313451
8c272368-ac0c-3bc7-9568-cfbb26f8e749,2026-04-09,10.372982,9ef76979-dca8-3c79-9b0c-a7e5b98cc4183178708115
8c2e2c06-5c7a-359a-8e69-0efdfb7e79bb,2026-04-09,24.934331,02b8249b-d351-36b0-8f66-387e9b5ecd765409838852
8cb2a7d2-f605-3df9-981a-2c02b1d1a4e0,2026-04-09,13.382682,c8409fd1-44f6-341e-aa4a-fcdd48e1dec91197407417
8ce3a609-9e37-3b54-a602-9b395e5f5a76,2026-04-09,4.282553,140ba20d-dc2d-30f1-8369-9f0fcb7417216954795985
8dc72d59-3896-3d24-a51b-3a8a9e1c6713,2026-04-09,28.31151,2bb55a33-fdd0-39b0-8fa8-bf8f9e9997f59421453150
9317e817-504a-35a4-b7c3-68e90b432c45,2026-04-09,32.690635,bd68d9fe-0c5e-3648-8a84-d7649dbc11df2315333603
956008d9-c7c8-3450-a799-ccd802fc2078,2026-04-09,75.701606,ac8597c6-2e0c-3fce-bd96-0eeae07b92825791469057
960a5c04-f3ef-340c-af8a-48e88045ac24,2026-04-09,18.975726,485a6ee1-26d8-3d41-bd32-a72421af1a296123003165
96739dc1-9e37-3b11-8e79-e0a5a57062a1,2026-04-09,76.631962,7b60b05a-7946-3efd-a3a0-0ada59de74070619321536
96be8df1-0628-3c17-acd8-50a096438ea0,2026-04-09,13.62808,7b8d6a5a-3256-3096-8208-171b7eaab4737311108557
9a736669-65a4-3b3e-a4b5-8f6ec9654a84,2026-04-09,21.037687,bd347e86-1b36-3407-80b6-78a2f2dae41e9793909208
a0f95e73-3897-3dcc-9f5c-faad41b5219c,2026-04-09,93.348842,58b12641-aa5e-3c6d-97a0-f417dd0a469c4411625778
a12779cf-ff75-376e-9cb4-73e937a3c164,2026-04-09,23.524954,ba19c2fb-8246-3ab8-b894-67973ae2268a8549866658
a2de86e5-02cf-3c93-9b40-f9629530b7d1,2026-04-09,730.397644,bcd56054-ac31-3e6f-a2d9-f156a299929c4047783680
a5068583-4849-35ce-900f-e2ce7f309840,2026-04-09,31.444905,ccacfe15-f7bf-3c92-9308-98112a74aa440314647208
a67cec0f-eda0-3d47-af0e-2bd3262a8cf9,2026-04-09,28.665635,edd1002d-960d-3956-8ea2-8ffafe4e3f780323661523
a96a11ac-c839-3a7d-8ca2-dd65ad906316,2026-04-09,66.116136,f0f3ba5d-6fb8-3960-852e-f6235a05b8309574349724
ab0c7a3d-b6a3-3c71-a9f6-6f5167fbf2d9,2026-04-09,8.797213,6e8c3bb5-37b6-3aa6-a40a-2cf1d71e64fa4807837875
ac429fef-9e6b-3e26-a5ea-3122c166230c,2026-04-09,103.580677,81f224a7-cb42-3ee9-9103-e81fcc20756c3353013338
acadf00f-5359-3905-a13e-213d751bffb2,2026-04-09,6.922183,2852258a-e2bf-3b5a-ad87-7915c236685c5632583391
ae5f3d2e-f527-359d-8bcf-846f320f8e57,2026-04-09,6.559584,22f94015-ff23-3150-ae0f-9ef0bb188a207912060816
b095775a-2d08-336f-bccf-d2f71dc4ba3c,2026-04-09,2.387204,fb87865a-444a-3efc-ab25-247ac494cd574338526402
b1d22b60-1492-37de-a246-db25e91bfb1f,2026-04-09,23.38237,ba855984-6afa-3f25-82a9-033558199c9b4291338588
b32150f1-1acd-3990-ad31-f63fed66b1cf,2026-04-09,62.763215,27222e5f-5d35-3311-be74-7f592e6bb2553842641276
b516e127-e0a8-3444-a387-7ee0a83c2029,2026-04-09,1.703572,cc30fb51-7115-329e-acbb-6cf3b4f138c85952469832
b571b5d8-c91f-3776-86bd-22c88c5580c2,2026-04-09,29.077899,afafa873-61a8-38e0-8977-cd70cd270f449777286253
b5b7bbb0-1312-34a4-8934-10fe49cea8ed,2026-04-09,23.534672,c1179ffe-16b5-3808-a61b-c697ad5655cd0958447347
b7f8d590-1a7d-3745-82cc-9e0c966c6306,2026-04-09,9.533567,65f0ec49-73ce-37cb-a381-28e7217750090455003993
b99742c8-7da0-3e81-ab3c-eb775e9f5d24,2026-04-09,69.03711,83de6687-9540-3db3-a6d6-f036d634a1c63930926163
bce50849-a0e7-3f2b-b22a-24ed60440705,2026-04-09,16.210775,ecbe8abc-16bb-3af7-8cf1-b6d262d3f9915691766209
beac6842-6d1c-39f8-bd3d-f2cbddfe2e23,2026-04-09,33.131301,71933d57-e488-3aa3-b364-7c195cfded299062716503
beb1d1c6-4fa9-36a8-a06f-1dc58ab74161,2026-04-09,8.031098,69be3936-f12c-34ad-b6bc-7a9f397f7d580253357983
c0f8ab9f-4b7b-3f4f-b576-f80ad3cb5399,2026-04-09,28.98676,ae6fce59-c426-3691-b4cc-2e7f01a5433a0719674315
c3811eff-eb0f-3e83-943e-18b5d09919e4,2026-04-09,13.736177,b38c4c71-2ecc-3478-967b-30176508f2a82808970508
c3f4e978-22c4-3743-a4d7-8dc20df21654,2026-04-09,41.613521,08043945-b9cb-35c8-8007-ea153d9880273125348988
c41f2431-16c5-3799-9be8-561415389d5f,2026-04-09,11.055164,35f5e81a-e25c-3ff4-892f-d89a5cfb53448046832917
c4b4c934-c94d-3170-bd1b-d7737b2ab490,2026-04-09,17.851513,ddfedfb4-a197-3bc5-b5b9-3413d396c9d18520739647
c4ec5436-0c6f-389c-b83d-e1f34b408946,2026-04-09,7.058966,6d73a170-b659-36fe-bc67-1faa907dd4b49647063385
c6c1b9c0-072d-3dbf-accc-4c8643cc0c4a,2026-04-09,17.221312,8e833220-412d-3626-aef6-f1d8e255b8961584029669
c7599875-d64e-3ef2-8a6a-a218c4c24bfa,2026-04-09,5.345712,4acd48f6-3379-3b71-a45f-8ba6aad527457333951563
c8c964e3-6f43-33e9-8a11-e9eaf55933ba,2026-04-09,47.483945,db1bd750-5b46-3bea-9d82-c79a18a08d0d0806001910
cce1c127-2ff8-3ea0-a9b8-2df2cd888b5b,2026-04-09,62.22243,40fb0c0c-0006-3ab6-84ec-5dc4198294863739942525
cdcbe271-7336-35c3-a44f-1a90281b0857,2026-04-09,31.734497,cc4a0181-1f8b-3069-891f-8f8303116f410950083050
d098b8be-5fd2-3aaf-b08a-03443b43e413,2026-04-09,11.624866,ebfca532-8531-3093-b085-d9b06d8a505a5090987086
d320f92f-4cc3-395c-b6c7-3cb3c7cb3efe,2026-04-09,93.307026,db719257-f1df-3420-b485-acfb0da643a10140791541
d3c48311-d8dc-3e24-95dd-6d2bca767bff,2026-04-09,8.707157,84018d69-0a55-3d24-a877-97aaa31a46cf2815442486
d6f76560-f2a1-3ae9-ab43-eaa1f2033306,2026-04-09,49.298761,df76341f-d9c1-31f1-a511-61e0bba9ac1a9330646801
d72106c4-021a-3b57-bf48-7b6f2c14df23,2026-04-09,16.229069,e7b18bc4-313f-33d3-ad46-7b5d777f74ca3565120826
d834b72d-c2cc-391e-8a0c-c3f147eeb522,2026-04-09,20.375877,62331e5f-4437-3168-b6e9-aa00c1ae49235115900219
d85f6c3e-620f-3cc3-9005-9e1beefefdc6,2026-04-09,7.230428,7a3476cf-c702-35d8-ab2c-c3c41701130b3532848987
d86225ec-57c8-3039-9b73-5067e9668517,2026-04-09,5.094706,9befbbd8-c5ed-3abc-9d19-377736924de73675696583
da8b7ad5-701e-38e4-af53-bcb52836386c,2026-04-09,5.591671,5a63d77e-0da6-3691-900f-f20d6593ab0a0016925614
dee4128a-2091-303c-8411-15401a64ec03,2026-04-09,77.118296,7d2de236-8dd1-333c-b3b2-c7d8bd4250cd6306917490
dfe88e46-3f0b-3bdd-bb8b-d7190cc27582,2026-04-09,24.412727,2f3787a4-af4a-33b1-9633-78e945ce9cbb0630344304
e059f4f2-66b1-346c-8a33-8c16446a8657,2026-04-09,19.54192,2a7ac4ba-1536-3186-93b2-a2c27853a79e9011911429
e0ab7ac6-23e5-3ce5-aef4-d9e2e575bb7a,2026-04-09,13.433597,36f25be1-e4a7-34ea-a4d5-d394fb2065cc2046082019
e1ec776a-9a69-3e5d-a0c5-33a9250b1f19,2026-04-09,4.867698,8dbe6882-1128-323e-98cf-6c6c8fd5be7d0079256300
e402d019-6155-3bff-9228-4911ea446777,2026-04-09,81.778229,d454160e-2dc7-3ac7-86b9-e72c34ef16312394849607
e69f5e43-374e-3577-a194-03eca473eb86,2026-04-09,37.253661,b994cb0e-9aaf-3dbd-a0ab-315cc16c435c1107868581
e76bb8c7-e2ca-3a2e-96b4-7d3717dfbe06,2026-04-09,31.959775,e755d9a3-e083-3c09-8b82-e48bcb43e7f81851692813
ea133f80-908c-3a40-af86-f0745e517fd2,2026-04-09,59.016838,7111b6e6-9d33-3f84-ae08-89cafad819261967282058
ed0a8ed8-2282-3fec-82db-fafd297cdb61,2026-04-09,5.322294,4e3099ad-3bc5-3b23-837d-8c897adc8c894362553996
eeaba3bd-0e65-3eff-80b8-bb415d1cdc89,2026-04-09,19.953228,6d3df8ea-2edd-3fc0-8f44-b14a5c9f858f7358431617
f02cc034-f8c6-39b7-afff-343b04ff2064,2026-04-09,14.291262,4a495ff6-34e1-3d8e-9177-445cdfd39d764430640857
f0699448-f713-378f-9e30-ac35b4b0ddbb,2026-04-09,22.814611,0fcce33d-eb23-3f5d-946b-53b6afe198987280446281
f1809858-d9d7-3db3-8cc3-5793c598044c,2026-04-09,25.852207,7697f751-8371-30c0-81c8-fcc775cadf993437132586
f28c27e1-116f-3bfa-87a3-a4aec05ef6ed,2026-04-09,38.452441,06747886-3cd5-3df7-b4e3-5300fd43ba8b6993791108
f37b1d54-4726-3503-b093-7096160494d8,2026-04-09,15.920055,0701ba50-1c05-393a-97d1-5f4023a8749c6116792851
f55d8d9d-5df9-32e8-a43c-40e2d30fe83e,2026-04-09,11.910972,25ce49b4-0e30-37f6-83c9-8fdba57ec8554749707383
f5c21c69-5b03-320a-ae2e-2554aefff943,2026-04-09,61.961462,1733732a-abce-3040-96d5-89e43d8b44882339867108
f6d44ec5-a47a-3937-931c-9f8412b5fa88,2026-04-09,15.539333,6197876e-4ea6-3121-8a4b-12b6efea400a0240575023
fa146ea6-61c1-3eaf-b3b7-d79bd6e503ca,2026-04-09,11.484902,31c3893f-aa84-359f-a9a7-c4d51a001df11272461817
fccc0510-f20a-3f28-bf3c-66cfe9fa99d1,2026-04-09,19.419957,218810c6-5f55-31ef-942d-6b8f7944e4a79796581507
fe5c2831-6d72-3f57-b5da-21037ecbeb2f,2026-04-09,3.229205,caac5c39-53fe-3b0e-a941-3f0559293a333871484605
02995d49-90df-31cf-97ba-5c229a76711f,2026-04-10,188.668385,16bfeb59-c1e9-3456-891d-bdc1da0007925452020064
0388e0d9-8d10-3b74-a111-fdac480a0825,2026-04-10,24.807949,6ebc7d27-88d5-35f2-857d-fc6f145b17b60057015050
04f49ac6-5f35-3df9-b623-c026f24561e1,2026-04-10,54.026672,4ccf4637-f73f-3ea2-bd9d-89cd0876527e2011240689
0594d9cc-176f-3811-b8ff-1badba391ea1,2026-04-10,33.100876,7bf9e218-5646-3380-8098-8b14d617d4eb9836650145
06e33f1d-dda0-31b8-915e-bde6cf9b4012,2026-04-10,26.581498,5c1c68c1-feaf-3d3a-8a14-7e795d01c1ba6471737628
0bd9c8a1-cf25-3dfe-9380-6143b1183f53,2026-04-10,120.793041,7ff7d9b9-eb8b-35f9-9265-8dd933d6e5f40824718437
0d27bc97-59cd-32d0-9146-960993fea8f2,2026-04-10,10.900432,2f024d4b-7d63-3f13-9c02-6541cfb6efcb8610694866
0d66e094-d57b-3221-bdb4-ff9f2a6fa6b6,2026-04-10,56.585661,a1f98fd1-522c-331e-93df-e0e3c705c1c60127744720
0f7a9277-d005-30c0-8821-910389205cba,2026-04-10,24.974055,1498339f-636a-3ba6-8eaf-f82826cfc66b1703033271
1094d4eb-2c4b-3c82-bb41-36696a775289,2026-04-10,67.357052,8348db4d-a8ba-3dc8-b03d-3f8345e1ce081137124557
1176a69b-fd42-3989-9822-360026e942a4,2026-04-10,133.923214,4b6c12aa-31db-353f-9880-bcdca16d2c971125384531
15d19e1d-74b8-3948-867f-63a4a1188539,2026-04-10,67.710663,3a0da385-e669-30df-8f17-ee93aea6a3a63054977077
176efb99-8d0f-325e-a3e0-daa08e876832,2026-04-10,20.946421,c3c60fed-2c36-3d97-8b89-35c5cbbebe232642944088
17e9c47e-62ba-33a6-96e1-95ad3c636d22,2026-04-10,31.941979,77974123-fa35-3834-90f5-d19a2e752e979650064655
19fa59d6-c1b5-3e11-ba74-ad111de5584f,2026-04-10,225.839534,fc4e8c60-faee-3c94-be88-2bedfd49a32f0411781020
1bdab13f-7bc5-3e3d-81c9-f9179619fd90,2026-04-10,7.173322,5351c2cb-b7f7-3a9c-acd5-db63cfafda343248281033
1c3f0a45-334a-3810-b02a-7ba9181fca95,2026-04-10,16.692147,f25a1909-b1f5-354d-9179-29694f6ccd7b0794803399
2111daa9-5dbb-36aa-b675-efab46559d5d,2026-04-10,7.924121,93fc0a2e-adf6-3b5c-a38a-8aaf0af2466c8463812397
21e18788-026e-37c1-9a0a-259c58a0fc50,2026-04-10,54.092225,6825bc20-32f9-371b-b653-a8454dd0cf4e9794303102
2269fc50-2d42-3349-9d12-3bc08569d8ae,2026-04-10,11.874719,5bedbf8e-359c-38f3-981e-a44c610ee0489536718275
28cba5c0-c834-3c34-900a-9d6772fd9c30,2026-04-10,24.350655,1233b0a6-550e-3390-88ce-2a21eefafe917625072302
2b3c346c-5f49-3232-be35-3443261527b0,2026-04-10,7.838306,e6538295-3b6e-3154-9420-ec45501d20ae5856219597
2bf4e90b-5fb4-3eb6-92bd-c21ab46e7639,2026-04-10,5.698285,4835e147-ad32-3a9a-b1c1-4116ab8c15bf1573038869
2fd79494-a377-3a29-a882-b11802cfee0c,2026-04-10,8.478711,e50f86b5-d7cd-3a80-a5b4-78c659980b001758781599
32da1b1b-0d42-3b01-a03e-3891e0cc9afd,2026-04-10,10.597506,0caf4254-2a36-3012-a39e-da6c7dc35c289481483767
3980a3b0-7169-37c1-ba12-f7547a8e9e3b,2026-04-10,5.380894,12d66d5c-7532-38c8-893b-c6806919a6290164081510
3e7f3808-bc28-36c7-8251-a028f5ff5644,2026-04-10,5.904255,18ddeade-5928-3676-ae42-029acd2d6bcb2570795136
3fe600f0-c808-3676-90fe-909ea8b83ca6,2026-04-10,3.958275,89445095-871b-3498-be52-e63f6b0e774b5355986831
41219c74-897b-3ca9-87e5-43da9041ddd3,2026-04-10,23.576281,fbfd204b-197f-3c6c-95b1-4733172f5fca0533189354
423348ca-0838-3372-a616-b4cda0468666,2026-04-10,9.220359,c36a6f4f-bea8-35b0-b824-2c970e256ac26805083472
434188a4-f9da-364f-a6dc-53072f0ec1b3,2026-04-10,25.390917,e25f63b1-614b-3240-9c58-803a43e9bb435024428155
43538921-75c3-3004-917b-51c3d8e2a3a6,2026-04-10,35.490684,e213be6c-e983-37d3-b47d-03cfedb25b867590845836
43cc96db-6d25-3ad3-9163-10247bdd66bf,2026-04-10,17.621914,9eddeeed-8808-33dc-9ba2-905a79c87f321161343299
458e61b5-010d-3520-8683-4ea9ccc7bf9a,2026-04-10,7.709145,95cfc947-103d-376e-ac8e-6b4da75421917390253262
48a891ca-8770-3a95-9414-af5bad034e5a,2026-04-10,11.828787,6a2b2b4f-b163-3211-9417-7ab21b779b6e4168236426
4a7af055-4d5f-39bf-b0a0-3e957abd6b60,2026-04-10,36.032295,2d350fdb-0d58-3f71-94bc-a8c8ac08ee913457245518
4c9d57d4-cc8e-3ffa-a7a2-954c71ef5235,2026-04-10,43.492291,10cf198f-ca0e-3ab3-a33e-629868eaf1657063863282
4d8e0306-9402-312c-8735-520e75542ddf,2026-04-10,9.490316,fc890f93-7094-3cdc-9c17-a9bca9d2149d3600693627
4f630062-21f6-3266-9acd-c0827dbf5c05,2026-04-10,12.669627,8f29efaf-4f24-3d15-82d5-2fc874ce981c6011993181
4fbbedf8-7ea9-3ba5-8a18-f658a4f21605,2026-04-10,132.299426,0cbedb6f-5585-3d14-bb7a-52ed75958ad14113335693
509c1fe7-94b1-311d-9fd0-979b350e4d61,2026-04-10,91.583863,beeb8cb8-6b14-3b16-b8ec-735f810410575059189611
50be9c42-1c4b-3493-a07c-ffe59fd8491c,2026-04-10,63.180591,edb658c0-31b6-337f-a557-ae881cfe96142560471597
5113b093-acec-3c38-870f-b61a2dd6b880,2026-04-10,85.499779,6de2df31-0e47-37b7-af92-4257cf86aa933125819112
5498a54c-7cf2-3cbb-85d5-1078aa3be4a7,2026-04-10,11.744616,7f2eff44-b501-3d88-8b7a-bc0819c1cbd05256736696
54de7dbc-3f9b-3702-b677-fee85da6201d,2026-04-10,4.892223,d44e39e8-4f08-3623-986b-2646518072bf1207235870
55ad8c29-20dc-320f-8c21-ac3dfd7685ea,2026-04-10,32.359654,59813d11-bc16-3001-915e-9a9eff70c57f6619407622
5656dbc0-5497-3227-a829-fd8eb574450e,2026-04-10,12.566645,a203c081-9992-358a-b291-2006588558ba6822670837
56ab4ff8-d4a1-314d-82eb-cc5055b8d77c,2026-04-10,17.584146,95b986e2-fb52-3222-9a4d-94390d8daa468577144310
57437979-1053-38bc-8abf-3f9eba7ffc49,2026-04-10,16.392513,66cc36c9-6f31-3eff-8201-8a0a7f0bd59a0688159859
577fb2a5-642d-3f7e-8720-21da3c10d3d9,2026-04-10,13.496783,2275bace-3655-3145-b773-9b9320588f9f1599611388
57d3f142-33f4-308b-ae84-b183cc99db1b,2026-04-10,17.954753,3347c53c-2e52-3fd7-91f9-f73a7872e66a1890146135
591e07f6-72df-366d-a512-d5ee900f7c15,2026-04-10,15.77693,abb3cf38-3fad-3baa-af44-c9b4d24608456857996865
5a91fc01-e54a-36cc-b759-44260109d8b8,2026-04-10,6.744407,1356d797-66bc-3a72-b11f-7b3084dc9d272348624974
5b4c7154-ad7e-3526-aa3c-45e89d71e721,2026-04-10,82.107842,a5074e62-50d5-364b-aeef-675c60c2ee493068298762
5cb2e039-2dc8-3bad-9d23-4bfddc143afe,2026-04-10,30.588558,8a29b19a-f05e-35e9-8df7-d99b28bf8a8d3280431943
5d6ffe35-085b-3fc0-abf7-9f02a5c4fb33,2026-04-10,13.900897,03ffa46d-2a01-3d1e-b2b7-afc51d9158352243231721
5de859d5-b06b-3878-b7f0-64c4e91191df,2026-04-10,3.455468,865e99a1-718b-338b-80ab-7bdcf6c522a91536159266
5f76ba6d-1bf0-3e51-b2e4-3a6d19bc39b9,2026-04-10,47.623072,c708bc56-c900-3691-a10c-994bfde2114d0282457351
5fa5d9c4-22b7-39f7-a3b2-d521ea60b47b,2026-04-10,11.40023,ab4ba1b3-b598-3bfb-8df0-768a0df60d506177714931
6001b0b7-96fc-3fe1-aef1-329c8e2f62ce,2026-04-10,13.219807,6e29cd08-5d8b-32dd-baf0-fc5123d964c69692072979
617065f0-5c37-32d6-a3d6-dc223ac898b3,2026-04-10,13.639177,ae562d52-09ae-3863-b5f0-5ae580696f0f2844325743
68b45261-85be-3d03-a069-5aa6ffe8e8ca,2026-04-10,53.737507,b6a7cc29-e0c8-36bf-9e06-ffc155431b242084275934
6e8a1cb9-329d-3c5e-8d21-4c46a734d1e9,2026-04-10,22.508451,b038cfcb-9c1e-3cde-8676-1be4c1366b8b3024374020
760b65eb-45d9-332e-bbdd-15ad2c3223bc,2026-04-10,14.707043,4050495a-d74a-3f1b-b29d-db93ba2a71c15767916558
7825a025-23b9-3955-84e6-3a54c38e86e4,2026-04-10,26.967248,944aa6d5-032b-30c6-b177-dba1d9d44f1a2385396646
79874361-3477-38db-9fbd-fc39d1713d69,2026-04-10,13.412792,241900d5-f58b-3b3f-8abc-638d1ad78e024760008737
7f426754-4ea5-368b-9dba-da1364040455,2026-04-10,8.433407,cd02aa00-f588-3d6d-9bb6-d1cb464046df4699798471
7fb6ff11-be82-30ff-ad1d-e44ada4f46db,2026-04-10,15.919203,44965c11-796e-3e8c-b92a-222141e2d34e4076630863
82a48b8e-4fa5-3f42-857c-71fbe24937aa,2026-04-10,19.819321,78999b98-2dd1-3379-978c-e2474a4a43306995668347
834aa49a-5a2a-30db-8385-ad60aed26cd7,2026-04-10,113.742163,4b2f77f6-8ea8-3f4d-8688-fe485e1dd22d6927009123
84851a10-43f1-3fc8-a358-06f529f15c33,2026-04-10,45.668589,209d6b5c-3879-3f87-9eb1-228cd3cf4edd0737879839
84dcbd6d-e273-316b-8912-4ed74ff8a9be,2026-04-10,34.646164,a26b9066-44c7-31c3-b9fa-04e255b439490462824831
84f354b1-00ae-34ba-b443-ccd2efee613c,2026-04-10,5.121447,8a14f25e-1645-3406-a19d-b9806ef569954307313451
8c272368-ac0c-3bc7-9568-cfbb26f8e749,2026-04-10,6.954677,9ef76979-dca8-3c79-9b0c-a7e5b98cc4183178708115
8cb2a7d2-f605-3df9-981a-2c02b1d1a4e0,2026-04-10,12.093868,c8409fd1-44f6-341e-aa4a-fcdd48e1dec91197407417
8e914a83-9f14-3c6e-8220-79cebd75eda8,2026-04-10,13.096296,561fc8fa-c73c-3cf0-a4da-ce7cc8fda80f4105333844
911d2093-d19c-3f31-815c-a2815fcd3901,2026-04-10,149.823652,f08546be-1bd1-3bd9-a186-1ac364a028663840464235
92de990d-30ce-38da-ad78-86a4a56c065b,2026-04-10,22.728716,5a8242fb-5aa7-3d5b-ac68-21ea53c5f9e87894148187
9317e817-504a-35a4-b7c3-68e90b432c45,2026-04-10,39.706987,bd68d9fe-0c5e-3648-8a84-d7649dbc11df2315333603
960a5c04-f3ef-340c-af8a-48e88045ac24,2026-04-10,4.1678,485a6ee1-26d8-3d41-bd32-a72421af1a296123003165
9661bcb6-dd62-3576-b8b0-049874fff3a1,2026-04-10,3.245172,a765656c-b5ea-38d3-b817-93751b0015257870386126
96739dc1-9e37-3b11-8e79-e0a5a57062a1,2026-04-10,93.66106,7b60b05a-7946-3efd-a3a0-0ada59de74070619321536
96be8df1-0628-3c17-acd8-50a096438ea0,2026-04-10,24.138567,7b8d6a5a-3256-3096-8208-171b7eaab4737311108557
9f556308-7e5a-375c-8130-c6284c3c5d5c,2026-04-10,17.704331,24110268-df67-321e-9581-bd29f27ea3618160468027
a0f95e73-3897-3dcc-9f5c-faad41b5219c,2026-04-10,80.780687,58b12641-aa5e-3c6d-97a0-f417dd0a469c4411625778
a2de86e5-02cf-3c93-9b40-f9629530b7d1,2026-04-10,376.935946,bcd56054-ac31-3e6f-a2d9-f156a299929c4047783680
a5068583-4849-35ce-900f-e2ce7f309840,2026-04-10,32.776739,ccacfe15-f7bf-3c92-9308-98112a74aa440314647208
a513bb7e-87ac-35cd-b4a2-6d23427bd2fa,2026-04-10,8.996116,481dceb1-1678-3a7e-b288-d7e2bf0c062a7786339993
a8e332b8-087a-38b0-8c1b-64db4efadc7a,2026-04-10,26.073114,47b681e7-c3d8-31f6-ab69-43f82db88fa66316703417
ab5f37ff-9008-3c2a-a32b-c29632f4ea67,2026-04-10,18.998931,0d40eb23-7edb-3787-8cb8-7b09de3075fc1665666263
acadf00f-5359-3905-a13e-213d751bffb2,2026-04-10,7.875788,2852258a-e2bf-3b5a-ad87-7915c236685c5632583391
af15418c-707a-3e54-a465-034a3b570a96,2026-04-10,23.868012,89b93f60-7af8-31b9-aacf-45885de7f2069142372275
b20c7e06-4ac3-32d4-be1f-8d8ca043e124,2026-04-10,20.475921,650b165d-6706-35fc-bfd9-fcbb4c66d7bc6712610403
b32150f1-1acd-3990-ad31-f63fed66b1cf,2026-04-10,29.131914,27222e5f-5d35-3311-be74-7f592e6bb2553842641276
b516e127-e0a8-3444-a387-7ee0a83c2029,2026-04-10,2.172043,cc30fb51-7115-329e-acbb-6cf3b4f138c85952469832
b5344373-538f-3f37-8982-c97e3158144a,2026-04-10,14.209929,2a20868d-41a0-350b-abd7-08a3f9d834063257215959
b571b5d8-c91f-3776-86bd-22c88c5580c2,2026-04-10,41.43032,afafa873-61a8-38e0-8977-cd70cd270f449777286253
b9f874e5-bbd8-332a-9f2e-a024bb815cf9,2026-04-10,106.589907,0183e024-3556-38ab-8f83-a2397dc1c7ff0961989030
beac6842-6d1c-39f8-bd3d-f2cbddfe2e23,2026-04-10,6.607792,71933d57-e488-3aa3-b364-7c195cfded299062716503
beb1d1c6-4fa9-36a8-a06f-1dc58ab74161,2026-04-10,3.107601,69be3936-f12c-34ad-b6bc-7a9f397f7d580253357983
c039e4c8-9c3b-3ae3-a2e7-b54c85d2cac7,2026-04-10,86.830467,ef0e0898-3920-39d5-9050-8c57b5cbcd1c9155184466
c0f8ab9f-4b7b-3f4f-b576-f80ad3cb5399,2026-04-10,19.246497,ae6fce59-c426-3691-b4cc-2e7f01a5433a0719674315
c3811eff-eb0f-3e83-943e-18b5d09919e4,2026-04-10,17.953327,b38c4c71-2ecc-3478-967b-30176508f2a82808970508
c4b4c934-c94d-3170-bd1b-d7737b2ab490,2026-04-10,6.338601,ddfedfb4-a197-3bc5-b5b9-3413d396c9d18520739647
c7599875-d64e-3ef2-8a6a-a218c4c24bfa,2026-04-10,10.635738,4acd48f6-3379-3b71-a45f-8ba6aad527457333951563
c8c964e3-6f43-33e9-8a11-e9eaf55933ba,2026-04-10,64.879528,db1bd750-5b46-3bea-9d82-c79a18a08d0d0806001910
cce1c127-2ff8-3ea0-a9b8-2df2cd888b5b,2026-04-10,43.39011,40fb0c0c-0006-3ab6-84ec-5dc4198294863739942525
cdcbe271-7336-35c3-a44f-1a90281b0857,2026-04-10,24.296919,cc4a0181-1f8b-3069-891f-8f8303116f410950083050
d098b8be-5fd2-3aaf-b08a-03443b43e413,2026-04-10,12.769765,ebfca532-8531-3093-b085-d9b06d8a505a5090987086
d320f92f-4cc3-395c-b6c7-3cb3c7cb3efe,2026-04-10,76.10464,db719257-f1df-3420-b485-acfb0da643a10140791541
d3c48311-d8dc-3e24-95dd-6d2bca767bff,2026-04-10,13.229239,84018d69-0a55-3d24-a877-97aaa31a46cf2815442486
d3d0b6a8-f422-3af5-a62e-826c20495095,2026-04-10,5.718323,9a1ea106-1b3c-358a-b321-05d0ef5590af7934449393
d6f76560-f2a1-3ae9-ab43-eaa1f2033306,2026-04-10,37.72947,df76341f-d9c1-31f1-a511-61e0bba9ac1a9330646801
d834b72d-c2cc-391e-8a0c-c3f147eeb522,2026-04-10,35.807787,62331e5f-4437-3168-b6e9-aa00c1ae49235115900219
d85f6c3e-620f-3cc3-9005-9e1beefefdc6,2026-04-10,12.031169,7a3476cf-c702-35d8-ab2c-c3c41701130b3532848987
d86225ec-57c8-3039-9b73-5067e9668517,2026-04-10,10.716539,9befbbd8-c5ed-3abc-9d19-377736924de73675696583
d940c628-4e61-3954-9aee-1aa0a0b6e21f,2026-04-10,16.299977,cbf31122-ee58-37d2-a16f-5d8ff6fcc1cb8640751006
e059f4f2-66b1-346c-8a33-8c16446a8657,2026-04-10,34.216985,2a7ac4ba-1536-3186-93b2-a2c27853a79e9011911429
e0ab7ac6-23e5-3ce5-aef4-d9e2e575bb7a,2026-04-10,3.253296,36f25be1-e4a7-34ea-a4d5-d394fb2065cc2046082019
e1ec776a-9a69-3e5d-a0c5-33a9250b1f19,2026-04-10,14.135946,8dbe6882-1128-323e-98cf-6c6c8fd5be7d0079256300
e402d019-6155-3bff-9228-4911ea446777,2026-04-10,73.712349,d454160e-2dc7-3ac7-86b9-e72c34ef16312394849607
e76bb8c7-e2ca-3a2e-96b4-7d3717dfbe06,2026-04-10,13.203169,e755d9a3-e083-3c09-8b82-e48bcb43e7f81851692813
ea133f80-908c-3a40-af86-f0745e517fd2,2026-04-10,54.094954,7111b6e6-9d33-3f84-ae08-89cafad819261967282058
ed0a8ed8-2282-3fec-82db-fafd297cdb61,2026-04-10,6.485101,4e3099ad-3bc5-3b23-837d-8c897adc8c894362553996
eeaba3bd-0e65-3eff-80b8-bb415d1cdc89,2026-04-10,24.950932,6d3df8ea-2edd-3fc0-8f44-b14a5c9f858f7358431617
f02cc034-f8c6-39b7-afff-343b04ff2064,2026-04-10,17.907272,4a495ff6-34e1-3d8e-9177-445cdfd39d764430640857
f1809858-d9d7-3db3-8cc3-5793c598044c,2026-04-10,77.981028,7697f751-8371-30c0-81c8-fcc775cadf993437132586
f1ebcf2f-e51e-373c-b8af-374b6efced62,2026-04-10,26.645445,a96795c7-1ef3-330f-9a52-bd611b998fc53408195367
f55d8d9d-5df9-32e8-a43c-40e2d30fe83e,2026-04-10,18.959475,25ce49b4-0e30-37f6-83c9-8fdba57ec8554749707383
f5c21c69-5b03-320a-ae2e-2554aefff943,2026-04-10,66.716574,1733732a-abce-3040-96d5-89e43d8b44882339867108
fbb84839-d7f2-363f-a497-68b74f2449f2,2026-04-10,23.111106,76b88c0d-830b-38ed-91c8-6b3757820cc05429571885
fccc0510-f20a-3f28-bf3c-66cfe9fa99d1,2026-04-10,17.026749,218810c6-5f55-31ef-942d-6b8f7944e4a79796581507
fe5c2831-6d72-3f57-b5da-21037ecbeb2f,2026-04-10,7.394838,caac5c39-53fe-3b0e-a941-3f0559293a333871484605
02995d49-90df-31cf-97ba-5c229a76711f,2026-04-13,196.978682,16bfeb59-c1e9-3456-891d-bdc1da0007925452020064
04f49ac6-5f35-3df9-b623-c026f24561e1,2026-04-13,81.725532,4ccf4637-f73f-3ea2-bd9d-89cd0876527e2011240689
06e33f1d-dda0-31b8-915e-bde6cf9b4012,2026-04-13,40.441747,5c1c68c1-feaf-3d3a-8a14-7e795d01c1ba6471737628
0769202c-7965-32a1-8d36-1cd52b64377d,2026-04-13,8.410267,03bfca79-bd1d-3217-a8ee-b032e1a5d4279777514889
0d06916c-fc74-37b3-8630-7f2eb8b27347,2026-04-13,52.569999,56ab425a-78d4-3e53-8a5d-bee6cc2ff1583272396058
0d66e094-d57b-3221-bdb4-ff9f2a6fa6b6,2026-04-13,44.399319,a1f98fd1-522c-331e-93df-e0e3c705c1c60127744720
0f7a9277-d005-30c0-8821-910389205cba,2026-04-13,25.616273,1498339f-636a-3ba6-8eaf-f82826cfc66b1703033271
103be95c-0738-36fc-9aca-d07b1504909a,2026-04-13,71.28932,288d8971-0036-3b38-be44-cdab7d647fa95424134206
1094d4eb-2c4b-3c82-bb41-36696a775289,2026-04-13,62.336169,8348db4d-a8ba-3dc8-b03d-3f8345e1ce081137124557
15f19ccf-5f54-370e-914a-19ef0d6e7bfe,2026-04-13,114.170423,d0dca904-0a39-3f70-8f24-23b3f8543cae9283252446
18a6d5f8-3203-3934-be7c-fef235f8d5ee,2026-04-13,12.50929,d0fc809f-656e-31a8-9e5e-192c6b636f8d5430933548
1bdab13f-7bc5-3e3d-81c9-f9179619fd90,2026-04-13,10.77284,5351c2cb-b7f7-3a9c-acd5-db63cfafda343248281033
1c3f0a45-334a-3810-b02a-7ba9181fca95,2026-04-13,19.466351,f25a1909-b1f5-354d-9179-29694f6ccd7b0794803399
1eae9205-92f7-36a7-94c5-cb082b3e7211,2026-04-13,20.524135,dd4f2862-ad2c-38c4-98b8-9dfedc77a2173206733718
226055f6-f55e-381a-9363-c4f462e58856,2026-04-13,23.36903,758f87b4-c782-37fb-911f-42b481be57aa2005558548
29513ef6-a0f9-30aa-b2a3-e67dd9c50f2d,2026-04-13,10.503681,4763c9d2-d480-368f-84c3-63cf0c346e577347437891
2bf4e90b-5fb4-3eb6-92bd-c21ab46e7639,2026-04-13,11.952244,4835e147-ad32-3a9a-b1c1-4116ab8c15bf1573038869
2fd79494-a377-3a29-a882-b11802cfee0c,2026-04-13,4.538821,e50f86b5-d7cd-3a80-a5b4-78c659980b001758781599
2fdf5375-31c8-3c6a-9cf3-12465dbec4a5,2026-04-13,15.588862,fd3e2044-7bf6-3813-acab-9043d4cbda0b6568880041
323a2cac-7231-3d1b-90b0-babcb0cf55ba,2026-04-13,6.87867,6110ae57-4fb0-3294-9c39-0fdab85c823b7854159322
3615a797-2def-32a3-a0ae-3a6e8eccf080,2026-04-13,20.261899,edfa21ff-76b9-3113-8d97-a175f873fb244866321730
363a066c-58b6-3bcf-a7b0-e9729a735ba7,2026-04-13,37.307989,29527eb9-d544-35c2-b9f1-bb262cf6b4159824252521
3ab4ce54-3bfa-3a09-8624-c69a02d77632,2026-04-13,2.067121,776a90be-9929-3c47-9f5d-5f73f58824c60497278972
3ec4aa61-73df-37f5-af33-ac50b24f1ab5,2026-04-13,39.162622,5530820d-9691-3c0b-895b-b218aa4b299c0225945614
3f3adad3-22df-3188-a572-bab43c8f0258,2026-04-13,137.065365,b2628cd8-ae87-339b-8a4a-eb87332124ab1738661597
41219c74-897b-3ca9-87e5-43da9041ddd3,2026-04-13,42.710284,fbfd204b-197f-3c6c-95b1-4733172f5fca0533189354
423348ca-0838-3372-a616-b4cda0468666,2026-04-13,10.144312,c36a6f4f-bea8-35b0-b824-2c970e256ac26805083472
43538921-75c3-3004-917b-51c3d8e2a3a6,2026-04-13,18.570009,e213be6c-e983-37d3-b47d-03cfedb25b867590845836
48a891ca-8770-3a95-9414-af5bad034e5a,2026-04-13,6.275795,6a2b2b4f-b163-3211-9417-7ab21b779b6e4168236426
48d69815-2eb5-3bb9-a39b-cbe1ceb52e99,2026-04-13,9.863398,6cfee349-1ef0-3fb2-815c-a8a1f54dfaf82072162601
4a7af055-4d5f-39bf-b0a0-3e957abd6b60,2026-04-13,18.481235,2d350fdb-0d58-3f71-94bc-a8c8ac08ee913457245518
4c9d57d4-cc8e-3ffa-a7a2-954c71ef5235,2026-04-13,46.146815,10cf198f-ca0e-3ab3-a33e-629868eaf1657063863282
4f630062-21f6-3266-9acd-c0827dbf5c05,2026-04-13,9.11329,8f29efaf-4f24-3d15-82d5-2fc874ce981c6011993181
4fbbedf8-7ea9-3ba5-8a18-f658a4f21605,2026-04-13,129.709625,0cbedb6f-5585-3d14-bb7a-52ed75958ad14113335693
5060be3d-9bbb-3f4e-955c-625e4390c6b7,2026-04-13,11.676317,2aff5a14-b04c-3fb3-98e6-5f847371e3ff9195279440
509c1fe7-94b1-311d-9fd0-979b350e4d61,2026-04-13,79.045763,beeb8cb8-6b14-3b16-b8ec-735f810410575059189611
50be9c42-1c4b-3493-a07c-ffe59fd8491c,2026-04-13,60.544373,edb658c0-31b6-337f-a557-ae881cfe96142560471597
524da203-40d7-33a6-8ab6-b21a0cef3c58,2026-04-13,11.302811,4b414f3b-b1d8-3f11-b80f-a4ce6c6d7a4c9655939769
5498a54c-7cf2-3cbb-85d5-1078aa3be4a7,2026-04-13,15.164811,7f2eff44-b501-3d88-8b7a-bc0819c1cbd05256736696
54de7dbc-3f9b-3702-b677-fee85da6201d,2026-04-13,7.853901,d44e39e8-4f08-3623-986b-2646518072bf1207235870
5656dbc0-5497-3227-a829-fd8eb574450e,2026-04-13,10.537968,a203c081-9992-358a-b291-2006588558ba6822670837
56ab4ff8-d4a1-314d-82eb-cc5055b8d77c,2026-04-13,22.078693,95b986e2-fb52-3222-9a4d-94390d8daa468577144310
57437979-1053-38bc-8abf-3f9eba7ffc49,2026-04-13,17.714082,66cc36c9-6f31-3eff-8201-8a0a7f0bd59a0688159859
591e07f6-72df-366d-a512-d5ee900f7c15,2026-04-13,13.304673,abb3cf38-3fad-3baa-af44-c9b4d24608456857996865
5a91fc01-e54a-36cc-b759-44260109d8b8,2026-04-13,2.352804,1356d797-66bc-3a72-b11f-7b3084dc9d272348624974
5cb2e039-2dc8-3bad-9d23-4bfddc143afe,2026-04-13,30.474568,8a29b19a-f05e-35e9-8df7-d99b28bf8a8d3280431943
5de859d5-b06b-3878-b7f0-64c4e91191df,2026-04-13,3.091092,865e99a1-718b-338b-80ab-7bdcf6c522a91536159266
6001b0b7-96fc-3fe1-aef1-329c8e2f62ce,2026-04-13,20.417004,6e29cd08-5d8b-32dd-baf0-fc5123d964c69692072979
617065f0-5c37-32d6-a3d6-dc223ac898b3,2026-04-13,15.881826,ae562d52-09ae-3863-b5f0-5ae580696f0f2844325743
6e8a1cb9-329d-3c5e-8d21-4c46a734d1e9,2026-04-13,21.3047,b038cfcb-9c1e-3cde-8676-1be4c1366b8b3024374020
72e3323e-cebd-3aa6-a736-9022afb37e21,2026-04-13,11.828785,dd1d2448-04ec-3dd9-9b0e-69f5e79a93407723570593
74cd4f7c-116b-3316-bf7f-eb46458694da,2026-04-13,62.340856,755c3974-2d2b-3242-8001-42f3d96983649032632994
760b65eb-45d9-332e-bbdd-15ad2c3223bc,2026-04-13,30.087649,4050495a-d74a-3f1b-b29d-db93ba2a71c15767916558
79874361-3477-38db-9fbd-fc39d1713d69,2026-04-13,15.876918,241900d5-f58b-3b3f-8abc-638d1ad78e024760008737
7fb6ff11-be82-30ff-ad1d-e44ada4f46db,2026-04-13,27.307469,44965c11-796e-3e8c-b92a-222141e2d34e4076630863
7feb497b-3ee8-39fa-9cfd-72a898f4cf47,2026-04-13,21.230878,90e6638a-edc1-308e-9f27-d8a3719440025129345869
812c22d3-3843-3385-aa3b-aa8ae91b882a,2026-04-13,12.294159,e7cb4203-d63e-3d55-86b1-e2f3868974688509958032
82b47e6e-09d7-36e6-80ab-4506629ff46b,2026-04-13,32.119792,1695d743-ff11-3262-b7c5-f109ac7b016b5800029843
834aa49a-5a2a-30db-8385-ad60aed26cd7,2026-04-13,138.80056,4b2f77f6-8ea8-3f4d-8688-fe485e1dd22d6927009123
84851a10-43f1-3fc8-a358-06f529f15c33,2026-04-13,34.858178,209d6b5c-3879-3f87-9eb1-228cd3cf4edd0737879839
84dcbd6d-e273-316b-8912-4ed74ff8a9be,2026-04-13,25.509957,a26b9066-44c7-31c3-b9fa-04e255b439490462824831
84f354b1-00ae-34ba-b443-ccd2efee613c,2026-04-13,9.625078,8a14f25e-1645-3406-a19d-b9806ef569954307313451
87ab0257-a9f6-3705-89f8-f63b9b8f2b0c,2026-04-13,26.995789,dd1dde98-5502-3952-90fe-dc66f816ed747906535428
8ca30a12-e5f4-3017-8037-1616e9ddbb5b,2026-04-13,16.354086,d980087a-73cd-3a85-914f-0dbeb6da2ff07929331557
8cb2a7d2-f605-3df9-981a-2c02b1d1a4e0,2026-04-13,15.369698,c8409fd1-44f6-341e-aa4a-fcdd48e1dec91197407417
8dc72d59-3896-3d24-a51b-3a8a9e1c6713,2026-04-13,23.383867,2bb55a33-fdd0-39b0-8fa8-bf8f9e9997f59421453150
8e914a83-9f14-3c6e-8220-79cebd75eda8,2026-04-13,7.839257,561fc8fa-c73c-3cf0-a4da-ce7cc8fda80f4105333844
911d2093-d19c-3f31-815c-a2815fcd3901,2026-04-13,186.909437,f08546be-1bd1-3bd9-a186-1ac364a028663840464235
92de990d-30ce-38da-ad78-86a4a56c065b,2026-04-13,19.85271,5a8242fb-5aa7-3d5b-ac68-21ea53c5f9e87894148187
9317e817-504a-35a4-b7c3-68e90b432c45,2026-04-13,34.984108,bd68d9fe-0c5e-3648-8a84-d7649dbc11df2315333603
960a5c04-f3ef-340c-af8a-48e88045ac24,2026-04-13,15.768821,485a6ee1-26d8-3d41-bd32-a72421af1a296123003165
9661bcb6-dd62-3576-b8b0-049874fff3a1,2026-04-13,7.714464,a765656c-b5ea-38d3-b817-93751b0015257870386126
96739dc1-9e37-3b11-8e79-e0a5a57062a1,2026-04-13,126.945959,7b60b05a-7946-3efd-a3a0-0ada59de74070619321536
9bddd6f0-dd41-333e-aac7-f757b18ea2aa,2026-04-13,35.400645,c6545cb9-33df-373c-8ac9-ce43225c9d986458695776
9f556308-7e5a-375c-8130-c6284c3c5d5c,2026-04-13,14.097593,24110268-df67-321e-9581-bd29f27ea3618160468027
a12779cf-ff75-376e-9cb4-73e937a3c164,2026-04-13,1.986665,ba19c2fb-8246-3ab8-b894-67973ae2268a8549866658
a2de86e5-02cf-3c93-9b40-f9629530b7d1,2026-04-13,580.075008,bcd56054-ac31-3e6f-a2d9-f156a299929c4047783680
a513bb7e-87ac-35cd-b4a2-6d23427bd2fa,2026-04-13,6.324759,481dceb1-1678-3a7e-b288-d7e2bf0c062a7786339993
a67cec0f-eda0-3d47-af0e-2bd3262a8cf9,2026-04-13,14.26646,edd1002d-960d-3956-8ea2-8ffafe4e3f780323661523
a8e332b8-087a-38b0-8c1b-64db4efadc7a,2026-04-13,34.829197,47b681e7-c3d8-31f6-ab69-43f82db88fa66316703417
ac429fef-9e6b-3e26-a5ea-3122c166230c,2026-04-13,91.410657,81f224a7-cb42-3ee9-9103-e81fcc20756c3353013338
acadf00f-5359-3905-a13e-213d751bffb2,2026-04-13,6.009914,2852258a-e2bf-3b5a-ad87-7915c236685c5632583391
ae5f3d2e-f527-359d-8bcf-846f320f8e57,2026-04-13,2.645206,22f94015-ff23-3150-ae0f-9ef0bb188a207912060816
b095775a-2d08-336f-bccf-d2f71dc4ba3c,2026-04-13,5.594922,fb87865a-444a-3efc-ab25-247ac494cd574338526402
b1d22b60-1492-37de-a246-db25e91bfb1f,2026-04-13,19.360472,ba855984-6afa-3f25-82a9-033558199c9b4291338588
b32150f1-1acd-3990-ad31-f63fed66b1cf,2026-04-13,48.368148,27222e5f-5d35-3311-be74-7f592e6bb2553842641276
b571b5d8-c91f-3776-86bd-22c88c5580c2,2026-04-13,45.654987,afafa873-61a8-38e0-8977-cd70cd270f449777286253
b7f8d590-1a7d-3745-82cc-9e0c966c6306,2026-04-13,11.484631,65f0ec49-73ce-37cb-a381-28e7217750090455003993
bce50849-a0e7-3f2b-b22a-24ed60440705,2026-04-13,10.961216,ecbe8abc-16bb-3af7-8cf1-b6d262d3f9915691766209
bde82a06-b2ee-3309-b4b0-d268a38e4c2c,2026-04-13,102.363706,37f054fc-a7a4-3b27-aefa-23a338a7e9b08878786853
beac6842-6d1c-39f8-bd3d-f2cbddfe2e23,2026-04-13,19.114899,71933d57-e488-3aa3-b364-7c195cfded299062716503
beb1d1c6-4fa9-36a8-a06f-1dc58ab74161,2026-04-13,5.018977,69be3936-f12c-34ad-b6bc-7a9f397f7d580253357983
c0f8ab9f-4b7b-3f4f-b576-f80ad3cb5399,2026-04-13,22.862766,ae6fce59-c426-3691-b4cc-2e7f01a5433a0719674315
c3811eff-eb0f-3e83-943e-18b5d09919e4,2026-04-13,10.927979,b38c4c71-2ecc-3478-967b-30176508f2a82808970508
c3f4e978-22c4-3743-a4d7-8dc20df21654,2026-04-13,13.876759,08043945-b9cb-35c8-8007-ea153d9880273125348988
c41f2431-16c5-3799-9be8-561415389d5f,2026-04-13,27.435289,35f5e81a-e25c-3ff4-892f-d89a5cfb53448046832917
c4b4c934-c94d-3170-bd1b-d7737b2ab490,2026-04-13,9.990314,ddfedfb4-a197-3bc5-b5b9-3413d396c9d18520739647
c4ec5436-0c6f-389c-b83d-e1f34b408946,2026-04-13,3.750615,6d73a170-b659-36fe-bc67-1faa907dd4b49647063385
c6c1b9c0-072d-3dbf-accc-4c8643cc0c4a,2026-04-13,30.55208,8e833220-412d-3626-aef6-f1d8e255b8961584029669
c7599875-d64e-3ef2-8a6a-a218c4c24bfa,2026-04-13,5.823136,4acd48f6-3379-3b71-a45f-8ba6aad527457333951563
c8c964e3-6f43-33e9-8a11-e9eaf55933ba,2026-04-13,36.698495,db1bd750-5b46-3bea-9d82-c79a18a08d0d0806001910
cce1c127-2ff8-3ea0-a9b8-2df2cd888b5b,2026-04-13,48.101308,40fb0c0c-0006-3ab6-84ec-5dc4198294863739942525
ce7a22b8-f3c0-3690-acac-8b5a7bf4c798,2026-04-13,33.985036,75a3be66-cc33-35b3-aa17-355486d71eeb4926576029
d098b8be-5fd2-3aaf-b08a-03443b43e413,2026-04-13,18.395608,ebfca532-8531-3093-b085-d9b06d8a505a5090987086
d3c48311-d8dc-3e24-95dd-6d2bca767bff,2026-04-13,26.656518,84018d69-0a55-3d24-a877-97aaa31a46cf2815442486
d3d0b6a8-f422-3af5-a62e-826c20495095,2026-04-13,13.383685,9a1ea106-1b3c-358a-b321-05d0ef5590af7934449393
d6f76560-f2a1-3ae9-ab43-eaa1f2033306,2026-04-13,91.529938,df76341f-d9c1-31f1-a511-61e0bba9ac1a9330646801
d72106c4-021a-3b57-bf48-7b6f2c14df23,2026-04-13,20.805151,e7b18bc4-313f-33d3-ad46-7b5d777f74ca3565120826
d834b72d-c2cc-391e-8a0c-c3f147eeb522,2026-04-13,24.813437,62331e5f-4437-3168-b6e9-aa00c1ae49235115900219
d86225ec-57c8-3039-9b73-5067e9668517,2026-04-13,6.867883,9befbbd8-c5ed-3abc-9d19-377736924de73675696583
da8b7ad5-701e-38e4-af53-bcb52836386c,2026-04-13,20.948442,5a63d77e-0da6-3691-900f-f20d6593ab0a0016925614
dfc70541-9d37-355c-af06-9bf106459cdb,2026-04-13,16.092127,8d616aa1-7ca1-3b18-a990-d3dd7b63d8ea3801525816
dfe88e46-3f0b-3bdd-bb8b-d7190cc27582,2026-04-13,68.34609,2f3787a4-af4a-33b1-9633-78e945ce9cbb0630344304
e059f4f2-66b1-346c-8a33-8c16446a8657,2026-04-13,22.654572,2a7ac4ba-1536-3186-93b2-a2c27853a79e9011911429
e0ab7ac6-23e5-3ce5-aef4-d9e2e575bb7a,2026-04-13,5.111807,36f25be1-e4a7-34ea-a4d5-d394fb2065cc2046082019
e402d019-6155-3bff-9228-4911ea446777,2026-04-13,66.282986,d454160e-2dc7-3ac7-86b9-e72c34ef16312394849607
e41ed1fc-302f-351c-8dbd-1ccac5078a09,2026-04-13,33.51518,4a944e09-e32f-36d7-b5a4-e211ca471f446730403642
e69f5e43-374e-3577-a194-03eca473eb86,2026-04-13,41.155073,b994cb0e-9aaf-3dbd-a0ab-315cc16c435c1107868581
e76bb8c7-e2ca-3a2e-96b4-7d3717dfbe06,2026-04-13,17.63895,e755d9a3-e083-3c09-8b82-e48bcb43e7f81851692813
ed0a8ed8-2282-3fec-82db-fafd297cdb61,2026-04-13,7.48898,4e3099ad-3bc5-3b23-837d-8c897adc8c894362553996
f02cc034-f8c6-39b7-afff-343b04ff2064,2026-04-13,10.709171,4a495ff6-34e1-3d8e-9177-445cdfd39d764430640857
f0699448-f713-378f-9e30-ac35b4b0ddbb,2026-04-13,26.346056,0fcce33d-eb23-3f5d-946b-53b6afe198987280446281
f166b497-832f-3b26-8149-b36820a1aebe,2026-04-13,1.666741,a7ce6c88-3186-35ed-a793-f40dc624f2bc4233811371
f1809858-d9d7-3db3-8cc3-5793c598044c,2026-04-13,51.845836,7697f751-8371-30c0-81c8-fcc775cadf993437132586
f55d8d9d-5df9-32e8-a43c-40e2d30fe83e,2026-04-13,20.345778,25ce49b4-0e30-37f6-83c9-8fdba57ec8554749707383
f5a2ffe8-63a0-3fe0-82d0-e2780d9d29dc,2026-04-13,14.686423,33dd9c10-10b1-32fe-be4f-7be1047c9ed36643760194
f6d44ec5-a47a-3937-931c-9f8412b5fa88,2026-04-13,12.60222,6197876e-4ea6-3121-8a4b-12b6efea400a0240575023
fccc0510-f20a-3f28-bf3c-66cfe9fa99d1,2026-04-13,14.97178,218810c6-5f55-31ef-942d-6b8f7944e4a79796581507
fe5c2831-6d72-3f57-b5da-21037ecbeb2f,2026-04-13,14.512932,caac5c39-53fe-3b0e-a941-3f0559293a333871484605
02995d49-90df-31cf-97ba-5c229a76711f,2026-04-14,176.897465,16bfeb59-c1e9-3456-891d-bdc1da0007925452020064
030041c0-f398-3572-9c7e-3edf3d9d2ea3,2026-04-14,8.745446,123b8640-546f-3146-aac1-b5e3a45883358031893487
0388e0d9-8d10-3b74-a111-fdac480a0825,2026-04-14,26.793502,6ebc7d27-88d5-35f2-857d-fc6f145b17b60057015050
04f49ac6-5f35-3df9-b623-c026f24561e1,2026-04-14,36.428897,4ccf4637-f73f-3ea2-bd9d-89cd0876527e2011240689
0594d9cc-176f-3811-b8ff-1badba391ea1,2026-04-14,14.32867,7bf9e218-5646-3380-8098-8b14d617d4eb9836650145
06e33f1d-dda0-31b8-915e-bde6cf9b4012,2026-04-14,43.733022,5c1c68c1-feaf-3d3a-8a14-7e795d01c1ba6471737628
0769202c-7965-32a1-8d36-1cd52b64377d,2026-04-14,2.70616,03bfca79-bd1d-3217-a8ee-b032e1a5d4279777514889
0834a8d5-db47-3f2b-8f52-89726cb486de,2026-04-14,12.363141,adb191b8-a33a-343b-b97c-1c5b503b06aa2102226204
0bd9c8a1-cf25-3dfe-9380-6143b1183f53,2026-04-14,67.433843,7ff7d9b9-eb8b-35f9-9265-8dd933d6e5f40824718437
0d27bc97-59cd-32d0-9146-960993fea8f2,2026-04-14,10.797509,2f024d4b-7d63-3f13-9c02-6541cfb6efcb8610694866
0d66e094-d57b-3221-bdb4-ff9f2a6fa6b6,2026-04-14,65.970762,a1f98fd1-522c-331e-93df-e0e3c705c1c60127744720
0f7a9277-d005-30c0-8821-910389205cba,2026-04-14,24.79882,1498339f-636a-3ba6-8eaf-f82826cfc66b1703033271
103be95c-0738-36fc-9aca-d07b1504909a,2026-04-14,92.735602,288d8971-0036-3b38-be44-cdab7d647fa95424134206
1094d4eb-2c4b-3c82-bb41-36696a775289,2026-04-14,56.832403,8348db4d-a8ba-3dc8-b03d-3f8345e1ce081137124557
1176a69b-fd42-3989-9822-360026e942a4,2026-04-14,128.503172,4b6c12aa-31db-353f-9880-bcdca16d2c971125384531
15f19ccf-5f54-370e-914a-19ef0d6e7bfe,2026-04-14,105.99288,d0dca904-0a39-3f70-8f24-23b3f8543cae9283252446
1b3fb613-cf66-3fd2-9f95-ff50109c0acd,2026-04-14,90.664461,1fa2f8d6-f706-3946-b03f-934a353439d71816307632
1bdab13f-7bc5-3e3d-81c9-f9179619fd90,2026-04-14,10.380293,5351c2cb-b7f7-3a9c-acd5-db63cfafda343248281033
1c3f0a45-334a-3810-b02a-7ba9181fca95,2026-04-14,17.919962,f25a1909-b1f5-354d-9179-29694f6ccd7b0794803399
1e77b604-3a35-382d-aef0-2546310e4c08,2026-04-14,15.655733,cd007f7e-ee1f-32ab-b02e-efe7a74e9a2a9374631045
1eae9205-92f7-36a7-94c5-cb082b3e7211,2026-04-14,22.104587,dd4f2862-ad2c-38c4-98b8-9dfedc77a2173206733718
2269fc50-2d42-3349-9d12-3bc08569d8ae,2026-04-14,19.400583,5bedbf8e-359c-38f3-981e-a44c610ee0489536718275
28cba5c0-c834-3c34-900a-9d6772fd9c30,2026-04-14,22.918281,1233b0a6-550e-3390-88ce-2a21eefafe917625072302
29513ef6-a0f9-30aa-b2a3-e67dd9c50f2d,2026-04-14,7.141304,4763c9d2-d480-368f-84c3-63cf0c346e577347437891
29768e10-7435-3d69-8503-a6f77e57bdcd,2026-04-14,7.406133,103d1a25-7f36-33f7-97c6-656f5dff4f1c8078021025
2bf4e90b-5fb4-3eb6-92bd-c21ab46e7639,2026-04-14,10.420263,4835e147-ad32-3a9a-b1c1-4116ab8c15bf1573038869
2fd79494-a377-3a29-a882-b11802cfee0c,2026-04-14,9.003404,e50f86b5-d7cd-3a80-a5b4-78c659980b001758781599
32da1b1b-0d42-3b01-a03e-3891e0cc9afd,2026-04-14,14.118262,0caf4254-2a36-3012-a39e-da6c7dc35c289481483767
3615a797-2def-32a3-a0ae-3a6e8eccf080,2026-04-14,55.83499,edfa21ff-76b9-3113-8d97-a175f873fb244866321730
41219c74-897b-3ca9-87e5-43da9041ddd3,2026-04-14,24.980503,fbfd204b-197f-3c6c-95b1-4733172f5fca0533189354
423348ca-0838-3372-a616-b4cda0468666,2026-04-14,9.276635,c36a6f4f-bea8-35b0-b824-2c970e256ac26805083472
4333cd5c-141e-38a1-af2a-a7df714feddb,2026-04-14,16.837728,3c3bc593-75a7-3bce-b04f-0d15bea76c784217531826
434188a4-f9da-364f-a6dc-53072f0ec1b3,2026-04-14,27.117534,e25f63b1-614b-3240-9c58-803a43e9bb435024428155
43538921-75c3-3004-917b-51c3d8e2a3a6,2026-04-14,30.185944,e213be6c-e983-37d3-b47d-03cfedb25b867590845836
43cc96db-6d25-3ad3-9163-10247bdd66bf,2026-04-14,3.516412,9eddeeed-8808-33dc-9ba2-905a79c87f321161343299
458e61b5-010d-3520-8683-4ea9ccc7bf9a,2026-04-14,14.601274,95cfc947-103d-376e-ac8e-6b4da75421917390253262
48d69815-2eb5-3bb9-a39b-cbe1ceb52e99,2026-04-14,5.555297,6cfee349-1ef0-3fb2-815c-a8a1f54dfaf82072162601
4a7af055-4d5f-39bf-b0a0-3e957abd6b60,2026-04-14,19.295135,2d350fdb-0d58-3f71-94bc-a8c8ac08ee913457245518
4d8e0306-9402-312c-8735-520e75542ddf,2026-04-14,17.480605,fc890f93-7094-3cdc-9c17-a9bca9d2149d3600693627
4f630062-21f6-3266-9acd-c0827dbf5c05,2026-04-14,15.7395,8f29efaf-4f24-3d15-82d5-2fc874ce981c6011993181
509c1fe7-94b1-311d-9fd0-979b350e4d61,2026-04-14,82.046238,beeb8cb8-6b14-3b16-b8ec-735f810410575059189611
50be9c42-1c4b-3493-a07c-ffe59fd8491c,2026-04-14,46.145092,edb658c0-31b6-337f-a557-ae881cfe96142560471597
52412506-0a36-3bbc-b4ff-9579aa41f9b1,2026-04-14,4.497207,258df3e5-7e26-3a3f-9326-aace208da4a32337603841
524da203-40d7-33a6-8ab6-b21a0cef3c58,2026-04-14,17.807401,4b414f3b-b1d8-3f11-b80f-a4ce6c6d7a4c9655939769
5498a54c-7cf2-3cbb-85d5-1078aa3be4a7,2026-04-14,20.380268,7f2eff44-b501-3d88-8b7a-bc0819c1cbd05256736696
54de7dbc-3f9b-3702-b677-fee85da6201d,2026-04-14,6.410509,d44e39e8-4f08-3623-986b-2646518072bf1207235870
55ad8c29-20dc-320f-8c21-ac3dfd7685ea,2026-04-14,67.7008,59813d11-bc16-3001-915e-9a9eff70c57f6619407622
55b0607e-f635-348a-bc83-f4e52515b7ec,2026-04-14,10.463,118c8a35-e628-36a2-8499-91a87fa954ea9600440361
5656dbc0-5497-3227-a829-fd8eb574450e,2026-04-14,34.420503,a203c081-9992-358a-b291-2006588558ba6822670837
56ab4ff8-d4a1-314d-82eb-cc5055b8d77c,2026-04-14,21.737105,95b986e2-fb52-3222-9a4d-94390d8daa468577144310
57437979-1053-38bc-8abf-3f9eba7ffc49,2026-04-14,31.808061,66cc36c9-6f31-3eff-8201-8a0a7f0bd59a0688159859
57d3f142-33f4-308b-ae84-b183cc99db1b,2026-04-14,18.438353,3347c53c-2e52-3fd7-91f9-f73a7872e66a1890146135
5a91fc01-e54a-36cc-b759-44260109d8b8,2026-04-14,3.719951,1356d797-66bc-3a72-b11f-7b3084dc9d272348624974
5b4c7154-ad7e-3526-aa3c-45e89d71e721,2026-04-14,122.337744,a5074e62-50d5-364b-aeef-675c60c2ee493068298762
5d21d7da-3e33-3ab4-99ef-3ca2c2ff2c69,2026-04-14,5.206902,b03fc426-da51-3e1c-aa77-6b918bff0e513877121931
5de859d5-b06b-3878-b7f0-64c4e91191df,2026-04-14,7.855396,865e99a1-718b-338b-80ab-7bdcf6c522a91536159266
5fa5d9c4-22b7-39f7-a3b2-d521ea60b47b,2026-04-14,20.824179,ab4ba1b3-b598-3bfb-8df0-768a0df60d506177714931
6001b0b7-96fc-3fe1-aef1-329c8e2f62ce,2026-04-14,16.132101,6e29cd08-5d8b-32dd-baf0-fc5123d964c69692072979
617065f0-5c37-32d6-a3d6-dc223ac898b3,2026-04-14,27.133405,ae562d52-09ae-3863-b5f0-5ae580696f0f2844325743
67039b27-800b-3a58-9a33-f99a6beae237,2026-04-14,15.288618,32a35d9f-d35e-32e9-9ab5-42a5e891929f6307601904
6a620372-f31e-349c-b6c6-0e040a3edb64,2026-04-14,29.209191,5585108c-6e05-3453-8c97-d5a03ce4ee0a5269991336
6c21f96e-4015-302f-a95a-0918b22b3ad8,2026-04-14,20.005176,2083bc7f-bc65-3533-b831-de38c4ce41a85705530326
6e8a1cb9-329d-3c5e-8d21-4c46a734d1e9,2026-04-14,30.317289,b038cfcb-9c1e-3cde-8676-1be4c1366b8b3024374020
7254494c-fbeb-3dc4-80ee-30c6f6c22599,2026-04-14,15.518346,64848290-d9fb-3103-b306-a0129738ec0d3937403775
74cd4f7c-116b-3316-bf7f-eb46458694da,2026-04-14,78.731267,755c3974-2d2b-3242-8001-42f3d96983649032632994
75c008ab-9d95-3b45-b06c-1ba571bc7895,2026-04-14,12.971366,ec573df9-2361-3e56-a35c-cf369728a6f02624538703
779e581c-a821-3108-9ebe-a92f9dcfc74c,2026-04-14,52.504281,3a13c3b6-0485-353a-a580-ed21741647e41076187335
7825a025-23b9-3955-84e6-3a54c38e86e4,2026-04-14,29.902899,944aa6d5-032b-30c6-b177-dba1d9d44f1a2385396646
79874361-3477-38db-9fbd-fc39d1713d69,2026-04-14,20.540167,241900d5-f58b-3b3f-8abc-638d1ad78e024760008737
7f426754-4ea5-368b-9dba-da1364040455,2026-04-14,12.736588,cd02aa00-f588-3d6d-9bb6-d1cb464046df4699798471
7fb6ff11-be82-30ff-ad1d-e44ada4f46db,2026-04-14,16.635955,44965c11-796e-3e8c-b92a-222141e2d34e4076630863
7feb497b-3ee8-39fa-9cfd-72a898f4cf47,2026-04-14,14.41724,90e6638a-edc1-308e-9f27-d8a3719440025129345869
812c22d3-3843-3385-aa3b-aa8ae91b882a,2026-04-14,12.565252,e7cb4203-d63e-3d55-86b1-e2f3868974688509958032
834aa49a-5a2a-30db-8385-ad60aed26cd7,2026-04-14,144.926378,4b2f77f6-8ea8-3f4d-8688-fe485e1dd22d6927009123
83ac466b-0a2c-3b9f-bc16-cc1733598dc1,2026-04-14,42.412048,fbb1458a-bb03-3a59-81a7-c4bfa04cd8482348091600
84851a10-43f1-3fc8-a358-06f529f15c33,2026-04-14,51.699759,209d6b5c-3879-3f87-9eb1-228cd3cf4edd0737879839
84dcbd6d-e273-316b-8912-4ed74ff8a9be,2026-04-14,26.520931,a26b9066-44c7-31c3-b9fa-04e255b439490462824831
84f354b1-00ae-34ba-b443-ccd2efee613c,2026-04-14,5.003663,8a14f25e-1645-3406-a19d-b9806ef569954307313451
87ab0257-a9f6-3705-89f8-f63b9b8f2b0c,2026-04-14,18.208799,dd1dde98-5502-3952-90fe-dc66f816ed747906535428
8c272368-ac0c-3bc7-9568-cfbb26f8e749,2026-04-14,7.147795,9ef76979-dca8-3c79-9b0c-a7e5b98cc4183178708115
8c414798-333c-3663-bac9-84c120ae29fb,2026-04-14,19.408211,133fdc4d-6e75-37dd-b2c2-56e9f865f1cf1329192191
8cb2a7d2-f605-3df9-981a-2c02b1d1a4e0,2026-04-14,24.04005,c8409fd1-44f6-341e-aa4a-fcdd48e1dec91197407417
8ce3a609-9e37-3b54-a602-9b395e5f5a76,2026-04-14,12.411826,140ba20d-dc2d-30f1-8369-9f0fcb7417216954795985
8dc72d59-3896-3d24-a51b-3a8a9e1c6713,2026-04-14,18.068508,2bb55a33-fdd0-39b0-8fa8-bf8f9e9997f59421453150
92de990d-30ce-38da-ad78-86a4a56c065b,2026-04-14,13.752905,5a8242fb-5aa7-3d5b-ac68-21ea53c5f9e87894148187
9317e817-504a-35a4-b7c3-68e90b432c45,2026-04-14,44.698809,bd68d9fe-0c5e-3648-8a84-d7649dbc11df2315333603
956008d9-c7c8-3450-a799-ccd802fc2078,2026-04-14,70.107531,ac8597c6-2e0c-3fce-bd96-0eeae07b92825791469057
960a5c04-f3ef-340c-af8a-48e88045ac24,2026-04-14,29.332065,485a6ee1-26d8-3d41-bd32-a72421af1a296123003165
96739dc1-9e37-3b11-8e79-e0a5a57062a1,2026-04-14,52.428342,7b60b05a-7946-3efd-a3a0-0ada59de74070619321536
98b357c6-e458-3b53-bc66-c80eb105e3cf,2026-04-14,37.769982,6b5a4bec-b45d-3f6f-a9b0-769861cf16bd1539781265
9a736669-65a4-3b3e-a4b5-8f6ec9654a84,2026-04-14,27.18249,bd347e86-1b36-3407-80b6-78a2f2dae41e9793909208
9b195b8e-28d6-386e-8990-1a5bb4dd1bdb,2026-04-14,38.775967,193afc72-4494-30b1-beb3-cd4156f1c97d7901017989
9c2b569e-d3f4-3c78-a57e-4d73687d2dc2,2026-04-14,89.278186,bcf6894a-0424-3665-b520-2c34eeac116f1861409402
9f556308-7e5a-375c-8130-c6284c3c5d5c,2026-04-14,14.369493,24110268-df67-321e-9581-bd29f27ea3618160468027
a06461db-ef00-3481-9827-c829471e7245,2026-04-14,5.769856,5511d59c-db31-37fb-8790-ae49b8ec4ba25737611269
a0f95e73-3897-3dcc-9f5c-faad41b5219c,2026-04-14,84.347926,58b12641-aa5e-3c6d-97a0-f417dd0a469c4411625778
a2de86e5-02cf-3c93-9b40-f9629530b7d1,2026-04-14,473.335083,bcd56054-ac31-3e6f-a2d9-f156a299929c4047783680
a3f48154-490b-350b-9f4e-74835b5aaaae,2026-04-14,8.115665,95ed8b8c-c59c-372a-b31e-6543997b82d74860620288
a5068583-4849-35ce-900f-e2ce7f309840,2026-04-14,22.099686,ccacfe15-f7bf-3c92-9308-98112a74aa440314647208
a513bb7e-87ac-35cd-b4a2-6d23427bd2fa,2026-04-14,15.082212,481dceb1-1678-3a7e-b288-d7e2bf0c062a7786339993
a67cec0f-eda0-3d47-af0e-2bd3262a8cf9,2026-04-14,52.419156,edd1002d-960d-3956-8ea2-8ffafe4e3f780323661523
a8d7fd17-4556-3ba6-8223-e88d8ead8fb0,2026-04-14,5.584005,7d10e7ed-604b-3e03-a105-86eebe4f6d9d0233713485
a8e332b8-087a-38b0-8c1b-64db4efadc7a,2026-04-14,31.555173,47b681e7-c3d8-31f6-ab69-43f82db88fa66316703417
ac429fef-9e6b-3e26-a5ea-3122c166230c,2026-04-14,65.292292,81f224a7-cb42-3ee9-9103-e81fcc20756c3353013338
acadf00f-5359-3905-a13e-213d751bffb2,2026-04-14,5.360594,2852258a-e2bf-3b5a-ad87-7915c236685c5632583391
ae5f3d2e-f527-359d-8bcf-846f320f8e57,2026-04-14,11.508465,22f94015-ff23-3150-ae0f-9ef0bb188a207912060816
af15418c-707a-3e54-a465-034a3b570a96,2026-04-14,22.475108,89b93f60-7af8-31b9-aacf-45885de7f2069142372275
b20c7e06-4ac3-32d4-be1f-8d8ca043e124,2026-04-14,22.028734,650b165d-6706-35fc-bfd9-fcbb4c66d7bc6712610403
b516e127-e0a8-3444-a387-7ee0a83c2029,2026-04-14,5.762796,cc30fb51-7115-329e-acbb-6cf3b4f138c85952469832
b571b5d8-c91f-3776-86bd-22c88c5580c2,2026-04-14,59.689741,afafa873-61a8-38e0-8977-cd70cd270f449777286253
bce50849-a0e7-3f2b-b22a-24ed60440705,2026-04-14,19.247366,ecbe8abc-16bb-3af7-8cf1-b6d262d3f9915691766209
beac6842-6d1c-39f8-bd3d-f2cbddfe2e23,2026-04-14,7.518005,71933d57-e488-3aa3-b364-7c195cfded299062716503
beb1d1c6-4fa9-36a8-a06f-1dc58ab74161,2026-04-14,7.461029,69be3936-f12c-34ad-b6bc-7a9f397f7d580253357983
c039e4c8-9c3b-3ae3-a2e7-b54c85d2cac7,2026-04-14,19.68581,ef0e0898-3920-39d5-9050-8c57b5cbcd1c9155184466
c0f8ab9f-4b7b-3f4f-b576-f80ad3cb5399,2026-04-14,9.478411,ae6fce59-c426-3691-b4cc-2e7f01a5433a0719674315
c3f4e978-22c4-3743-a4d7-8dc20df21654,2026-04-14,38.277746,08043945-b9cb-35c8-8007-ea153d9880273125348988
c4b4c934-c94d-3170-bd1b-d7737b2ab490,2026-04-14,8.106112,ddfedfb4-a197-3bc5-b5b9-3413d396c9d18520739647
c7599875-d64e-3ef2-8a6a-a218c4c24bfa,2026-04-14,7.097365,4acd48f6-3379-3b71-a45f-8ba6aad527457333951563
cdcbe271-7336-35c3-a44f-1a90281b0857,2026-04-14,17.682312,cc4a0181-1f8b-3069-891f-8f8303116f410950083050
ce7a22b8-f3c0-3690-acac-8b5a7bf4c798,2026-04-14,44.501811,75a3be66-cc33-35b3-aa17-355486d71eeb4926576029
d098b8be-5fd2-3aaf-b08a-03443b43e413,2026-04-14,28.312215,ebfca532-8531-3093-b085-d9b06d8a505a5090987086
d3c48311-d8dc-3e24-95dd-6d2bca767bff,2026-04-14,17.322226,84018d69-0a55-3d24-a877-97aaa31a46cf2815442486
d3d0b6a8-f422-3af5-a62e-826c20495095,2026-04-14,3.84042,9a1ea106-1b3c-358a-b321-05d0ef5590af7934449393
d6f76560-f2a1-3ae9-ab43-eaa1f2033306,2026-04-14,41.364214,df76341f-d9c1-31f1-a511-61e0bba9ac1a9330646801
d72106c4-021a-3b57-bf48-7b6f2c14df23,2026-04-14,15.973427,e7b18bc4-313f-33d3-ad46-7b5d777f74ca3565120826
d85f6c3e-620f-3cc3-9005-9e1beefefdc6,2026-04-14,7.650821,7a3476cf-c702-35d8-ab2c-c3c41701130b3532848987
d86225ec-57c8-3039-9b73-5067e9668517,2026-04-14,2.451215,9befbbd8-c5ed-3abc-9d19-377736924de73675696583
da8b7ad5-701e-38e4-af53-bcb52836386c,2026-04-14,6.412762,5a63d77e-0da6-3691-900f-f20d6593ab0a0016925614
de0bc8c0-4447-382c-b7c7-ce385510a49b,2026-04-14,22.271652,8d66b14e-bf47-35e5-b800-b55ca34760cf6094204743
dee4128a-2091-303c-8411-15401a64ec03,2026-04-14,93.363109,7d2de236-8dd1-333c-b3b2-c7d8bd4250cd6306917490
e059f4f2-66b1-346c-8a33-8c16446a8657,2026-04-14,29.87454,2a7ac4ba-1536-3186-93b2-a2c27853a79e9011911429
e0ab7ac6-23e5-3ce5-aef4-d9e2e575bb7a,2026-04-14,2.081767,36f25be1-e4a7-34ea-a4d5-d394fb2065cc2046082019
e1ec776a-9a69-3e5d-a0c5-33a9250b1f19,2026-04-14,13.935158,8dbe6882-1128-323e-98cf-6c6c8fd5be7d0079256300
e6a4f012-2129-36d0-bf2f-6e3c384f5497,2026-04-14,17.678488,30a74d31-d91b-3ff9-b591-0ed7882600e46693238563
e71fe34e-9aa5-3ade-8054-a639af523373,2026-04-14,13.140331,b1e661de-87c5-37a4-b0ad-b47b375e798f8517162525
ea133f80-908c-3a40-af86-f0745e517fd2,2026-04-14,37.944725,7111b6e6-9d33-3f84-ae08-89cafad819261967282058
ed0a8ed8-2282-3fec-82db-fafd297cdb61,2026-04-14,5.765813,4e3099ad-3bc5-3b23-837d-8c897adc8c894362553996
eeaba3bd-0e65-3eff-80b8-bb415d1cdc89,2026-04-14,24.502687,6d3df8ea-2edd-3fc0-8f44-b14a5c9f858f7358431617
f02cc034-f8c6-39b7-afff-343b04ff2064,2026-04-14,18.630977,4a495ff6-34e1-3d8e-9177-445cdfd39d764430640857
f166b497-832f-3b26-8149-b36820a1aebe,2026-04-14,5.154059,a7ce6c88-3186-35ed-a793-f40dc624f2bc4233811371
f28c27e1-116f-3bfa-87a3-a4aec05ef6ed,2026-04-14,62.884435,06747886-3cd5-3df7-b4e3-5300fd43ba8b6993791108
f37b1d54-4726-3503-b093-7096160494d8,2026-04-14,11.636262,0701ba50-1c05-393a-97d1-5f4023a8749c6116792851
f55d8d9d-5df9-32e8-a43c-40e2d30fe83e,2026-04-14,22.200677,25ce49b4-0e30-37f6-83c9-8fdba57ec8554749707383
f6d44ec5-a47a-3937-931c-9f8412b5fa88,2026-04-14,18.379669,6197876e-4ea6-3121-8a4b-12b6efea400a0240575023
fbb84839-d7f2-363f-a497-68b74f2449f2,2026-04-14,22.899838,76b88c0d-830b-38ed-91c8-6b3757820cc05429571885
fccc0510-f20a-3f28-bf3c-66cfe9fa99d1,2026-04-14,23.523482,218810c6-5f55-31ef-942d-6b8f7944e4a79796581507
fe5c2831-6d72-3f57-b5da-21037ecbeb2f,2026-04-14,20.133165,caac5c39-53fe-3b0e-a941-3f0559293a333871484605
02995d49-90df-31cf-97ba-5c229a76711f,2026-04-15,166.783904,16bfeb59-c1e9-3456-891d-bdc1da0007925452020064
030041c0-f398-3572-9c7e-3edf3d9d2ea3,2026-04-15,4.685542,123b8640-546f-3146-aac1-b5e3a45883358031893487
0594d9cc-176f-3811-b8ff-1badba391ea1,2026-04-15,14.131031,7bf9e218-5646-3380-8098-8b14d617d4eb9836650145
0769202c-7965-32a1-8d36-1cd52b64377d,2026-04-15,7.151781,03bfca79-bd1d-3217-a8ee-b032e1a5d4279777514889
0834a8d5-db47-3f2b-8f52-89726cb486de,2026-04-15,19.149546,adb191b8-a33a-343b-b97c-1c5b503b06aa2102226204
0bd9c8a1-cf25-3dfe-9380-6143b1183f53,2026-04-15,30.354646,7ff7d9b9-eb8b-35f9-9265-8dd933d6e5f40824718437
0d06916c-fc74-37b3-8630-7f2eb8b27347,2026-04-15,49.333132,56ab425a-78d4-3e53-8a5d-bee6cc2ff1583272396058
0d27bc97-59cd-32d0-9146-960993fea8f2,2026-04-15,6.084347,2f024d4b-7d63-3f13-9c02-6541cfb6efcb8610694866
0d66e094-d57b-3221-bdb4-ff9f2a6fa6b6,2026-04-15,43.314153,a1f98fd1-522c-331e-93df-e0e3c705c1c60127744720
108e1055-4067-36ab-86d5-3ac2be2e867f,2026-04-15,11.154187,8690c614-cd42-3218-b40b-ca04dce958814882526076
1094d4eb-2c4b-3c82-bb41-36696a775289,2026-04-15,86.340952,8348db4d-a8ba-3dc8-b03d-3f8345e1ce081137124557
1176a69b-fd42-3989-9822-360026e942a4,2026-04-15,80.214902,4b6c12aa-31db-353f-9880-bcdca16d2c971125384531
15f19ccf-5f54-370e-914a-19ef0d6e7bfe,2026-04-15,144.586497,d0dca904-0a39-3f70-8f24-23b3f8543cae9283252446
176efb99-8d0f-325e-a3e0-daa08e876832,2026-04-15,23.904117,c3c60fed-2c36-3d97-8b89-35c5cbbebe232642944088
17e9c47e-62ba-33a6-96e1-95ad3c636d22,2026-04-15,52.459385,77974123-fa35-3834-90f5-d19a2e752e979650064655
19008d6d-be6f-38f0-8a72-4525e9b98022,2026-04-15,76.892798,4201befe-1bec-3dec-bd92-ac10a986017a9798478753
1bdab13f-7bc5-3e3d-81c9-f9179619fd90,2026-04-15,11.139092,5351c2cb-b7f7-3a9c-acd5-db63cfafda343248281033
1c3f0a45-334a-3810-b02a-7ba9181fca95,2026-04-15,13.852298,f25a1909-b1f5-354d-9179-29694f6ccd7b0794803399
2111daa9-5dbb-36aa-b675-efab46559d5d,2026-04-15,7.221664,93fc0a2e-adf6-3b5c-a38a-8aaf0af2466c8463812397
226055f6-f55e-381a-9363-c4f462e58856,2026-04-15,24.767166,758f87b4-c782-37fb-911f-42b481be57aa2005558548
2269fc50-2d42-3349-9d12-3bc08569d8ae,2026-04-15,6.965907,5bedbf8e-359c-38f3-981e-a44c610ee0489536718275
29513ef6-a0f9-30aa-b2a3-e67dd9c50f2d,2026-04-15,25.300407,4763c9d2-d480-368f-84c3-63cf0c346e577347437891
2fd79494-a377-3a29-a882-b11802cfee0c,2026-04-15,14.930155,e50f86b5-d7cd-3a80-a5b4-78c659980b001758781599
2fdf5375-31c8-3c6a-9cf3-12465dbec4a5,2026-04-15,29.555703,fd3e2044-7bf6-3813-acab-9043d4cbda0b6568880041
33a96067-0e23-3bf3-8d10-cbec5a261a65,2026-04-15,32.582756,4d63f0d2-85ca-3a28-b715-4147577bedb24364586828
363a066c-58b6-3bcf-a7b0-e9729a735ba7,2026-04-15,22.727955,29527eb9-d544-35c2-b9f1-bb262cf6b4159824252521
3c828a67-8a44-3a18-a2db-213948c73e01,2026-04-15,28.950017,4b9e8129-de42-3612-a62a-b99391f3a1c36185507295
3e7f3808-bc28-36c7-8251-a028f5ff5644,2026-04-15,5.279082,18ddeade-5928-3676-ae42-029acd2d6bcb2570795136
4333cd5c-141e-38a1-af2a-a7df714feddb,2026-04-15,22.94993,3c3bc593-75a7-3bce-b04f-0d15bea76c784217531826
434188a4-f9da-364f-a6dc-53072f0ec1b3,2026-04-15,29.414155,e25f63b1-614b-3240-9c58-803a43e9bb435024428155
4a7af055-4d5f-39bf-b0a0-3e957abd6b60,2026-04-15,33.535199,2d350fdb-0d58-3f71-94bc-a8c8ac08ee913457245518
4c8688bb-e063-39d5-af44-f884b8b1b22f,2026-04-15,92.878282,74ba4416-00a1-3f9b-8c10-30d3118fa7ce7583046913
4c9d57d4-cc8e-3ffa-a7a2-954c71ef5235,2026-04-15,57.021186,10cf198f-ca0e-3ab3-a33e-629868eaf1657063863282
4d62a2a6-a8bb-3084-8568-8b0c0e6c53f9,2026-04-15,5.991871,30709a03-df76-3a99-9f2c-8ccec86cb09e5850066452
4f630062-21f6-3266-9acd-c0827dbf5c05,2026-04-15,25.71899,8f29efaf-4f24-3d15-82d5-2fc874ce981c6011993181
509c1fe7-94b1-311d-9fd0-979b350e4d61,2026-04-15,76.099209,beeb8cb8-6b14-3b16-b8ec-735f810410575059189611
5113b093-acec-3c38-870f-b61a2dd6b880,2026-04-15,104.195621,6de2df31-0e47-37b7-af92-4257cf86aa933125819112
524da203-40d7-33a6-8ab6-b21a0cef3c58,2026-04-15,34.391521,4b414f3b-b1d8-3f11-b80f-a4ce6c6d7a4c9655939769
5498a54c-7cf2-3cbb-85d5-1078aa3be4a7,2026-04-15,15.819183,7f2eff44-b501-3d88-8b7a-bc0819c1cbd05256736696
54de7dbc-3f9b-3702-b677-fee85da6201d,2026-04-15,4.231433,d44e39e8-4f08-3623-986b-2646518072bf1207235870
55ad8c29-20dc-320f-8c21-ac3dfd7685ea,2026-04-15,56.406234,59813d11-bc16-3001-915e-9a9eff70c57f6619407622
55b0607e-f635-348a-bc83-f4e52515b7ec,2026-04-15,12.679163,118c8a35-e628-36a2-8499-91a87fa954ea9600440361
5656dbc0-5497-3227-a829-fd8eb574450e,2026-04-15,12.483236,a203c081-9992-358a-b291-2006588558ba6822670837
56ab4ff8-d4a1-314d-82eb-cc5055b8d77c,2026-04-15,15.24556,95b986e2-fb52-3222-9a4d-94390d8daa468577144310
5a91fc01-e54a-36cc-b759-44260109d8b8,2026-04-15,7.798318,1356d797-66bc-3a72-b11f-7b3084dc9d272348624974
5cb2e039-2dc8-3bad-9d23-4bfddc143afe,2026-04-15,46.296272,8a29b19a-f05e-35e9-8df7-d99b28bf8a8d3280431943
5de859d5-b06b-3878-b7f0-64c4e91191df,2026-04-15,3.296555,865e99a1-718b-338b-80ab-7bdcf6c522a91536159266
5fa5d9c4-22b7-39f7-a3b2-d521ea60b47b,2026-04-15,4.230082,ab4ba1b3-b598-3bfb-8df0-768a0df60d506177714931
6001b0b7-96fc-3fe1-aef1-329c8e2f62ce,2026-04-15,14.034072,6e29cd08-5d8b-32dd-baf0-fc5123d964c69692072979
6a620372-f31e-349c-b6c6-0e040a3edb64,2026-04-15,43.286739,5585108c-6e05-3453-8c97-d5a03ce4ee0a5269991336
6e8a1cb9-329d-3c5e-8d21-4c46a734d1e9,2026-04-15,26.225727,b038cfcb-9c1e-3cde-8676-1be4c1366b8b3024374020
7254494c-fbeb-3dc4-80ee-30c6f6c22599,2026-04-15,11.150461,64848290-d9fb-3103-b306-a0129738ec0d3937403775
72e3323e-cebd-3aa6-a736-9022afb37e21,2026-04-15,68.891435,dd1d2448-04ec-3dd9-9b0e-69f5e79a93407723570593
75be5782-378c-39b7-8d80-e4225331c478,2026-04-15,22.714916,e1d9f528-91ca-3b5f-b9e2-c2bc6c32dd155877684651
760b65eb-45d9-332e-bbdd-15ad2c3223bc,2026-04-15,21.647124,4050495a-d74a-3f1b-b29d-db93ba2a71c15767916558
779e581c-a821-3108-9ebe-a92f9dcfc74c,2026-04-15,50.583313,3a13c3b6-0485-353a-a580-ed21741647e41076187335
812c22d3-3843-3385-aa3b-aa8ae91b882a,2026-04-15,18.459313,e7cb4203-d63e-3d55-86b1-e2f3868974688509958032
82a48b8e-4fa5-3f42-857c-71fbe24937aa,2026-04-15,14.193657,78999b98-2dd1-3379-978c-e2474a4a43306995668347
834aa49a-5a2a-30db-8385-ad60aed26cd7,2026-04-15,82.481466,4b2f77f6-8ea8-3f4d-8688-fe485e1dd22d6927009123
83ac466b-0a2c-3b9f-bc16-cc1733598dc1,2026-04-15,21.830072,fbb1458a-bb03-3a59-81a7-c4bfa04cd8482348091600
84851a10-43f1-3fc8-a358-06f529f15c33,2026-04-15,51.551043,209d6b5c-3879-3f87-9eb1-228cd3cf4edd0737879839
84f354b1-00ae-34ba-b443-ccd2efee613c,2026-04-15,12.441089,8a14f25e-1645-3406-a19d-b9806ef569954307313451
85cb1e88-d121-35a6-a362-3cdc80917d44,2026-04-15,331.135686,1671f2df-523c-3e25-a845-e2ad655275ec3253687227
8c272368-ac0c-3bc7-9568-cfbb26f8e749,2026-04-15,9.849602,9ef76979-dca8-3c79-9b0c-a7e5b98cc4183178708115
8cb2a7d2-f605-3df9-981a-2c02b1d1a4e0,2026-04-15,13.546369,c8409fd1-44f6-341e-aa4a-fcdd48e1dec91197407417
8ce3a609-9e37-3b54-a602-9b395e5f5a76,2026-04-15,12.23282,140ba20d-dc2d-30f1-8369-9f0fcb7417216954795985
929f777a-b8ac-3e16-8d77-e8ac77fd282c,2026-04-15,4.678191,1ffd69db-4324-35d3-bc6b-b90daffa00c05540448447
9317e817-504a-35a4-b7c3-68e90b432c45,2026-04-15,24.056566,bd68d9fe-0c5e-3648-8a84-d7649dbc11df2315333603
949ebf54-2340-343d-959a-0f34372577da,2026-04-15,53.942125,181570ff-51a4-3333-82ec-c322cfc915d01750361380
956008d9-c7c8-3450-a799-ccd802fc2078,2026-04-15,32.263254,ac8597c6-2e0c-3fce-bd96-0eeae07b92825791469057
960a5c04-f3ef-340c-af8a-48e88045ac24,2026-04-15,8.890434,485a6ee1-26d8-3d41-bd32-a72421af1a296123003165
96739dc1-9e37-3b11-8e79-e0a5a57062a1,2026-04-15,79.924662,7b60b05a-7946-3efd-a3a0-0ada59de74070619321536
98b357c6-e458-3b53-bc66-c80eb105e3cf,2026-04-15,26.131633,6b5a4bec-b45d-3f6f-a9b0-769861cf16bd1539781265
9f49149d-e042-3a1f-bcae-0628143c89c0,2026-04-15,22.968575,1511a03d-af95-32d7-82d6-670e957e819a5636652911
9f556308-7e5a-375c-8130-c6284c3c5d5c,2026-04-15,34.536563,24110268-df67-321e-9581-bd29f27ea3618160468027
a3f48154-490b-350b-9f4e-74835b5aaaae,2026-04-15,10.23586,95ed8b8c-c59c-372a-b31e-6543997b82d74860620288
a5068583-4849-35ce-900f-e2ce7f309840,2026-04-15,26.118179,ccacfe15-f7bf-3c92-9308-98112a74aa440314647208
a513bb7e-87ac-35cd-b4a2-6d23427bd2fa,2026-04-15,24.382644,481dceb1-1678-3a7e-b288-d7e2bf0c062a7786339993
a8e332b8-087a-38b0-8c1b-64db4efadc7a,2026-04-15,29.247247,47b681e7-c3d8-31f6-ab69-43f82db88fa66316703417
ab5f37ff-9008-3c2a-a32b-c29632f4ea67,2026-04-15,1.7904,0d40eb23-7edb-3787-8cb8-7b09de3075fc1665666263
ac429fef-9e6b-3e26-a5ea-3122c166230c,2026-04-15,72.744488,81f224a7-cb42-3ee9-9103-e81fcc20756c3353013338
ae5f3d2e-f527-359d-8bcf-846f320f8e57,2026-04-15,2.569336,22f94015-ff23-3150-ae0f-9ef0bb188a207912060816
b095775a-2d08-336f-bccf-d2f71dc4ba3c,2026-04-15,2.56142,fb87865a-444a-3efc-ab25-247ac494cd574338526402
b1d22b60-1492-37de-a246-db25e91bfb1f,2026-04-15,17.334036,ba855984-6afa-3f25-82a9-033558199c9b4291338588
b516e127-e0a8-3444-a387-7ee0a83c2029,2026-04-15,3.065265,cc30fb51-7115-329e-acbb-6cf3b4f138c85952469832
b571b5d8-c91f-3776-86bd-22c88c5580c2,2026-04-15,25.282186,afafa873-61a8-38e0-8977-cd70cd270f449777286253
b5b7bbb0-1312-34a4-8934-10fe49cea8ed,2026-04-15,40.40165,c1179ffe-16b5-3808-a61b-c697ad5655cd0958447347
b7f8d590-1a7d-3745-82cc-9e0c966c6306,2026-04-15,18.565433,65f0ec49-73ce-37cb-a381-28e7217750090455003993
bce50849-a0e7-3f2b-b22a-24ed60440705,2026-04-15,8.363917,ecbe8abc-16bb-3af7-8cf1-b6d262d3f9915691766209
beac6842-6d1c-39f8-bd3d-f2cbddfe2e23,2026-04-15,29.011676,71933d57-e488-3aa3-b364-7c195cfded299062716503
beb1d1c6-4fa9-36a8-a06f-1dc58ab74161,2026-04-15,9.056977,69be3936-f12c-34ad-b6bc-7a9f397f7d580253357983
c0f8ab9f-4b7b-3f4f-b576-f80ad3cb5399,2026-04-15,21.509484,ae6fce59-c426-3691-b4cc-2e7f01a5433a0719674315
c3811eff-eb0f-3e83-943e-18b5d09919e4,2026-04-15,27.475692,b38c4c71-2ecc-3478-967b-30176508f2a82808970508
c3f4e978-22c4-3743-a4d7-8dc20df21654,2026-04-15,27.384438,08043945-b9cb-35c8-8007-ea153d9880273125348988
c4b4c934-c94d-3170-bd1b-d7737b2ab490,2026-04-15,17.170897,ddfedfb4-a197-3bc5-b5b9-3413d396c9d18520739647
c6c1b9c0-072d-3dbf-accc-4c8643cc0c4a,2026-04-15,40.437725,8e833220-412d-3626-aef6-f1d8e255b8961584029669
cdcbe271-7336-35c3-a44f-1a90281b0857,2026-04-15,24.368458,cc4a0181-1f8b-3069-891f-8f8303116f410950083050
d098b8be-5fd2-3aaf-b08a-03443b43e413,2026-04-15,19.852474,ebfca532-8531-3093-b085-d9b06d8a505a5090987086
d3c48311-d8dc-3e24-95dd-6d2bca767bff,2026-04-15,13.953348,84018d69-0a55-3d24-a877-97aaa31a46cf2815442486
d3d0b6a8-f422-3af5-a62e-826c20495095,2026-04-15,19.210911,9a1ea106-1b3c-358a-b321-05d0ef5590af7934449393
d72106c4-021a-3b57-bf48-7b6f2c14df23,2026-04-15,11.423612,e7b18bc4-313f-33d3-ad46-7b5d777f74ca3565120826
d76f0b24-1370-3b6f-81fa-de61d93e7ebe,2026-04-15,7.570163,8bb85ae4-103e-305d-9e3e-d9c85ce4b4f27606140443
d834b72d-c2cc-391e-8a0c-c3f147eeb522,2026-04-15,26.125075,62331e5f-4437-3168-b6e9-aa00c1ae49235115900219
d85f6c3e-620f-3cc3-9005-9e1beefefdc6,2026-04-15,11.241625,7a3476cf-c702-35d8-ab2c-c3c41701130b3532848987
de0bc8c0-4447-382c-b7c7-ce385510a49b,2026-04-15,41.658791,8d66b14e-bf47-35e5-b800-b55ca34760cf6094204743
dee4128a-2091-303c-8411-15401a64ec03,2026-04-15,67.298345,7d2de236-8dd1-333c-b3b2-c7d8bd4250cd6306917490
dfc70541-9d37-355c-af06-9bf106459cdb,2026-04-15,2.76371,8d616aa1-7ca1-3b18-a990-d3dd7b63d8ea3801525816
e059f4f2-66b1-346c-8a33-8c16446a8657,2026-04-15,16.754704,2a7ac4ba-1536-3186-93b2-a2c27853a79e9011911429
e0ab7ac6-23e5-3ce5-aef4-d9e2e575bb7a,2026-04-15,4.180689,36f25be1-e4a7-34ea-a4d5-d394fb2065cc2046082019
e402d019-6155-3bff-9228-4911ea446777,2026-04-15,70.843213,d454160e-2dc7-3ac7-86b9-e72c34ef16312394849607
e41ed1fc-302f-351c-8dbd-1ccac5078a09,2026-04-15,44.574735,4a944e09-e32f-36d7-b5a4-e211ca471f446730403642
e71fe34e-9aa5-3ade-8054-a639af523373,2026-04-15,11.026837,b1e661de-87c5-37a4-b0ad-b47b375e798f8517162525
e76bb8c7-e2ca-3a2e-96b4-7d3717dfbe06,2026-04-15,22.941578,e755d9a3-e083-3c09-8b82-e48bcb43e7f81851692813
ea133f80-908c-3a40-af86-f0745e517fd2,2026-04-15,81.741369,7111b6e6-9d33-3f84-ae08-89cafad819261967282058
ed0a8ed8-2282-3fec-82db-fafd297cdb61,2026-04-15,14.951478,4e3099ad-3bc5-3b23-837d-8c897adc8c894362553996
eeaba3bd-0e65-3eff-80b8-bb415d1cdc89,2026-04-15,10.712426,6d3df8ea-2edd-3fc0-8f44-b14a5c9f858f7358431617
f02cc034-f8c6-39b7-afff-343b04ff2064,2026-04-15,18.343973,4a495ff6-34e1-3d8e-9177-445cdfd39d764430640857
f0699448-f713-378f-9e30-ac35b4b0ddbb,2026-04-15,48.020342,0fcce33d-eb23-3f5d-946b-53b6afe198987280446281
f5a2ffe8-63a0-3fe0-82d0-e2780d9d29dc,2026-04-15,6.489903,33dd9c10-10b1-32fe-be4f-7be1047c9ed36643760194
f6d44ec5-a47a-3937-931c-9f8412b5fa88,2026-04-15,15.143331,6197876e-4ea6-3121-8a4b-12b6efea400a0240575023
fa146ea6-61c1-3eaf-b3b7-d79bd6e503ca,2026-04-15,6.525967,31c3893f-aa84-359f-a9a7-c4d51a001df11272461817
fccc0510-f20a-3f28-bf3c-66cfe9fa99d1,2026-04-15,16.256444,218810c6-5f55-31ef-942d-6b8f7944e4a79796581507
030041c0-f398-3572-9c7e-3edf3d9d2ea3,2026-04-16,13.25091,123b8640-546f-3146-aac1-b5e3a45883358031893487
04f49ac6-5f35-3df9-b623-c026f24561e1,2026-04-16,65.473272,4ccf4637-f73f-3ea2-bd9d-89cd0876527e2011240689
0594d9cc-176f-3811-b8ff-1badba391ea1,2026-04-16,15.465937,7bf9e218-5646-3380-8098-8b14d617d4eb9836650145
06e33f1d-dda0-31b8-915e-bde6cf9b4012,2026-04-16,15.347143,5c1c68c1-feaf-3d3a-8a14-7e795d01c1ba6471737628
0bd9c8a1-cf25-3dfe-9380-6143b1183f53,2026-04-16,34.127896,7ff7d9b9-eb8b-35f9-9265-8dd933d6e5f40824718437
0d06916c-fc74-37b3-8630-7f2eb8b27347,2026-04-16,68.468782,56ab425a-78d4-3e53-8a5d-bee6cc2ff1583272396058
0d27bc97-59cd-32d0-9146-960993fea8f2,2026-04-16,5.111423,2f024d4b-7d63-3f13-9c02-6541cfb6efcb8610694866
1094d4eb-2c4b-3c82-bb41-36696a775289,2026-04-16,50.511571,8348db4d-a8ba-3dc8-b03d-3f8345e1ce081137124557
1176a69b-fd42-3989-9822-360026e942a4,2026-04-16,77.323668,4b6c12aa-31db-353f-9880-bcdca16d2c971125384531
15d19e1d-74b8-3948-867f-63a4a1188539,2026-04-16,37.960495,3a0da385-e669-30df-8f17-ee93aea6a3a63054977077
176efb99-8d0f-325e-a3e0-daa08e876832,2026-04-16,32.3818,c3c60fed-2c36-3d97-8b89-35c5cbbebe232642944088
18d39ce1-5a60-3a9e-9621-bfa693409e77,2026-04-16,22.259243,136386ac-0d76-3f46-b05e-ad2dc8a2fa238045910511
19008d6d-be6f-38f0-8a72-4525e9b98022,2026-04-16,107.636476,4201befe-1bec-3dec-bd92-ac10a986017a9798478753
1c3f0a45-334a-3810-b02a-7ba9181fca95,2026-04-16,17.165025,f25a1909-b1f5-354d-9179-29694f6ccd7b0794803399
1eae9205-92f7-36a7-94c5-cb082b3e7211,2026-04-16,18.941508,dd4f2862-ad2c-38c4-98b8-9dfedc77a2173206733718
2269fc50-2d42-3349-9d12-3bc08569d8ae,2026-04-16,7.404591,5bedbf8e-359c-38f3-981e-a44c610ee0489536718275
2331b8d4-3563-3b2b-8bf1-ee54a482c609,2026-04-16,6.078894,0c4befad-a90a-3f28-8b16-9dd39cf80ecc8123775477
29513ef6-a0f9-30aa-b2a3-e67dd9c50f2d,2026-04-16,12.754284,4763c9d2-d480-368f-84c3-63cf0c346e577347437891
29768e10-7435-3d69-8503-a6f77e57bdcd,2026-04-16,12.778287,103d1a25-7f36-33f7-97c6-656f5dff4f1c8078021025
2bf4e90b-5fb4-3eb6-92bd-c21ab46e7639,2026-04-16,16.804233,4835e147-ad32-3a9a-b1c1-4116ab8c15bf1573038869
2fd79494-a377-3a29-a882-b11802cfee0c,2026-04-16,13.827958,e50f86b5-d7cd-3a80-a5b4-78c659980b001758781599
32da1b1b-0d42-3b01-a03e-3891e0cc9afd,2026-04-16,12.944363,0caf4254-2a36-3012-a39e-da6c7dc35c289481483767
363a066c-58b6-3bcf-a7b0-e9729a735ba7,2026-04-16,34.125932,29527eb9-d544-35c2-b9f1-bb262cf6b4159824252521
3a95c147-b6b0-329f-88ad-464e73046bbe,2026-04-16,14.290593,a645382c-6cb6-3873-a916-6298b8109de48651485340
3c828a67-8a44-3a18-a2db-213948c73e01,2026-04-16,27.859013,4b9e8129-de42-3612-a62a-b99391f3a1c36185507295
3f3adad3-22df-3188-a572-bab43c8f0258,2026-04-16,57.453628,b2628cd8-ae87-339b-8a4a-eb87332124ab1738661597
41219c74-897b-3ca9-87e5-43da9041ddd3,2026-04-16,52.938667,fbfd204b-197f-3c6c-95b1-4733172f5fca0533189354
423348ca-0838-3372-a616-b4cda0468666,2026-04-16,3.181507,c36a6f4f-bea8-35b0-b824-2c970e256ac26805083472
434188a4-f9da-364f-a6dc-53072f0ec1b3,2026-04-16,17.105402,e25f63b1-614b-3240-9c58-803a43e9bb435024428155
48a891ca-8770-3a95-9414-af5bad034e5a,2026-04-16,9.810797,6a2b2b4f-b163-3211-9417-7ab21b779b6e4168236426
48d69815-2eb5-3bb9-a39b-cbe1ceb52e99,2026-04-16,14.026731,6cfee349-1ef0-3fb2-815c-a8a1f54dfaf82072162601
4a7af055-4d5f-39bf-b0a0-3e957abd6b60,2026-04-16,23.87796,2d350fdb-0d58-3f71-94bc-a8c8ac08ee913457245518
4b3616f0-ccf1-31e3-810e-f668c2042b23,2026-04-16,23.349266,b68e0cee-582f-3f61-89e5-ca032d2062073327596356
4d8e0306-9402-312c-8735-520e75542ddf,2026-04-16,12.104804,fc890f93-7094-3cdc-9c17-a9bca9d2149d3600693627
4f630062-21f6-3266-9acd-c0827dbf5c05,2026-04-16,24.449008,8f29efaf-4f24-3d15-82d5-2fc874ce981c6011993181
5060be3d-9bbb-3f4e-955c-625e4390c6b7,2026-04-16,19.483135,2aff5a14-b04c-3fb3-98e6-5f847371e3ff9195279440
509c1fe7-94b1-311d-9fd0-979b350e4d61,2026-04-16,98.863592,beeb8cb8-6b14-3b16-b8ec-735f810410575059189611
5113b093-acec-3c38-870f-b61a2dd6b880,2026-04-16,91.96284,6de2df31-0e47-37b7-af92-4257cf86aa933125819112
55ad8c29-20dc-320f-8c21-ac3dfd7685ea,2026-04-16,64.455583,59813d11-bc16-3001-915e-9a9eff70c57f6619407622
5656dbc0-5497-3227-a829-fd8eb574450e,2026-04-16,23.802436,a203c081-9992-358a-b291-2006588558ba6822670837
57437979-1053-38bc-8abf-3f9eba7ffc49,2026-04-16,32.950916,66cc36c9-6f31-3eff-8201-8a0a7f0bd59a0688159859
591e07f6-72df-366d-a512-d5ee900f7c15,2026-04-16,20.543673,abb3cf38-3fad-3baa-af44-c9b4d24608456857996865
5a91fc01-e54a-36cc-b759-44260109d8b8,2026-04-16,4.279209,1356d797-66bc-3a72-b11f-7b3084dc9d272348624974
5cb2e039-2dc8-3bad-9d23-4bfddc143afe,2026-04-16,35.932238,8a29b19a-f05e-35e9-8df7-d99b28bf8a8d3280431943
5d21d7da-3e33-3ab4-99ef-3ca2c2ff2c69,2026-04-16,19.00428,b03fc426-da51-3e1c-aa77-6b918bff0e513877121931
5de859d5-b06b-3878-b7f0-64c4e91191df,2026-04-16,4.019507,865e99a1-718b-338b-80ab-7bdcf6c522a91536159266
5fa5d9c4-22b7-39f7-a3b2-d521ea60b47b,2026-04-16,14.75007,ab4ba1b3-b598-3bfb-8df0-768a0df60d506177714931
617065f0-5c37-32d6-a3d6-dc223ac898b3,2026-04-16,23.367022,ae562d52-09ae-3863-b5f0-5ae580696f0f2844325743
6e8a1cb9-329d-3c5e-8d21-4c46a734d1e9,2026-04-16,47.767695,b038cfcb-9c1e-3cde-8676-1be4c1366b8b3024374020
7254494c-fbeb-3dc4-80ee-30c6f6c22599,2026-04-16,11.859456,64848290-d9fb-3103-b306-a0129738ec0d3937403775
72e3323e-cebd-3aa6-a736-9022afb37e21,2026-04-16,58.493599,dd1d2448-04ec-3dd9-9b0e-69f5e79a93407723570593
745d78f2-7f7a-3cdd-af4f-c4c3f0a18dbb,2026-04-16,49.54262,f1df5283-191c-30dd-b238-da858232e5d08985022611
75c008ab-9d95-3b45-b06c-1ba571bc7895,2026-04-16,16.353942,ec573df9-2361-3e56-a35c-cf369728a6f02624538703
760b65eb-45d9-332e-bbdd-15ad2c3223bc,2026-04-16,27.008862,4050495a-d74a-3f1b-b29d-db93ba2a71c15767916558
781a0729-d247-332a-a718-196cd4f0844f,2026-04-16,6.158684,c926082b-f5ea-39f0-9b3a-e5bce96b47c35305695375
79874361-3477-38db-9fbd-fc39d1713d69,2026-04-16,19.976048,241900d5-f58b-3b3f-8abc-638d1ad78e024760008737
7a7af6a0-86f2-31f0-bb17-7e3d8de4ba8a,2026-04-16,11.171898,122c429d-4933-3ed3-8c02-852801f2503e6499333998
7feb497b-3ee8-39fa-9cfd-72a898f4cf47,2026-04-16,30.659777,90e6638a-edc1-308e-9f27-d8a3719440025129345869
812c22d3-3843-3385-aa3b-aa8ae91b882a,2026-04-16,6.138591,e7cb4203-d63e-3d55-86b1-e2f3868974688509958032
834aa49a-5a2a-30db-8385-ad60aed26cd7,2026-04-16,80.12126,4b2f77f6-8ea8-3f4d-8688-fe485e1dd22d6927009123
84dcbd6d-e273-316b-8912-4ed74ff8a9be,2026-04-16,24.433294,a26b9066-44c7-31c3-b9fa-04e255b439490462824831
85cb1e88-d121-35a6-a362-3cdc80917d44,2026-04-16,373.022741,1671f2df-523c-3e25-a845-e2ad655275ec3253687227
87ab0257-a9f6-3705-89f8-f63b9b8f2b0c,2026-04-16,26.047547,dd1dde98-5502-3952-90fe-dc66f816ed747906535428
8c272368-ac0c-3bc7-9568-cfbb26f8e749,2026-04-16,8.494143,9ef76979-dca8-3c79-9b0c-a7e5b98cc4183178708115
8c2e2c06-5c7a-359a-8e69-0efdfb7e79bb,2026-04-16,5.276076,02b8249b-d351-36b0-8f66-387e9b5ecd765409838852
9317e817-504a-35a4-b7c3-68e90b432c45,2026-04-16,43.493975,bd68d9fe-0c5e-3648-8a84-d7649dbc11df2315333603
960a5c04-f3ef-340c-af8a-48e88045ac24,2026-04-16,14.440941,485a6ee1-26d8-3d41-bd32-a72421af1a296123003165
96739dc1-9e37-3b11-8e79-e0a5a57062a1,2026-04-16,41.51011,7b60b05a-7946-3efd-a3a0-0ada59de74070619321536
96be8df1-0628-3c17-acd8-50a096438ea0,2026-04-16,14.191549,7b8d6a5a-3256-3096-8208-171b7eaab4737311108557
9784049c-35d1-3534-8c4b-f4cea920d4ff,2026-04-16,10.925915,14447399-901c-34b2-b211-14fb9e9b062c7605520623
9b195b8e-28d6-386e-8990-1a5bb4dd1bdb,2026-04-16,26.84152,193afc72-4494-30b1-beb3-cd4156f1c97d7901017989
9bddd6f0-dd41-333e-aac7-f757b18ea2aa,2026-04-16,17.272466,c6545cb9-33df-373c-8ac9-ce43225c9d986458695776
9f556308-7e5a-375c-8130-c6284c3c5d5c,2026-04-16,14.466255,24110268-df67-321e-9581-bd29f27ea3618160468027
a06461db-ef00-3481-9827-c829471e7245,2026-04-16,7.215764,5511d59c-db31-37fb-8790-ae49b8ec4ba25737611269
a0f95e73-3897-3dcc-9f5c-faad41b5219c,2026-04-16,105.205804,58b12641-aa5e-3c6d-97a0-f417dd0a469c4411625778
a12779cf-ff75-376e-9cb4-73e937a3c164,2026-04-16,18.625792,ba19c2fb-8246-3ab8-b894-67973ae2268a8549866658
a3f48154-490b-350b-9f4e-74835b5aaaae,2026-04-16,6.718105,95ed8b8c-c59c-372a-b31e-6543997b82d74860620288
a5068583-4849-35ce-900f-e2ce7f309840,2026-04-16,26.49418,ccacfe15-f7bf-3c92-9308-98112a74aa440314647208
a513bb7e-87ac-35cd-b4a2-6d23427bd2fa,2026-04-16,8.474241,481dceb1-1678-3a7e-b288-d7e2bf0c062a7786339993
a8d7fd17-4556-3ba6-8223-e88d8ead8fb0,2026-04-16,9.590843,7d10e7ed-604b-3e03-a105-86eebe4f6d9d0233713485
a8e332b8-087a-38b0-8c1b-64db4efadc7a,2026-04-16,9.093399,47b681e7-c3d8-31f6-ab69-43f82db88fa66316703417
ab0c7a3d-b6a3-3c71-a9f6-6f5167fbf2d9,2026-04-16,19.902646,6e8c3bb5-37b6-3aa6-a40a-2cf1d71e64fa4807837875
ab5f37ff-9008-3c2a-a32b-c29632f4ea67,2026-04-16,10.512564,0d40eb23-7edb-3787-8cb8-7b09de3075fc1665666263
acadf00f-5359-3905-a13e-213d751bffb2,2026-04-16,8.181383,2852258a-e2bf-3b5a-ad87-7915c236685c5632583391
ae5f3d2e-f527-359d-8bcf-846f320f8e57,2026-04-16,17.587688,22f94015-ff23-3150-ae0f-9ef0bb188a207912060816
af753398-35e3-3c49-a7bb-31e2830197f3,2026-04-16,8.494516,b00ef48c-948b-3854-a6bb-ed2ca37487540169593901
b095775a-2d08-336f-bccf-d2f71dc4ba3c,2026-04-16,5.317259,fb87865a-444a-3efc-ab25-247ac494cd574338526402
b1d22b60-1492-37de-a246-db25e91bfb1f,2026-04-16,25.090068,ba855984-6afa-3f25-82a9-033558199c9b4291338588
b32150f1-1acd-3990-ad31-f63fed66b1cf,2026-04-16,44.323535,27222e5f-5d35-3311-be74-7f592e6bb2553842641276
b5344373-538f-3f37-8982-c97e3158144a,2026-04-16,3.920671,2a20868d-41a0-350b-abd7-08a3f9d834063257215959
b571b5d8-c91f-3776-86bd-22c88c5580c2,2026-04-16,36.800686,afafa873-61a8-38e0-8977-cd70cd270f449777286253
b99742c8-7da0-3e81-ab3c-eb775e9f5d24,2026-04-16,39.07172,83de6687-9540-3db3-a6d6-f036d634a1c63930926163
bce50849-a0e7-3f2b-b22a-24ed60440705,2026-04-16,31.203434,ecbe8abc-16bb-3af7-8cf1-b6d262d3f9915691766209
bde82a06-b2ee-3309-b4b0-d268a38e4c2c,2026-04-16,136.482219,37f054fc-a7a4-3b27-aefa-23a338a7e9b08878786853
bf5e2c07-ebd1-3aab-ae92-933140999b06,2026-04-16,24.18849,e12f9949-3428-338b-a05b-b980386cf9872350056648
c039e4c8-9c3b-3ae3-a2e7-b54c85d2cac7,2026-04-16,44.401965,ef0e0898-3920-39d5-9050-8c57b5cbcd1c9155184466
c0f8ab9f-4b7b-3f4f-b576-f80ad3cb5399,2026-04-16,36.179491,ae6fce59-c426-3691-b4cc-2e7f01a5433a0719674315
c3811eff-eb0f-3e83-943e-18b5d09919e4,2026-04-16,11.842942,b38c4c71-2ecc-3478-967b-30176508f2a82808970508
c3f4e978-22c4-3743-a4d7-8dc20df21654,2026-04-16,27.40119,08043945-b9cb-35c8-8007-ea153d9880273125348988
c4b4c934-c94d-3170-bd1b-d7737b2ab490,2026-04-16,13.366639,ddfedfb4-a197-3bc5-b5b9-3413d396c9d18520739647
c7599875-d64e-3ef2-8a6a-a218c4c24bfa,2026-04-16,22.430419,4acd48f6-3379-3b71-a45f-8ba6aad527457333951563
c822da7e-5c87-391a-9bd0-9180e6eec541,2026-04-16,4.205226,daee146e-20b0-3b20-ac57-2cfa4b2a76189741106172
c8c964e3-6f43-33e9-8a11-e9eaf55933ba,2026-04-16,33.862603,db1bd750-5b46-3bea-9d82-c79a18a08d0d0806001910
cdcbe271-7336-35c3-a44f-1a90281b0857,2026-04-16,35.535913,cc4a0181-1f8b-3069-891f-8f8303116f410950083050
ce7a22b8-f3c0-3690-acac-8b5a7bf4c798,2026-04-16,23.335961,75a3be66-cc33-35b3-aa17-355486d71eeb4926576029
cecfcbcc-77a8-37e8-9f55-f57834a00b36,2026-04-16,48.91852,383152ad-bbd4-3d70-acd0-208cf7dee4e52442247114
d3c48311-d8dc-3e24-95dd-6d2bca767bff,2026-04-16,28.972808,84018d69-0a55-3d24-a877-97aaa31a46cf2815442486
d6f76560-f2a1-3ae9-ab43-eaa1f2033306,2026-04-16,39.666711,df76341f-d9c1-31f1-a511-61e0bba9ac1a9330646801
d72106c4-021a-3b57-bf48-7b6f2c14df23,2026-04-16,14.740699,e7b18bc4-313f-33d3-ad46-7b5d777f74ca3565120826
d834b72d-c2cc-391e-8a0c-c3f147eeb522,2026-04-16,16.84939,62331e5f-4437-3168-b6e9-aa00c1ae49235115900219
d85f6c3e-620f-3cc3-9005-9e1beefefdc6,2026-04-16,26.61658,7a3476cf-c702-35d8-ab2c-c3c41701130b3532848987
d86225ec-57c8-3039-9b73-5067e9668517,2026-04-16,11.284906,9befbbd8-c5ed-3abc-9d19-377736924de73675696583
d940c628-4e61-3954-9aee-1aa0a0b6e21f,2026-04-16,13.345345,cbf31122-ee58-37d2-a16f-5d8ff6fcc1cb8640751006
da8b7ad5-701e-38e4-af53-bcb52836386c,2026-04-16,13.535253,5a63d77e-0da6-3691-900f-f20d6593ab0a0016925614
de0bc8c0-4447-382c-b7c7-ce385510a49b,2026-04-16,40.906695,8d66b14e-bf47-35e5-b800-b55ca34760cf6094204743
dee4128a-2091-303c-8411-15401a64ec03,2026-04-16,89.997417,7d2de236-8dd1-333c-b3b2-c7d8bd4250cd6306917490
e059f4f2-66b1-346c-8a33-8c16446a8657,2026-04-16,33.681719,2a7ac4ba-1536-3186-93b2-a2c27853a79e9011911429
e1ec776a-9a69-3e5d-a0c5-33a9250b1f19,2026-04-16,10.071809,8dbe6882-1128-323e-98cf-6c6c8fd5be7d0079256300
e402d019-6155-3bff-9228-4911ea446777,2026-04-16,64.25383,d454160e-2dc7-3ac7-86b9-e72c34ef16312394849607
e41ed1fc-302f-351c-8dbd-1ccac5078a09,2026-04-16,73.775917,4a944e09-e32f-36d7-b5a4-e211ca471f446730403642
e69f5e43-374e-3577-a194-03eca473eb86,2026-04-16,15.213821,b994cb0e-9aaf-3dbd-a0ab-315cc16c435c1107868581
e76bb8c7-e2ca-3a2e-96b4-7d3717dfbe06,2026-04-16,17.052781,e755d9a3-e083-3c09-8b82-e48bcb43e7f81851692813
e91fcfab-7cdf-31df-8933-e788688d8288,2026-04-16,6.535166,fe28678b-e200-3a9d-a1de-effda4879d2c1615844509
ea133f80-908c-3a40-af86-f0745e517fd2,2026-04-16,24.154055,7111b6e6-9d33-3f84-ae08-89cafad819261967282058
eeaba3bd-0e65-3eff-80b8-bb415d1cdc89,2026-04-16,17.322298,6d3df8ea-2edd-3fc0-8f44-b14a5c9f858f7358431617
f0699448-f713-378f-9e30-ac35b4b0ddbb,2026-04-16,25.560254,0fcce33d-eb23-3f5d-946b-53b6afe198987280446281
f1ebcf2f-e51e-373c-b8af-374b6efced62,2026-04-16,32.866217,a96795c7-1ef3-330f-9a52-bd611b998fc53408195367
f37b1d54-4726-3503-b093-7096160494d8,2026-04-16,19.818639,0701ba50-1c05-393a-97d1-5f4023a8749c6116792851
f55d8d9d-5df9-32e8-a43c-40e2d30fe83e,2026-04-16,16.435749,25ce49b4-0e30-37f6-83c9-8fdba57ec8554749707383
fbb84839-d7f2-363f-a497-68b74f2449f2,2026-04-16,7.929983,76b88c0d-830b-38ed-91c8-6b3757820cc05429571885
fccc0510-f20a-3f28-bf3c-66cfe9fa99d1,2026-04-16,19.800372,218810c6-5f55-31ef-942d-6b8f7944e4a79796581507
04f49ac6-5f35-3df9-b623-c026f24561e1,2026-04-17,63.400339,4ccf4637-f73f-3ea2-bd9d-89cd0876527e2011240689
071015e8-3dae-3fe5-84fb-880f24672395,2026-04-17,47.682589,453d5359-3943-3fff-89a3-000f66b87f5c2508884910
0769202c-7965-32a1-8d36-1cd52b64377d,2026-04-17,12.881656,03bfca79-bd1d-3217-a8ee-b032e1a5d4279777514889
0d06916c-fc74-37b3-8630-7f2eb8b27347,2026-04-17,30.828395,56ab425a-78d4-3e53-8a5d-bee6cc2ff1583272396058
0d27bc97-59cd-32d0-9146-960993fea8f2,2026-04-17,5.900953,2f024d4b-7d63-3f13-9c02-6541cfb6efcb8610694866
0d66e094-d57b-3221-bdb4-ff9f2a6fa6b6,2026-04-17,75.534207,a1f98fd1-522c-331e-93df-e0e3c705c1c60127744720
0f7a9277-d005-30c0-8821-910389205cba,2026-04-17,20.426802,1498339f-636a-3ba6-8eaf-f82826cfc66b1703033271
1094d4eb-2c4b-3c82-bb41-36696a775289,2026-04-17,51.302348,8348db4d-a8ba-3dc8-b03d-3f8345e1ce081137124557
1176a69b-fd42-3989-9822-360026e942a4,2026-04-17,83.988742,4b6c12aa-31db-353f-9880-bcdca16d2c971125384531
15d19e1d-74b8-3948-867f-63a4a1188539,2026-04-17,25.419733,3a0da385-e669-30df-8f17-ee93aea6a3a63054977077
15f19ccf-5f54-370e-914a-19ef0d6e7bfe,2026-04-17,100.8551,d0dca904-0a39-3f70-8f24-23b3f8543cae9283252446
176efb99-8d0f-325e-a3e0-daa08e876832,2026-04-17,16.655091,c3c60fed-2c36-3d97-8b89-35c5cbbebe232642944088
17e9c47e-62ba-33a6-96e1-95ad3c636d22,2026-04-17,70.791928,77974123-fa35-3834-90f5-d19a2e752e979650064655
18a6d5f8-3203-3934-be7c-fef235f8d5ee,2026-04-17,11.015521,d0fc809f-656e-31a8-9e5e-192c6b636f8d5430933548
1c3f0a45-334a-3810-b02a-7ba9181fca95,2026-04-17,33.406549,f25a1909-b1f5-354d-9179-29694f6ccd7b0794803399
1eae9205-92f7-36a7-94c5-cb082b3e7211,2026-04-17,17.04898,dd4f2862-ad2c-38c4-98b8-9dfedc77a2173206733718
21e18788-026e-37c1-9a0a-259c58a0fc50,2026-04-17,59.100494,6825bc20-32f9-371b-b653-a8454dd0cf4e9794303102
226055f6-f55e-381a-9363-c4f462e58856,2026-04-17,17.858019,758f87b4-c782-37fb-911f-42b481be57aa2005558548
28cba5c0-c834-3c34-900a-9d6772fd9c30,2026-04-17,14.165964,1233b0a6-550e-3390-88ce-2a21eefafe917625072302
29513ef6-a0f9-30aa-b2a3-e67dd9c50f2d,2026-04-17,9.66416,4763c9d2-d480-368f-84c3-63cf0c346e577347437891
2b3c346c-5f49-3232-be35-3443261527b0,2026-04-17,6.091817,e6538295-3b6e-3154-9420-ec45501d20ae5856219597
2bf4e90b-5fb4-3eb6-92bd-c21ab46e7639,2026-04-17,14.069754,4835e147-ad32-3a9a-b1c1-4116ab8c15bf1573038869
2fd79494-a377-3a29-a882-b11802cfee0c,2026-04-17,16.592776,e50f86b5-d7cd-3a80-a5b4-78c659980b001758781599
2fdf5375-31c8-3c6a-9cf3-12465dbec4a5,2026-04-17,36.177107,fd3e2044-7bf6-3813-acab-9043d4cbda0b6568880041
33a96067-0e23-3bf3-8d10-cbec5a261a65,2026-04-17,37.501588,4d63f0d2-85ca-3a28-b715-4147577bedb24364586828
363a066c-58b6-3bcf-a7b0-e9729a735ba7,2026-04-17,40.022984,29527eb9-d544-35c2-b9f1-bb262cf6b4159824252521
3a95c147-b6b0-329f-88ad-464e73046bbe,2026-04-17,6.362819,a645382c-6cb6-3873-a916-6298b8109de48651485340
3ec4aa61-73df-37f5-af33-ac50b24f1ab5,2026-04-17,26.912813,5530820d-9691-3c0b-895b-b218aa4b299c0225945614
3fe600f0-c808-3676-90fe-909ea8b83ca6,2026-04-17,6.18776,89445095-871b-3498-be52-e63f6b0e774b5355986831
423348ca-0838-3372-a616-b4cda0468666,2026-04-17,15.892588,c36a6f4f-bea8-35b0-b824-2c970e256ac26805083472
4333cd5c-141e-38a1-af2a-a7df714feddb,2026-04-17,12.486234,3c3bc593-75a7-3bce-b04f-0d15bea76c784217531826
48a891ca-8770-3a95-9414-af5bad034e5a,2026-04-17,9.384768,6a2b2b4f-b163-3211-9417-7ab21b779b6e4168236426
48d69815-2eb5-3bb9-a39b-cbe1ceb52e99,2026-04-17,5.030701,6cfee349-1ef0-3fb2-815c-a8a1f54dfaf82072162601
4a7af055-4d5f-39bf-b0a0-3e957abd6b60,2026-04-17,27.142334,2d350fdb-0d58-3f71-94bc-a8c8ac08ee913457245518
4c8688bb-e063-39d5-af44-f884b8b1b22f,2026-04-17,90.329361,74ba4416-00a1-3f9b-8c10-30d3118fa7ce7583046913
4d8e0306-9402-312c-8735-520e75542ddf,2026-04-17,13.927457,fc890f93-7094-3cdc-9c17-a9bca9d2149d3600693627
4f630062-21f6-3266-9acd-c0827dbf5c05,2026-04-17,12.70794,8f29efaf-4f24-3d15-82d5-2fc874ce981c6011993181
4fbbedf8-7ea9-3ba5-8a18-f658a4f21605,2026-04-17,155.189224,0cbedb6f-5585-3d14-bb7a-52ed75958ad14113335693
5060be3d-9bbb-3f4e-955c-625e4390c6b7,2026-04-17,17.513622,2aff5a14-b04c-3fb3-98e6-5f847371e3ff9195279440
509c1fe7-94b1-311d-9fd0-979b350e4d61,2026-04-17,60.654429,beeb8cb8-6b14-3b16-b8ec-735f810410575059189611
50be9c42-1c4b-3493-a07c-ffe59fd8491c,2026-04-17,39.212631,edb658c0-31b6-337f-a557-ae881cfe96142560471597
5113b093-acec-3c38-870f-b61a2dd6b880,2026-04-17,70.383928,6de2df31-0e47-37b7-af92-4257cf86aa933125819112
55ad8c29-20dc-320f-8c21-ac3dfd7685ea,2026-04-17,43.723972,59813d11-bc16-3001-915e-9a9eff70c57f6619407622
55b0607e-f635-348a-bc83-f4e52515b7ec,2026-04-17,11.801581,118c8a35-e628-36a2-8499-91a87fa954ea9600440361
5656dbc0-5497-3227-a829-fd8eb574450e,2026-04-17,5.958022,a203c081-9992-358a-b291-2006588558ba6822670837
57437979-1053-38bc-8abf-3f9eba7ffc49,2026-04-17,32.789016,66cc36c9-6f31-3eff-8201-8a0a7f0bd59a0688159859
591e07f6-72df-366d-a512-d5ee900f7c15,2026-04-17,21.768007,abb3cf38-3fad-3baa-af44-c9b4d24608456857996865
5a91fc01-e54a-36cc-b759-44260109d8b8,2026-04-17,3.481152,1356d797-66bc-3a72-b11f-7b3084dc9d272348624974
5cb2e039-2dc8-3bad-9d23-4bfddc143afe,2026-04-17,72.468681,8a29b19a-f05e-35e9-8df7-d99b28bf8a8d3280431943
5d21d7da-3e33-3ab4-99ef-3ca2c2ff2c69,2026-04-17,13.355079,b03fc426-da51-3e1c-aa77-6b918bff0e513877121931
5de859d5-b06b-3878-b7f0-64c4e91191df,2026-04-17,11.789108,865e99a1-718b-338b-80ab-7bdcf6c522a91536159266
5fa5d9c4-22b7-39f7-a3b2-d521ea60b47b,2026-04-17,12.984632,ab4ba1b3-b598-3bfb-8df0-768a0df60d506177714931
6001b0b7-96fc-3fe1-aef1-329c8e2f62ce,2026-04-17,5.035514,6e29cd08-5d8b-32dd-baf0-fc5123d964c69692072979
617065f0-5c37-32d6-a3d6-dc223ac898b3,2026-04-17,9.894186,ae562d52-09ae-3863-b5f0-5ae580696f0f2844325743
68b45261-85be-3d03-a069-5aa6ffe8e8ca,2026-04-17,73.33377,b6a7cc29-e0c8-36bf-9e06-ffc155431b242084275934
6a620372-f31e-349c-b6c6-0e040a3edb64,2026-04-17,27.976537,5585108c-6e05-3453-8c97-d5a03ce4ee0a5269991336
6e8a1cb9-329d-3c5e-8d21-4c46a734d1e9,2026-04-17,26.49367,b038cfcb-9c1e-3cde-8676-1be4c1366b8b3024374020
72e3323e-cebd-3aa6-a736-9022afb37e21,2026-04-17,58.713141,dd1d2448-04ec-3dd9-9b0e-69f5e79a93407723570593
745d78f2-7f7a-3cdd-af4f-c4c3f0a18dbb,2026-04-17,29.731045,f1df5283-191c-30dd-b238-da858232e5d08985022611
74cd4f7c-116b-3316-bf7f-eb46458694da,2026-04-17,92.560764,755c3974-2d2b-3242-8001-42f3d96983649032632994
75c008ab-9d95-3b45-b06c-1ba571bc7895,2026-04-17,10.503065,ec573df9-2361-3e56-a35c-cf369728a6f02624538703
760b65eb-45d9-332e-bbdd-15ad2c3223bc,2026-04-17,35.779844,4050495a-d74a-3f1b-b29d-db93ba2a71c15767916558
781a0729-d247-332a-a718-196cd4f0844f,2026-04-17,7.020913,c926082b-f5ea-39f0-9b3a-e5bce96b47c35305695375
7825a025-23b9-3955-84e6-3a54c38e86e4,2026-04-17,37.749549,944aa6d5-032b-30c6-b177-dba1d9d44f1a2385396646
79874361-3477-38db-9fbd-fc39d1713d69,2026-04-17,19.369007,241900d5-f58b-3b3f-8abc-638d1ad78e024760008737
7feb497b-3ee8-39fa-9cfd-72a898f4cf47,2026-04-17,15.884566,90e6638a-edc1-308e-9f27-d8a3719440025129345869
812c22d3-3843-3385-aa3b-aa8ae91b882a,2026-04-17,16.088274,e7cb4203-d63e-3d55-86b1-e2f3868974688509958032
834aa49a-5a2a-30db-8385-ad60aed26cd7,2026-04-17,82.910028,4b2f77f6-8ea8-3f4d-8688-fe485e1dd22d6927009123
83ac466b-0a2c-3b9f-bc16-cc1733598dc1,2026-04-17,27.561832,fbb1458a-bb03-3a59-81a7-c4bfa04cd8482348091600
84f354b1-00ae-34ba-b443-ccd2efee613c,2026-04-17,12.28216,8a14f25e-1645-3406-a19d-b9806ef569954307313451
87ab0257-a9f6-3705-89f8-f63b9b8f2b0c,2026-04-17,29.019183,dd1dde98-5502-3952-90fe-dc66f816ed747906535428
8c272368-ac0c-3bc7-9568-cfbb26f8e749,2026-04-17,3.298756,9ef76979-dca8-3c79-9b0c-a7e5b98cc4183178708115
8c2e2c06-5c7a-359a-8e69-0efdfb7e79bb,2026-04-17,23.341261,02b8249b-d351-36b0-8f66-387e9b5ecd765409838852
8ca30a12-e5f4-3017-8037-1616e9ddbb5b,2026-04-17,10.686779,d980087a-73cd-3a85-914f-0dbeb6da2ff07929331557
8cb2a7d2-f605-3df9-981a-2c02b1d1a4e0,2026-04-17,45.597747,c8409fd1-44f6-341e-aa4a-fcdd48e1dec91197407417
8dc72d59-3896-3d24-a51b-3a8a9e1c6713,2026-04-17,38.908437,2bb55a33-fdd0-39b0-8fa8-bf8f9e9997f59421453150
911d2093-d19c-3f31-815c-a2815fcd3901,2026-04-17,175.413573,f08546be-1bd1-3bd9-a186-1ac364a028663840464235
929f777a-b8ac-3e16-8d77-e8ac77fd282c,2026-04-17,5.068204,1ffd69db-4324-35d3-bc6b-b90daffa00c05540448447
9317e817-504a-35a4-b7c3-68e90b432c45,2026-04-17,43.826454,bd68d9fe-0c5e-3648-8a84-d7649dbc11df2315333603
956008d9-c7c8-3450-a799-ccd802fc2078,2026-04-17,24.881059,ac8597c6-2e0c-3fce-bd96-0eeae07b92825791469057
9661bcb6-dd62-3576-b8b0-049874fff3a1,2026-04-17,15.082163,a765656c-b5ea-38d3-b817-93751b0015257870386126
96739dc1-9e37-3b11-8e79-e0a5a57062a1,2026-04-17,57.062138,7b60b05a-7946-3efd-a3a0-0ada59de74070619321536
96be8df1-0628-3c17-acd8-50a096438ea0,2026-04-17,32.947614,7b8d6a5a-3256-3096-8208-171b7eaab4737311108557
9c2b569e-d3f4-3c78-a57e-4d73687d2dc2,2026-04-17,78.302968,bcf6894a-0424-3665-b520-2c34eeac116f1861409402
9d35e9c7-555b-37b7-adda-1a942e3c3655,2026-04-17,3.976026,44b79b38-40a9-3593-b0cd-9c7e4aec43216874733631
a12779cf-ff75-376e-9cb4-73e937a3c164,2026-04-17,15.078945,ba19c2fb-8246-3ab8-b894-67973ae2268a8549866658
a4897e9b-7fc7-3e17-9b47-a254a0b85f27,2026-04-17,7.066355,304ab23b-6984-3fe6-a3fb-aa744a4d6cd05946845157
a5068583-4849-35ce-900f-e2ce7f309840,2026-04-17,25.818926,ccacfe15-f7bf-3c92-9308-98112a74aa440314647208
a513bb7e-87ac-35cd-b4a2-6d23427bd2fa,2026-04-17,14.706039,481dceb1-1678-3a7e-b288-d7e2bf0c062a7786339993
a67cec0f-eda0-3d47-af0e-2bd3262a8cf9,2026-04-17,30.416741,edd1002d-960d-3956-8ea2-8ffafe4e3f780323661523
a8e332b8-087a-38b0-8c1b-64db4efadc7a,2026-04-17,40.558723,47b681e7-c3d8-31f6-ab69-43f82db88fa66316703417
acadf00f-5359-3905-a13e-213d751bffb2,2026-04-17,13.519782,2852258a-e2bf-3b5a-ad87-7915c236685c5632583391
ae5f3d2e-f527-359d-8bcf-846f320f8e57,2026-04-17,10.867734,22f94015-ff23-3150-ae0f-9ef0bb188a207912060816
af15418c-707a-3e54-a465-034a3b570a96,2026-04-17,14.163202,89b93f60-7af8-31b9-aacf-45885de7f2069142372275
af753398-35e3-3c49-a7bb-31e2830197f3,2026-04-17,10.730443,b00ef48c-948b-3854-a6bb-ed2ca37487540169593901
b1d22b60-1492-37de-a246-db25e91bfb1f,2026-04-17,40.669416,ba855984-6afa-3f25-82a9-033558199c9b4291338588
b20c7e06-4ac3-32d4-be1f-8d8ca043e124,2026-04-17,25.403306,650b165d-6706-35fc-bfd9-fcbb4c66d7bc6712610403
b32150f1-1acd-3990-ad31-f63fed66b1cf,2026-04-17,36.165567,27222e5f-5d35-3311-be74-7f592e6bb2553842641276
b5344373-538f-3f37-8982-c97e3158144a,2026-04-17,4.423961,2a20868d-41a0-350b-abd7-08a3f9d834063257215959
b571b5d8-c91f-3776-86bd-22c88c5580c2,2026-04-17,22.003291,afafa873-61a8-38e0-8977-cd70cd270f449777286253
b5b7bbb0-1312-34a4-8934-10fe49cea8ed,2026-04-17,53.598262,c1179ffe-16b5-3808-a61b-c697ad5655cd0958447347
b9f874e5-bbd8-332a-9f2e-a024bb815cf9,2026-04-17,66.594085,0183e024-3556-38ab-8f83-a2397dc1c7ff0961989030
bce50849-a0e7-3f2b-b22a-24ed60440705,2026-04-17,18.907954,ecbe8abc-16bb-3af7-8cf1-b6d262d3f9915691766209
beac6842-6d1c-39f8-bd3d-f2cbddfe2e23,2026-04-17,24.181305,71933d57-e488-3aa3-b364-7c195cfded299062716503
c039e4c8-9c3b-3ae3-a2e7-b54c85d2cac7,2026-04-17,46.967997,ef0e0898-3920-39d5-9050-8c57b5cbcd1c9155184466
c0f8ab9f-4b7b-3f4f-b576-f80ad3cb5399,2026-04-17,11.237379,ae6fce59-c426-3691-b4cc-2e7f01a5433a0719674315
c3811eff-eb0f-3e83-943e-18b5d09919e4,2026-04-17,10.816277,b38c4c71-2ecc-3478-967b-30176508f2a82808970508
c41f2431-16c5-3799-9be8-561415389d5f,2026-04-17,16.696083,35f5e81a-e25c-3ff4-892f-d89a5cfb53448046832917
c4b4c934-c94d-3170-bd1b-d7737b2ab490,2026-04-17,6.787705,ddfedfb4-a197-3bc5-b5b9-3413d396c9d18520739647
c6c1b9c0-072d-3dbf-accc-4c8643cc0c4a,2026-04-17,13.421682,8e833220-412d-3626-aef6-f1d8e255b8961584029669
c7599875-d64e-3ef2-8a6a-a218c4c24bfa,2026-04-17,9.731275,4acd48f6-3379-3b71-a45f-8ba6aad527457333951563
c822da7e-5c87-391a-9bd0-9180e6eec541,2026-04-17,2.849739,daee146e-20b0-3b20-ac57-2cfa4b2a76189741106172
cce1c127-2ff8-3ea0-a9b8-2df2cd888b5b,2026-04-17,46.785582,40fb0c0c-0006-3ab6-84ec-5dc4198294863739942525
d098b8be-5fd2-3aaf-b08a-03443b43e413,2026-04-17,19.224747,ebfca532-8531-3093-b085-d9b06d8a505a5090987086
d320f92f-4cc3-395c-b6c7-3cb3c7cb3efe,2026-04-17,83.40134,db719257-f1df-3420-b485-acfb0da643a10140791541
d3d0b6a8-f422-3af5-a62e-826c20495095,2026-04-17,3.668342,9a1ea106-1b3c-358a-b321-05d0ef5590af7934449393
d6f76560-f2a1-3ae9-ab43-eaa1f2033306,2026-04-17,38.993779,df76341f-d9c1-31f1-a511-61e0bba9ac1a9330646801
d72106c4-021a-3b57-bf48-7b6f2c14df23,2026-04-17,12.437592,e7b18bc4-313f-33d3-ad46-7b5d777f74ca3565120826
d76f0b24-1370-3b6f-81fa-de61d93e7ebe,2026-04-17,1.562188,8bb85ae4-103e-305d-9e3e-d9c85ce4b4f27606140443
d834b72d-c2cc-391e-8a0c-c3f147eeb522,2026-04-17,31.666892,62331e5f-4437-3168-b6e9-aa00c1ae49235115900219
d85f6c3e-620f-3cc3-9005-9e1beefefdc6,2026-04-17,21.149397,7a3476cf-c702-35d8-ab2c-c3c41701130b3532848987
de0bc8c0-4447-382c-b7c7-ce385510a49b,2026-04-17,45.591438,8d66b14e-bf47-35e5-b800-b55ca34760cf6094204743
dfc70541-9d37-355c-af06-9bf106459cdb,2026-04-17,18.849777,8d616aa1-7ca1-3b18-a990-d3dd7b63d8ea3801525816
e059f4f2-66b1-346c-8a33-8c16446a8657,2026-04-17,24.120299,2a7ac4ba-1536-3186-93b2-a2c27853a79e9011911429
e0ab7ac6-23e5-3ce5-aef4-d9e2e575bb7a,2026-04-17,2.270877,36f25be1-e4a7-34ea-a4d5-d394fb2065cc2046082019
e1ec776a-9a69-3e5d-a0c5-33a9250b1f19,2026-04-17,15.237515,8dbe6882-1128-323e-98cf-6c6c8fd5be7d0079256300
e41ed1fc-302f-351c-8dbd-1ccac5078a09,2026-04-17,39.58014,4a944e09-e32f-36d7-b5a4-e211ca471f446730403642
e69f5e43-374e-3577-a194-03eca473eb86,2026-04-17,60.802874,b994cb0e-9aaf-3dbd-a0ab-315cc16c435c1107868581
e71fe34e-9aa5-3ade-8054-a639af523373,2026-04-17,12.018502,b1e661de-87c5-37a4-b0ad-b47b375e798f8517162525
e91fcfab-7cdf-31df-8933-e788688d8288,2026-04-17,18.872062,fe28678b-e200-3a9d-a1de-effda4879d2c1615844509
ea133f80-908c-3a40-af86-f0745e517fd2,2026-04-17,72.78553,7111b6e6-9d33-3f84-ae08-89cafad819261967282058
ed0a8ed8-2282-3fec-82db-fafd297cdb61,2026-04-17,14.601759,4e3099ad-3bc5-3b23-837d-8c897adc8c894362553996
eeaba3bd-0e65-3eff-80b8-bb415d1cdc89,2026-04-17,23.917376,6d3df8ea-2edd-3fc0-8f44-b14a5c9f858f7358431617
f02cc034-f8c6-39b7-afff-343b04ff2064,2026-04-17,8.524682,4a495ff6-34e1-3d8e-9177-445cdfd39d764430640857
f166b497-832f-3b26-8149-b36820a1aebe,2026-04-17,2.870066,a7ce6c88-3186-35ed-a793-f40dc624f2bc4233811371
f1809858-d9d7-3db3-8cc3-5793c598044c,2026-04-17,51.684789,7697f751-8371-30c0-81c8-fcc775cadf993437132586
f28c27e1-116f-3bfa-87a3-a4aec05ef6ed,2026-04-17,23.215903,06747886-3cd5-3df7-b4e3-5300fd43ba8b6993791108
f37b1d54-4726-3503-b093-7096160494d8,2026-04-17,6.80763,0701ba50-1c05-393a-97d1-5f4023a8749c6116792851
f6d44ec5-a47a-3937-931c-9f8412b5fa88,2026-04-17,5.852562,6197876e-4ea6-3121-8a4b-12b6efea400a0240575023
fbb84839-d7f2-363f-a497-68b74f2449f2,2026-04-17,21.543462,76b88c0d-830b-38ed-91c8-6b3757820cc05429571885
fccc0510-f20a-3f28-bf3c-66cfe9fa99d1,2026-04-17,11.961286,218810c6-5f55-31ef-942d-6b8f7944e4a79796581507
fe5c2831-6d72-3f57-b5da-21037ecbeb2f,2026-04-17,11.115252,caac5c39-53fe-3b0e-a941-3f0559293a333871484605
030041c0-f398-3572-9c7e-3edf3d9d2ea3,2026-04-20,7.655628,123b8640-546f-3146-aac1-b5e3a45883358031893487
0388e0d9-8d10-3b74-a111-fdac480a0825,2026-04-20,28.105875,6ebc7d27-88d5-35f2-857d-fc6f145b17b60057015050
04f49ac6-5f35-3df9-b623-c026f24561e1,2026-04-20,42.646599,4ccf4637-f73f-3ea2-bd9d-89cd0876527e2011240689
0594d9cc-176f-3811-b8ff-1badba391ea1,2026-04-20,5.895255,7bf9e218-5646-3380-8098-8b14d617d4eb9836650145
0769202c-7965-32a1-8d36-1cd52b64377d,2026-04-20,14.229837,03bfca79-bd1d-3217-a8ee-b032e1a5d4279777514889
0bd9c8a1-cf25-3dfe-9380-6143b1183f53,2026-04-20,40.888987,7ff7d9b9-eb8b-35f9-9265-8dd933d6e5f40824718437
0d27bc97-59cd-32d0-9146-960993fea8f2,2026-04-20,6.507625,2f024d4b-7d63-3f13-9c02-6541cfb6efcb8610694866
103be95c-0738-36fc-9aca-d07b1504909a,2026-04-20,76.657477,288d8971-0036-3b38-be44-cdab7d647fa95424134206
1094d4eb-2c4b-3c82-bb41-36696a775289,2026-04-20,56.418071,8348db4d-a8ba-3dc8-b03d-3f8345e1ce081137124557
1176a69b-fd42-3989-9822-360026e942a4,2026-04-20,23.970852,4b6c12aa-31db-353f-9880-bcdca16d2c971125384531
12b66c85-8f8c-33d0-82bb-725890efa8da,2026-04-20,11.756776,c5b46f65-01dd-3076-aa97-e4c166de2ad16575983483
15d19e1d-74b8-3948-867f-63a4a1188539,2026-04-20,67.849667,3a0da385-e669-30df-8f17-ee93aea6a3a63054977077
17e9c47e-62ba-33a6-96e1-95ad3c636d22,2026-04-20,37.349913,77974123-fa35-3834-90f5-d19a2e752e979650064655
19008d6d-be6f-38f0-8a72-4525e9b98022,2026-04-20,95.880363,4201befe-1bec-3dec-bd92-ac10a986017a9798478753
19fa59d6-c1b5-3e11-ba74-ad111de5584f,2026-04-20,311.070848,fc4e8c60-faee-3c94-be88-2bedfd49a32f0411781020
1bdab13f-7bc5-3e3d-81c9-f9179619fd90,2026-04-20,5.93433,5351c2cb-b7f7-3a9c-acd5-db63cfafda343248281033
1c3f0a45-334a-3810-b02a-7ba9181fca95,2026-04-20,19.352025,f25a1909-b1f5-354d-9179-29694f6ccd7b0794803399
226055f6-f55e-381a-9363-c4f462e58856,2026-04-20,18.233783,758f87b4-c782-37fb-911f-42b481be57aa2005558548
2269fc50-2d42-3349-9d12-3bc08569d8ae,2026-04-20,8.242391,5bedbf8e-359c-38f3-981e-a44c610ee0489536718275
28cba5c0-c834-3c34-900a-9d6772fd9c30,2026-04-20,11.004618,1233b0a6-550e-3390-88ce-2a21eefafe917625072302
29513ef6-a0f9-30aa-b2a3-e67dd9c50f2d,2026-04-20,16.02018,4763c9d2-d480-368f-84c3-63cf0c346e577347437891
2bf4e90b-5fb4-3eb6-92bd-c21ab46e7639,2026-04-20,25.051343,4835e147-ad32-3a9a-b1c1-4116ab8c15bf1573038869
2fd79494-a377-3a29-a882-b11802cfee0c,2026-04-20,8.000838,e50f86b5-d7cd-3a80-a5b4-78c659980b001758781599
2fdf5375-31c8-3c6a-9cf3-12465dbec4a5,2026-04-20,24.240801,fd3e2044-7bf6-3813-acab-9043d4cbda0b6568880041
2fe9cfc5-7b82-3db6-a301-cee9e440ba85,2026-04-20,22.033902,45e41d94-342b-3297-9fa8-278d1ca209178357185713
32da1b1b-0d42-3b01-a03e-3891e0cc9afd,2026-04-20,11.619744,0caf4254-2a36-3012-a39e-da6c7dc35c289481483767
33a96067-0e23-3bf3-8d10-cbec5a261a65,2026-04-20,49.395038,4d63f0d2-85ca-3a28-b715-4147577bedb24364586828
363a066c-58b6-3bcf-a7b0-e9729a735ba7,2026-04-20,32.247107,29527eb9-d544-35c2-b9f1-bb262cf6b4159824252521
36f0982a-ff58-3c66-9847-439d640e7d96,2026-04-20,29.915938,50b96d70-0ca5-3d4f-bdec-3c9a5b48f6100810857519
3a95c147-b6b0-329f-88ad-464e73046bbe,2026-04-20,12.296304,a645382c-6cb6-3873-a916-6298b8109de48651485340
41219c74-897b-3ca9-87e5-43da9041ddd3,2026-04-20,49.170359,fbfd204b-197f-3c6c-95b1-4733172f5fca0533189354
48d69815-2eb5-3bb9-a39b-cbe1ceb52e99,2026-04-20,11.689493,6cfee349-1ef0-3fb2-815c-a8a1f54dfaf82072162601
4a7af055-4d5f-39bf-b0a0-3e957abd6b60,2026-04-20,34.576079,2d350fdb-0d58-3f71-94bc-a8c8ac08ee913457245518
4b3616f0-ccf1-31e3-810e-f668c2042b23,2026-04-20,13.740683,b68e0cee-582f-3f61-89e5-ca032d2062073327596356
4f630062-21f6-3266-9acd-c0827dbf5c05,2026-04-20,8.006934,8f29efaf-4f24-3d15-82d5-2fc874ce981c6011993181
4fbbedf8-7ea9-3ba5-8a18-f658a4f21605,2026-04-20,77.138862,0cbedb6f-5585-3d14-bb7a-52ed75958ad14113335693
509c1fe7-94b1-311d-9fd0-979b350e4d61,2026-04-20,62.830645,beeb8cb8-6b14-3b16-b8ec-735f810410575059189611
50be9c42-1c4b-3493-a07c-ffe59fd8491c,2026-04-20,31.996636,edb658c0-31b6-337f-a557-ae881cfe96142560471597
5113b093-acec-3c38-870f-b61a2dd6b880,2026-04-20,137.692435,6de2df31-0e47-37b7-af92-4257cf86aa933125819112
524da203-40d7-33a6-8ab6-b21a0cef3c58,2026-04-20,16.404021,4b414f3b-b1d8-3f11-b80f-a4ce6c6d7a4c9655939769
54de7dbc-3f9b-3702-b677-fee85da6201d,2026-04-20,4.433568,d44e39e8-4f08-3623-986b-2646518072bf1207235870
5656dbc0-5497-3227-a829-fd8eb574450e,2026-04-20,27.664929,a203c081-9992-358a-b291-2006588558ba6822670837
56ab4ff8-d4a1-314d-82eb-cc5055b8d77c,2026-04-20,12.461064,95b986e2-fb52-3222-9a4d-94390d8daa468577144310
57437979-1053-38bc-8abf-3f9eba7ffc49,2026-04-20,23.896719,66cc36c9-6f31-3eff-8201-8a0a7f0bd59a0688159859
57d3f142-33f4-308b-ae84-b183cc99db1b,2026-04-20,9.162614,3347c53c-2e52-3fd7-91f9-f73a7872e66a1890146135
585b3bc4-0239-3118-8043-fe70e5d509dc,2026-04-20,0.95292,de155371-b459-3312-82f6-aaa2adfa3cf45235412064
591e07f6-72df-366d-a512-d5ee900f7c15,2026-04-20,17.578967,abb3cf38-3fad-3baa-af44-c9b4d24608456857996865
5a91fc01-e54a-36cc-b759-44260109d8b8,2026-04-20,6.43011,1356d797-66bc-3a72-b11f-7b3084dc9d272348624974
5b4c7154-ad7e-3526-aa3c-45e89d71e721,2026-04-20,149.195647,a5074e62-50d5-364b-aeef-675c60c2ee493068298762
5de859d5-b06b-3878-b7f0-64c4e91191df,2026-04-20,14.777354,865e99a1-718b-338b-80ab-7bdcf6c522a91536159266
5f76ba6d-1bf0-3e51-b2e4-3a6d19bc39b9,2026-04-20,29.068429,c708bc56-c900-3691-a10c-994bfde2114d0282457351
5fa5d9c4-22b7-39f7-a3b2-d521ea60b47b,2026-04-20,18.651181,ab4ba1b3-b598-3bfb-8df0-768a0df60d506177714931
6001b0b7-96fc-3fe1-aef1-329c8e2f62ce,2026-04-20,8.200623,6e29cd08-5d8b-32dd-baf0-fc5123d964c69692072979
6a620372-f31e-349c-b6c6-0e040a3edb64,2026-04-20,21.002915,5585108c-6e05-3453-8c97-d5a03ce4ee0a5269991336
6c21f96e-4015-302f-a95a-0918b22b3ad8,2026-04-20,17.908637,2083bc7f-bc65-3533-b831-de38c4ce41a85705530326
6e8a1cb9-329d-3c5e-8d21-4c46a734d1e9,2026-04-20,35.810614,b038cfcb-9c1e-3cde-8676-1be4c1366b8b3024374020
745d78f2-7f7a-3cdd-af4f-c4c3f0a18dbb,2026-04-20,50.65081,f1df5283-191c-30dd-b238-da858232e5d08985022611
75be5782-378c-39b7-8d80-e4225331c478,2026-04-20,11.993187,e1d9f528-91ca-3b5f-b9e2-c2bc6c32dd155877684651
75c008ab-9d95-3b45-b06c-1ba571bc7895,2026-04-20,17.880814,ec573df9-2361-3e56-a35c-cf369728a6f02624538703
7825a025-23b9-3955-84e6-3a54c38e86e4,2026-04-20,28.438011,944aa6d5-032b-30c6-b177-dba1d9d44f1a2385396646
7fb6ff11-be82-30ff-ad1d-e44ada4f46db,2026-04-20,26.391364,44965c11-796e-3e8c-b92a-222141e2d34e4076630863
7feb497b-3ee8-39fa-9cfd-72a898f4cf47,2026-04-20,9.464538,90e6638a-edc1-308e-9f27-d8a3719440025129345869
812c22d3-3843-3385-aa3b-aa8ae91b882a,2026-04-20,13.911071,e7cb4203-d63e-3d55-86b1-e2f3868974688509958032
82a48b8e-4fa5-3f42-857c-71fbe24937aa,2026-04-20,11.428605,78999b98-2dd1-3379-978c-e2474a4a43306995668347
82b47e6e-09d7-36e6-80ab-4506629ff46b,2026-04-20,58.433748,1695d743-ff11-3262-b7c5-f109ac7b016b5800029843
834aa49a-5a2a-30db-8385-ad60aed26cd7,2026-04-20,128.100898,4b2f77f6-8ea8-3f4d-8688-fe485e1dd22d6927009123
84f354b1-00ae-34ba-b443-ccd2efee613c,2026-04-20,3.290543,8a14f25e-1645-3406-a19d-b9806ef569954307313451
87ab0257-a9f6-3705-89f8-f63b9b8f2b0c,2026-04-20,8.66456,dd1dde98-5502-3952-90fe-dc66f816ed747906535428
8c272368-ac0c-3bc7-9568-cfbb26f8e749,2026-04-20,7.47152,9ef76979-dca8-3c79-9b0c-a7e5b98cc4183178708115
8c2e2c06-5c7a-359a-8e69-0efdfb7e79bb,2026-04-20,12.580482,02b8249b-d351-36b0-8f66-387e9b5ecd765409838852
8ca30a12-e5f4-3017-8037-1616e9ddbb5b,2026-04-20,9.719423,d980087a-73cd-3a85-914f-0dbeb6da2ff07929331557
8cb2a7d2-f605-3df9-981a-2c02b1d1a4e0,2026-04-20,21.495375,c8409fd1-44f6-341e-aa4a-fcdd48e1dec91197407417
8ce3a609-9e37-3b54-a602-9b395e5f5a76,2026-04-20,40.340694,140ba20d-dc2d-30f1-8369-9f0fcb7417216954795985
8dc72d59-3896-3d24-a51b-3a8a9e1c6713,2026-04-20,38.355579,2bb55a33-fdd0-39b0-8fa8-bf8f9e9997f59421453150
911d2093-d19c-3f31-815c-a2815fcd3901,2026-04-20,169.793118,f08546be-1bd1-3bd9-a186-1ac364a028663840464235
92de990d-30ce-38da-ad78-86a4a56c065b,2026-04-20,25.741725,5a8242fb-5aa7-3d5b-ac68-21ea53c5f9e87894148187
9317e817-504a-35a4-b7c3-68e90b432c45,2026-04-20,28.015986,bd68d9fe-0c5e-3648-8a84-d7649dbc11df2315333603
956008d9-c7c8-3450-a799-ccd802fc2078,2026-04-20,63.183062,ac8597c6-2e0c-3fce-bd96-0eeae07b92825791469057
960a5c04-f3ef-340c-af8a-48e88045ac24,2026-04-20,26.069447,485a6ee1-26d8-3d41-bd32-a72421af1a296123003165
9661bcb6-dd62-3576-b8b0-049874fff3a1,2026-04-20,5.940142,a765656c-b5ea-38d3-b817-93751b0015257870386126
96739dc1-9e37-3b11-8e79-e0a5a57062a1,2026-04-20,63.269117,7b60b05a-7946-3efd-a3a0-0ada59de74070619321536
9f49149d-e042-3a1f-bcae-0628143c89c0,2026-04-20,21.499781,1511a03d-af95-32d7-82d6-670e957e819a5636652911
9f556308-7e5a-375c-8130-c6284c3c5d5c,2026-04-20,36.552257,24110268-df67-321e-9581-bd29f27ea3618160468027
a0f95e73-3897-3dcc-9f5c-faad41b5219c,2026-04-20,96.772938,58b12641-aa5e-3c6d-97a0-f417dd0a469c4411625778
a4897e9b-7fc7-3e17-9b47-a254a0b85f27,2026-04-20,13.745068,304ab23b-6984-3fe6-a3fb-aa744a4d6cd05946845157
a5068583-4849-35ce-900f-e2ce7f309840,2026-04-20,16.833825,ccacfe15-f7bf-3c92-9308-98112a74aa440314647208
a513bb7e-87ac-35cd-b4a2-6d23427bd2fa,2026-04-20,7.641002,481dceb1-1678-3a7e-b288-d7e2bf0c062a7786339993
a67cec0f-eda0-3d47-af0e-2bd3262a8cf9,2026-04-20,22.534897,edd1002d-960d-3956-8ea2-8ffafe4e3f780323661523
a8e332b8-087a-38b0-8c1b-64db4efadc7a,2026-04-20,41.727166,47b681e7-c3d8-31f6-ab69-43f82db88fa66316703417
a96a11ac-c839-3a7d-8ca2-dd65ad906316,2026-04-20,91.060811,f0f3ba5d-6fb8-3960-852e-f6235a05b8309574349724
ab5f37ff-9008-3c2a-a32b-c29632f4ea67,2026-04-20,9.587171,0d40eb23-7edb-3787-8cb8-7b09de3075fc1665666263
ae5f3d2e-f527-359d-8bcf-846f320f8e57,2026-04-20,16.284762,22f94015-ff23-3150-ae0f-9ef0bb188a207912060816
b08b0516-052f-31ca-baee-415f1e9f6c1d,2026-04-20,31.201924,8eb78258-dbd8-30ca-8e2f-f57e8806b9340333593055
b20c7e06-4ac3-32d4-be1f-8d8ca043e124,2026-04-20,40.176646,650b165d-6706-35fc-bfd9-fcbb4c66d7bc6712610403
b5344373-538f-3f37-8982-c97e3158144a,2026-04-20,6.160244,2a20868d-41a0-350b-abd7-08a3f9d834063257215959
b5709237-397b-3941-956e-9aae6c3073df,2026-04-20,51.888662,40661a1d-730c-3401-ac95-404ff28d00c85125452721
bce50849-a0e7-3f2b-b22a-24ed60440705,2026-04-20,14.497306,ecbe8abc-16bb-3af7-8cf1-b6d262d3f9915691766209
beb1d1c6-4fa9-36a8-a06f-1dc58ab74161,2026-04-20,9.397527,69be3936-f12c-34ad-b6bc-7a9f397f7d580253357983
c039e4c8-9c3b-3ae3-a2e7-b54c85d2cac7,2026-04-20,63.040391,ef0e0898-3920-39d5-9050-8c57b5cbcd1c9155184466
c0f8ab9f-4b7b-3f4f-b576-f80ad3cb5399,2026-04-20,20.546924,ae6fce59-c426-3691-b4cc-2e7f01a5433a0719674315
c3811eff-eb0f-3e83-943e-18b5d09919e4,2026-04-20,32.264057,b38c4c71-2ecc-3478-967b-30176508f2a82808970508
c3f4e978-22c4-3743-a4d7-8dc20df21654,2026-04-20,62.482976,08043945-b9cb-35c8-8007-ea153d9880273125348988
c4b4c934-c94d-3170-bd1b-d7737b2ab490,2026-04-20,17.919137,ddfedfb4-a197-3bc5-b5b9-3413d396c9d18520739647
c6c1b9c0-072d-3dbf-accc-4c8643cc0c4a,2026-04-20,43.917088,8e833220-412d-3626-aef6-f1d8e255b8961584029669
c7599875-d64e-3ef2-8a6a-a218c4c24bfa,2026-04-20,15.109149,4acd48f6-3379-3b71-a45f-8ba6aad527457333951563
d098b8be-5fd2-3aaf-b08a-03443b43e413,2026-04-20,19.009941,ebfca532-8531-3093-b085-d9b06d8a505a5090987086
d320f92f-4cc3-395c-b6c7-3cb3c7cb3efe,2026-04-20,30.569013,db719257-f1df-3420-b485-acfb0da643a10140791541
d3c48311-d8dc-3e24-95dd-6d2bca767bff,2026-04-20,24.221117,84018d69-0a55-3d24-a877-97aaa31a46cf2815442486
d72106c4-021a-3b57-bf48-7b6f2c14df23,2026-04-20,8.598973,e7b18bc4-313f-33d3-ad46-7b5d777f74ca3565120826
d834b72d-c2cc-391e-8a0c-c3f147eeb522,2026-04-20,37.088299,62331e5f-4437-3168-b6e9-aa00c1ae49235115900219
d85f6c3e-620f-3cc3-9005-9e1beefefdc6,2026-04-20,14.992673,7a3476cf-c702-35d8-ab2c-c3c41701130b3532848987
d86225ec-57c8-3039-9b73-5067e9668517,2026-04-20,7.022656,9befbbd8-c5ed-3abc-9d19-377736924de73675696583
d940c628-4e61-3954-9aee-1aa0a0b6e21f,2026-04-20,22.095253,cbf31122-ee58-37d2-a16f-5d8ff6fcc1cb8640751006
da8b7ad5-701e-38e4-af53-bcb52836386c,2026-04-20,15.103572,5a63d77e-0da6-3691-900f-f20d6593ab0a0016925614
dfc70541-9d37-355c-af06-9bf106459cdb,2026-04-20,25.629736,8d616aa1-7ca1-3b18-a990-d3dd7b63d8ea3801525816
e0ab7ac6-23e5-3ce5-aef4-d9e2e575bb7a,2026-04-20,7.716861,36f25be1-e4a7-34ea-a4d5-d394fb2065cc2046082019
e402d019-6155-3bff-9228-4911ea446777,2026-04-20,55.886886,d454160e-2dc7-3ac7-86b9-e72c34ef16312394849607
e41ed1fc-302f-351c-8dbd-1ccac5078a09,2026-04-20,52.09349,4a944e09-e32f-36d7-b5a4-e211ca471f446730403642
e69f5e43-374e-3577-a194-03eca473eb86,2026-04-20,29.11107,b994cb0e-9aaf-3dbd-a0ab-315cc16c435c1107868581
e76bb8c7-e2ca-3a2e-96b4-7d3717dfbe06,2026-04-20,22.992447,e755d9a3-e083-3c09-8b82-e48bcb43e7f81851692813
ebbf605d-a94c-3f16-9ae0-5449c87f4002,2026-04-20,47.344953,c01d7453-03eb-38be-bc95-24391aa315144796657446
ed0a8ed8-2282-3fec-82db-fafd297cdb61,2026-04-20,7.163747,4e3099ad-3bc5-3b23-837d-8c897adc8c894362553996
eeaba3bd-0e65-3eff-80b8-bb415d1cdc89,2026-04-20,34.579957,6d3df8ea-2edd-3fc0-8f44-b14a5c9f858f7358431617
f28c27e1-116f-3bfa-87a3-a4aec05ef6ed,2026-04-20,34.013072,06747886-3cd5-3df7-b4e3-5300fd43ba8b6993791108
f55d8d9d-5df9-32e8-a43c-40e2d30fe83e,2026-04-20,21.522424,25ce49b4-0e30-37f6-83c9-8fdba57ec8554749707383
f5c21c69-5b03-320a-ae2e-2554aefff943,2026-04-20,29.286615,1733732a-abce-3040-96d5-89e43d8b44882339867108
fa146ea6-61c1-3eaf-b3b7-d79bd6e503ca,2026-04-20,3.625009,31c3893f-aa84-359f-a9a7-c4d51a001df11272461817
fbb84839-d7f2-363f-a497-68b74f2449f2,2026-04-20,31.557157,76b88c0d-830b-38ed-91c8-6b3757820cc05429571885
fe5c2831-6d72-3f57-b5da-21037ecbeb2f,2026-04-20,12.589983,caac5c39-53fe-3b0e-a941-3f0559293a333871484605
02995d49-90df-31cf-97ba-5c229a76711f,2026-04-21,193.9231,16bfeb59-c1e9-3456-891d-bdc1da0007925452020064
030041c0-f398-3572-9c7e-3edf3d9d2ea3,2026-04-21,3.166699,123b8640-546f-3146-aac1-b5e3a45883358031893487
0388e0d9-8d10-3b74-a111-fdac480a0825,2026-04-21,21.015146,6ebc7d27-88d5-35f2-857d-fc6f145b17b60057015050
04f49ac6-5f35-3df9-b623-c026f24561e1,2026-04-21,50.252147,4ccf4637-f73f-3ea2-bd9d-89cd0876527e2011240689
0d27bc97-59cd-32d0-9146-960993fea8f2,2026-04-21,2.612731,2f024d4b-7d63-3f13-9c02-6541cfb6efcb8610694866
0d66e094-d57b-3221-bdb4-ff9f2a6fa6b6,2026-04-21,63.970002,a1f98fd1-522c-331e-93df-e0e3c705c1c60127744720
103be95c-0738-36fc-9aca-d07b1504909a,2026-04-21,83.328496,288d8971-0036-3b38-be44-cdab7d647fa95424134206
1094d4eb-2c4b-3c82-bb41-36696a775289,2026-04-21,92.28586,8348db4d-a8ba-3dc8-b03d-3f8345e1ce081137124557
1176a69b-fd42-3989-9822-360026e942a4,2026-04-21,84.381208,4b6c12aa-31db-353f-9880-bcdca16d2c971125384531
15f19ccf-5f54-370e-914a-19ef0d6e7bfe,2026-04-21,82.696781,d0dca904-0a39-3f70-8f24-23b3f8543cae9283252446
19008d6d-be6f-38f0-8a72-4525e9b98022,2026-04-21,78.532964,4201befe-1bec-3dec-bd92-ac10a986017a9798478753
1c3f0a45-334a-3810-b02a-7ba9181fca95,2026-04-21,18.912769,f25a1909-b1f5-354d-9179-29694f6ccd7b0794803399
1eae9205-92f7-36a7-94c5-cb082b3e7211,2026-04-21,30.930981,dd4f2862-ad2c-38c4-98b8-9dfedc77a2173206733718
226055f6-f55e-381a-9363-c4f462e58856,2026-04-21,34.164034,758f87b4-c782-37fb-911f-42b481be57aa2005558548
2269fc50-2d42-3349-9d12-3bc08569d8ae,2026-04-21,19.095464,5bedbf8e-359c-38f3-981e-a44c610ee0489536718275
2331b8d4-3563-3b2b-8bf1-ee54a482c609,2026-04-21,1.442443,0c4befad-a90a-3f28-8b16-9dd39cf80ecc8123775477
28cba5c0-c834-3c34-900a-9d6772fd9c30,2026-04-21,20.896805,1233b0a6-550e-3390-88ce-2a21eefafe917625072302
29513ef6-a0f9-30aa-b2a3-e67dd9c50f2d,2026-04-21,24.266087,4763c9d2-d480-368f-84c3-63cf0c346e577347437891
29768e10-7435-3d69-8503-a6f77e57bdcd,2026-04-21,7.458486,103d1a25-7f36-33f7-97c6-656f5dff4f1c8078021025
2fd79494-a377-3a29-a882-b11802cfee0c,2026-04-21,9.82366,e50f86b5-d7cd-3a80-a5b4-78c659980b001758781599
2fdf5375-31c8-3c6a-9cf3-12465dbec4a5,2026-04-21,18.870466,fd3e2044-7bf6-3813-acab-9043d4cbda0b6568880041
33a96067-0e23-3bf3-8d10-cbec5a261a65,2026-04-21,21.392759,4d63f0d2-85ca-3a28-b715-4147577bedb24364586828
363a066c-58b6-3bcf-a7b0-e9729a735ba7,2026-04-21,31.429802,29527eb9-d544-35c2-b9f1-bb262cf6b4159824252521
3c828a67-8a44-3a18-a2db-213948c73e01,2026-04-21,11.520155,4b9e8129-de42-3612-a62a-b99391f3a1c36185507295
41219c74-897b-3ca9-87e5-43da9041ddd3,2026-04-21,28.70628,fbfd204b-197f-3c6c-95b1-4733172f5fca0533189354
423348ca-0838-3372-a616-b4cda0468666,2026-04-21,6.593542,c36a6f4f-bea8-35b0-b824-2c970e256ac26805083472
4333cd5c-141e-38a1-af2a-a7df714feddb,2026-04-21,9.69853,3c3bc593-75a7-3bce-b04f-0d15bea76c784217531826
43538921-75c3-3004-917b-51c3d8e2a3a6,2026-04-21,37.473035,e213be6c-e983-37d3-b47d-03cfedb25b867590845836
48d69815-2eb5-3bb9-a39b-cbe1ceb52e99,2026-04-21,8.872963,6cfee349-1ef0-3fb2-815c-a8a1f54dfaf82072162601
4c8688bb-e063-39d5-af44-f884b8b1b22f,2026-04-21,94.965696,74ba4416-00a1-3f9b-8c10-30d3118fa7ce7583046913
4c9d57d4-cc8e-3ffa-a7a2-954c71ef5235,2026-04-21,26.104218,10cf198f-ca0e-3ab3-a33e-629868eaf1657063863282
4f630062-21f6-3266-9acd-c0827dbf5c05,2026-04-21,14.133158,8f29efaf-4f24-3d15-82d5-2fc874ce981c6011993181
50be9c42-1c4b-3493-a07c-ffe59fd8491c,2026-04-21,37.61705,edb658c0-31b6-337f-a557-ae881cfe96142560471597
5113b093-acec-3c38-870f-b61a2dd6b880,2026-04-21,66.239647,6de2df31-0e47-37b7-af92-4257cf86aa933125819112
52412506-0a36-3bbc-b4ff-9579aa41f9b1,2026-04-21,8.345054,258df3e5-7e26-3a3f-9326-aace208da4a32337603841
524da203-40d7-33a6-8ab6-b21a0cef3c58,2026-04-21,43.968187,4b414f3b-b1d8-3f11-b80f-a4ce6c6d7a4c9655939769
5498a54c-7cf2-3cbb-85d5-1078aa3be4a7,2026-04-21,34.625626,7f2eff44-b501-3d88-8b7a-bc0819c1cbd05256736696
54de7dbc-3f9b-3702-b677-fee85da6201d,2026-04-21,10.24738,d44e39e8-4f08-3623-986b-2646518072bf1207235870
55ad8c29-20dc-320f-8c21-ac3dfd7685ea,2026-04-21,47.092959,59813d11-bc16-3001-915e-9a9eff70c57f6619407622
55b0607e-f635-348a-bc83-f4e52515b7ec,2026-04-21,21.57139,118c8a35-e628-36a2-8499-91a87fa954ea9600440361
5656dbc0-5497-3227-a829-fd8eb574450e,2026-04-21,23.7467,a203c081-9992-358a-b291-2006588558ba6822670837
5a91fc01-e54a-36cc-b759-44260109d8b8,2026-04-21,4.314122,1356d797-66bc-3a72-b11f-7b3084dc9d272348624974
5cb2e039-2dc8-3bad-9d23-4bfddc143afe,2026-04-21,49.471245,8a29b19a-f05e-35e9-8df7-d99b28bf8a8d3280431943
5d21d7da-3e33-3ab4-99ef-3ca2c2ff2c69,2026-04-21,15.484369,b03fc426-da51-3e1c-aa77-6b918bff0e513877121931
5d6ffe35-085b-3fc0-abf7-9f02a5c4fb33,2026-04-21,26.162154,03ffa46d-2a01-3d1e-b2b7-afc51d9158352243231721
5de859d5-b06b-3878-b7f0-64c4e91191df,2026-04-21,11.755363,865e99a1-718b-338b-80ab-7bdcf6c522a91536159266
617065f0-5c37-32d6-a3d6-dc223ac898b3,2026-04-21,19.283524,ae562d52-09ae-3863-b5f0-5ae580696f0f2844325743
6c21f96e-4015-302f-a95a-0918b22b3ad8,2026-04-21,6.690619,2083bc7f-bc65-3533-b831-de38c4ce41a85705530326
6e8a1cb9-329d-3c5e-8d21-4c46a734d1e9,2026-04-21,33.92914,b038cfcb-9c1e-3cde-8676-1be4c1366b8b3024374020
7254494c-fbeb-3dc4-80ee-30c6f6c22599,2026-04-21,12.970392,64848290-d9fb-3103-b306-a0129738ec0d3937403775
745d78f2-7f7a-3cdd-af4f-c4c3f0a18dbb,2026-04-21,78.019984,f1df5283-191c-30dd-b238-da858232e5d08985022611
746adeaf-1420-3eac-8391-92cd9b01c8b9,2026-04-21,5.007825,9aa54fdd-3284-3574-9974-eba17517b3b58059471550
74cd4f7c-116b-3316-bf7f-eb46458694da,2026-04-21,87.379348,755c3974-2d2b-3242-8001-42f3d96983649032632994
75c008ab-9d95-3b45-b06c-1ba571bc7895,2026-04-21,9.633131,ec573df9-2361-3e56-a35c-cf369728a6f02624538703
760b65eb-45d9-332e-bbdd-15ad2c3223bc,2026-04-21,40.59645,4050495a-d74a-3f1b-b29d-db93ba2a71c15767916558
7825a025-23b9-3955-84e6-3a54c38e86e4,2026-04-21,18.153284,944aa6d5-032b-30c6-b177-dba1d9d44f1a2385396646
79874361-3477-38db-9fbd-fc39d1713d69,2026-04-21,15.968602,241900d5-f58b-3b3f-8abc-638d1ad78e024760008737
7fb6ff11-be82-30ff-ad1d-e44ada4f46db,2026-04-21,32.253927,44965c11-796e-3e8c-b92a-222141e2d34e4076630863
7feb497b-3ee8-39fa-9cfd-72a898f4cf47,2026-04-21,2.33377,90e6638a-edc1-308e-9f27-d8a3719440025129345869
812c22d3-3843-3385-aa3b-aa8ae91b882a,2026-04-21,23.110715,e7cb4203-d63e-3d55-86b1-e2f3868974688509958032
82a48b8e-4fa5-3f42-857c-71fbe24937aa,2026-04-21,16.24538,78999b98-2dd1-3379-978c-e2474a4a43306995668347
82b47e6e-09d7-36e6-80ab-4506629ff46b,2026-04-21,39.215989,1695d743-ff11-3262-b7c5-f109ac7b016b5800029843
834aa49a-5a2a-30db-8385-ad60aed26cd7,2026-04-21,114.843712,4b2f77f6-8ea8-3f4d-8688-fe485e1dd22d6927009123
83ac466b-0a2c-3b9f-bc16-cc1733598dc1,2026-04-21,32.712595,fbb1458a-bb03-3a59-81a7-c4bfa04cd8482348091600
84851a10-43f1-3fc8-a358-06f529f15c33,2026-04-21,39.285315,209d6b5c-3879-3f87-9eb1-228cd3cf4edd0737879839
84f354b1-00ae-34ba-b443-ccd2efee613c,2026-04-21,6.32173,8a14f25e-1645-3406-a19d-b9806ef569954307313451
87ab0257-a9f6-3705-89f8-f63b9b8f2b0c,2026-04-21,6.885705,dd1dde98-5502-3952-90fe-dc66f816ed747906535428
8c272368-ac0c-3bc7-9568-cfbb26f8e749,2026-04-21,3.527901,9ef76979-dca8-3c79-9b0c-a7e5b98cc4183178708115
8c2e2c06-5c7a-359a-8e69-0efdfb7e79bb,2026-04-21,19.070513,02b8249b-d351-36b0-8f66-387e9b5ecd765409838852
8ca30a12-e5f4-3017-8037-1616e9ddbb5b,2026-04-21,7.533755,d980087a-73cd-3a85-914f-0dbeb6da2ff07929331557
8cb2a7d2-f605-3df9-981a-2c02b1d1a4e0,2026-04-21,14.849921,c8409fd1-44f6-341e-aa4a-fcdd48e1dec91197407417
8dc72d59-3896-3d24-a51b-3a8a9e1c6713,2026-04-21,56.975235,2bb55a33-fdd0-39b0-8fa8-bf8f9e9997f59421453150
929f777a-b8ac-3e16-8d77-e8ac77fd282c,2026-04-21,6.102252,1ffd69db-4324-35d3-bc6b-b90daffa00c05540448447
92de990d-30ce-38da-ad78-86a4a56c065b,2026-04-21,11.431804,5a8242fb-5aa7-3d5b-ac68-21ea53c5f9e87894148187
9317e817-504a-35a4-b7c3-68e90b432c45,2026-04-21,20.61901,bd68d9fe-0c5e-3648-8a84-d7649dbc11df2315333603
960a5c04-f3ef-340c-af8a-48e88045ac24,2026-04-21,12.441886,485a6ee1-26d8-3d41-bd32-a72421af1a296123003165
96739dc1-9e37-3b11-8e79-e0a5a57062a1,2026-04-21,140.846457,7b60b05a-7946-3efd-a3a0-0ada59de74070619321536
96be8df1-0628-3c17-acd8-50a096438ea0,2026-04-21,8.252216,7b8d6a5a-3256-3096-8208-171b7eaab4737311108557
9a736669-65a4-3b3e-a4b5-8f6ec9654a84,2026-04-21,22.479702,bd347e86-1b36-3407-80b6-78a2f2dae41e9793909208
9b195b8e-28d6-386e-8990-1a5bb4dd1bdb,2026-04-21,26.87512,193afc72-4494-30b1-beb3-cd4156f1c97d7901017989
9c2b569e-d3f4-3c78-a57e-4d73687d2dc2,2026-04-21,96.938964,bcf6894a-0424-3665-b520-2c34eeac116f1861409402
9f556308-7e5a-375c-8130-c6284c3c5d5c,2026-04-21,29.142713,24110268-df67-321e-9581-bd29f27ea3618160468027
a0f95e73-3897-3dcc-9f5c-faad41b5219c,2026-04-21,125.817708,58b12641-aa5e-3c6d-97a0-f417dd0a469c4411625778
a12779cf-ff75-376e-9cb4-73e937a3c164,2026-04-21,28.087323,ba19c2fb-8246-3ab8-b894-67973ae2268a8549866658
a2de86e5-02cf-3c93-9b40-f9629530b7d1,2026-04-21,674.497592,bcd56054-ac31-3e6f-a2d9-f156a299929c4047783680
a4897e9b-7fc7-3e17-9b47-a254a0b85f27,2026-04-21,8.495623,304ab23b-6984-3fe6-a3fb-aa744a4d6cd05946845157
a5068583-4849-35ce-900f-e2ce7f309840,2026-04-21,21.564808,ccacfe15-f7bf-3c92-9308-98112a74aa440314647208
a513bb7e-87ac-35cd-b4a2-6d23427bd2fa,2026-04-21,12.430652,481dceb1-1678-3a7e-b288-d7e2bf0c062a7786339993
a67cec0f-eda0-3d47-af0e-2bd3262a8cf9,2026-04-21,35.84883,edd1002d-960d-3956-8ea2-8ffafe4e3f780323661523
a8e332b8-087a-38b0-8c1b-64db4efadc7a,2026-04-21,12.802832,47b681e7-c3d8-31f6-ab69-43f82db88fa66316703417
ac429fef-9e6b-3e26-a5ea-3122c166230c,2026-04-21,100.569331,81f224a7-cb42-3ee9-9103-e81fcc20756c3353013338
acadf00f-5359-3905-a13e-213d751bffb2,2026-04-21,13.271058,2852258a-e2bf-3b5a-ad87-7915c236685c5632583391
ae5f3d2e-f527-359d-8bcf-846f320f8e57,2026-04-21,23.847578,22f94015-ff23-3150-ae0f-9ef0bb188a207912060816
b1d22b60-1492-37de-a246-db25e91bfb1f,2026-04-21,19.199,ba855984-6afa-3f25-82a9-033558199c9b4291338588
b20c7e06-4ac3-32d4-be1f-8d8ca043e124,2026-04-21,29.340707,650b165d-6706-35fc-bfd9-fcbb4c66d7bc6712610403
b32150f1-1acd-3990-ad31-f63fed66b1cf,2026-04-21,51.184786,27222e5f-5d35-3311-be74-7f592e6bb2553842641276
b5344373-538f-3f37-8982-c97e3158144a,2026-04-21,6.324129,2a20868d-41a0-350b-abd7-08a3f9d834063257215959
b571b5d8-c91f-3776-86bd-22c88c5580c2,2026-04-21,18.82305,afafa873-61a8-38e0-8977-cd70cd270f449777286253
b99742c8-7da0-3e81-ab3c-eb775e9f5d24,2026-04-21,46.044788,83de6687-9540-3db3-a6d6-f036d634a1c63930926163
bce50849-a0e7-3f2b-b22a-24ed60440705,2026-04-21,36.278696,ecbe8abc-16bb-3af7-8cf1-b6d262d3f9915691766209
beac6842-6d1c-39f8-bd3d-f2cbddfe2e23,2026-04-21,37.802937,71933d57-e488-3aa3-b364-7c195cfded299062716503
beb1d1c6-4fa9-36a8-a06f-1dc58ab74161,2026-04-21,9.595422,69be3936-f12c-34ad-b6bc-7a9f397f7d580253357983
c0f8ab9f-4b7b-3f4f-b576-f80ad3cb5399,2026-04-21,10.687654,ae6fce59-c426-3691-b4cc-2e7f01a5433a0719674315
c3811eff-eb0f-3e83-943e-18b5d09919e4,2026-04-21,16.347796,b38c4c71-2ecc-3478-967b-30176508f2a82808970508
c3f4e978-22c4-3743-a4d7-8dc20df21654,2026-04-21,26.921758,08043945-b9cb-35c8-8007-ea153d9880273125348988
c4b4c934-c94d-3170-bd1b-d7737b2ab490,2026-04-21,13.678024,ddfedfb4-a197-3bc5-b5b9-3413d396c9d18520739647
c7599875-d64e-3ef2-8a6a-a218c4c24bfa,2026-04-21,18.156946,4acd48f6-3379-3b71-a45f-8ba6aad527457333951563
cdcbe271-7336-35c3-a44f-1a90281b0857,2026-04-21,27.452521,cc4a0181-1f8b-3069-891f-8f8303116f410950083050
ce7a22b8-f3c0-3690-acac-8b5a7bf4c798,2026-04-21,8.645258,75a3be66-cc33-35b3-aa17-355486d71eeb4926576029
d098b8be-5fd2-3aaf-b08a-03443b43e413,2026-04-21,13.836074,ebfca532-8531-3093-b085-d9b06d8a505a5090987086
d320f92f-4cc3-395c-b6c7-3cb3c7cb3efe,2026-04-21,82.423556,db719257-f1df-3420-b485-acfb0da643a10140791541
d3c48311-d8dc-3e24-95dd-6d2bca767bff,2026-04-21,14.29017,84018d69-0a55-3d24-a877-97aaa31a46cf2815442486
d6f76560-f2a1-3ae9-ab43-eaa1f2033306,2026-04-21,36.487653,df76341f-d9c1-31f1-a511-61e0bba9ac1a9330646801
d85f6c3e-620f-3cc3-9005-9e1beefefdc6,2026-04-21,21.065849,7a3476cf-c702-35d8-ab2c-c3c41701130b3532848987
e059f4f2-66b1-346c-8a33-8c16446a8657,2026-04-21,27.346207,2a7ac4ba-1536-3186-93b2-a2c27853a79e9011911429
e0ab7ac6-23e5-3ce5-aef4-d9e2e575bb7a,2026-04-21,4.989209,36f25be1-e4a7-34ea-a4d5-d394fb2065cc2046082019
e402d019-6155-3bff-9228-4911ea446777,2026-04-21,104.458018,d454160e-2dc7-3ac7-86b9-e72c34ef16312394849607
e41ed1fc-302f-351c-8dbd-1ccac5078a09,2026-04-21,48.091946,4a944e09-e32f-36d7-b5a4-e211ca471f446730403642
e6a4f012-2129-36d0-bf2f-6e3c384f5497,2026-04-21,16.886526,30a74d31-d91b-3ff9-b591-0ed7882600e46693238563
e76bb8c7-e2ca-3a2e-96b4-7d3717dfbe06,2026-04-21,21.384953,e755d9a3-e083-3c09-8b82-e48bcb43e7f81851692813
e91fcfab-7cdf-31df-8933-e788688d8288,2026-04-21,27.927783,fe28678b-e200-3a9d-a1de-effda4879d2c1615844509
ea133f80-908c-3a40-af86-f0745e517fd2,2026-04-21,28.551083,7111b6e6-9d33-3f84-ae08-89cafad819261967282058
eeaba3bd-0e65-3eff-80b8-bb415d1cdc89,2026-04-21,11.015811,6d3df8ea-2edd-3fc0-8f44-b14a5c9f858f7358431617
f02cc034-f8c6-39b7-afff-343b04ff2064,2026-04-21,16.345077,4a495ff6-34e1-3d8e-9177-445cdfd39d764430640857
f0699448-f713-378f-9e30-ac35b4b0ddbb,2026-04-21,20.815374,0fcce33d-eb23-3f5d-946b-53b6afe198987280446281
f1809858-d9d7-3db3-8cc3-5793c598044c,2026-04-21,56.555103,7697f751-8371-30c0-81c8-fcc775cadf993437132586
f28c27e1-116f-3bfa-87a3-a4aec05ef6ed,2026-04-21,50.763572,06747886-3cd5-3df7-b4e3-5300fd43ba8b6993791108
f55d8d9d-5df9-32e8-a43c-40e2d30fe83e,2026-04-21,19.960828,25ce49b4-0e30-37f6-83c9-8fdba57ec8554749707383
f5c21c69-5b03-320a-ae2e-2554aefff943,2026-04-21,69.039573,1733732a-abce-3040-96d5-89e43d8b44882339867108
f6d44ec5-a47a-3937-931c-9f8412b5fa88,2026-04-21,18.772596,6197876e-4ea6-3121-8a4b-12b6efea400a0240575023
fa146ea6-61c1-3eaf-b3b7-d79bd6e503ca,2026-04-21,5.169435,31c3893f-aa84-359f-a9a7-c4d51a001df11272461817
fbb84839-d7f2-363f-a497-68b74f2449f2,2026-04-21,17.140865,76b88c0d-830b-38ed-91c8-6b3757820cc05429571885
fccc0510-f20a-3f28-bf3c-66cfe9fa99d1,2026-04-21,28.832712,218810c6-5f55-31ef-942d-6b8f7944e4a79796581507
fe5c2831-6d72-3f57-b5da-21037ecbeb2f,2026-04-21,15.654681,caac5c39-53fe-3b0e-a941-3f0559293a333871484605
02995d49-90df-31cf-97ba-5c229a76711f,2026-04-22,132.850181,16bfeb59-c1e9-3456-891d-bdc1da0007925452020064
030041c0-f398-3572-9c7e-3edf3d9d2ea3,2026-04-22,9.394995,123b8640-546f-3146-aac1-b5e3a45883358031893487
0388e0d9-8d10-3b74-a111-fdac480a0825,2026-04-22,30.887965,6ebc7d27-88d5-35f2-857d-fc6f145b17b60057015050
04f49ac6-5f35-3df9-b623-c026f24561e1,2026-04-22,89.863987,4ccf4637-f73f-3ea2-bd9d-89cd0876527e2011240689
06e33f1d-dda0-31b8-915e-bde6cf9b4012,2026-04-22,38.444047,5c1c68c1-feaf-3d3a-8a14-7e795d01c1ba6471737628
0769202c-7965-32a1-8d36-1cd52b64377d,2026-04-22,6.715727,03bfca79-bd1d-3217-a8ee-b032e1a5d4279777514889
0bd9c8a1-cf25-3dfe-9380-6143b1183f53,2026-04-22,64.351266,7ff7d9b9-eb8b-35f9-9265-8dd933d6e5f40824718437
0f7a9277-d005-30c0-8821-910389205cba,2026-04-22,15.151499,1498339f-636a-3ba6-8eaf-f82826cfc66b1703033271
103be95c-0738-36fc-9aca-d07b1504909a,2026-04-22,127.931871,288d8971-0036-3b38-be44-cdab7d647fa95424134206
1176a69b-fd42-3989-9822-360026e942a4,2026-04-22,79.828844,4b6c12aa-31db-353f-9880-bcdca16d2c971125384531
15d19e1d-74b8-3948-867f-63a4a1188539,2026-04-22,37.833216,3a0da385-e669-30df-8f17-ee93aea6a3a63054977077
15f19ccf-5f54-370e-914a-19ef0d6e7bfe,2026-04-22,99.784315,d0dca904-0a39-3f70-8f24-23b3f8543cae9283252446
176efb99-8d0f-325e-a3e0-daa08e876832,2026-04-22,34.114954,c3c60fed-2c36-3d97-8b89-35c5cbbebe232642944088
17e9c47e-62ba-33a6-96e1-95ad3c636d22,2026-04-22,39.556709,77974123-fa35-3834-90f5-d19a2e752e979650064655
18d39ce1-5a60-3a9e-9621-bfa693409e77,2026-04-22,14.363909,136386ac-0d76-3f46-b05e-ad2dc8a2fa238045910511
1bdab13f-7bc5-3e3d-81c9-f9179619fd90,2026-04-22,2.527254,5351c2cb-b7f7-3a9c-acd5-db63cfafda343248281033
1c3f0a45-334a-3810-b02a-7ba9181fca95,2026-04-22,21.831871,f25a1909-b1f5-354d-9179-29694f6ccd7b0794803399
2111daa9-5dbb-36aa-b675-efab46559d5d,2026-04-22,2.704766,93fc0a2e-adf6-3b5c-a38a-8aaf0af2466c8463812397
226055f6-f55e-381a-9363-c4f462e58856,2026-04-22,28.133915,758f87b4-c782-37fb-911f-42b481be57aa2005558548
28cba5c0-c834-3c34-900a-9d6772fd9c30,2026-04-22,18.342271,1233b0a6-550e-3390-88ce-2a21eefafe917625072302
29513ef6-a0f9-30aa-b2a3-e67dd9c50f2d,2026-04-22,14.192483,4763c9d2-d480-368f-84c3-63cf0c346e577347437891
2bf4e90b-5fb4-3eb6-92bd-c21ab46e7639,2026-04-22,6.489805,4835e147-ad32-3a9a-b1c1-4116ab8c15bf1573038869
2fdf5375-31c8-3c6a-9cf3-12465dbec4a5,2026-04-22,18.177408,fd3e2044-7bf6-3813-acab-9043d4cbda0b6568880041
3615a797-2def-32a3-a0ae-3a6e8eccf080,2026-04-22,34.653377,edfa21ff-76b9-3113-8d97-a175f873fb244866321730
36f0982a-ff58-3c66-9847-439d640e7d96,2026-04-22,47.483138,50b96d70-0ca5-3d4f-bdec-3c9a5b48f6100810857519
3e7f3808-bc28-36c7-8251-a028f5ff5644,2026-04-22,26.111348,18ddeade-5928-3676-ae42-029acd2d6bcb2570795136
3fe600f0-c808-3676-90fe-909ea8b83ca6,2026-04-22,14.362861,89445095-871b-3498-be52-e63f6b0e774b5355986831
41219c74-897b-3ca9-87e5-43da9041ddd3,2026-04-22,32.415814,fbfd204b-197f-3c6c-95b1-4733172f5fca0533189354
423348ca-0838-3372-a616-b4cda0468666,2026-04-22,2.380865,c36a6f4f-bea8-35b0-b824-2c970e256ac26805083472
43538921-75c3-3004-917b-51c3d8e2a3a6,2026-04-22,42.473844,e213be6c-e983-37d3-b47d-03cfedb25b867590845836
458e61b5-010d-3520-8683-4ea9ccc7bf9a,2026-04-22,5.718221,95cfc947-103d-376e-ac8e-6b4da75421917390253262
48a891ca-8770-3a95-9414-af5bad034e5a,2026-04-22,8.144279,6a2b2b4f-b163-3211-9417-7ab21b779b6e4168236426
4a7af055-4d5f-39bf-b0a0-3e957abd6b60,2026-04-22,19.104254,2d350fdb-0d58-3f71-94bc-a8c8ac08ee913457245518
4b3616f0-ccf1-31e3-810e-f668c2042b23,2026-04-22,27.098782,b68e0cee-582f-3f61-89e5-ca032d2062073327596356
4c9d57d4-cc8e-3ffa-a7a2-954c71ef5235,2026-04-22,42.081735,10cf198f-ca0e-3ab3-a33e-629868eaf1657063863282
4d62a2a6-a8bb-3084-8568-8b0c0e6c53f9,2026-04-22,7.597747,30709a03-df76-3a99-9f2c-8ccec86cb09e5850066452
4d8e0306-9402-312c-8735-520e75542ddf,2026-04-22,6.169325,fc890f93-7094-3cdc-9c17-a9bca9d2149d3600693627
4f630062-21f6-3266-9acd-c0827dbf5c05,2026-04-22,21.647079,8f29efaf-4f24-3d15-82d5-2fc874ce981c6011993181
509c1fe7-94b1-311d-9fd0-979b350e4d61,2026-04-22,70.876316,beeb8cb8-6b14-3b16-b8ec-735f810410575059189611
50be9c42-1c4b-3493-a07c-ffe59fd8491c,2026-04-22,96.690172,edb658c0-31b6-337f-a557-ae881cfe96142560471597
5113b093-acec-3c38-870f-b61a2dd6b880,2026-04-22,126.052886,6de2df31-0e47-37b7-af92-4257cf86aa933125819112
54de7dbc-3f9b-3702-b677-fee85da6201d,2026-04-22,4.473097,d44e39e8-4f08-3623-986b-2646518072bf1207235870
55ad8c29-20dc-320f-8c21-ac3dfd7685ea,2026-04-22,72.036883,59813d11-bc16-3001-915e-9a9eff70c57f6619407622
56ab4ff8-d4a1-314d-82eb-cc5055b8d77c,2026-04-22,4.465528,95b986e2-fb52-3222-9a4d-94390d8daa468577144310
57437979-1053-38bc-8abf-3f9eba7ffc49,2026-04-22,14.126058,66cc36c9-6f31-3eff-8201-8a0a7f0bd59a0688159859
57d3f142-33f4-308b-ae84-b183cc99db1b,2026-04-22,22.646206,3347c53c-2e52-3fd7-91f9-f73a7872e66a1890146135
591e07f6-72df-366d-a512-d5ee900f7c15,2026-04-22,25.043489,abb3cf38-3fad-3baa-af44-c9b4d24608456857996865
5cb2e039-2dc8-3bad-9d23-4bfddc143afe,2026-04-22,78.46571,8a29b19a-f05e-35e9-8df7-d99b28bf8a8d3280431943
5d6ffe35-085b-3fc0-abf7-9f02a5c4fb33,2026-04-22,40.134845,03ffa46d-2a01-3d1e-b2b7-afc51d9158352243231721
5fa5d9c4-22b7-39f7-a3b2-d521ea60b47b,2026-04-22,19.046276,ab4ba1b3-b598-3bfb-8df0-768a0df60d506177714931
6001b0b7-96fc-3fe1-aef1-329c8e2f62ce,2026-04-22,7.928999,6e29cd08-5d8b-32dd-baf0-fc5123d964c69692072979
617065f0-5c37-32d6-a3d6-dc223ac898b3,2026-04-22,14.424942,ae562d52-09ae-3863-b5f0-5ae580696f0f2844325743
68b45261-85be-3d03-a069-5aa6ffe8e8ca,2026-04-22,83.283425,b6a7cc29-e0c8-36bf-9e06-ffc155431b242084275934
6e8a1cb9-329d-3c5e-8d21-4c46a734d1e9,2026-04-22,13.935046,b038cfcb-9c1e-3cde-8676-1be4c1366b8b3024374020
7254494c-fbeb-3dc4-80ee-30c6f6c22599,2026-04-22,10.474745,64848290-d9fb-3103-b306-a0129738ec0d3937403775
72e3323e-cebd-3aa6-a736-9022afb37e21,2026-04-22,58.129929,dd1d2448-04ec-3dd9-9b0e-69f5e79a93407723570593
75c008ab-9d95-3b45-b06c-1ba571bc7895,2026-04-22,11.080078,ec573df9-2361-3e56-a35c-cf369728a6f02624538703
760b65eb-45d9-332e-bbdd-15ad2c3223bc,2026-04-22,38.396519,4050495a-d74a-3f1b-b29d-db93ba2a71c15767916558
79874361-3477-38db-9fbd-fc39d1713d69,2026-04-22,6.661013,241900d5-f58b-3b3f-8abc-638d1ad78e024760008737
7feb497b-3ee8-39fa-9cfd-72a898f4cf47,2026-04-22,14.989708,90e6638a-edc1-308e-9f27-d8a3719440025129345869
812c22d3-3843-3385-aa3b-aa8ae91b882a,2026-04-22,6.587299,e7cb4203-d63e-3d55-86b1-e2f3868974688509958032
82b47e6e-09d7-36e6-80ab-4506629ff46b,2026-04-22,56.357181,1695d743-ff11-3262-b7c5-f109ac7b016b5800029843
83ac466b-0a2c-3b9f-bc16-cc1733598dc1,2026-04-22,37.048084,fbb1458a-bb03-3a59-81a7-c4bfa04cd8482348091600
84851a10-43f1-3fc8-a358-06f529f15c33,2026-04-22,46.97282,209d6b5c-3879-3f87-9eb1-228cd3cf4edd0737879839
84f354b1-00ae-34ba-b443-ccd2efee613c,2026-04-22,9.076503,8a14f25e-1645-3406-a19d-b9806ef569954307313451
85cb1e88-d121-35a6-a362-3cdc80917d44,2026-04-22,326.495547,1671f2df-523c-3e25-a845-e2ad655275ec3253687227
8c272368-ac0c-3bc7-9568-cfbb26f8e749,2026-04-22,7.099058,9ef76979-dca8-3c79-9b0c-a7e5b98cc4183178708115
8c2e2c06-5c7a-359a-8e69-0efdfb7e79bb,2026-04-22,12.053302,02b8249b-d351-36b0-8f66-387e9b5ecd765409838852
8c5b1f37-b3ea-3b4a-a4dd-fad03cfd11b6,2026-04-22,51.875351,5aa0a87f-17b4-3bc7-a55a-7d422bb28fcc9200948756
8cb2a7d2-f605-3df9-981a-2c02b1d1a4e0,2026-04-22,27.266933,c8409fd1-44f6-341e-aa4a-fcdd48e1dec91197407417
8ce3a609-9e37-3b54-a602-9b395e5f5a76,2026-04-22,13.535323,140ba20d-dc2d-30f1-8369-9f0fcb7417216954795985
8e914a83-9f14-3c6e-8220-79cebd75eda8,2026-04-22,16.972266,561fc8fa-c73c-3cf0-a4da-ce7cc8fda80f4105333844
92de990d-30ce-38da-ad78-86a4a56c065b,2026-04-22,19.573429,5a8242fb-5aa7-3d5b-ac68-21ea53c5f9e87894148187
9317e817-504a-35a4-b7c3-68e90b432c45,2026-04-22,31.528588,bd68d9fe-0c5e-3648-8a84-d7649dbc11df2315333603
956008d9-c7c8-3450-a799-ccd802fc2078,2026-04-22,38.672154,ac8597c6-2e0c-3fce-bd96-0eeae07b92825791469057
960a5c04-f3ef-340c-af8a-48e88045ac24,2026-04-22,12.669369,485a6ee1-26d8-3d41-bd32-a72421af1a296123003165
9661bcb6-dd62-3576-b8b0-049874fff3a1,2026-04-22,1.945294,a765656c-b5ea-38d3-b817-93751b0015257870386126
96739dc1-9e37-3b11-8e79-e0a5a57062a1,2026-04-22,82.371715,7b60b05a-7946-3efd-a3a0-0ada59de74070619321536
96be8df1-0628-3c17-acd8-50a096438ea0,2026-04-22,23.397095,7b8d6a5a-3256-3096-8208-171b7eaab4737311108557
9a736669-65a4-3b3e-a4b5-8f6ec9654a84,2026-04-22,21.37827,bd347e86-1b36-3407-80b6-78a2f2dae41e9793909208
9b195b8e-28d6-386e-8990-1a5bb4dd1bdb,2026-04-22,33.525632,193afc72-4494-30b1-beb3-cd4156f1c97d7901017989
9c2b569e-d3f4-3c78-a57e-4d73687d2dc2,2026-04-22,84.791736,bcf6894a-0424-3665-b520-2c34eeac116f1861409402
a06461db-ef00-3481-9827-c829471e7245,2026-04-22,9.540417,5511d59c-db31-37fb-8790-ae49b8ec4ba25737611269
a0f95e73-3897-3dcc-9f5c-faad41b5219c,2026-04-22,122.459177,58b12641-aa5e-3c6d-97a0-f417dd0a469c4411625778
a12779cf-ff75-376e-9cb4-73e937a3c164,2026-04-22,39.132045,ba19c2fb-8246-3ab8-b894-67973ae2268a8549866658
a2de86e5-02cf-3c93-9b40-f9629530b7d1,2026-04-22,687.648159,bcd56054-ac31-3e6f-a2d9-f156a299929c4047783680
a5068583-4849-35ce-900f-e2ce7f309840,2026-04-22,16.775611,ccacfe15-f7bf-3c92-9308-98112a74aa440314647208
a513bb7e-87ac-35cd-b4a2-6d23427bd2fa,2026-04-22,4.163117,481dceb1-1678-3a7e-b288-d7e2bf0c062a7786339993
a67cec0f-eda0-3d47-af0e-2bd3262a8cf9,2026-04-22,39.644217,edd1002d-960d-3956-8ea2-8ffafe4e3f780323661523
a8e332b8-087a-38b0-8c1b-64db4efadc7a,2026-04-22,22.708436,47b681e7-c3d8-31f6-ab69-43f82db88fa66316703417
a96a11ac-c839-3a7d-8ca2-dd65ad906316,2026-04-22,78.515725,f0f3ba5d-6fb8-3960-852e-f6235a05b8309574349724
ab5f37ff-9008-3c2a-a32b-c29632f4ea67,2026-04-22,2.621021,0d40eb23-7edb-3787-8cb8-7b09de3075fc1665666263
acadf00f-5359-3905-a13e-213d751bffb2,2026-04-22,14.611676,2852258a-e2bf-3b5a-ad87-7915c236685c5632583391
ae5f3d2e-f527-359d-8bcf-846f320f8e57,2026-04-22,15.338844,22f94015-ff23-3150-ae0f-9ef0bb188a207912060816
af753398-35e3-3c49-a7bb-31e2830197f3,2026-04-22,7.714555,b00ef48c-948b-3854-a6bb-ed2ca37487540169593901
b095775a-2d08-336f-bccf-d2f71dc4ba3c,2026-04-22,5.593922,fb87865a-444a-3efc-ab25-247ac494cd574338526402
b1d22b60-1492-37de-a246-db25e91bfb1f,2026-04-22,26.371348,ba855984-6afa-3f25-82a9-033558199c9b4291338588
b20c7e06-4ac3-32d4-be1f-8d8ca043e124,2026-04-22,37.092904,650b165d-6706-35fc-bfd9-fcbb4c66d7bc6712610403
b32150f1-1acd-3990-ad31-f63fed66b1cf,2026-04-22,55.216767,27222e5f-5d35-3311-be74-7f592e6bb2553842641276
b516e127-e0a8-3444-a387-7ee0a83c2029,2026-04-22,1.092823,cc30fb51-7115-329e-acbb-6cf3b4f138c85952469832
b5344373-538f-3f37-8982-c97e3158144a,2026-04-22,5.598546,2a20868d-41a0-350b-abd7-08a3f9d834063257215959
b7f8d590-1a7d-3745-82cc-9e0c966c6306,2026-04-22,1.682391,65f0ec49-73ce-37cb-a381-28e7217750090455003993
b99742c8-7da0-3e81-ab3c-eb775e9f5d24,2026-04-22,11.736677,83de6687-9540-3db3-a6d6-f036d634a1c63930926163
bce50849-a0e7-3f2b-b22a-24ed60440705,2026-04-22,17.487527,ecbe8abc-16bb-3af7-8cf1-b6d262d3f9915691766209
beb1d1c6-4fa9-36a8-a06f-1dc58ab74161,2026-04-22,10.059138,69be3936-f12c-34ad-b6bc-7a9f397f7d580253357983
bf5e2c07-ebd1-3aab-ae92-933140999b06,2026-04-22,22.066699,e12f9949-3428-338b-a05b-b980386cf9872350056648
c039e4c8-9c3b-3ae3-a2e7-b54c85d2cac7,2026-04-22,82.274758,ef0e0898-3920-39d5-9050-8c57b5cbcd1c9155184466
c3811eff-eb0f-3e83-943e-18b5d09919e4,2026-04-22,10.885822,b38c4c71-2ecc-3478-967b-30176508f2a82808970508
c4b4c934-c94d-3170-bd1b-d7737b2ab490,2026-04-22,8.962905,ddfedfb4-a197-3bc5-b5b9-3413d396c9d18520739647
c6c1b9c0-072d-3dbf-accc-4c8643cc0c4a,2026-04-22,39.419249,8e833220-412d-3626-aef6-f1d8e255b8961584029669
caacaf00-76dc-3d35-955a-b0b7289c1497,2026-04-22,3.702671,5428bbad-02ec-3bbd-b559-a02cb4c2701a9853561586
cdcbe271-7336-35c3-a44f-1a90281b0857,2026-04-22,60.666269,cc4a0181-1f8b-3069-891f-8f8303116f410950083050
d098b8be-5fd2-3aaf-b08a-03443b43e413,2026-04-22,23.951721,ebfca532-8531-3093-b085-d9b06d8a505a5090987086
d0d4b259-ec1f-3b6a-8049-3806591baaaa,2026-04-22,112.93752,5efd1e53-68c5-3d64-985e-f3832ec8f9a12264182398
d320f92f-4cc3-395c-b6c7-3cb3c7cb3efe,2026-04-22,125.691443,db719257-f1df-3420-b485-acfb0da643a10140791541
d3c48311-d8dc-3e24-95dd-6d2bca767bff,2026-04-22,26.60187,84018d69-0a55-3d24-a877-97aaa31a46cf2815442486
d3d0b6a8-f422-3af5-a62e-826c20495095,2026-04-22,12.437503,9a1ea106-1b3c-358a-b321-05d0ef5590af7934449393
d72106c4-021a-3b57-bf48-7b6f2c14df23,2026-04-22,6.661784,e7b18bc4-313f-33d3-ad46-7b5d777f74ca3565120826
d85f6c3e-620f-3cc3-9005-9e1beefefdc6,2026-04-22,12.553057,7a3476cf-c702-35d8-ab2c-c3c41701130b3532848987
d86225ec-57c8-3039-9b73-5067e9668517,2026-04-22,7.395574,9befbbd8-c5ed-3abc-9d19-377736924de73675696583
d940c628-4e61-3954-9aee-1aa0a0b6e21f,2026-04-22,14.033108,cbf31122-ee58-37d2-a16f-5d8ff6fcc1cb8640751006
da8b7ad5-701e-38e4-af53-bcb52836386c,2026-04-22,14.917187,5a63d77e-0da6-3691-900f-f20d6593ab0a0016925614
e059f4f2-66b1-346c-8a33-8c16446a8657,2026-04-22,27.70153,2a7ac4ba-1536-3186-93b2-a2c27853a79e9011911429
e0ab7ac6-23e5-3ce5-aef4-d9e2e575bb7a,2026-04-22,6.611548,36f25be1-e4a7-34ea-a4d5-d394fb2065cc2046082019
e1ec776a-9a69-3e5d-a0c5-33a9250b1f19,2026-04-22,8.188646,8dbe6882-1128-323e-98cf-6c6c8fd5be7d0079256300
e402d019-6155-3bff-9228-4911ea446777,2026-04-22,99.932615,d454160e-2dc7-3ac7-86b9-e72c34ef16312394849607
e71fe34e-9aa5-3ade-8054-a639af523373,2026-04-22,9.111532,b1e661de-87c5-37a4-b0ad-b47b375e798f8517162525
e83f5cbe-8539-3cbd-b749-7896bd48c47e,2026-04-22,74.660749,f37ca06e-914d-302f-a8eb-903b7734c0c39455202918
eeaba3bd-0e65-3eff-80b8-bb415d1cdc89,2026-04-22,25.896231,6d3df8ea-2edd-3fc0-8f44-b14a5c9f858f7358431617
f02cc034-f8c6-39b7-afff-343b04ff2064,2026-04-22,7.12042,4a495ff6-34e1-3d8e-9177-445cdfd39d764430640857
f2469968-f4ce-3c30-aece-76c96bba977f,2026-04-22,15.82762,c20d3ce4-526e-30be-a307-8d2e5de84a028227463090
f55d8d9d-5df9-32e8-a43c-40e2d30fe83e,2026-04-22,29.235608,25ce49b4-0e30-37f6-83c9-8fdba57ec8554749707383
f6d44ec5-a47a-3937-931c-9f8412b5fa88,2026-04-22,13.406105,6197876e-4ea6-3121-8a4b-12b6efea400a0240575023
fe5c2831-6d72-3f57-b5da-21037ecbeb2f,2026-04-22,11.746917,caac5c39-53fe-3b0e-a941-3f0559293a333871484605
03258615-f0ae-3265-b5eb-490bdff3232f,2026-04-23,15.597345,ec9b84cb-cfb5-3ef6-bd03-a93a08ac57152757515168
04f49ac6-5f35-3df9-b623-c026f24561e1,2026-04-23,37.286921,4ccf4637-f73f-3ea2-bd9d-89cd0876527e2011240689
0594d9cc-176f-3811-b8ff-1badba391ea1,2026-04-23,28.923055,7bf9e218-5646-3380-8098-8b14d617d4eb9836650145
0834a8d5-db47-3f2b-8f52-89726cb486de,2026-04-23,11.458552,adb191b8-a33a-343b-b97c-1c5b503b06aa2102226204
0bd9c8a1-cf25-3dfe-9380-6143b1183f53,2026-04-23,37.626662,7ff7d9b9-eb8b-35f9-9265-8dd933d6e5f40824718437
1094d4eb-2c4b-3c82-bb41-36696a775289,2026-04-23,80.271919,8348db4d-a8ba-3dc8-b03d-3f8345e1ce081137124557
1176a69b-fd42-3989-9822-360026e942a4,2026-04-23,53.647688,4b6c12aa-31db-353f-9880-bcdca16d2c971125384531
176efb99-8d0f-325e-a3e0-daa08e876832,2026-04-23,27.500952,c3c60fed-2c36-3d97-8b89-35c5cbbebe232642944088
17e9c47e-62ba-33a6-96e1-95ad3c636d22,2026-04-23,44.867059,77974123-fa35-3834-90f5-d19a2e752e979650064655
1bdab13f-7bc5-3e3d-81c9-f9179619fd90,2026-04-23,10.504609,5351c2cb-b7f7-3a9c-acd5-db63cfafda343248281033
1c3f0a45-334a-3810-b02a-7ba9181fca95,2026-04-23,15.035635,f25a1909-b1f5-354d-9179-29694f6ccd7b0794803399
1eae9205-92f7-36a7-94c5-cb082b3e7211,2026-04-23,20.424001,dd4f2862-ad2c-38c4-98b8-9dfedc77a2173206733718
2269fc50-2d42-3349-9d12-3bc08569d8ae,2026-04-23,11.584677,5bedbf8e-359c-38f3-981e-a44c610ee0489536718275
28cba5c0-c834-3c34-900a-9d6772fd9c30,2026-04-23,37.969101,1233b0a6-550e-3390-88ce-2a21eefafe917625072302
2b3c346c-5f49-3232-be35-3443261527b0,2026-04-23,5.335632,e6538295-3b6e-3154-9420-ec45501d20ae5856219597
2bf4e90b-5fb4-3eb6-92bd-c21ab46e7639,2026-04-23,6.40965,4835e147-ad32-3a9a-b1c1-4116ab8c15bf1573038869
323a2cac-7231-3d1b-90b0-babcb0cf55ba,2026-04-23,14.49541,6110ae57-4fb0-3294-9c39-0fdab85c823b7854159322
33a96067-0e23-3bf3-8d10-cbec5a261a65,2026-04-23,39.873657,4d63f0d2-85ca-3a28-b715-4147577bedb24364586828
3615a797-2def-32a3-a0ae-3a6e8eccf080,2026-04-23,27.148334,edfa21ff-76b9-3113-8d97-a175f873fb244866321730
363a066c-58b6-3bcf-a7b0-e9729a735ba7,2026-04-23,53.743118,29527eb9-d544-35c2-b9f1-bb262cf6b4159824252521
36f0982a-ff58-3c66-9847-439d640e7d96,2026-04-23,13.594293,50b96d70-0ca5-3d4f-bdec-3c9a5b48f6100810857519
3fe600f0-c808-3676-90fe-909ea8b83ca6,2026-04-23,9.727134,89445095-871b-3498-be52-e63f6b0e774b5355986831
43538921-75c3-3004-917b-51c3d8e2a3a6,2026-04-23,28.471347,e213be6c-e983-37d3-b47d-03cfedb25b867590845836
48d69815-2eb5-3bb9-a39b-cbe1ceb52e99,2026-04-23,15.922725,6cfee349-1ef0-3fb2-815c-a8a1f54dfaf82072162601
4a7af055-4d5f-39bf-b0a0-3e957abd6b60,2026-04-23,18.169211,2d350fdb-0d58-3f71-94bc-a8c8ac08ee913457245518
4c8688bb-e063-39d5-af44-f884b8b1b22f,2026-04-23,67.580467,74ba4416-00a1-3f9b-8c10-30d3118fa7ce7583046913
4c9d57d4-cc8e-3ffa-a7a2-954c71ef5235,2026-04-23,41.166943,10cf198f-ca0e-3ab3-a33e-629868eaf1657063863282
4d62a2a6-a8bb-3084-8568-8b0c0e6c53f9,2026-04-23,9.346122,30709a03-df76-3a99-9f2c-8ccec86cb09e5850066452
4d8e0306-9402-312c-8735-520e75542ddf,2026-04-23,10.002658,fc890f93-7094-3cdc-9c17-a9bca9d2149d3600693627
509c1fe7-94b1-311d-9fd0-979b350e4d61,2026-04-23,91.738472,beeb8cb8-6b14-3b16-b8ec-735f810410575059189611
50be9c42-1c4b-3493-a07c-ffe59fd8491c,2026-04-23,59.020435,edb658c0-31b6-337f-a557-ae881cfe96142560471597
5113b093-acec-3c38-870f-b61a2dd6b880,2026-04-23,70.570982,6de2df31-0e47-37b7-af92-4257cf86aa933125819112
54de7dbc-3f9b-3702-b677-fee85da6201d,2026-04-23,8.166984,d44e39e8-4f08-3623-986b-2646518072bf1207235870
55ad8c29-20dc-320f-8c21-ac3dfd7685ea,2026-04-23,63.354541,59813d11-bc16-3001-915e-9a9eff70c57f6619407622
55b0607e-f635-348a-bc83-f4e52515b7ec,2026-04-23,9.221315,118c8a35-e628-36a2-8499-91a87fa954ea9600440361
57437979-1053-38bc-8abf-3f9eba7ffc49,2026-04-23,23.879352,66cc36c9-6f31-3eff-8201-8a0a7f0bd59a0688159859
5b4c7154-ad7e-3526-aa3c-45e89d71e721,2026-04-23,60.970428,a5074e62-50d5-364b-aeef-675c60c2ee493068298762
5cb2e039-2dc8-3bad-9d23-4bfddc143afe,2026-04-23,46.051727,8a29b19a-f05e-35e9-8df7-d99b28bf8a8d3280431943
5de859d5-b06b-3878-b7f0-64c4e91191df,2026-04-23,3.979078,865e99a1-718b-338b-80ab-7bdcf6c522a91536159266
5f76ba6d-1bf0-3e51-b2e4-3a6d19bc39b9,2026-04-23,28.204252,c708bc56-c900-3691-a10c-994bfde2114d0282457351
5fa5d9c4-22b7-39f7-a3b2-d521ea60b47b,2026-04-23,13.891328,ab4ba1b3-b598-3bfb-8df0-768a0df60d506177714931
617065f0-5c37-32d6-a3d6-dc223ac898b3,2026-04-23,23.334832,ae562d52-09ae-3863-b5f0-5ae580696f0f2844325743
68b45261-85be-3d03-a069-5aa6ffe8e8ca,2026-04-23,58.887089,b6a7cc29-e0c8-36bf-9e06-ffc155431b242084275934
6a620372-f31e-349c-b6c6-0e040a3edb64,2026-04-23,11.974647,5585108c-6e05-3453-8c97-d5a03ce4ee0a5269991336
6e8a1cb9-329d-3c5e-8d21-4c46a734d1e9,2026-04-23,24.742827,b038cfcb-9c1e-3cde-8676-1be4c1366b8b3024374020
760b65eb-45d9-332e-bbdd-15ad2c3223bc,2026-04-23,24.932832,4050495a-d74a-3f1b-b29d-db93ba2a71c15767916558
779e581c-a821-3108-9ebe-a92f9dcfc74c,2026-04-23,45.227406,3a13c3b6-0485-353a-a580-ed21741647e41076187335
781a0729-d247-332a-a718-196cd4f0844f,2026-04-23,4.371213,c926082b-f5ea-39f0-9b3a-e5bce96b47c35305695375
79874361-3477-38db-9fbd-fc39d1713d69,2026-04-23,23.166644,241900d5-f58b-3b3f-8abc-638d1ad78e024760008737
7f426754-4ea5-368b-9dba-da1364040455,2026-04-23,7.360581,cd02aa00-f588-3d6d-9bb6-d1cb464046df4699798471
812c22d3-3843-3385-aa3b-aa8ae91b882a,2026-04-23,15.227643,e7cb4203-d63e-3d55-86b1-e2f3868974688509958032
82a48b8e-4fa5-3f42-857c-71fbe24937aa,2026-04-23,11.642655,78999b98-2dd1-3379-978c-e2474a4a43306995668347
834aa49a-5a2a-30db-8385-ad60aed26cd7,2026-04-23,80.965065,4b2f77f6-8ea8-3f4d-8688-fe485e1dd22d6927009123
83ac466b-0a2c-3b9f-bc16-cc1733598dc1,2026-04-23,23.468729,fbb1458a-bb03-3a59-81a7-c4bfa04cd8482348091600
84851a10-43f1-3fc8-a358-06f529f15c33,2026-04-23,33.86744,209d6b5c-3879-3f87-9eb1-228cd3cf4edd0737879839
84f354b1-00ae-34ba-b443-ccd2efee613c,2026-04-23,6.060247,8a14f25e-1645-3406-a19d-b9806ef569954307313451
85cb1e88-d121-35a6-a362-3cdc80917d44,2026-04-23,382.786262,1671f2df-523c-3e25-a845-e2ad655275ec3253687227
87ab0257-a9f6-3705-89f8-f63b9b8f2b0c,2026-04-23,32.520001,dd1dde98-5502-3952-90fe-dc66f816ed747906535428
8c2e2c06-5c7a-359a-8e69-0efdfb7e79bb,2026-04-23,19.242502,02b8249b-d351-36b0-8f66-387e9b5ecd765409838852
8c5b1f37-b3ea-3b4a-a4dd-fad03cfd11b6,2026-04-23,43.229937,5aa0a87f-17b4-3bc7-a55a-7d422bb28fcc9200948756
8cb2a7d2-f605-3df9-981a-2c02b1d1a4e0,2026-04-23,16.290918,c8409fd1-44f6-341e-aa4a-fcdd48e1dec91197407417
8e914a83-9f14-3c6e-8220-79cebd75eda8,2026-04-23,4.453548,561fc8fa-c73c-3cf0-a4da-ce7cc8fda80f4105333844
911d2093-d19c-3f31-815c-a2815fcd3901,2026-04-23,75.43675,f08546be-1bd1-3bd9-a186-1ac364a028663840464235
929f777a-b8ac-3e16-8d77-e8ac77fd282c,2026-04-23,3.855678,1ffd69db-4324-35d3-bc6b-b90daffa00c05540448447
92de990d-30ce-38da-ad78-86a4a56c065b,2026-04-23,10.316432,5a8242fb-5aa7-3d5b-ac68-21ea53c5f9e87894148187
9317e817-504a-35a4-b7c3-68e90b432c45,2026-04-23,28.31584,bd68d9fe-0c5e-3648-8a84-d7649dbc11df2315333603
949ebf54-2340-343d-959a-0f34372577da,2026-04-23,68.631037,181570ff-51a4-3333-82ec-c322cfc915d01750361380
956008d9-c7c8-3450-a799-ccd802fc2078,2026-04-23,38.535791,ac8597c6-2e0c-3fce-bd96-0eeae07b92825791469057
960a5c04-f3ef-340c-af8a-48e88045ac24,2026-04-23,13.283602,485a6ee1-26d8-3d41-bd32-a72421af1a296123003165
9661bcb6-dd62-3576-b8b0-049874fff3a1,2026-04-23,4.367081,a765656c-b5ea-38d3-b817-93751b0015257870386126
96739dc1-9e37-3b11-8e79-e0a5a57062a1,2026-04-23,49.47209,7b60b05a-7946-3efd-a3a0-0ada59de74070619321536
96be8df1-0628-3c17-acd8-50a096438ea0,2026-04-23,23.18513,7b8d6a5a-3256-3096-8208-171b7eaab4737311108557
98b357c6-e458-3b53-bc66-c80eb105e3cf,2026-04-23,27.626653,6b5a4bec-b45d-3f6f-a9b0-769861cf16bd1539781265
9a736669-65a4-3b3e-a4b5-8f6ec9654a84,2026-04-23,14.435119,bd347e86-1b36-3407-80b6-78a2f2dae41e9793909208
9b195b8e-28d6-386e-8990-1a5bb4dd1bdb,2026-04-23,30.080729,193afc72-4494-30b1-beb3-cd4156f1c97d7901017989
9bffe43c-9c3e-3c3f-947d-b83b096a53f5,2026-04-23,16.710017,635d1fea-f7dc-33f1-a406-2689203c6ffe1836896463
9c2b569e-d3f4-3c78-a57e-4d73687d2dc2,2026-04-23,91.056789,bcf6894a-0424-3665-b520-2c34eeac116f1861409402
9f556308-7e5a-375c-8130-c6284c3c5d5c,2026-04-23,17.160284,24110268-df67-321e-9581-bd29f27ea3618160468027
a0f95e73-3897-3dcc-9f5c-faad41b5219c,2026-04-23,60.512274,58b12641-aa5e-3c6d-97a0-f417dd0a469c4411625778
a12779cf-ff75-376e-9cb4-73e937a3c164,2026-04-23,32.832117,ba19c2fb-8246-3ab8-b894-67973ae2268a8549866658
a2de86e5-02cf-3c93-9b40-f9629530b7d1,2026-04-23,667.255006,bcd56054-ac31-3e6f-a2d9-f156a299929c4047783680
a5068583-4849-35ce-900f-e2ce7f309840,2026-04-23,17.307494,ccacfe15-f7bf-3c92-9308-98112a74aa440314647208
a513bb7e-87ac-35cd-b4a2-6d23427bd2fa,2026-04-23,10.448282,481dceb1-1678-3a7e-b288-d7e2bf0c062a7786339993
a67cec0f-eda0-3d47-af0e-2bd3262a8cf9,2026-04-23,34.371842,edd1002d-960d-3956-8ea2-8ffafe4e3f780323661523
ab0c7a3d-b6a3-3c71-a9f6-6f5167fbf2d9,2026-04-23,14.870238,6e8c3bb5-37b6-3aa6-a40a-2cf1d71e64fa4807837875
ac429fef-9e6b-3e26-a5ea-3122c166230c,2026-04-23,60.765081,81f224a7-cb42-3ee9-9103-e81fcc20756c3353013338
acadf00f-5359-3905-a13e-213d751bffb2,2026-04-23,9.20538,2852258a-e2bf-3b5a-ad87-7915c236685c5632583391
ae5f3d2e-f527-359d-8bcf-846f320f8e57,2026-04-23,11.400792,22f94015-ff23-3150-ae0f-9ef0bb188a207912060816
af753398-35e3-3c49-a7bb-31e2830197f3,2026-04-23,7.312855,b00ef48c-948b-3854-a6bb-ed2ca37487540169593901
b32150f1-1acd-3990-ad31-f63fed66b1cf,2026-04-23,71.670472,27222e5f-5d35-3311-be74-7f592e6bb2553842641276
b571b5d8-c91f-3776-86bd-22c88c5580c2,2026-04-23,31.17298,afafa873-61a8-38e0-8977-cd70cd270f449777286253
b7f8d590-1a7d-3745-82cc-9e0c966c6306,2026-04-23,10.03561,65f0ec49-73ce-37cb-a381-28e7217750090455003993
bce50849-a0e7-3f2b-b22a-24ed60440705,2026-04-23,17.397407,ecbe8abc-16bb-3af7-8cf1-b6d262d3f9915691766209
c0f8ab9f-4b7b-3f4f-b576-f80ad3cb5399,2026-04-23,34.130922,ae6fce59-c426-3691-b4cc-2e7f01a5433a0719674315
c3811eff-eb0f-3e83-943e-18b5d09919e4,2026-04-23,20.743045,b38c4c71-2ecc-3478-967b-30176508f2a82808970508
c4b4c934-c94d-3170-bd1b-d7737b2ab490,2026-04-23,9.413798,ddfedfb4-a197-3bc5-b5b9-3413d396c9d18520739647
c4ec5436-0c6f-389c-b83d-e1f34b408946,2026-04-23,11.294848,6d73a170-b659-36fe-bc67-1faa907dd4b49647063385
c7599875-d64e-3ef2-8a6a-a218c4c24bfa,2026-04-23,19.583974,4acd48f6-3379-3b71-a45f-8ba6aad527457333951563
c8c964e3-6f43-33e9-8a11-e9eaf55933ba,2026-04-23,35.870118,db1bd750-5b46-3bea-9d82-c79a18a08d0d0806001910
cdcbe271-7336-35c3-a44f-1a90281b0857,2026-04-23,58.934588,cc4a0181-1f8b-3069-891f-8f8303116f410950083050
d16b7d90-92be-3869-95a7-7d511669811b,2026-04-23,29.623299,760b5b15-f871-3327-a1ef-e07e6f4cc11c2795438507
d320f92f-4cc3-395c-b6c7-3cb3c7cb3efe,2026-04-23,94.92552,db719257-f1df-3420-b485-acfb0da643a10140791541
d3c48311-d8dc-3e24-95dd-6d2bca767bff,2026-04-23,41.408349,84018d69-0a55-3d24-a877-97aaa31a46cf2815442486
d3d0b6a8-f422-3af5-a62e-826c20495095,2026-04-23,5.680734,9a1ea106-1b3c-358a-b321-05d0ef5590af7934449393
d72106c4-021a-3b57-bf48-7b6f2c14df23,2026-04-23,13.359028,e7b18bc4-313f-33d3-ad46-7b5d777f74ca3565120826
d834b72d-c2cc-391e-8a0c-c3f147eeb522,2026-04-23,45.66834,62331e5f-4437-3168-b6e9-aa00c1ae49235115900219
d85f6c3e-620f-3cc3-9005-9e1beefefdc6,2026-04-23,11.750536,7a3476cf-c702-35d8-ab2c-c3c41701130b3532848987
d86225ec-57c8-3039-9b73-5067e9668517,2026-04-23,7.691891,9befbbd8-c5ed-3abc-9d19-377736924de73675696583
d940c628-4e61-3954-9aee-1aa0a0b6e21f,2026-04-23,20.829381,cbf31122-ee58-37d2-a16f-5d8ff6fcc1cb8640751006
de0bc8c0-4447-382c-b7c7-ce385510a49b,2026-04-23,29.65715,8d66b14e-bf47-35e5-b800-b55ca34760cf6094204743
e059f4f2-66b1-346c-8a33-8c16446a8657,2026-04-23,21.62324,2a7ac4ba-1536-3186-93b2-a2c27853a79e9011911429
e402d019-6155-3bff-9228-4911ea446777,2026-04-23,98.957222,d454160e-2dc7-3ac7-86b9-e72c34ef16312394849607
e41ed1fc-302f-351c-8dbd-1ccac5078a09,2026-04-23,21.805776,4a944e09-e32f-36d7-b5a4-e211ca471f446730403642
e69f5e43-374e-3577-a194-03eca473eb86,2026-04-23,22.764852,b994cb0e-9aaf-3dbd-a0ab-315cc16c435c1107868581
e76bb8c7-e2ca-3a2e-96b4-7d3717dfbe06,2026-04-23,24.443969,e755d9a3-e083-3c09-8b82-e48bcb43e7f81851692813
e91fcfab-7cdf-31df-8933-e788688d8288,2026-04-23,31.753054,fe28678b-e200-3a9d-a1de-effda4879d2c1615844509
ea133f80-908c-3a40-af86-f0745e517fd2,2026-04-23,38.126392,7111b6e6-9d33-3f84-ae08-89cafad819261967282058
ea2319a1-87a9-39c7-978a-631828711569,2026-04-23,39.565009,aa7cd5d3-2fa7-342d-b330-88ea3eded8c73712328503
ebbf605d-a94c-3f16-9ae0-5449c87f4002,2026-04-23,81.839422,c01d7453-03eb-38be-bc95-24391aa315144796657446
ed0a8ed8-2282-3fec-82db-fafd297cdb61,2026-04-23,10.830221,4e3099ad-3bc5-3b23-837d-8c897adc8c894362553996
eeaba3bd-0e65-3eff-80b8-bb415d1cdc89,2026-04-23,16.665807,6d3df8ea-2edd-3fc0-8f44-b14a5c9f858f7358431617
eedf529f-5a2b-3af3-8849-028191ece984,2026-04-23,32.418664,1209c729-0671-3154-874b-55ac027ab5523926141362
f02cc034-f8c6-39b7-afff-343b04ff2064,2026-04-23,14.474718,4a495ff6-34e1-3d8e-9177-445cdfd39d764430640857
f1ebcf2f-e51e-373c-b8af-374b6efced62,2026-04-23,20.499082,a96795c7-1ef3-330f-9a52-bd611b998fc53408195367
f28c27e1-116f-3bfa-87a3-a4aec05ef6ed,2026-04-23,40.026606,06747886-3cd5-3df7-b4e3-5300fd43ba8b6993791108
f37b1d54-4726-3503-b093-7096160494d8,2026-04-23,17.550692,0701ba50-1c05-393a-97d1-5f4023a8749c6116792851
f55d8d9d-5df9-32e8-a43c-40e2d30fe83e,2026-04-23,33.597636,25ce49b4-0e30-37f6-83c9-8fdba57ec8554749707383
f5c21c69-5b03-320a-ae2e-2554aefff943,2026-04-23,60.962477,1733732a-abce-3040-96d5-89e43d8b44882339867108
f6d44ec5-a47a-3937-931c-9f8412b5fa88,2026-04-23,16.339831,6197876e-4ea6-3121-8a4b-12b6efea400a0240575023
fbb84839-d7f2-363f-a497-68b74f2449f2,2026-04-23,38.699594,76b88c0d-830b-38ed-91c8-6b3757820cc05429571885
fccc0510-f20a-3f28-bf3c-66cfe9fa99d1,2026-04-23,19.697019,218810c6-5f55-31ef-942d-6b8f7944e4a79796581507
fe5c2831-6d72-3f57-b5da-21037ecbeb2f,2026-04-23,29.99261,caac5c39-53fe-3b0e-a941-3f0559293a333871484605
030041c0-f398-3572-9c7e-3edf3d9d2ea3,2026-04-24,9.565668,123b8640-546f-3146-aac1-b5e3a45883358031893487
04f49ac6-5f35-3df9-b623-c026f24561e1,2026-04-24,52.668012,4ccf4637-f73f-3ea2-bd9d-89cd0876527e2011240689
0594d9cc-176f-3811-b8ff-1badba391ea1,2026-04-24,17.586663,7bf9e218-5646-3380-8098-8b14d617d4eb9836650145
06e33f1d-dda0-31b8-915e-bde6cf9b4012,2026-04-24,25.518916,5c1c68c1-feaf-3d3a-8a14-7e795d01c1ba6471737628
0769202c-7965-32a1-8d36-1cd52b64377d,2026-04-24,2.886063,03bfca79-bd1d-3217-a8ee-b032e1a5d4279777514889
0bd9c8a1-cf25-3dfe-9380-6143b1183f53,2026-04-24,57.916876,7ff7d9b9-eb8b-35f9-9265-8dd933d6e5f40824718437
0d66e094-d57b-3221-bdb4-ff9f2a6fa6b6,2026-04-24,42.008571,a1f98fd1-522c-331e-93df-e0e3c705c1c60127744720
0f7a9277-d005-30c0-8821-910389205cba,2026-04-24,9.224598,1498339f-636a-3ba6-8eaf-f82826cfc66b1703033271
1094d4eb-2c4b-3c82-bb41-36696a775289,2026-04-24,117.791235,8348db4d-a8ba-3dc8-b03d-3f8345e1ce081137124557
1176a69b-fd42-3989-9822-360026e942a4,2026-04-24,63.849345,4b6c12aa-31db-353f-9880-bcdca16d2c971125384531
15d19e1d-74b8-3948-867f-63a4a1188539,2026-04-24,50.810888,3a0da385-e669-30df-8f17-ee93aea6a3a63054977077
15f19ccf-5f54-370e-914a-19ef0d6e7bfe,2026-04-24,114.665102,d0dca904-0a39-3f70-8f24-23b3f8543cae9283252446
176efb99-8d0f-325e-a3e0-daa08e876832,2026-04-24,16.399484,c3c60fed-2c36-3d97-8b89-35c5cbbebe232642944088
19008d6d-be6f-38f0-8a72-4525e9b98022,2026-04-24,89.47764,4201befe-1bec-3dec-bd92-ac10a986017a9798478753
1bdab13f-7bc5-3e3d-81c9-f9179619fd90,2026-04-24,8.720704,5351c2cb-b7f7-3a9c-acd5-db63cfafda343248281033
1c3f0a45-334a-3810-b02a-7ba9181fca95,2026-04-24,15.299011,f25a1909-b1f5-354d-9179-29694f6ccd7b0794803399
1eae9205-92f7-36a7-94c5-cb082b3e7211,2026-04-24,25.079895,dd4f2862-ad2c-38c4-98b8-9dfedc77a2173206733718
2111daa9-5dbb-36aa-b675-efab46559d5d,2026-04-24,4.992686,93fc0a2e-adf6-3b5c-a38a-8aaf0af2466c8463812397
21e18788-026e-37c1-9a0a-259c58a0fc50,2026-04-24,47.26546,6825bc20-32f9-371b-b653-a8454dd0cf4e9794303102
28cba5c0-c834-3c34-900a-9d6772fd9c30,2026-04-24,3.627409,1233b0a6-550e-3390-88ce-2a21eefafe917625072302
2fd79494-a377-3a29-a882-b11802cfee0c,2026-04-24,8.437884,e50f86b5-d7cd-3a80-a5b4-78c659980b001758781599
363a066c-58b6-3bcf-a7b0-e9729a735ba7,2026-04-24,31.485992,29527eb9-d544-35c2-b9f1-bb262cf6b4159824252521
3e7f3808-bc28-36c7-8251-a028f5ff5644,2026-04-24,23.729977,18ddeade-5928-3676-ae42-029acd2d6bcb2570795136
41219c74-897b-3ca9-87e5-43da9041ddd3,2026-04-24,53.942849,fbfd204b-197f-3c6c-95b1-4733172f5fca0533189354
423348ca-0838-3372-a616-b4cda0468666,2026-04-24,8.772992,c36a6f4f-bea8-35b0-b824-2c970e256ac26805083472
4333cd5c-141e-38a1-af2a-a7df714feddb,2026-04-24,12.874885,3c3bc593-75a7-3bce-b04f-0d15bea76c784217531826
434188a4-f9da-364f-a6dc-53072f0ec1b3,2026-04-24,19.440662,e25f63b1-614b-3240-9c58-803a43e9bb435024428155
43538921-75c3-3004-917b-51c3d8e2a3a6,2026-04-24,27.602873,e213be6c-e983-37d3-b47d-03cfedb25b867590845836
48a891ca-8770-3a95-9414-af5bad034e5a,2026-04-24,11.454081,6a2b2b4f-b163-3211-9417-7ab21b779b6e4168236426
4a7af055-4d5f-39bf-b0a0-3e957abd6b60,2026-04-24,11.454769,2d350fdb-0d58-3f71-94bc-a8c8ac08ee913457245518
4b3616f0-ccf1-31e3-810e-f668c2042b23,2026-04-24,39.783462,b68e0cee-582f-3f61-89e5-ca032d2062073327596356
50be9c42-1c4b-3493-a07c-ffe59fd8491c,2026-04-24,37.83711,edb658c0-31b6-337f-a557-ae881cfe96142560471597
5113b093-acec-3c38-870f-b61a2dd6b880,2026-04-24,46.860347,6de2df31-0e47-37b7-af92-4257cf86aa933125819112
5498a54c-7cf2-3cbb-85d5-1078aa3be4a7,2026-04-24,10.185799,7f2eff44-b501-3d88-8b7a-bc0819c1cbd05256736696
54de7dbc-3f9b-3702-b677-fee85da6201d,2026-04-24,12.660972,d44e39e8-4f08-3623-986b-2646518072bf1207235870
55b0607e-f635-348a-bc83-f4e52515b7ec,2026-04-24,5.091522,118c8a35-e628-36a2-8499-91a87fa954ea9600440361
5656dbc0-5497-3227-a829-fd8eb574450e,2026-04-24,19.776555,a203c081-9992-358a-b291-2006588558ba6822670837
57437979-1053-38bc-8abf-3f9eba7ffc49,2026-04-24,29.606196,66cc36c9-6f31-3eff-8201-8a0a7f0bd59a0688159859
57d3f142-33f4-308b-ae84-b183cc99db1b,2026-04-24,25.479184,3347c53c-2e52-3fd7-91f9-f73a7872e66a1890146135
591e07f6-72df-366d-a512-d5ee900f7c15,2026-04-24,23.736603,abb3cf38-3fad-3baa-af44-c9b4d24608456857996865
5a91fc01-e54a-36cc-b759-44260109d8b8,2026-04-24,3.60369,1356d797-66bc-3a72-b11f-7b3084dc9d272348624974
5b4c7154-ad7e-3526-aa3c-45e89d71e721,2026-04-24,77.053984,a5074e62-50d5-364b-aeef-675c60c2ee493068298762
5cb2e039-2dc8-3bad-9d23-4bfddc143afe,2026-04-24,51.791559,8a29b19a-f05e-35e9-8df7-d99b28bf8a8d3280431943
5d21d7da-3e33-3ab4-99ef-3ca2c2ff2c69,2026-04-24,10.671314,b03fc426-da51-3e1c-aa77-6b918bff0e513877121931
5d6ffe35-085b-3fc0-abf7-9f02a5c4fb33,2026-04-24,14.237692,03ffa46d-2a01-3d1e-b2b7-afc51d9158352243231721
5f76ba6d-1bf0-3e51-b2e4-3a6d19bc39b9,2026-04-24,18.622789,c708bc56-c900-3691-a10c-994bfde2114d0282457351
6001b0b7-96fc-3fe1-aef1-329c8e2f62ce,2026-04-24,10.048396,6e29cd08-5d8b-32dd-baf0-fc5123d964c69692072979
617065f0-5c37-32d6-a3d6-dc223ac898b3,2026-04-24,14.916024,ae562d52-09ae-3863-b5f0-5ae580696f0f2844325743
64b0ba20-1b28-3b6c-9ffc-402714ee0245,2026-04-24,20.092617,358bf36d-7dae-3d60-9132-32bf3090f2f25850796649
68b45261-85be-3d03-a069-5aa6ffe8e8ca,2026-04-24,49.714714,b6a7cc29-e0c8-36bf-9e06-ffc155431b242084275934
6a620372-f31e-349c-b6c6-0e040a3edb64,2026-04-24,20.542909,5585108c-6e05-3453-8c97-d5a03ce4ee0a5269991336
6e8a1cb9-329d-3c5e-8d21-4c46a734d1e9,2026-04-24,44.59379,b038cfcb-9c1e-3cde-8676-1be4c1366b8b3024374020
72e3323e-cebd-3aa6-a736-9022afb37e21,2026-04-24,56.939343,dd1d2448-04ec-3dd9-9b0e-69f5e79a93407723570593
745d78f2-7f7a-3cdd-af4f-c4c3f0a18dbb,2026-04-24,33.429872,f1df5283-191c-30dd-b238-da858232e5d08985022611
75c008ab-9d95-3b45-b06c-1ba571bc7895,2026-04-24,5.157667,ec573df9-2361-3e56-a35c-cf369728a6f02624538703
760b65eb-45d9-332e-bbdd-15ad2c3223bc,2026-04-24,21.833063,4050495a-d74a-3f1b-b29d-db93ba2a71c15767916558
779e581c-a821-3108-9ebe-a92f9dcfc74c,2026-04-24,60.142178,3a13c3b6-0485-353a-a580-ed21741647e41076187335
7825a025-23b9-3955-84e6-3a54c38e86e4,2026-04-24,18.732439,944aa6d5-032b-30c6-b177-dba1d9d44f1a2385396646
812c22d3-3843-3385-aa3b-aa8ae91b882a,2026-04-24,10.663864,e7cb4203-d63e-3d55-86b1-e2f3868974688509958032
82b47e6e-09d7-36e6-80ab-4506629ff46b,2026-04-24,74.135262,1695d743-ff11-3262-b7c5-f109ac7b016b5800029843
834aa49a-5a2a-30db-8385-ad60aed26cd7,2026-04-24,111.79913,4b2f77f6-8ea8-3f4d-8688-fe485e1dd22d6927009123
84851a10-43f1-3fc8-a358-06f529f15c33,2026-04-24,52.482752,209d6b5c-3879-3f87-9eb1-228cd3cf4edd0737879839
84f354b1-00ae-34ba-b443-ccd2efee613c,2026-04-24,9.916292,8a14f25e-1645-3406-a19d-b9806ef569954307313451
87ab0257-a9f6-3705-89f8-f63b9b8f2b0c,2026-04-24,8.861424,dd1dde98-5502-3952-90fe-dc66f816ed747906535428
8cb2a7d2-f605-3df9-981a-2c02b1d1a4e0,2026-04-24,27.143835,c8409fd1-44f6-341e-aa4a-fcdd48e1dec91197407417
92de990d-30ce-38da-ad78-86a4a56c065b,2026-04-24,18.93748,5a8242fb-5aa7-3d5b-ac68-21ea53c5f9e87894148187
9317e817-504a-35a4-b7c3-68e90b432c45,2026-04-24,29.806603,bd68d9fe-0c5e-3648-8a84-d7649dbc11df2315333603
96739dc1-9e37-3b11-8e79-e0a5a57062a1,2026-04-24,90.088998,7b60b05a-7946-3efd-a3a0-0ada59de74070619321536
9b195b8e-28d6-386e-8990-1a5bb4dd1bdb,2026-04-24,28.821621,193afc72-4494-30b1-beb3-cd4156f1c97d7901017989
9bddd6f0-dd41-333e-aac7-f757b18ea2aa,2026-04-24,23.366145,c6545cb9-33df-373c-8ac9-ce43225c9d986458695776
9c2b569e-d3f4-3c78-a57e-4d73687d2dc2,2026-04-24,65.47693,bcf6894a-0424-3665-b520-2c34eeac116f1861409402
9d35e9c7-555b-37b7-adda-1a942e3c3655,2026-04-24,56.81146,44b79b38-40a9-3593-b0cd-9c7e4aec43216874733631
a06461db-ef00-3481-9827-c829471e7245,2026-04-24,4.86056,5511d59c-db31-37fb-8790-ae49b8ec4ba25737611269
a0f95e73-3897-3dcc-9f5c-faad41b5219c,2026-04-24,75.48935,58b12641-aa5e-3c6d-97a0-f417dd0a469c4411625778
a12779cf-ff75-376e-9cb4-73e937a3c164,2026-04-24,15.823227,ba19c2fb-8246-3ab8-b894-67973ae2268a8549866658
a2de86e5-02cf-3c93-9b40-f9629530b7d1,2026-04-24,476.700996,bcd56054-ac31-3e6f-a2d9-f156a299929c4047783680
a5068583-4849-35ce-900f-e2ce7f309840,2026-04-24,21.80794,ccacfe15-f7bf-3c92-9308-98112a74aa440314647208
a513bb7e-87ac-35cd-b4a2-6d23427bd2fa,2026-04-24,9.50533,481dceb1-1678-3a7e-b288-d7e2bf0c062a7786339993
a8d7fd17-4556-3ba6-8223-e88d8ead8fb0,2026-04-24,5.527717,7d10e7ed-604b-3e03-a105-86eebe4f6d9d0233713485
a8e332b8-087a-38b0-8c1b-64db4efadc7a,2026-04-24,8.145591,47b681e7-c3d8-31f6-ab69-43f82db88fa66316703417
ab5f37ff-9008-3c2a-a32b-c29632f4ea67,2026-04-24,3.613202,0d40eb23-7edb-3787-8cb8-7b09de3075fc1665666263
ad759908-6038-3c75-a6b2-7fd42a8a03f7,2026-04-24,38.695961,2ad373ae-0c89-3393-8c68-e3126543594f3130901658
ae5f3d2e-f527-359d-8bcf-846f320f8e57,2026-04-24,11.765931,22f94015-ff23-3150-ae0f-9ef0bb188a207912060816
af15418c-707a-3e54-a465-034a3b570a96,2026-04-24,20.551651,89b93f60-7af8-31b9-aacf-45885de7f2069142372275
b1d22b60-1492-37de-a246-db25e91bfb1f,2026-04-24,5.745515,ba855984-6afa-3f25-82a9-033558199c9b4291338588
b32150f1-1acd-3990-ad31-f63fed66b1cf,2026-04-24,48.605812,27222e5f-5d35-3311-be74-7f592e6bb2553842641276
b516e127-e0a8-3444-a387-7ee0a83c2029,2026-04-24,1.684699,cc30fb51-7115-329e-acbb-6cf3b4f138c85952469832
b5b7bbb0-1312-34a4-8934-10fe49cea8ed,2026-04-24,38.121915,c1179ffe-16b5-3808-a61b-c697ad5655cd0958447347
b9f874e5-bbd8-332a-9f2e-a024bb815cf9,2026-04-24,95.273146,0183e024-3556-38ab-8f83-a2397dc1c7ff0961989030
beb1d1c6-4fa9-36a8-a06f-1dc58ab74161,2026-04-24,5.40782,69be3936-f12c-34ad-b6bc-7a9f397f7d580253357983
c0f8ab9f-4b7b-3f4f-b576-f80ad3cb5399,2026-04-24,23.687063,ae6fce59-c426-3691-b4cc-2e7f01a5433a0719674315
c3811eff-eb0f-3e83-943e-18b5d09919e4,2026-04-24,17.435548,b38c4c71-2ecc-3478-967b-30176508f2a82808970508
c4b4c934-c94d-3170-bd1b-d7737b2ab490,2026-04-24,14.865115,ddfedfb4-a197-3bc5-b5b9-3413d396c9d18520739647
c4ec5436-0c6f-389c-b83d-e1f34b408946,2026-04-24,9.338246,6d73a170-b659-36fe-bc67-1faa907dd4b49647063385
c6c1b9c0-072d-3dbf-accc-4c8643cc0c4a,2026-04-24,29.114402,8e833220-412d-3626-aef6-f1d8e255b8961584029669
c7599875-d64e-3ef2-8a6a-a218c4c24bfa,2026-04-24,12.985723,4acd48f6-3379-3b71-a45f-8ba6aad527457333951563
c8c964e3-6f43-33e9-8a11-e9eaf55933ba,2026-04-24,36.579279,db1bd750-5b46-3bea-9d82-c79a18a08d0d0806001910
caacaf00-76dc-3d35-955a-b0b7289c1497,2026-04-24,12.600592,5428bbad-02ec-3bbd-b559-a02cb4c2701a9853561586
cce1c127-2ff8-3ea0-a9b8-2df2cd888b5b,2026-04-24,29.312986,40fb0c0c-0006-3ab6-84ec-5dc4198294863739942525
cdcbe271-7336-35c3-a44f-1a90281b0857,2026-04-24,20.291641,cc4a0181-1f8b-3069-891f-8f8303116f410950083050
ce7a22b8-f3c0-3690-acac-8b5a7bf4c798,2026-04-24,38.557876,75a3be66-cc33-35b3-aa17-355486d71eeb4926576029
d3d0b6a8-f422-3af5-a62e-826c20495095,2026-04-24,10.875663,9a1ea106-1b3c-358a-b321-05d0ef5590af7934449393
d6f76560-f2a1-3ae9-ab43-eaa1f2033306,2026-04-24,27.197411,df76341f-d9c1-31f1-a511-61e0bba9ac1a9330646801
d72106c4-021a-3b57-bf48-7b6f2c14df23,2026-04-24,9.196742,e7b18bc4-313f-33d3-ad46-7b5d777f74ca3565120826
d834b72d-c2cc-391e-8a0c-c3f147eeb522,2026-04-24,33.809742,62331e5f-4437-3168-b6e9-aa00c1ae49235115900219
d940c628-4e61-3954-9aee-1aa0a0b6e21f,2026-04-24,18.102502,cbf31122-ee58-37d2-a16f-5d8ff6fcc1cb8640751006
da8b7ad5-701e-38e4-af53-bcb52836386c,2026-04-24,10.12136,5a63d77e-0da6-3691-900f-f20d6593ab0a0016925614
dee4128a-2091-303c-8411-15401a64ec03,2026-04-24,140.540376,7d2de236-8dd1-333c-b3b2-c7d8bd4250cd6306917490
e0ab7ac6-23e5-3ce5-aef4-d9e2e575bb7a,2026-04-24,4.03729,36f25be1-e4a7-34ea-a4d5-d394fb2065cc2046082019
e1ec776a-9a69-3e5d-a0c5-33a9250b1f19,2026-04-24,6.998972,8dbe6882-1128-323e-98cf-6c6c8fd5be7d0079256300
e402d019-6155-3bff-9228-4911ea446777,2026-04-24,70.859451,d454160e-2dc7-3ac7-86b9-e72c34ef16312394849607
e41ed1fc-302f-351c-8dbd-1ccac5078a09,2026-04-24,39.630346,4a944e09-e32f-36d7-b5a4-e211ca471f446730403642
e69f5e43-374e-3577-a194-03eca473eb86,2026-04-24,50.091569,b994cb0e-9aaf-3dbd-a0ab-315cc16c435c1107868581
e6a4f012-2129-36d0-bf2f-6e3c384f5497,2026-04-24,14.686972,30a74d31-d91b-3ff9-b591-0ed7882600e46693238563
e71fe34e-9aa5-3ade-8054-a639af523373,2026-04-24,10.855792,b1e661de-87c5-37a4-b0ad-b47b375e798f8517162525
e76bb8c7-e2ca-3a2e-96b4-7d3717dfbe06,2026-04-24,18.787441,e755d9a3-e083-3c09-8b82-e48bcb43e7f81851692813
e91fcfab-7cdf-31df-8933-e788688d8288,2026-04-24,20.498923,fe28678b-e200-3a9d-a1de-effda4879d2c1615844509
ed0a8ed8-2282-3fec-82db-fafd297cdb61,2026-04-24,10.155719,4e3099ad-3bc5-3b23-837d-8c897adc8c894362553996
eeaba3bd-0e65-3eff-80b8-bb415d1cdc89,2026-04-24,25.69922,6d3df8ea-2edd-3fc0-8f44-b14a5c9f858f7358431617
f166b497-832f-3b26-8149-b36820a1aebe,2026-04-24,9.495049,a7ce6c88-3186-35ed-a793-f40dc624f2bc4233811371
f1809858-d9d7-3db3-8cc3-5793c598044c,2026-04-24,40.546936,7697f751-8371-30c0-81c8-fcc775cadf993437132586
f28c27e1-116f-3bfa-87a3-a4aec05ef6ed,2026-04-24,26.276028,06747886-3cd5-3df7-b4e3-5300fd43ba8b6993791108
f37b1d54-4726-3503-b093-7096160494d8,2026-04-24,11.504762,0701ba50-1c05-393a-97d1-5f4023a8749c6116792851
f55d8d9d-5df9-32e8-a43c-40e2d30fe83e,2026-04-24,7.327756,25ce49b4-0e30-37f6-83c9-8fdba57ec8554749707383
f5a2ffe8-63a0-3fe0-82d0-e2780d9d29dc,2026-04-24,14.846746,33dd9c10-10b1-32fe-be4f-7be1047c9ed36643760194
fbb84839-d7f2-363f-a497-68b74f2449f2,2026-04-24,15.080162,76b88c0d-830b-38ed-91c8-6b3757820cc05429571885
fccc0510-f20a-3f28-bf3c-66cfe9fa99d1,2026-04-24,30.048322,218810c6-5f55-31ef-942d-6b8f7944e4a79796581507
fe5c2831-6d72-3f57-b5da-21037ecbeb2f,2026-04-24,8.331066,caac5c39-53fe-3b0e-a941-3f0559293a333871484605
030041c0-f398-3572-9c7e-3edf3d9d2ea3,2026-04-27,11.989228,123b8640-546f-3146-aac1-b5e3a45883358031893487
04f49ac6-5f35-3df9-b623-c026f24561e1,2026-04-27,52.80844,4ccf4637-f73f-3ea2-bd9d-89cd0876527e2011240689
0594d9cc-176f-3811-b8ff-1badba391ea1,2026-04-27,15.577487,7bf9e218-5646-3380-8098-8b14d617d4eb9836650145
0bd9c8a1-cf25-3dfe-9380-6143b1183f53,2026-04-27,56.604874,7ff7d9b9-eb8b-35f9-9265-8dd933d6e5f40824718437
103be95c-0738-36fc-9aca-d07b1504909a,2026-04-27,70.087387,288d8971-0036-3b38-be44-cdab7d647fa95424134206
108e1055-4067-36ab-86d5-3ac2be2e867f,2026-04-27,15.499396,8690c614-cd42-3218-b40b-ca04dce958814882526076
1094d4eb-2c4b-3c82-bb41-36696a775289,2026-04-27,56.017245,8348db4d-a8ba-3dc8-b03d-3f8345e1ce081137124557
1176a69b-fd42-3989-9822-360026e942a4,2026-04-27,60.475859,4b6c12aa-31db-353f-9880-bcdca16d2c971125384531
176efb99-8d0f-325e-a3e0-daa08e876832,2026-04-27,17.168532,c3c60fed-2c36-3d97-8b89-35c5cbbebe232642944088
18a6d5f8-3203-3934-be7c-fef235f8d5ee,2026-04-27,15.117553,d0fc809f-656e-31a8-9e5e-192c6b636f8d5430933548
1bdab13f-7bc5-3e3d-81c9-f9179619fd90,2026-04-27,7.744835,5351c2cb-b7f7-3a9c-acd5-db63cfafda343248281033
1c3f0a45-334a-3810-b02a-7ba9181fca95,2026-04-27,18.766555,f25a1909-b1f5-354d-9179-29694f6ccd7b0794803399
1eae9205-92f7-36a7-94c5-cb082b3e7211,2026-04-27,17.422928,dd4f2862-ad2c-38c4-98b8-9dfedc77a2173206733718
21e18788-026e-37c1-9a0a-259c58a0fc50,2026-04-27,38.330151,6825bc20-32f9-371b-b653-a8454dd0cf4e9794303102
29513ef6-a0f9-30aa-b2a3-e67dd9c50f2d,2026-04-27,11.640118,4763c9d2-d480-368f-84c3-63cf0c346e577347437891
2b3c346c-5f49-3232-be35-3443261527b0,2026-04-27,9.104411,e6538295-3b6e-3154-9420-ec45501d20ae5856219597
2bf4e90b-5fb4-3eb6-92bd-c21ab46e7639,2026-04-27,5.965363,4835e147-ad32-3a9a-b1c1-4116ab8c15bf1573038869
2fe9cfc5-7b82-3db6-a301-cee9e440ba85,2026-04-27,14.537752,45e41d94-342b-3297-9fa8-278d1ca209178357185713
33a96067-0e23-3bf3-8d10-cbec5a261a65,2026-04-27,36.344858,4d63f0d2-85ca-3a28-b715-4147577bedb24364586828
363a066c-58b6-3bcf-a7b0-e9729a735ba7,2026-04-27,65.770367,29527eb9-d544-35c2-b9f1-bb262cf6b4159824252521
3ab4ce54-3bfa-3a09-8624-c69a02d77632,2026-04-27,1.855727,776a90be-9929-3c47-9f5d-5f73f58824c60497278972
3c828a67-8a44-3a18-a2db-213948c73e01,2026-04-27,37.919858,4b9e8129-de42-3612-a62a-b99391f3a1c36185507295
3ec4aa61-73df-37f5-af33-ac50b24f1ab5,2026-04-27,57.769552,5530820d-9691-3c0b-895b-b218aa4b299c0225945614
3fe600f0-c808-3676-90fe-909ea8b83ca6,2026-04-27,15.209851,89445095-871b-3498-be52-e63f6b0e774b5355986831
41219c74-897b-3ca9-87e5-43da9041ddd3,2026-04-27,20.946279,fbfd204b-197f-3c6c-95b1-4733172f5fca0533189354
434188a4-f9da-364f-a6dc-53072f0ec1b3,2026-04-27,17.506613,e25f63b1-614b-3240-9c58-803a43e9bb435024428155
43538921-75c3-3004-917b-51c3d8e2a3a6,2026-04-27,26.420638,e213be6c-e983-37d3-b47d-03cfedb25b867590845836
48d69815-2eb5-3bb9-a39b-cbe1ceb52e99,2026-04-27,14.734492,6cfee349-1ef0-3fb2-815c-a8a1f54dfaf82072162601
4a7af055-4d5f-39bf-b0a0-3e957abd6b60,2026-04-27,27.568036,2d350fdb-0d58-3f71-94bc-a8c8ac08ee913457245518
4c9d57d4-cc8e-3ffa-a7a2-954c71ef5235,2026-04-27,62.435717,10cf198f-ca0e-3ab3-a33e-629868eaf1657063863282
4d62a2a6-a8bb-3084-8568-8b0c0e6c53f9,2026-04-27,17.360826,30709a03-df76-3a99-9f2c-8ccec86cb09e5850066452
4d8e0306-9402-312c-8735-520e75542ddf,2026-04-27,15.680693,fc890f93-7094-3cdc-9c17-a9bca9d2149d3600693627
4f630062-21f6-3266-9acd-c0827dbf5c05,2026-04-27,13.318857,8f29efaf-4f24-3d15-82d5-2fc874ce981c6011993181
509c1fe7-94b1-311d-9fd0-979b350e4d61,2026-04-27,87.570642,beeb8cb8-6b14-3b16-b8ec-735f810410575059189611
50be9c42-1c4b-3493-a07c-ffe59fd8491c,2026-04-27,39.689611,edb658c0-31b6-337f-a557-ae881cfe96142560471597
5113b093-acec-3c38-870f-b61a2dd6b880,2026-04-27,120.157805,6de2df31-0e47-37b7-af92-4257cf86aa933125819112
524da203-40d7-33a6-8ab6-b21a0cef3c58,2026-04-27,20.02422,4b414f3b-b1d8-3f11-b80f-a4ce6c6d7a4c9655939769
5498a54c-7cf2-3cbb-85d5-1078aa3be4a7,2026-04-27,28.129427,7f2eff44-b501-3d88-8b7a-bc0819c1cbd05256736696
54de7dbc-3f9b-3702-b677-fee85da6201d,2026-04-27,5.024893,d44e39e8-4f08-3623-986b-2646518072bf1207235870
56ab4ff8-d4a1-314d-82eb-cc5055b8d77c,2026-04-27,11.702735,95b986e2-fb52-3222-9a4d-94390d8daa468577144310
57437979-1053-38bc-8abf-3f9eba7ffc49,2026-04-27,23.520682,66cc36c9-6f31-3eff-8201-8a0a7f0bd59a0688159859
591e07f6-72df-366d-a512-d5ee900f7c15,2026-04-27,22.293834,abb3cf38-3fad-3baa-af44-c9b4d24608456857996865
5a91fc01-e54a-36cc-b759-44260109d8b8,2026-04-27,11.259586,1356d797-66bc-3a72-b11f-7b3084dc9d272348624974
5b4c7154-ad7e-3526-aa3c-45e89d71e721,2026-04-27,76.807895,a5074e62-50d5-364b-aeef-675c60c2ee493068298762
5cb2e039-2dc8-3bad-9d23-4bfddc143afe,2026-04-27,31.09211,8a29b19a-f05e-35e9-8df7-d99b28bf8a8d3280431943
5d21d7da-3e33-3ab4-99ef-3ca2c2ff2c69,2026-04-27,18.72362,b03fc426-da51-3e1c-aa77-6b918bff0e513877121931
5d6ffe35-085b-3fc0-abf7-9f02a5c4fb33,2026-04-27,7.958092,03ffa46d-2a01-3d1e-b2b7-afc51d9158352243231721
5f76ba6d-1bf0-3e51-b2e4-3a6d19bc39b9,2026-04-27,40.692271,c708bc56-c900-3691-a10c-994bfde2114d0282457351
5fa5d9c4-22b7-39f7-a3b2-d521ea60b47b,2026-04-27,12.966077,ab4ba1b3-b598-3bfb-8df0-768a0df60d506177714931
617065f0-5c37-32d6-a3d6-dc223ac898b3,2026-04-27,23.27718,ae562d52-09ae-3863-b5f0-5ae580696f0f2844325743
64b0ba20-1b28-3b6c-9ffc-402714ee0245,2026-04-27,22.569034,358bf36d-7dae-3d60-9132-32bf3090f2f25850796649
68b45261-85be-3d03-a069-5aa6ffe8e8ca,2026-04-27,51.260375,b6a7cc29-e0c8-36bf-9e06-ffc155431b242084275934
6a620372-f31e-349c-b6c6-0e040a3edb64,2026-04-27,16.483704,5585108c-6e05-3453-8c97-d5a03ce4ee0a5269991336
6e8a1cb9-329d-3c5e-8d21-4c46a734d1e9,2026-04-27,16.667064,b038cfcb-9c1e-3cde-8676-1be4c1366b8b3024374020
72e3323e-cebd-3aa6-a736-9022afb37e21,2026-04-27,31.755571,dd1d2448-04ec-3dd9-9b0e-69f5e79a93407723570593
75c008ab-9d95-3b45-b06c-1ba571bc7895,2026-04-27,7.18103,ec573df9-2361-3e56-a35c-cf369728a6f02624538703
760b65eb-45d9-332e-bbdd-15ad2c3223bc,2026-04-27,38.732904,4050495a-d74a-3f1b-b29d-db93ba2a71c15767916558
779e581c-a821-3108-9ebe-a92f9dcfc74c,2026-04-27,72.894545,3a13c3b6-0485-353a-a580-ed21741647e41076187335
781a0729-d247-332a-a718-196cd4f0844f,2026-04-27,5.96911,c926082b-f5ea-39f0-9b3a-e5bce96b47c35305695375
7825a025-23b9-3955-84e6-3a54c38e86e4,2026-04-27,6.94402,944aa6d5-032b-30c6-b177-dba1d9d44f1a2385396646
79874361-3477-38db-9fbd-fc39d1713d69,2026-04-27,16.21305,241900d5-f58b-3b3f-8abc-638d1ad78e024760008737
7a81ce3b-6d3e-3961-8d22-eadf3f5ec0bc,2026-04-27,6.491726,d3e55948-76d9-3a03-928c-dedc44e782891389752743
7fb6ff11-be82-30ff-ad1d-e44ada4f46db,2026-04-27,17.405046,44965c11-796e-3e8c-b92a-222141e2d34e4076630863
7feb497b-3ee8-39fa-9cfd-72a898f4cf47,2026-04-27,10.839843,90e6638a-edc1-308e-9f27-d8a3719440025129345869
812c22d3-3843-3385-aa3b-aa8ae91b882a,2026-04-27,17.708461,e7cb4203-d63e-3d55-86b1-e2f3868974688509958032
82a48b8e-4fa5-3f42-857c-71fbe24937aa,2026-04-27,23.031421,78999b98-2dd1-3379-978c-e2474a4a43306995668347
82b47e6e-09d7-36e6-80ab-4506629ff46b,2026-04-27,42.08915,1695d743-ff11-3262-b7c5-f109ac7b016b5800029843
834aa49a-5a2a-30db-8385-ad60aed26cd7,2026-04-27,136.455159,4b2f77f6-8ea8-3f4d-8688-fe485e1dd22d6927009123
84dcbd6d-e273-316b-8912-4ed74ff8a9be,2026-04-27,24.106367,a26b9066-44c7-31c3-b9fa-04e255b439490462824831
85cb1e88-d121-35a6-a362-3cdc80917d44,2026-04-27,404.931595,1671f2df-523c-3e25-a845-e2ad655275ec3253687227
87ab0257-a9f6-3705-89f8-f63b9b8f2b0c,2026-04-27,21.627586,dd1dde98-5502-3952-90fe-dc66f816ed747906535428
8c272368-ac0c-3bc7-9568-cfbb26f8e749,2026-04-27,4.377314,9ef76979-dca8-3c79-9b0c-a7e5b98cc4183178708115
8c2e2c06-5c7a-359a-8e69-0efdfb7e79bb,2026-04-27,15.080814,02b8249b-d351-36b0-8f66-387e9b5ecd765409838852
8c5b1f37-b3ea-3b4a-a4dd-fad03cfd11b6,2026-04-27,27.643623,5aa0a87f-17b4-3bc7-a55a-7d422bb28fcc9200948756
8cb2a7d2-f605-3df9-981a-2c02b1d1a4e0,2026-04-27,27.016202,c8409fd1-44f6-341e-aa4a-fcdd48e1dec91197407417
8ce3a609-9e37-3b54-a602-9b395e5f5a76,2026-04-27,5.963918,140ba20d-dc2d-30f1-8369-9f0fcb7417216954795985
8dc72d59-3896-3d24-a51b-3a8a9e1c6713,2026-04-27,31.20922,2bb55a33-fdd0-39b0-8fa8-bf8f9e9997f59421453150
929f777a-b8ac-3e16-8d77-e8ac77fd282c,2026-04-27,6.904361,1ffd69db-4324-35d3-bc6b-b90daffa00c05540448447
92de990d-30ce-38da-ad78-86a4a56c065b,2026-04-27,15.363835,5a8242fb-5aa7-3d5b-ac68-21ea53c5f9e87894148187
960a5c04-f3ef-340c-af8a-48e88045ac24,2026-04-27,22.495505,485a6ee1-26d8-3d41-bd32-a72421af1a296123003165
9661bcb6-dd62-3576-b8b0-049874fff3a1,2026-04-27,4.602923,a765656c-b5ea-38d3-b817-93751b0015257870386126
96739dc1-9e37-3b11-8e79-e0a5a57062a1,2026-04-27,85.577568,7b60b05a-7946-3efd-a3a0-0ada59de74070619321536
9784049c-35d1-3534-8c4b-f4cea920d4ff,2026-04-27,8.44334,14447399-901c-34b2-b211-14fb9e9b062c7605520623
9b195b8e-28d6-386e-8990-1a5bb4dd1bdb,2026-04-27,39.570472,193afc72-4494-30b1-beb3-cd4156f1c97d7901017989
9bddd6f0-dd41-333e-aac7-f757b18ea2aa,2026-04-27,45.262161,c6545cb9-33df-373c-8ac9-ce43225c9d986458695776
9c2b569e-d3f4-3c78-a57e-4d73687d2dc2,2026-04-27,40.891109,bcf6894a-0424-3665-b520-2c34eeac116f1861409402
9f49149d-e042-3a1f-bcae-0628143c89c0,2026-04-27,17.608639,1511a03d-af95-32d7-82d6-670e957e819a5636652911
9f556308-7e5a-375c-8130-c6284c3c5d5c,2026-04-27,32.198966,24110268-df67-321e-9581-bd29f27ea3618160468027
a0f95e73-3897-3dcc-9f5c-faad41b5219c,2026-04-27,61.909795,58b12641-aa5e-3c6d-97a0-f417dd0a469c4411625778
a12779cf-ff75-376e-9cb4-73e937a3c164,2026-04-27,31.080764,ba19c2fb-8246-3ab8-b894-67973ae2268a8549866658
a3f48154-490b-350b-9f4e-74835b5aaaae,2026-04-27,25.432977,95ed8b8c-c59c-372a-b31e-6543997b82d74860620288
a5068583-4849-35ce-900f-e2ce7f309840,2026-04-27,34.188305,ccacfe15-f7bf-3c92-9308-98112a74aa440314647208
a513bb7e-87ac-35cd-b4a2-6d23427bd2fa,2026-04-27,10.10709,481dceb1-1678-3a7e-b288-d7e2bf0c062a7786339993
a8d7fd17-4556-3ba6-8223-e88d8ead8fb0,2026-04-27,10.582065,7d10e7ed-604b-3e03-a105-86eebe4f6d9d0233713485
a8e332b8-087a-38b0-8c1b-64db4efadc7a,2026-04-27,26.179048,47b681e7-c3d8-31f6-ab69-43f82db88fa66316703417
ab0c7a3d-b6a3-3c71-a9f6-6f5167fbf2d9,2026-04-27,5.2541,6e8c3bb5-37b6-3aa6-a40a-2cf1d71e64fa4807837875
ac429fef-9e6b-3e26-a5ea-3122c166230c,2026-04-27,72.668503,81f224a7-cb42-3ee9-9103-e81fcc20756c3353013338
acadf00f-5359-3905-a13e-213d751bffb2,2026-04-27,6.894765,2852258a-e2bf-3b5a-ad87-7915c236685c5632583391
ae5f3d2e-f527-359d-8bcf-846f320f8e57,2026-04-27,18.738476,22f94015-ff23-3150-ae0f-9ef0bb188a207912060816
af15418c-707a-3e54-a465-034a3b570a96,2026-04-27,10.386496,89b93f60-7af8-31b9-aacf-45885de7f2069142372275
af753398-35e3-3c49-a7bb-31e2830197f3,2026-04-27,13.142722,b00ef48c-948b-3854-a6bb-ed2ca37487540169593901
b095775a-2d08-336f-bccf-d2f71dc4ba3c,2026-04-27,13.560479,fb87865a-444a-3efc-ab25-247ac494cd574338526402
b1d22b60-1492-37de-a246-db25e91bfb1f,2026-04-27,40.290358,ba855984-6afa-3f25-82a9-033558199c9b4291338588
b20c7e06-4ac3-32d4-be1f-8d8ca043e124,2026-04-27,37.301498,650b165d-6706-35fc-bfd9-fcbb4c66d7bc6712610403
b32150f1-1acd-3990-ad31-f63fed66b1cf,2026-04-27,46.006636,27222e5f-5d35-3311-be74-7f592e6bb2553842641276
b5344373-538f-3f37-8982-c97e3158144a,2026-04-27,11.98794,2a20868d-41a0-350b-abd7-08a3f9d834063257215959
b8587185-2c84-31de-88cc-fe6d3eacc72b,2026-04-27,211.151597,e6e35728-813d-3acc-a33b-e74a927cf6fd8432089109
bce50849-a0e7-3f2b-b22a-24ed60440705,2026-04-27,18.672207,ecbe8abc-16bb-3af7-8cf1-b6d262d3f9915691766209
beb1d1c6-4fa9-36a8-a06f-1dc58ab74161,2026-04-27,1.863253,69be3936-f12c-34ad-b6bc-7a9f397f7d580253357983
bf5e2c07-ebd1-3aab-ae92-933140999b06,2026-04-27,27.179786,e12f9949-3428-338b-a05b-b980386cf9872350056648
c039e4c8-9c3b-3ae3-a2e7-b54c85d2cac7,2026-04-27,58.149172,ef0e0898-3920-39d5-9050-8c57b5cbcd1c9155184466
c3811eff-eb0f-3e83-943e-18b5d09919e4,2026-04-27,10.747554,b38c4c71-2ecc-3478-967b-30176508f2a82808970508
c41f2431-16c5-3799-9be8-561415389d5f,2026-04-27,23.38621,35f5e81a-e25c-3ff4-892f-d89a5cfb53448046832917
c4b4c934-c94d-3170-bd1b-d7737b2ab490,2026-04-27,19.905605,ddfedfb4-a197-3bc5-b5b9-3413d396c9d18520739647
c4ec5436-0c6f-389c-b83d-e1f34b408946,2026-04-27,11.57775,6d73a170-b659-36fe-bc67-1faa907dd4b49647063385
c7599875-d64e-3ef2-8a6a-a218c4c24bfa,2026-04-27,7.985644,4acd48f6-3379-3b71-a45f-8ba6aad527457333951563
c8c964e3-6f43-33e9-8a11-e9eaf55933ba,2026-04-27,70.526337,db1bd750-5b46-3bea-9d82-c79a18a08d0d0806001910
ce7a22b8-f3c0-3690-acac-8b5a7bf4c798,2026-04-27,15.187596,75a3be66-cc33-35b3-aa17-355486d71eeb4926576029
d098b8be-5fd2-3aaf-b08a-03443b43e413,2026-04-27,29.775529,ebfca532-8531-3093-b085-d9b06d8a505a5090987086
d16b7d90-92be-3869-95a7-7d511669811b,2026-04-27,18.533135,760b5b15-f871-3327-a1ef-e07e6f4cc11c2795438507
d320f92f-4cc3-395c-b6c7-3cb3c7cb3efe,2026-04-27,107.71567,db719257-f1df-3420-b485-acfb0da643a10140791541
d3c48311-d8dc-3e24-95dd-6d2bca767bff,2026-04-27,15.977693,84018d69-0a55-3d24-a877-97aaa31a46cf2815442486
d3d0b6a8-f422-3af5-a62e-826c20495095,2026-04-27,17.357165,9a1ea106-1b3c-358a-b321-05d0ef5590af7934449393
d6f76560-f2a1-3ae9-ab43-eaa1f2033306,2026-04-27,42.104794,df76341f-d9c1-31f1-a511-61e0bba9ac1a9330646801
d72106c4-021a-3b57-bf48-7b6f2c14df23,2026-04-27,9.420732,e7b18bc4-313f-33d3-ad46-7b5d777f74ca3565120826
d76f0b24-1370-3b6f-81fa-de61d93e7ebe,2026-04-27,3.191805,8bb85ae4-103e-305d-9e3e-d9c85ce4b4f27606140443
d834b72d-c2cc-391e-8a0c-c3f147eeb522,2026-04-27,20.323213,62331e5f-4437-3168-b6e9-aa00c1ae49235115900219
d85f6c3e-620f-3cc3-9005-9e1beefefdc6,2026-04-27,21.4182,7a3476cf-c702-35d8-ab2c-c3c41701130b3532848987
d86225ec-57c8-3039-9b73-5067e9668517,2026-04-27,3.810488,9befbbd8-c5ed-3abc-9d19-377736924de73675696583
d940c628-4e61-3954-9aee-1aa0a0b6e21f,2026-04-27,10.848878,cbf31122-ee58-37d2-a16f-5d8ff6fcc1cb8640751006
de0bc8c0-4447-382c-b7c7-ce385510a49b,2026-04-27,23.06593,8d66b14e-bf47-35e5-b800-b55ca34760cf6094204743
e059f4f2-66b1-346c-8a33-8c16446a8657,2026-04-27,15.106918,2a7ac4ba-1536-3186-93b2-a2c27853a79e9011911429
e1ec776a-9a69-3e5d-a0c5-33a9250b1f19,2026-04-27,11.671935,8dbe6882-1128-323e-98cf-6c6c8fd5be7d0079256300
e402d019-6155-3bff-9228-4911ea446777,2026-04-27,77.947295,d454160e-2dc7-3ac7-86b9-e72c34ef16312394849607
e41ed1fc-302f-351c-8dbd-1ccac5078a09,2026-04-27,61.898911,4a944e09-e32f-36d7-b5a4-e211ca471f446730403642
e69f5e43-374e-3577-a194-03eca473eb86,2026-04-27,22.31385,b994cb0e-9aaf-3dbd-a0ab-315cc16c435c1107868581
e6a4f012-2129-36d0-bf2f-6e3c384f5497,2026-04-27,11.98718,30a74d31-d91b-3ff9-b591-0ed7882600e46693238563
e71fe34e-9aa5-3ade-8054-a639af523373,2026-04-27,8.346179,b1e661de-87c5-37a4-b0ad-b47b375e798f8517162525
e76bb8c7-e2ca-3a2e-96b4-7d3717dfbe06,2026-04-27,15.193848,e755d9a3-e083-3c09-8b82-e48bcb43e7f81851692813
e83f5cbe-8539-3cbd-b749-7896bd48c47e,2026-04-27,34.240277,f37ca06e-914d-302f-a8eb-903b7734c0c39455202918
eeaba3bd-0e65-3eff-80b8-bb415d1cdc89,2026-04-27,27.66612,6d3df8ea-2edd-3fc0-8f44-b14a5c9f858f7358431617
f166b497-832f-3b26-8149-b36820a1aebe,2026-04-27,3.256352,a7ce6c88-3186-35ed-a793-f40dc624f2bc4233811371
f1809858-d9d7-3db3-8cc3-5793c598044c,2026-04-27,42.936959,7697f751-8371-30c0-81c8-fcc775cadf993437132586
f55d8d9d-5df9-32e8-a43c-40e2d30fe83e,2026-04-27,16.361039,25ce49b4-0e30-37f6-83c9-8fdba57ec8554749707383
f5a2ffe8-63a0-3fe0-82d0-e2780d9d29dc,2026-04-27,25.25788,33dd9c10-10b1-32fe-be4f-7be1047c9ed36643760194
f5c21c69-5b03-320a-ae2e-2554aefff943,2026-04-27,83.570765,1733732a-abce-3040-96d5-89e43d8b44882339867108
f6d44ec5-a47a-3937-931c-9f8412b5fa88,2026-04-27,9.31909,6197876e-4ea6-3121-8a4b-12b6efea400a0240575023
fccc0510-f20a-3f28-bf3c-66cfe9fa99d1,2026-04-27,14.4284,218810c6-5f55-31ef-942d-6b8f7944e4a79796581507
030041c0-f398-3572-9c7e-3edf3d9d2ea3,2026-04-28,4.343059,123b8640-546f-3146-aac1-b5e3a45883358031893487
0388e0d9-8d10-3b74-a111-fdac480a0825,2026-04-28,14.506691,6ebc7d27-88d5-35f2-857d-fc6f145b17b60057015050
04f49ac6-5f35-3df9-b623-c026f24561e1,2026-04-28,42.627665,4ccf4637-f73f-3ea2-bd9d-89cd0876527e2011240689
0834a8d5-db47-3f2b-8f52-89726cb486de,2026-04-28,16.174285,adb191b8-a33a-343b-b97c-1c5b503b06aa2102226204
0bd9c8a1-cf25-3dfe-9380-6143b1183f53,2026-04-28,48.296893,7ff7d9b9-eb8b-35f9-9265-8dd933d6e5f40824718437
0d66e094-d57b-3221-bdb4-ff9f2a6fa6b6,2026-04-28,62.39218,a1f98fd1-522c-331e-93df-e0e3c705c1c60127744720
0f7a9277-d005-30c0-8821-910389205cba,2026-04-28,27.318703,1498339f-636a-3ba6-8eaf-f82826cfc66b1703033271
103be95c-0738-36fc-9aca-d07b1504909a,2026-04-28,84.655909,288d8971-0036-3b38-be44-cdab7d647fa95424134206
1094d4eb-2c4b-3c82-bb41-36696a775289,2026-04-28,66.691854,8348db4d-a8ba-3dc8-b03d-3f8345e1ce081137124557
1176a69b-fd42-3989-9822-360026e942a4,2026-04-28,75.196597,4b6c12aa-31db-353f-9880-bcdca16d2c971125384531
15d19e1d-74b8-3948-867f-63a4a1188539,2026-04-28,51.561555,3a0da385-e669-30df-8f17-ee93aea6a3a63054977077
17e9c47e-62ba-33a6-96e1-95ad3c636d22,2026-04-28,63.682946,77974123-fa35-3834-90f5-d19a2e752e979650064655
18a6d5f8-3203-3934-be7c-fef235f8d5ee,2026-04-28,19.289108,d0fc809f-656e-31a8-9e5e-192c6b636f8d5430933548
18d39ce1-5a60-3a9e-9621-bfa693409e77,2026-04-28,16.23299,136386ac-0d76-3f46-b05e-ad2dc8a2fa238045910511
19008d6d-be6f-38f0-8a72-4525e9b98022,2026-04-28,39.24729,4201befe-1bec-3dec-bd92-ac10a986017a9798478753
19fa59d6-c1b5-3e11-ba74-ad111de5584f,2026-04-28,186.024882,fc4e8c60-faee-3c94-be88-2bedfd49a32f0411781020
1bdab13f-7bc5-3e3d-81c9-f9179619fd90,2026-04-28,7.403694,5351c2cb-b7f7-3a9c-acd5-db63cfafda343248281033
1c3f0a45-334a-3810-b02a-7ba9181fca95,2026-04-28,33.979413,f25a1909-b1f5-354d-9179-29694f6ccd7b0794803399
21e18788-026e-37c1-9a0a-259c58a0fc50,2026-04-28,34.391239,6825bc20-32f9-371b-b653-a8454dd0cf4e9794303102
226055f6-f55e-381a-9363-c4f462e58856,2026-04-28,20.894728,758f87b4-c782-37fb-911f-42b481be57aa2005558548
28cba5c0-c834-3c34-900a-9d6772fd9c30,2026-04-28,15.801678,1233b0a6-550e-3390-88ce-2a21eefafe917625072302
29513ef6-a0f9-30aa-b2a3-e67dd9c50f2d,2026-04-28,17.205494,4763c9d2-d480-368f-84c3-63cf0c346e577347437891
29768e10-7435-3d69-8503-a6f77e57bdcd,2026-04-28,4.557165,103d1a25-7f36-33f7-97c6-656f5dff4f1c8078021025
2b3c346c-5f49-3232-be35-3443261527b0,2026-04-28,5.734843,e6538295-3b6e-3154-9420-ec45501d20ae5856219597
2bf4e90b-5fb4-3eb6-92bd-c21ab46e7639,2026-04-28,8.179,4835e147-ad32-3a9a-b1c1-4116ab8c15bf1573038869
2fdf5375-31c8-3c6a-9cf3-12465dbec4a5,2026-04-28,21.934416,fd3e2044-7bf6-3813-acab-9043d4cbda0b6568880041
33a96067-0e23-3bf3-8d10-cbec5a261a65,2026-04-28,43.35848,4d63f0d2-85ca-3a28-b715-4147577bedb24364586828
363a066c-58b6-3bcf-a7b0-e9729a735ba7,2026-04-28,38.868958,29527eb9-d544-35c2-b9f1-bb262cf6b4159824252521
3980a3b0-7169-37c1-ba12-f7547a8e9e3b,2026-04-28,4.321146,12d66d5c-7532-38c8-893b-c6806919a6290164081510
3c828a67-8a44-3a18-a2db-213948c73e01,2026-04-28,21.022915,4b9e8129-de42-3612-a62a-b99391f3a1c36185507295
423348ca-0838-3372-a616-b4cda0468666,2026-04-28,19.635196,c36a6f4f-bea8-35b0-b824-2c970e256ac26805083472
434188a4-f9da-364f-a6dc-53072f0ec1b3,2026-04-28,21.931856,e25f63b1-614b-3240-9c58-803a43e9bb435024428155
43cc96db-6d25-3ad3-9163-10247bdd66bf,2026-04-28,25.473017,9eddeeed-8808-33dc-9ba2-905a79c87f321161343299
48a891ca-8770-3a95-9414-af5bad034e5a,2026-04-28,6.002963,6a2b2b4f-b163-3211-9417-7ab21b779b6e4168236426
48d69815-2eb5-3bb9-a39b-cbe1ceb52e99,2026-04-28,22.881884,6cfee349-1ef0-3fb2-815c-a8a1f54dfaf82072162601
4a7af055-4d5f-39bf-b0a0-3e957abd6b60,2026-04-28,23.162014,2d350fdb-0d58-3f71-94bc-a8c8ac08ee913457245518
4b3616f0-ccf1-31e3-810e-f668c2042b23,2026-04-28,35.09188,b68e0cee-582f-3f61-89e5-ca032d2062073327596356
4c9d57d4-cc8e-3ffa-a7a2-954c71ef5235,2026-04-28,58.928373,10cf198f-ca0e-3ab3-a33e-629868eaf1657063863282
4d62a2a6-a8bb-3084-8568-8b0c0e6c53f9,2026-04-28,8.705021,30709a03-df76-3a99-9f2c-8ccec86cb09e5850066452
4f630062-21f6-3266-9acd-c0827dbf5c05,2026-04-28,8.990657,8f29efaf-4f24-3d15-82d5-2fc874ce981c6011993181
4fbbedf8-7ea9-3ba5-8a18-f658a4f21605,2026-04-28,138.914894,0cbedb6f-5585-3d14-bb7a-52ed75958ad14113335693
50be9c42-1c4b-3493-a07c-ffe59fd8491c,2026-04-28,63.039319,edb658c0-31b6-337f-a557-ae881cfe96142560471597
5113b093-acec-3c38-870f-b61a2dd6b880,2026-04-28,60.623138,6de2df31-0e47-37b7-af92-4257cf86aa933125819112
54de7dbc-3f9b-3702-b677-fee85da6201d,2026-04-28,14.044976,d44e39e8-4f08-3623-986b-2646518072bf1207235870
55ad8c29-20dc-320f-8c21-ac3dfd7685ea,2026-04-28,35.125671,59813d11-bc16-3001-915e-9a9eff70c57f6619407622
55b0607e-f635-348a-bc83-f4e52515b7ec,2026-04-28,5.856598,118c8a35-e628-36a2-8499-91a87fa954ea9600440361
5656dbc0-5497-3227-a829-fd8eb574450e,2026-04-28,23.251121,a203c081-9992-358a-b291-2006588558ba6822670837
56ab4ff8-d4a1-314d-82eb-cc5055b8d77c,2026-04-28,20.925956,95b986e2-fb52-3222-9a4d-94390d8daa468577144310
57437979-1053-38bc-8abf-3f9eba7ffc49,2026-04-28,24.322059,66cc36c9-6f31-3eff-8201-8a0a7f0bd59a0688159859
591e07f6-72df-366d-a512-d5ee900f7c15,2026-04-28,25.404896,abb3cf38-3fad-3baa-af44-c9b4d24608456857996865
5a3caea3-a6eb-3d9f-8553-ca013793121a,2026-04-28,1.81133,e7176e39-1b7f-3002-90a6-cf6d282c81526684381587
5a91fc01-e54a-36cc-b759-44260109d8b8,2026-04-28,3.817525,1356d797-66bc-3a72-b11f-7b3084dc9d272348624974
5cb2e039-2dc8-3bad-9d23-4bfddc143afe,2026-04-28,59.566274,8a29b19a-f05e-35e9-8df7-d99b28bf8a8d3280431943
5d21d7da-3e33-3ab4-99ef-3ca2c2ff2c69,2026-04-28,20.95425,b03fc426-da51-3e1c-aa77-6b918bff0e513877121931
5de859d5-b06b-3878-b7f0-64c4e91191df,2026-04-28,11.841847,865e99a1-718b-338b-80ab-7bdcf6c522a91536159266
5f76ba6d-1bf0-3e51-b2e4-3a6d19bc39b9,2026-04-28,30.369634,c708bc56-c900-3691-a10c-994bfde2114d0282457351
5fa5d9c4-22b7-39f7-a3b2-d521ea60b47b,2026-04-28,19.912248,ab4ba1b3-b598-3bfb-8df0-768a0df60d506177714931
68b45261-85be-3d03-a069-5aa6ffe8e8ca,2026-04-28,77.129539,b6a7cc29-e0c8-36bf-9e06-ffc155431b242084275934
6a5b5baa-1f05-3d64-a1f4-6971499443c4,2026-04-28,21.606164,b0d9179b-e6c5-3e83-8c9b-5e28ab8ba0868396215767
6c21f96e-4015-302f-a95a-0918b22b3ad8,2026-04-28,6.88988,2083bc7f-bc65-3533-b831-de38c4ce41a85705530326
6e8a1cb9-329d-3c5e-8d21-4c46a734d1e9,2026-04-28,37.788023,b038cfcb-9c1e-3cde-8676-1be4c1366b8b3024374020
72e3323e-cebd-3aa6-a736-9022afb37e21,2026-04-28,22.606284,dd1d2448-04ec-3dd9-9b0e-69f5e79a93407723570593
745d78f2-7f7a-3cdd-af4f-c4c3f0a18dbb,2026-04-28,53.188778,f1df5283-191c-30dd-b238-da858232e5d08985022611
74cd4f7c-116b-3316-bf7f-eb46458694da,2026-04-28,67.053483,755c3974-2d2b-3242-8001-42f3d96983649032632994
75be5782-378c-39b7-8d80-e4225331c478,2026-04-28,9.454029,e1d9f528-91ca-3b5f-b9e2-c2bc6c32dd155877684651
75c008ab-9d95-3b45-b06c-1ba571bc7895,2026-04-28,8.220774,ec573df9-2361-3e56-a35c-cf369728a6f02624538703
760b65eb-45d9-332e-bbdd-15ad2c3223bc,2026-04-28,29.889305,4050495a-d74a-3f1b-b29d-db93ba2a71c15767916558
779e581c-a821-3108-9ebe-a92f9dcfc74c,2026-04-28,60.780506,3a13c3b6-0485-353a-a580-ed21741647e41076187335
7825a025-23b9-3955-84e6-3a54c38e86e4,2026-04-28,26.708387,944aa6d5-032b-30c6-b177-dba1d9d44f1a2385396646
7feb497b-3ee8-39fa-9cfd-72a898f4cf47,2026-04-28,24.850201,90e6638a-edc1-308e-9f27-d8a3719440025129345869
812c22d3-3843-3385-aa3b-aa8ae91b882a,2026-04-28,22.377701,e7cb4203-d63e-3d55-86b1-e2f3868974688509958032
82b47e6e-09d7-36e6-80ab-4506629ff46b,2026-04-28,41.916689,1695d743-ff11-3262-b7c5-f109ac7b016b5800029843
834aa49a-5a2a-30db-8385-ad60aed26cd7,2026-04-28,62.236726,4b2f77f6-8ea8-3f4d-8688-fe485e1dd22d6927009123
84851a10-43f1-3fc8-a358-06f529f15c33,2026-04-28,34.362216,209d6b5c-3879-3f87-9eb1-228cd3cf4edd0737879839
84dcbd6d-e273-316b-8912-4ed74ff8a9be,2026-04-28,27.931935,a26b9066-44c7-31c3-b9fa-04e255b439490462824831
84f354b1-00ae-34ba-b443-ccd2efee613c,2026-04-28,5.341591,8a14f25e-1645-3406-a19d-b9806ef569954307313451
87ab0257-a9f6-3705-89f8-f63b9b8f2b0c,2026-04-28,43.186906,dd1dde98-5502-3952-90fe-dc66f816ed747906535428
8c2e2c06-5c7a-359a-8e69-0efdfb7e79bb,2026-04-28,35.93731,02b8249b-d351-36b0-8f66-387e9b5ecd765409838852
8c5b1f37-b3ea-3b4a-a4dd-fad03cfd11b6,2026-04-28,79.236057,5aa0a87f-17b4-3bc7-a55a-7d422bb28fcc9200948756
8ca30a12-e5f4-3017-8037-1616e9ddbb5b,2026-04-28,10.124836,d980087a-73cd-3a85-914f-0dbeb6da2ff07929331557
8cb2a7d2-f605-3df9-981a-2c02b1d1a4e0,2026-04-28,11.076236,c8409fd1-44f6-341e-aa4a-fcdd48e1dec91197407417
8dc72d59-3896-3d24-a51b-3a8a9e1c6713,2026-04-28,22.283599,2bb55a33-fdd0-39b0-8fa8-bf8f9e9997f59421453150
929f777a-b8ac-3e16-8d77-e8ac77fd282c,2026-04-28,4.285373,1ffd69db-4324-35d3-bc6b-b90daffa00c05540448447
92de990d-30ce-38da-ad78-86a4a56c065b,2026-04-28,5.581859,5a8242fb-5aa7-3d5b-ac68-21ea53c5f9e87894148187
9317e817-504a-35a4-b7c3-68e90b432c45,2026-04-28,19.528349,bd68d9fe-0c5e-3648-8a84-d7649dbc11df2315333603
9661bcb6-dd62-3576-b8b0-049874fff3a1,2026-04-28,4.66539,a765656c-b5ea-38d3-b817-93751b0015257870386126
96739dc1-9e37-3b11-8e79-e0a5a57062a1,2026-04-28,78.33712,7b60b05a-7946-3efd-a3a0-0ada59de74070619321536
96deeb6a-5dea-3594-a30b-09cbb1965f52,2026-04-28,133.262247,960b6265-389f-3b70-a45c-1050229e7f595658846250
98b357c6-e458-3b53-bc66-c80eb105e3cf,2026-04-28,23.522176,6b5a4bec-b45d-3f6f-a9b0-769861cf16bd1539781265
9a736669-65a4-3b3e-a4b5-8f6ec9654a84,2026-04-28,18.299996,bd347e86-1b36-3407-80b6-78a2f2dae41e9793909208
9b195b8e-28d6-386e-8990-1a5bb4dd1bdb,2026-04-28,28.307644,193afc72-4494-30b1-beb3-cd4156f1c97d7901017989
a06461db-ef00-3481-9827-c829471e7245,2026-04-28,8.791081,5511d59c-db31-37fb-8790-ae49b8ec4ba25737611269
a0f95e73-3897-3dcc-9f5c-faad41b5219c,2026-04-28,77.407017,58b12641-aa5e-3c6d-97a0-f417dd0a469c4411625778
a12779cf-ff75-376e-9cb4-73e937a3c164,2026-04-28,22.02515,ba19c2fb-8246-3ab8-b894-67973ae2268a8549866658
a2de86e5-02cf-3c93-9b40-f9629530b7d1,2026-04-28,444.784147,bcd56054-ac31-3e6f-a2d9-f156a299929c4047783680
a5068583-4849-35ce-900f-e2ce7f309840,2026-04-28,36.948257,ccacfe15-f7bf-3c92-9308-98112a74aa440314647208
a67cec0f-eda0-3d47-af0e-2bd3262a8cf9,2026-04-28,30.941461,edd1002d-960d-3956-8ea2-8ffafe4e3f780323661523
ac429fef-9e6b-3e26-a5ea-3122c166230c,2026-04-28,62.814969,81f224a7-cb42-3ee9-9103-e81fcc20756c3353013338
acadf00f-5359-3905-a13e-213d751bffb2,2026-04-28,5.845154,2852258a-e2bf-3b5a-ad87-7915c236685c5632583391
ae5f3d2e-f527-359d-8bcf-846f320f8e57,2026-04-28,13.594665,22f94015-ff23-3150-ae0f-9ef0bb188a207912060816
b1d22b60-1492-37de-a246-db25e91bfb1f,2026-04-28,27.794522,ba855984-6afa-3f25-82a9-033558199c9b4291338588
b32150f1-1acd-3990-ad31-f63fed66b1cf,2026-04-28,37.192956,27222e5f-5d35-3311-be74-7f592e6bb2553842641276
b5344373-538f-3f37-8982-c97e3158144a,2026-04-28,4.486933,2a20868d-41a0-350b-abd7-08a3f9d834063257215959
b571b5d8-c91f-3776-86bd-22c88c5580c2,2026-04-28,2.747596,afafa873-61a8-38e0-8977-cd70cd270f449777286253
b7f8d590-1a7d-3745-82cc-9e0c966c6306,2026-04-28,12.662654,65f0ec49-73ce-37cb-a381-28e7217750090455003993
b99742c8-7da0-3e81-ab3c-eb775e9f5d24,2026-04-28,38.342845,83de6687-9540-3db3-a6d6-f036d634a1c63930926163
b9f874e5-bbd8-332a-9f2e-a024bb815cf9,2026-04-28,131.83591,0183e024-3556-38ab-8f83-a2397dc1c7ff0961989030
bce50849-a0e7-3f2b-b22a-24ed60440705,2026-04-28,11.833933,ecbe8abc-16bb-3af7-8cf1-b6d262d3f9915691766209
beb1d1c6-4fa9-36a8-a06f-1dc58ab74161,2026-04-28,3.113865,69be3936-f12c-34ad-b6bc-7a9f397f7d580253357983
bf5e2c07-ebd1-3aab-ae92-933140999b06,2026-04-28,15.809188,e12f9949-3428-338b-a05b-b980386cf9872350056648
c3811eff-eb0f-3e83-943e-18b5d09919e4,2026-04-28,21.667816,b38c4c71-2ecc-3478-967b-30176508f2a82808970508
c4b4c934-c94d-3170-bd1b-d7737b2ab490,2026-04-28,8.698901,ddfedfb4-a197-3bc5-b5b9-3413d396c9d18520739647
c4ec5436-0c6f-389c-b83d-e1f34b408946,2026-04-28,6.056227,6d73a170-b659-36fe-bc67-1faa907dd4b49647063385
c7599875-d64e-3ef2-8a6a-a218c4c24bfa,2026-04-28,8.112917,4acd48f6-3379-3b71-a45f-8ba6aad527457333951563
caacaf00-76dc-3d35-955a-b0b7289c1497,2026-04-28,9.498071,5428bbad-02ec-3bbd-b559-a02cb4c2701a9853561586
cce1c127-2ff8-3ea0-a9b8-2df2cd888b5b,2026-04-28,44.106472,40fb0c0c-0006-3ab6-84ec-5dc4198294863739942525
cdcbe271-7336-35c3-a44f-1a90281b0857,2026-04-28,32.232579,cc4a0181-1f8b-3069-891f-8f8303116f410950083050
ce7a22b8-f3c0-3690-acac-8b5a7bf4c798,2026-04-28,18.661272,75a3be66-cc33-35b3-aa17-355486d71eeb4926576029
d320f92f-4cc3-395c-b6c7-3cb3c7cb3efe,2026-04-28,86.702837,db719257-f1df-3420-b485-acfb0da643a10140791541
d3c48311-d8dc-3e24-95dd-6d2bca767bff,2026-04-28,18.122768,84018d69-0a55-3d24-a877-97aaa31a46cf2815442486
d72106c4-021a-3b57-bf48-7b6f2c14df23,2026-04-28,2.871042,e7b18bc4-313f-33d3-ad46-7b5d777f74ca3565120826
d834b72d-c2cc-391e-8a0c-c3f147eeb522,2026-04-28,36.125123,62331e5f-4437-3168-b6e9-aa00c1ae49235115900219
d85f6c3e-620f-3cc3-9005-9e1beefefdc6,2026-04-28,7.192569,7a3476cf-c702-35d8-ab2c-c3c41701130b3532848987
d86225ec-57c8-3039-9b73-5067e9668517,2026-04-28,4.747872,9befbbd8-c5ed-3abc-9d19-377736924de73675696583
da8b7ad5-701e-38e4-af53-bcb52836386c,2026-04-28,11.713139,5a63d77e-0da6-3691-900f-f20d6593ab0a0016925614
de0bc8c0-4447-382c-b7c7-ce385510a49b,2026-04-28,42.456729,8d66b14e-bf47-35e5-b800-b55ca34760cf6094204743
dee4128a-2091-303c-8411-15401a64ec03,2026-04-28,137.230833,7d2de236-8dd1-333c-b3b2-c7d8bd4250cd6306917490
dfc70541-9d37-355c-af06-9bf106459cdb,2026-04-28,17.874976,8d616aa1-7ca1-3b18-a990-d3dd7b63d8ea3801525816
e059f4f2-66b1-346c-8a33-8c16446a8657,2026-04-28,22.344165,2a7ac4ba-1536-3186-93b2-a2c27853a79e9011911429
e0ab7ac6-23e5-3ce5-aef4-d9e2e575bb7a,2026-04-28,5.065732,36f25be1-e4a7-34ea-a4d5-d394fb2065cc2046082019
e402d019-6155-3bff-9228-4911ea446777,2026-04-28,99.882127,d454160e-2dc7-3ac7-86b9-e72c34ef16312394849607
e41ed1fc-302f-351c-8dbd-1ccac5078a09,2026-04-28,28.233294,4a944e09-e32f-36d7-b5a4-e211ca471f446730403642
e69f5e43-374e-3577-a194-03eca473eb86,2026-04-28,28.824654,b994cb0e-9aaf-3dbd-a0ab-315cc16c435c1107868581
e76bb8c7-e2ca-3a2e-96b4-7d3717dfbe06,2026-04-28,36.897584,e755d9a3-e083-3c09-8b82-e48bcb43e7f81851692813
ea133f80-908c-3a40-af86-f0745e517fd2,2026-04-28,56.099595,7111b6e6-9d33-3f84-ae08-89cafad819261967282058
ea2319a1-87a9-39c7-978a-631828711569,2026-04-28,57.170727,aa7cd5d3-2fa7-342d-b330-88ea3eded8c73712328503
ed0a8ed8-2282-3fec-82db-fafd297cdb61,2026-04-28,7.616973,4e3099ad-3bc5-3b23-837d-8c897adc8c894362553996
f166b497-832f-3b26-8149-b36820a1aebe,2026-04-28,1.663858,a7ce6c88-3186-35ed-a793-f40dc624f2bc4233811371
f1809858-d9d7-3db3-8cc3-5793c598044c,2026-04-28,50.905328,7697f751-8371-30c0-81c8-fcc775cadf993437132586
f5c21c69-5b03-320a-ae2e-2554aefff943,2026-04-28,48.117227,1733732a-abce-3040-96d5-89e43d8b44882339867108
f6d44ec5-a47a-3937-931c-9f8412b5fa88,2026-04-28,17.509742,6197876e-4ea6-3121-8a4b-12b6efea400a0240575023
fbb84839-d7f2-363f-a497-68b74f2449f2,2026-04-28,22.556662,76b88c0d-830b-38ed-91c8-6b3757820cc05429571885
fccc0510-f20a-3f28-bf3c-66cfe9fa99d1,2026-04-28,30.438827,218810c6-5f55-31ef-942d-6b8f7944e4a79796581507
030041c0-f398-3572-9c7e-3edf3d9d2ea3,2026-04-29,2.950536,123b8640-546f-3146-aac1-b5e3a45883358031893487
04f49ac6-5f35-3df9-b623-c026f24561e1,2026-04-29,23.485605,4ccf4637-f73f-3ea2-bd9d-89cd0876527e2011240689
06e33f1d-dda0-31b8-915e-bde6cf9b4012,2026-04-29,17.026701,5c1c68c1-feaf-3d3a-8a14-7e795d01c1ba6471737628
071015e8-3dae-3fe5-84fb-880f24672395,2026-04-29,14.840489,453d5359-3943-3fff-89a3-000f66b87f5c2508884910
0769202c-7965-32a1-8d36-1cd52b64377d,2026-04-29,8.563621,03bfca79-bd1d-3217-a8ee-b032e1a5d4279777514889
0834a8d5-db47-3f2b-8f52-89726cb486de,2026-04-29,13.981449,adb191b8-a33a-343b-b97c-1c5b503b06aa2102226204
0bd9c8a1-cf25-3dfe-9380-6143b1183f53,2026-04-29,45.87118,7ff7d9b9-eb8b-35f9-9265-8dd933d6e5f40824718437
0d27bc97-59cd-32d0-9146-960993fea8f2,2026-04-29,15.626349,2f024d4b-7d63-3f13-9c02-6541cfb6efcb8610694866
0d66e094-d57b-3221-bdb4-ff9f2a6fa6b6,2026-04-29,43.184948,a1f98fd1-522c-331e-93df-e0e3c705c1c60127744720
0f7a9277-d005-30c0-8821-910389205cba,2026-04-29,34.229343,1498339f-636a-3ba6-8eaf-f82826cfc66b1703033271
103be95c-0738-36fc-9aca-d07b1504909a,2026-04-29,99.056525,288d8971-0036-3b38-be44-cdab7d647fa95424134206
1094d4eb-2c4b-3c82-bb41-36696a775289,2026-04-29,107.574746,8348db4d-a8ba-3dc8-b03d-3f8345e1ce081137124557
1176a69b-fd42-3989-9822-360026e942a4,2026-04-29,101.579812,4b6c12aa-31db-353f-9880-bcdca16d2c971125384531
15d19e1d-74b8-3948-867f-63a4a1188539,2026-04-29,70.209713,3a0da385-e669-30df-8f17-ee93aea6a3a63054977077
17e9c47e-62ba-33a6-96e1-95ad3c636d22,2026-04-29,57.172194,77974123-fa35-3834-90f5-d19a2e752e979650064655
18a6d5f8-3203-3934-be7c-fef235f8d5ee,2026-04-29,15.296138,d0fc809f-656e-31a8-9e5e-192c6b636f8d5430933548
19008d6d-be6f-38f0-8a72-4525e9b98022,2026-04-29,73.949959,4201befe-1bec-3dec-bd92-ac10a986017a9798478753
19fa59d6-c1b5-3e11-ba74-ad111de5584f,2026-04-29,161.014734,fc4e8c60-faee-3c94-be88-2bedfd49a32f0411781020
1c3f0a45-334a-3810-b02a-7ba9181fca95,2026-04-29,26.65574,f25a1909-b1f5-354d-9179-29694f6ccd7b0794803399
1eae9205-92f7-36a7-94c5-cb082b3e7211,2026-04-29,21.211417,dd4f2862-ad2c-38c4-98b8-9dfedc77a2173206733718
2111daa9-5dbb-36aa-b675-efab46559d5d,2026-04-29,6.909551,93fc0a2e-adf6-3b5c-a38a-8aaf0af2466c8463812397
226055f6-f55e-381a-9363-c4f462e58856,2026-04-29,33.903972,758f87b4-c782-37fb-911f-42b481be57aa2005558548
2269fc50-2d42-3349-9d12-3bc08569d8ae,2026-04-29,10.485968,5bedbf8e-359c-38f3-981e-a44c610ee0489536718275
2331b8d4-3563-3b2b-8bf1-ee54a482c609,2026-04-29,4.463774,0c4befad-a90a-3f28-8b16-9dd39cf80ecc8123775477
29513ef6-a0f9-30aa-b2a3-e67dd9c50f2d,2026-04-29,19.69977,4763c9d2-d480-368f-84c3-63cf0c346e577347437891
2b3c346c-5f49-3232-be35-3443261527b0,2026-04-29,5.701947,e6538295-3b6e-3154-9420-ec45501d20ae5856219597
323a2cac-7231-3d1b-90b0-babcb0cf55ba,2026-04-29,19.21257,6110ae57-4fb0-3294-9c39-0fdab85c823b7854159322
32da1b1b-0d42-3b01-a03e-3891e0cc9afd,2026-04-29,17.594972,0caf4254-2a36-3012-a39e-da6c7dc35c289481483767
363a066c-58b6-3bcf-a7b0-e9729a735ba7,2026-04-29,49.018922,29527eb9-d544-35c2-b9f1-bb262cf6b4159824252521
3e7f3808-bc28-36c7-8251-a028f5ff5644,2026-04-29,16.952052,18ddeade-5928-3676-ae42-029acd2d6bcb2570795136
3ec4aa61-73df-37f5-af33-ac50b24f1ab5,2026-04-29,28.597209,5530820d-9691-3c0b-895b-b218aa4b299c0225945614
3fe600f0-c808-3676-90fe-909ea8b83ca6,2026-04-29,2.134958,89445095-871b-3498-be52-e63f6b0e774b5355986831
423348ca-0838-3372-a616-b4cda0468666,2026-04-29,2.20244,c36a6f4f-bea8-35b0-b824-2c970e256ac26805083472
4333cd5c-141e-38a1-af2a-a7df714feddb,2026-04-29,20.659996,3c3bc593-75a7-3bce-b04f-0d15bea76c784217531826
434188a4-f9da-364f-a6dc-53072f0ec1b3,2026-04-29,16.88981,e25f63b1-614b-3240-9c58-803a43e9bb435024428155
43538921-75c3-3004-917b-51c3d8e2a3a6,2026-04-29,29.871032,e213be6c-e983-37d3-b47d-03cfedb25b867590845836
4c9d57d4-cc8e-3ffa-a7a2-954c71ef5235,2026-04-29,44.286465,10cf198f-ca0e-3ab3-a33e-629868eaf1657063863282
4d8e0306-9402-312c-8735-520e75542ddf,2026-04-29,11.164283,fc890f93-7094-3cdc-9c17-a9bca9d2149d3600693627
4f630062-21f6-3266-9acd-c0827dbf5c05,2026-04-29,7.839765,8f29efaf-4f24-3d15-82d5-2fc874ce981c6011993181
50be9c42-1c4b-3493-a07c-ffe59fd8491c,2026-04-29,49.642798,edb658c0-31b6-337f-a557-ae881cfe96142560471597
5113b093-acec-3c38-870f-b61a2dd6b880,2026-04-29,80.369909,6de2df31-0e47-37b7-af92-4257cf86aa933125819112
54de7dbc-3f9b-3702-b677-fee85da6201d,2026-04-29,6.77299,d44e39e8-4f08-3623-986b-2646518072bf1207235870
55ad8c29-20dc-320f-8c21-ac3dfd7685ea,2026-04-29,59.605796,59813d11-bc16-3001-915e-9a9eff70c57f6619407622
55b0607e-f635-348a-bc83-f4e52515b7ec,2026-04-29,12.392164,118c8a35-e628-36a2-8499-91a87fa954ea9600440361
5656dbc0-5497-3227-a829-fd8eb574450e,2026-04-29,19.057184,a203c081-9992-358a-b291-2006588558ba6822670837
57437979-1053-38bc-8abf-3f9eba7ffc49,2026-04-29,23.833215,66cc36c9-6f31-3eff-8201-8a0a7f0bd59a0688159859
577fb2a5-642d-3f7e-8720-21da3c10d3d9,2026-04-29,7.140159,2275bace-3655-3145-b773-9b9320588f9f1599611388
57d3f142-33f4-308b-ae84-b183cc99db1b,2026-04-29,10.595978,3347c53c-2e52-3fd7-91f9-f73a7872e66a1890146135
591e07f6-72df-366d-a512-d5ee900f7c15,2026-04-29,19.88524,abb3cf38-3fad-3baa-af44-c9b4d24608456857996865
5a91fc01-e54a-36cc-b759-44260109d8b8,2026-04-29,6.335467,1356d797-66bc-3a72-b11f-7b3084dc9d272348624974
5cb2e039-2dc8-3bad-9d23-4bfddc143afe,2026-04-29,58.496027,8a29b19a-f05e-35e9-8df7-d99b28bf8a8d3280431943
5d21d7da-3e33-3ab4-99ef-3ca2c2ff2c69,2026-04-29,13.126052,b03fc426-da51-3e1c-aa77-6b918bff0e513877121931
5d6ffe35-085b-3fc0-abf7-9f02a5c4fb33,2026-04-29,20.540666,03ffa46d-2a01-3d1e-b2b7-afc51d9158352243231721
5de859d5-b06b-3878-b7f0-64c4e91191df,2026-04-29,8.635225,865e99a1-718b-338b-80ab-7bdcf6c522a91536159266
5f76ba6d-1bf0-3e51-b2e4-3a6d19bc39b9,2026-04-29,29.51192,c708bc56-c900-3691-a10c-994bfde2114d0282457351
5fa5d9c4-22b7-39f7-a3b2-d521ea60b47b,2026-04-29,17.511686,ab4ba1b3-b598-3bfb-8df0-768a0df60d506177714931
6001b0b7-96fc-3fe1-aef1-329c8e2f62ce,2026-04-29,18.238252,6e29cd08-5d8b-32dd-baf0-fc5123d964c69692072979
64b0ba20-1b28-3b6c-9ffc-402714ee0245,2026-04-29,6.684322,358bf36d-7dae-3d60-9132-32bf3090f2f25850796649
6e8a1cb9-329d-3c5e-8d21-4c46a734d1e9,2026-04-29,18.209453,b038cfcb-9c1e-3cde-8676-1be4c1366b8b3024374020
72e3323e-cebd-3aa6-a736-9022afb37e21,2026-04-29,24.436002,dd1d2448-04ec-3dd9-9b0e-69f5e79a93407723570593
760b65eb-45d9-332e-bbdd-15ad2c3223bc,2026-04-29,27.027888,4050495a-d74a-3f1b-b29d-db93ba2a71c15767916558
779e581c-a821-3108-9ebe-a92f9dcfc74c,2026-04-29,50.906286,3a13c3b6-0485-353a-a580-ed21741647e41076187335
7825a025-23b9-3955-84e6-3a54c38e86e4,2026-04-29,20.036809,944aa6d5-032b-30c6-b177-dba1d9d44f1a2385396646
7a7af6a0-86f2-31f0-bb17-7e3d8de4ba8a,2026-04-29,23.213694,122c429d-4933-3ed3-8c02-852801f2503e6499333998
7feb497b-3ee8-39fa-9cfd-72a898f4cf47,2026-04-29,18.076731,90e6638a-edc1-308e-9f27-d8a3719440025129345869
812c22d3-3843-3385-aa3b-aa8ae91b882a,2026-04-29,20.103329,e7cb4203-d63e-3d55-86b1-e2f3868974688509958032
82a48b8e-4fa5-3f42-857c-71fbe24937aa,2026-04-29,10.229973,78999b98-2dd1-3379-978c-e2474a4a43306995668347
82b47e6e-09d7-36e6-80ab-4506629ff46b,2026-04-29,58.24577,1695d743-ff11-3262-b7c5-f109ac7b016b5800029843
84f354b1-00ae-34ba-b443-ccd2efee613c,2026-04-29,2.818656,8a14f25e-1645-3406-a19d-b9806ef569954307313451
85cb1e88-d121-35a6-a362-3cdc80917d44,2026-04-29,364.739142,1671f2df-523c-3e25-a845-e2ad655275ec3253687227
8c272368-ac0c-3bc7-9568-cfbb26f8e749,2026-04-29,15.013922,9ef76979-dca8-3c79-9b0c-a7e5b98cc4183178708115
8c2e2c06-5c7a-359a-8e69-0efdfb7e79bb,2026-04-29,35.817064,02b8249b-d351-36b0-8f66-387e9b5ecd765409838852
8c5b1f37-b3ea-3b4a-a4dd-fad03cfd11b6,2026-04-29,52.692592,5aa0a87f-17b4-3bc7-a55a-7d422bb28fcc9200948756
92de990d-30ce-38da-ad78-86a4a56c065b,2026-04-29,19.022983,5a8242fb-5aa7-3d5b-ac68-21ea53c5f9e87894148187
9317e817-504a-35a4-b7c3-68e90b432c45,2026-04-29,22.16409,bd68d9fe-0c5e-3648-8a84-d7649dbc11df2315333603
949ebf54-2340-343d-959a-0f34372577da,2026-04-29,32.966896,181570ff-51a4-3333-82ec-c322cfc915d01750361380
956008d9-c7c8-3450-a799-ccd802fc2078,2026-04-29,61.626224,ac8597c6-2e0c-3fce-bd96-0eeae07b92825791469057
960a5c04-f3ef-340c-af8a-48e88045ac24,2026-04-29,27.638361,485a6ee1-26d8-3d41-bd32-a72421af1a296123003165
96739dc1-9e37-3b11-8e79-e0a5a57062a1,2026-04-29,83.191017,7b60b05a-7946-3efd-a3a0-0ada59de74070619321536
9a736669-65a4-3b3e-a4b5-8f6ec9654a84,2026-04-29,23.909181,bd347e86-1b36-3407-80b6-78a2f2dae41e9793909208
9b195b8e-28d6-386e-8990-1a5bb4dd1bdb,2026-04-29,36.643469,193afc72-4494-30b1-beb3-cd4156f1c97d7901017989
9bddd6f0-dd41-333e-aac7-f757b18ea2aa,2026-04-29,59.21012,c6545cb9-33df-373c-8ac9-ce43225c9d986458695776
9c2b569e-d3f4-3c78-a57e-4d73687d2dc2,2026-04-29,85.517963,bcf6894a-0424-3665-b520-2c34eeac116f1861409402
9f49149d-e042-3a1f-bcae-0628143c89c0,2026-04-29,27.831754,1511a03d-af95-32d7-82d6-670e957e819a5636652911
9f556308-7e5a-375c-8130-c6284c3c5d5c,2026-04-29,30.732282,24110268-df67-321e-9581-bd29f27ea3618160468027
a06461db-ef00-3481-9827-c829471e7245,2026-04-29,9.363837,5511d59c-db31-37fb-8790-ae49b8ec4ba25737611269
a0f95e73-3897-3dcc-9f5c-faad41b5219c,2026-04-29,77.127535,58b12641-aa5e-3c6d-97a0-f417dd0a469c4411625778
a2de86e5-02cf-3c93-9b40-f9629530b7d1,2026-04-29,381.416256,bcd56054-ac31-3e6f-a2d9-f156a299929c4047783680
a5068583-4849-35ce-900f-e2ce7f309840,2026-04-29,28.075696,ccacfe15-f7bf-3c92-9308-98112a74aa440314647208
a513bb7e-87ac-35cd-b4a2-6d23427bd2fa,2026-04-29,13.709923,481dceb1-1678-3a7e-b288-d7e2bf0c062a7786339993
a8e332b8-087a-38b0-8c1b-64db4efadc7a,2026-04-29,12.549413,47b681e7-c3d8-31f6-ab69-43f82db88fa66316703417
ab0c7a3d-b6a3-3c71-a9f6-6f5167fbf2d9,2026-04-29,12.117877,6e8c3bb5-37b6-3aa6-a40a-2cf1d71e64fa4807837875
acadf00f-5359-3905-a13e-213d751bffb2,2026-04-29,6.679406,2852258a-e2bf-3b5a-ad87-7915c236685c5632583391
ae5f3d2e-f527-359d-8bcf-846f320f8e57,2026-04-29,35.576094,22f94015-ff23-3150-ae0f-9ef0bb188a207912060816
af15418c-707a-3e54-a465-034a3b570a96,2026-04-29,42.003637,89b93f60-7af8-31b9-aacf-45885de7f2069142372275
b1d22b60-1492-37de-a246-db25e91bfb1f,2026-04-29,31.806394,ba855984-6afa-3f25-82a9-033558199c9b4291338588
b20c7e06-4ac3-32d4-be1f-8d8ca043e124,2026-04-29,20.738321,650b165d-6706-35fc-bfd9-fcbb4c66d7bc6712610403
b32150f1-1acd-3990-ad31-f63fed66b1cf,2026-04-29,69.413933,27222e5f-5d35-3311-be74-7f592e6bb2553842641276
b516e127-e0a8-3444-a387-7ee0a83c2029,2026-04-29,1.996788,cc30fb51-7115-329e-acbb-6cf3b4f138c85952469832
b5344373-538f-3f37-8982-c97e3158144a,2026-04-29,5.997838,2a20868d-41a0-350b-abd7-08a3f9d834063257215959
b571b5d8-c91f-3776-86bd-22c88c5580c2,2026-04-29,13.4461,afafa873-61a8-38e0-8977-cd70cd270f449777286253
b99742c8-7da0-3e81-ab3c-eb775e9f5d24,2026-04-29,36.050184,83de6687-9540-3db3-a6d6-f036d634a1c63930926163
bce50849-a0e7-3f2b-b22a-24ed60440705,2026-04-29,11.236956,ecbe8abc-16bb-3af7-8cf1-b6d262d3f9915691766209
bde82a06-b2ee-3309-b4b0-d268a38e4c2c,2026-04-29,83.480622,37f054fc-a7a4-3b27-aefa-23a338a7e9b08878786853
beb1d1c6-4fa9-36a8-a06f-1dc58ab74161,2026-04-29,2.50648,69be3936-f12c-34ad-b6bc-7a9f397f7d580253357983
c0f8ab9f-4b7b-3f4f-b576-f80ad3cb5399,2026-04-29,17.502899,ae6fce59-c426-3691-b4cc-2e7f01a5433a0719674315
c3811eff-eb0f-3e83-943e-18b5d09919e4,2026-04-29,16.030241,b38c4c71-2ecc-3478-967b-30176508f2a82808970508
c41f2431-16c5-3799-9be8-561415389d5f,2026-04-29,16.355282,35f5e81a-e25c-3ff4-892f-d89a5cfb53448046832917
c4b4c934-c94d-3170-bd1b-d7737b2ab490,2026-04-29,19.355657,ddfedfb4-a197-3bc5-b5b9-3413d396c9d18520739647
c4ec5436-0c6f-389c-b83d-e1f34b408946,2026-04-29,3.279491,6d73a170-b659-36fe-bc67-1faa907dd4b49647063385
c8c964e3-6f43-33e9-8a11-e9eaf55933ba,2026-04-29,27.31708,db1bd750-5b46-3bea-9d82-c79a18a08d0d0806001910
caacaf00-76dc-3d35-955a-b0b7289c1497,2026-04-29,7.53576,5428bbad-02ec-3bbd-b559-a02cb4c2701a9853561586
cdcbe271-7336-35c3-a44f-1a90281b0857,2026-04-29,18.930891,cc4a0181-1f8b-3069-891f-8f8303116f410950083050
d098b8be-5fd2-3aaf-b08a-03443b43e413,2026-04-29,13.790853,ebfca532-8531-3093-b085-d9b06d8a505a5090987086
d16b7d90-92be-3869-95a7-7d511669811b,2026-04-29,18.89496,760b5b15-f871-3327-a1ef-e07e6f4cc11c2795438507
d320f92f-4cc3-395c-b6c7-3cb3c7cb3efe,2026-04-29,116.251004,db719257-f1df-3420-b485-acfb0da643a10140791541
d3c48311-d8dc-3e24-95dd-6d2bca767bff,2026-04-29,35.918994,84018d69-0a55-3d24-a877-97aaa31a46cf2815442486
d3d0b6a8-f422-3af5-a62e-826c20495095,2026-04-29,16.62471,9a1ea106-1b3c-358a-b321-05d0ef5590af7934449393
d6f76560-f2a1-3ae9-ab43-eaa1f2033306,2026-04-29,78.142772,df76341f-d9c1-31f1-a511-61e0bba9ac1a9330646801
d72106c4-021a-3b57-bf48-7b6f2c14df23,2026-04-29,9.870929,e7b18bc4-313f-33d3-ad46-7b5d777f74ca3565120826
d76f0b24-1370-3b6f-81fa-de61d93e7ebe,2026-04-29,6.540234,8bb85ae4-103e-305d-9e3e-d9c85ce4b4f27606140443
d834b72d-c2cc-391e-8a0c-c3f147eeb522,2026-04-29,27.31864,62331e5f-4437-3168-b6e9-aa00c1ae49235115900219
d86225ec-57c8-3039-9b73-5067e9668517,2026-04-29,1.098031,9befbbd8-c5ed-3abc-9d19-377736924de73675696583
de0bc8c0-4447-382c-b7c7-ce385510a49b,2026-04-29,36.329803,8d66b14e-bf47-35e5-b800-b55ca34760cf6094204743
e059f4f2-66b1-346c-8a33-8c16446a8657,2026-04-29,28.529342,2a7ac4ba-1536-3186-93b2-a2c27853a79e9011911429
e0ab7ac6-23e5-3ce5-aef4-d9e2e575bb7a,2026-04-29,9.392916,36f25be1-e4a7-34ea-a4d5-d394fb2065cc2046082019
e402d019-6155-3bff-9228-4911ea446777,2026-04-29,102.455465,d454160e-2dc7-3ac7-86b9-e72c34ef16312394849607
e69f5e43-374e-3577-a194-03eca473eb86,2026-04-29,63.598974,b994cb0e-9aaf-3dbd-a0ab-315cc16c435c1107868581
e6a4f012-2129-36d0-bf2f-6e3c384f5497,2026-04-29,12.576601,30a74d31-d91b-3ff9-b591-0ed7882600e46693238563
ea133f80-908c-3a40-af86-f0745e517fd2,2026-04-29,31.678112,7111b6e6-9d33-3f84-ae08-89cafad819261967282058
ed0a8ed8-2282-3fec-82db-fafd297cdb61,2026-04-29,6.610015,4e3099ad-3bc5-3b23-837d-8c897adc8c894362553996
eeaba3bd-0e65-3eff-80b8-bb415d1cdc89,2026-04-29,27.019236,6d3df8ea-2edd-3fc0-8f44-b14a5c9f858f7358431617
eedf529f-5a2b-3af3-8849-028191ece984,2026-04-29,18.004337,1209c729-0671-3154-874b-55ac027ab5523926141362
f02cc034-f8c6-39b7-afff-343b04ff2064,2026-04-29,7.84344,4a495ff6-34e1-3d8e-9177-445cdfd39d764430640857
f166b497-832f-3b26-8149-b36820a1aebe,2026-04-29,4.308088,a7ce6c88-3186-35ed-a793-f40dc624f2bc4233811371
f1809858-d9d7-3db3-8cc3-5793c598044c,2026-04-29,65.929047,7697f751-8371-30c0-81c8-fcc775cadf993437132586
f1ebcf2f-e51e-373c-b8af-374b6efced62,2026-04-29,33.204694,a96795c7-1ef3-330f-9a52-bd611b998fc53408195367
f28c27e1-116f-3bfa-87a3-a4aec05ef6ed,2026-04-29,40.913933,06747886-3cd5-3df7-b4e3-5300fd43ba8b6993791108
f6d44ec5-a47a-3937-931c-9f8412b5fa88,2026-04-29,13.198723,6197876e-4ea6-3121-8a4b-12b6efea400a0240575023
fbb84839-d7f2-363f-a497-68b74f2449f2,2026-04-29,22.019444,76b88c0d-830b-38ed-91c8-6b3757820cc05429571885
fccc0510-f20a-3f28-bf3c-66cfe9fa99d1,2026-04-29,19.024739,218810c6-5f55-31ef-942d-6b8f7944e4a79796581507
fe5c2831-6d72-3f57-b5da-21037ecbeb2f,2026-04-29,2.901186,caac5c39-53fe-3b0e-a941-3f0559293a333871484605
02995d49-90df-31cf-97ba-5c229a76711f,2026-04-30,191.294628,16bfeb59-c1e9-3456-891d-bdc1da0007925452020064
030041c0-f398-3572-9c7e-3edf3d9d2ea3,2026-04-30,5.36273,123b8640-546f-3146-aac1-b5e3a45883358031893487
06e33f1d-dda0-31b8-915e-bde6cf9b4012,2026-04-30,17.772367,5c1c68c1-feaf-3d3a-8a14-7e795d01c1ba6471737628
0769202c-7965-32a1-8d36-1cd52b64377d,2026-04-30,7.674275,03bfca79-bd1d-3217-a8ee-b032e1a5d4279777514889
0bd9c8a1-cf25-3dfe-9380-6143b1183f53,2026-04-30,83.459484,7ff7d9b9-eb8b-35f9-9265-8dd933d6e5f40824718437
0d06916c-fc74-37b3-8630-7f2eb8b27347,2026-04-30,38.972538,56ab425a-78d4-3e53-8a5d-bee6cc2ff1583272396058
0d66e094-d57b-3221-bdb4-ff9f2a6fa6b6,2026-04-30,42.135921,a1f98fd1-522c-331e-93df-e0e3c705c1c60127744720
0f7a9277-d005-30c0-8821-910389205cba,2026-04-30,14.145623,1498339f-636a-3ba6-8eaf-f82826cfc66b1703033271
1094d4eb-2c4b-3c82-bb41-36696a775289,2026-04-30,44.236125,8348db4d-a8ba-3dc8-b03d-3f8345e1ce081137124557
1176a69b-fd42-3989-9822-360026e942a4,2026-04-30,93.773896,4b6c12aa-31db-353f-9880-bcdca16d2c971125384531
15d19e1d-74b8-3948-867f-63a4a1188539,2026-04-30,71.454741,3a0da385-e669-30df-8f17-ee93aea6a3a63054977077
15f19ccf-5f54-370e-914a-19ef0d6e7bfe,2026-04-30,122.916334,d0dca904-0a39-3f70-8f24-23b3f8543cae9283252446
176efb99-8d0f-325e-a3e0-daa08e876832,2026-04-30,19.774775,c3c60fed-2c36-3d97-8b89-35c5cbbebe232642944088
17e9c47e-62ba-33a6-96e1-95ad3c636d22,2026-04-30,43.433975,77974123-fa35-3834-90f5-d19a2e752e979650064655
18a6d5f8-3203-3934-be7c-fef235f8d5ee,2026-04-30,9.133351,d0fc809f-656e-31a8-9e5e-192c6b636f8d5430933548
19008d6d-be6f-38f0-8a72-4525e9b98022,2026-04-30,44.084923,4201befe-1bec-3dec-bd92-ac10a986017a9798478753
1bdab13f-7bc5-3e3d-81c9-f9179619fd90,2026-04-30,13.687744,5351c2cb-b7f7-3a9c-acd5-db63cfafda343248281033
1c3f0a45-334a-3810-b02a-7ba9181fca95,2026-04-30,26.603821,f25a1909-b1f5-354d-9179-29694f6ccd7b0794803399
21e18788-026e-37c1-9a0a-259c58a0fc50,2026-04-30,41.127806,6825bc20-32f9-371b-b653-a8454dd0cf4e9794303102
28cba5c0-c834-3c34-900a-9d6772fd9c30,2026-04-30,21.287395,1233b0a6-550e-3390-88ce-2a21eefafe917625072302
2b3c346c-5f49-3232-be35-3443261527b0,2026-04-30,6.945138,e6538295-3b6e-3154-9420-ec45501d20ae5856219597
2fd79494-a377-3a29-a882-b11802cfee0c,2026-04-30,7.368583,e50f86b5-d7cd-3a80-a5b4-78c659980b001758781599
32da1b1b-0d42-3b01-a03e-3891e0cc9afd,2026-04-30,15.075945,0caf4254-2a36-3012-a39e-da6c7dc35c289481483767
3615a797-2def-32a3-a0ae-3a6e8eccf080,2026-04-30,27.40205,edfa21ff-76b9-3113-8d97-a175f873fb244866321730
363a066c-58b6-3bcf-a7b0-e9729a735ba7,2026-04-30,34.569772,29527eb9-d544-35c2-b9f1-bb262cf6b4159824252521
36f0982a-ff58-3c66-9847-439d640e7d96,2026-04-30,41.303164,50b96d70-0ca5-3d4f-bdec-3c9a5b48f6100810857519
3e7f3808-bc28-36c7-8251-a028f5ff5644,2026-04-30,21.853556,18ddeade-5928-3676-ae42-029acd2d6bcb2570795136
423348ca-0838-3372-a616-b4cda0468666,2026-04-30,5.861931,c36a6f4f-bea8-35b0-b824-2c970e256ac26805083472
4333cd5c-141e-38a1-af2a-a7df714feddb,2026-04-30,18.499989,3c3bc593-75a7-3bce-b04f-0d15bea76c784217531826
43538921-75c3-3004-917b-51c3d8e2a3a6,2026-04-30,32.233856,e213be6c-e983-37d3-b47d-03cfedb25b867590845836
48a891ca-8770-3a95-9414-af5bad034e5a,2026-04-30,5.234166,6a2b2b4f-b163-3211-9417-7ab21b779b6e4168236426
48d69815-2eb5-3bb9-a39b-cbe1ceb52e99,2026-04-30,12.77166,6cfee349-1ef0-3fb2-815c-a8a1f54dfaf82072162601
4a7af055-4d5f-39bf-b0a0-3e957abd6b60,2026-04-30,26.34088,2d350fdb-0d58-3f71-94bc-a8c8ac08ee913457245518
4c8688bb-e063-39d5-af44-f884b8b1b22f,2026-04-30,50.024437,74ba4416-00a1-3f9b-8c10-30d3118fa7ce7583046913
4c9d57d4-cc8e-3ffa-a7a2-954c71ef5235,2026-04-30,46.287413,10cf198f-ca0e-3ab3-a33e-629868eaf1657063863282
4d8e0306-9402-312c-8735-520e75542ddf,2026-04-30,7.258912,fc890f93-7094-3cdc-9c17-a9bca9d2149d3600693627
4f630062-21f6-3266-9acd-c0827dbf5c05,2026-04-30,10.40165,8f29efaf-4f24-3d15-82d5-2fc874ce981c6011993181
5060be3d-9bbb-3f4e-955c-625e4390c6b7,2026-04-30,13.515022,2aff5a14-b04c-3fb3-98e6-5f847371e3ff9195279440
509c1fe7-94b1-311d-9fd0-979b350e4d61,2026-04-30,105.265194,beeb8cb8-6b14-3b16-b8ec-735f810410575059189611
50be9c42-1c4b-3493-a07c-ffe59fd8491c,2026-04-30,47.966437,edb658c0-31b6-337f-a557-ae881cfe96142560471597
5113b093-acec-3c38-870f-b61a2dd6b880,2026-04-30,116.6554,6de2df31-0e47-37b7-af92-4257cf86aa933125819112
524da203-40d7-33a6-8ab6-b21a0cef3c58,2026-04-30,36.08683,4b414f3b-b1d8-3f11-b80f-a4ce6c6d7a4c9655939769
5498a54c-7cf2-3cbb-85d5-1078aa3be4a7,2026-04-30,17.527911,7f2eff44-b501-3d88-8b7a-bc0819c1cbd05256736696
54de7dbc-3f9b-3702-b677-fee85da6201d,2026-04-30,5.377732,d44e39e8-4f08-3623-986b-2646518072bf1207235870
55ad8c29-20dc-320f-8c21-ac3dfd7685ea,2026-04-30,46.241331,59813d11-bc16-3001-915e-9a9eff70c57f6619407622
55b0607e-f635-348a-bc83-f4e52515b7ec,2026-04-30,2.688442,118c8a35-e628-36a2-8499-91a87fa954ea9600440361
5656dbc0-5497-3227-a829-fd8eb574450e,2026-04-30,17.45384,a203c081-9992-358a-b291-2006588558ba6822670837
56ab4ff8-d4a1-314d-82eb-cc5055b8d77c,2026-04-30,11.085606,95b986e2-fb52-3222-9a4d-94390d8daa468577144310
591e07f6-72df-366d-a512-d5ee900f7c15,2026-04-30,35.400068,abb3cf38-3fad-3baa-af44-c9b4d24608456857996865
5b4c7154-ad7e-3526-aa3c-45e89d71e721,2026-04-30,100.20278,a5074e62-50d5-364b-aeef-675c60c2ee493068298762
5de859d5-b06b-3878-b7f0-64c4e91191df,2026-04-30,8.990362,865e99a1-718b-338b-80ab-7bdcf6c522a91536159266
5fa5d9c4-22b7-39f7-a3b2-d521ea60b47b,2026-04-30,14.066328,ab4ba1b3-b598-3bfb-8df0-768a0df60d506177714931
6001b0b7-96fc-3fe1-aef1-329c8e2f62ce,2026-04-30,8.586804,6e29cd08-5d8b-32dd-baf0-fc5123d964c69692072979
617065f0-5c37-32d6-a3d6-dc223ac898b3,2026-04-30,16.772404,ae562d52-09ae-3863-b5f0-5ae580696f0f2844325743
64b0ba20-1b28-3b6c-9ffc-402714ee0245,2026-04-30,8.077386,358bf36d-7dae-3d60-9132-32bf3090f2f25850796649
67039b27-800b-3a58-9a33-f99a6beae237,2026-04-30,10.488481,32a35d9f-d35e-32e9-9ab5-42a5e891929f6307601904
68b45261-85be-3d03-a069-5aa6ffe8e8ca,2026-04-30,20.578058,b6a7cc29-e0c8-36bf-9e06-ffc155431b242084275934
745d78f2-7f7a-3cdd-af4f-c4c3f0a18dbb,2026-04-30,30.843228,f1df5283-191c-30dd-b238-da858232e5d08985022611
74cd4f7c-116b-3316-bf7f-eb46458694da,2026-04-30,81.882705,755c3974-2d2b-3242-8001-42f3d96983649032632994
75be5782-378c-39b7-8d80-e4225331c478,2026-04-30,13.038569,e1d9f528-91ca-3b5f-b9e2-c2bc6c32dd155877684651
75c008ab-9d95-3b45-b06c-1ba571bc7895,2026-04-30,4.786141,ec573df9-2361-3e56-a35c-cf369728a6f02624538703
779e581c-a821-3108-9ebe-a92f9dcfc74c,2026-04-30,46.161975,3a13c3b6-0485-353a-a580-ed21741647e41076187335
7fb6ff11-be82-30ff-ad1d-e44ada4f46db,2026-04-30,30.697454,44965c11-796e-3e8c-b92a-222141e2d34e4076630863
812c22d3-3843-3385-aa3b-aa8ae91b882a,2026-04-30,21.87633,e7cb4203-d63e-3d55-86b1-e2f3868974688509958032
82b47e6e-09d7-36e6-80ab-4506629ff46b,2026-04-30,43.478295,1695d743-ff11-3262-b7c5-f109ac7b016b5800029843
834aa49a-5a2a-30db-8385-ad60aed26cd7,2026-04-30,50.855991,4b2f77f6-8ea8-3f4d-8688-fe485e1dd22d6927009123
83ac466b-0a2c-3b9f-bc16-cc1733598dc1,2026-04-30,37.324509,fbb1458a-bb03-3a59-81a7-c4bfa04cd8482348091600
84851a10-43f1-3fc8-a358-06f529f15c33,2026-04-30,52.331281,209d6b5c-3879-3f87-9eb1-228cd3cf4edd0737879839
84dcbd6d-e273-316b-8912-4ed74ff8a9be,2026-04-30,37.610743,a26b9066-44c7-31c3-b9fa-04e255b439490462824831
84f354b1-00ae-34ba-b443-ccd2efee613c,2026-04-30,5.505729,8a14f25e-1645-3406-a19d-b9806ef569954307313451
85cb1e88-d121-35a6-a362-3cdc80917d44,2026-04-30,264.416041,1671f2df-523c-3e25-a845-e2ad655275ec3253687227
87ab0257-a9f6-3705-89f8-f63b9b8f2b0c,2026-04-30,21.830746,dd1dde98-5502-3952-90fe-dc66f816ed747906535428
8c272368-ac0c-3bc7-9568-cfbb26f8e749,2026-04-30,6.05116,9ef76979-dca8-3c79-9b0c-a7e5b98cc4183178708115
8c5b1f37-b3ea-3b4a-a4dd-fad03cfd11b6,2026-04-30,51.929626,5aa0a87f-17b4-3bc7-a55a-7d422bb28fcc9200948756
8ca30a12-e5f4-3017-8037-1616e9ddbb5b,2026-04-30,6.79074,d980087a-73cd-3a85-914f-0dbeb6da2ff07929331557
8cb2a7d2-f605-3df9-981a-2c02b1d1a4e0,2026-04-30,17.958205,c8409fd1-44f6-341e-aa4a-fcdd48e1dec91197407417
8ce3a609-9e37-3b54-a602-9b395e5f5a76,2026-04-30,10.441943,140ba20d-dc2d-30f1-8369-9f0fcb7417216954795985
8e914a83-9f14-3c6e-8220-79cebd75eda8,2026-04-30,6.711162,561fc8fa-c73c-3cf0-a4da-ce7cc8fda80f4105333844
92de990d-30ce-38da-ad78-86a4a56c065b,2026-04-30,19.180112,5a8242fb-5aa7-3d5b-ac68-21ea53c5f9e87894148187
9317e817-504a-35a4-b7c3-68e90b432c45,2026-04-30,28.884326,bd68d9fe-0c5e-3648-8a84-d7649dbc11df2315333603
949ebf54-2340-343d-959a-0f34372577da,2026-04-30,42.122707,181570ff-51a4-3333-82ec-c322cfc915d01750361380
956008d9-c7c8-3450-a799-ccd802fc2078,2026-04-30,52.698449,ac8597c6-2e0c-3fce-bd96-0eeae07b92825791469057
960a5c04-f3ef-340c-af8a-48e88045ac24,2026-04-30,14.415007,485a6ee1-26d8-3d41-bd32-a72421af1a296123003165
9661bcb6-dd62-3576-b8b0-049874fff3a1,2026-04-30,4.490752,a765656c-b5ea-38d3-b817-93751b0015257870386126
96739dc1-9e37-3b11-8e79-e0a5a57062a1,2026-04-30,71.97996,7b60b05a-7946-3efd-a3a0-0ada59de74070619321536
98b357c6-e458-3b53-bc66-c80eb105e3cf,2026-04-30,64.461955,6b5a4bec-b45d-3f6f-a9b0-769861cf16bd1539781265
9a736669-65a4-3b3e-a4b5-8f6ec9654a84,2026-04-30,20.754732,bd347e86-1b36-3407-80b6-78a2f2dae41e9793909208
9b195b8e-28d6-386e-8990-1a5bb4dd1bdb,2026-04-30,13.743315,193afc72-4494-30b1-beb3-cd4156f1c97d7901017989
9bddd6f0-dd41-333e-aac7-f757b18ea2aa,2026-04-30,28.924667,c6545cb9-33df-373c-8ac9-ce43225c9d986458695776
9f556308-7e5a-375c-8130-c6284c3c5d5c,2026-04-30,26.428403,24110268-df67-321e-9581-bd29f27ea3618160468027
a06461db-ef00-3481-9827-c829471e7245,2026-04-30,8.781757,5511d59c-db31-37fb-8790-ae49b8ec4ba25737611269
a12779cf-ff75-376e-9cb4-73e937a3c164,2026-04-30,18.766673,ba19c2fb-8246-3ab8-b894-67973ae2268a8549866658
a2de86e5-02cf-3c93-9b40-f9629530b7d1,2026-04-30,543.44295,bcd56054-ac31-3e6f-a2d9-f156a299929c4047783680
a3f48154-490b-350b-9f4e-74835b5aaaae,2026-04-30,7.917981,95ed8b8c-c59c-372a-b31e-6543997b82d74860620288
a5068583-4849-35ce-900f-e2ce7f309840,2026-04-30,27.024376,ccacfe15-f7bf-3c92-9308-98112a74aa440314647208
a513bb7e-87ac-35cd-b4a2-6d23427bd2fa,2026-04-30,15.854394,481dceb1-1678-3a7e-b288-d7e2bf0c062a7786339993
a67cec0f-eda0-3d47-af0e-2bd3262a8cf9,2026-04-30,42.577881,edd1002d-960d-3956-8ea2-8ffafe4e3f780323661523
acadf00f-5359-3905-a13e-213d751bffb2,2026-04-30,3.095868,2852258a-e2bf-3b5a-ad87-7915c236685c5632583391
ae5f3d2e-f527-359d-8bcf-846f320f8e57,2026-04-30,7.817634,22f94015-ff23-3150-ae0f-9ef0bb188a207912060816
af753398-35e3-3c49-a7bb-31e2830197f3,2026-04-30,24.638242,b00ef48c-948b-3854-a6bb-ed2ca37487540169593901
b095775a-2d08-336f-bccf-d2f71dc4ba3c,2026-04-30,5.951864,fb87865a-444a-3efc-ab25-247ac494cd574338526402
b1d22b60-1492-37de-a246-db25e91bfb1f,2026-04-30,17.963796,ba855984-6afa-3f25-82a9-033558199c9b4291338588
b32150f1-1acd-3990-ad31-f63fed66b1cf,2026-04-30,59.52736,27222e5f-5d35-3311-be74-7f592e6bb2553842641276
b5344373-538f-3f37-8982-c97e3158144a,2026-04-30,14.422141,2a20868d-41a0-350b-abd7-08a3f9d834063257215959
b571b5d8-c91f-3776-86bd-22c88c5580c2,2026-04-30,30.773307,afafa873-61a8-38e0-8977-cd70cd270f449777286253
b7f8d590-1a7d-3745-82cc-9e0c966c6306,2026-04-30,5.34953,65f0ec49-73ce-37cb-a381-28e7217750090455003993
b8587185-2c84-31de-88cc-fe6d3eacc72b,2026-04-30,151.318536,e6e35728-813d-3acc-a33b-e74a927cf6fd8432089109
b9f874e5-bbd8-332a-9f2e-a024bb815cf9,2026-04-30,78.310682,0183e024-3556-38ab-8f83-a2397dc1c7ff0961989030
bce50849-a0e7-3f2b-b22a-24ed60440705,2026-04-30,21.457885,ecbe8abc-16bb-3af7-8cf1-b6d262d3f9915691766209
beb1d1c6-4fa9-36a8-a06f-1dc58ab74161,2026-04-30,6.539413,69be3936-f12c-34ad-b6bc-7a9f397f7d580253357983
c0f8ab9f-4b7b-3f4f-b576-f80ad3cb5399,2026-04-30,16.190771,ae6fce59-c426-3691-b4cc-2e7f01a5433a0719674315
c3f4e978-22c4-3743-a4d7-8dc20df21654,2026-04-30,32.674657,08043945-b9cb-35c8-8007-ea153d9880273125348988
c41f2431-16c5-3799-9be8-561415389d5f,2026-04-30,23.315805,35f5e81a-e25c-3ff4-892f-d89a5cfb53448046832917
c4b4c934-c94d-3170-bd1b-d7737b2ab490,2026-04-30,10.90891,ddfedfb4-a197-3bc5-b5b9-3413d396c9d18520739647
c4ec5436-0c6f-389c-b83d-e1f34b408946,2026-04-30,6.974836,6d73a170-b659-36fe-bc67-1faa907dd4b49647063385
c6c1b9c0-072d-3dbf-accc-4c8643cc0c4a,2026-04-30,5.52519,8e833220-412d-3626-aef6-f1d8e255b8961584029669
c7599875-d64e-3ef2-8a6a-a218c4c24bfa,2026-04-30,14.360164,4acd48f6-3379-3b71-a45f-8ba6aad527457333951563
c8c964e3-6f43-33e9-8a11-e9eaf55933ba,2026-04-30,27.580633,db1bd750-5b46-3bea-9d82-c79a18a08d0d0806001910
cdcbe271-7336-35c3-a44f-1a90281b0857,2026-04-30,14.615783,cc4a0181-1f8b-3069-891f-8f8303116f410950083050
ce7a22b8-f3c0-3690-acac-8b5a7bf4c798,2026-04-30,21.401008,75a3be66-cc33-35b3-aa17-355486d71eeb4926576029
d098b8be-5fd2-3aaf-b08a-03443b43e413,2026-04-30,15.714491,ebfca532-8531-3093-b085-d9b06d8a505a5090987086
d320f92f-4cc3-395c-b6c7-3cb3c7cb3efe,2026-04-30,47.227531,db719257-f1df-3420-b485-acfb0da643a10140791541
d3c48311-d8dc-3e24-95dd-6d2bca767bff,2026-04-30,10.478533,84018d69-0a55-3d24-a877-97aaa31a46cf2815442486
d3d0b6a8-f422-3af5-a62e-826c20495095,2026-04-30,12.548234,9a1ea106-1b3c-358a-b321-05d0ef5590af7934449393
d72106c4-021a-3b57-bf48-7b6f2c14df23,2026-04-30,5.693505,e7b18bc4-313f-33d3-ad46-7b5d777f74ca3565120826
d834b72d-c2cc-391e-8a0c-c3f147eeb522,2026-04-30,46.476892,62331e5f-4437-3168-b6e9-aa00c1ae49235115900219
d85f6c3e-620f-3cc3-9005-9e1beefefdc6,2026-04-30,17.97252,7a3476cf-c702-35d8-ab2c-c3c41701130b3532848987
d940c628-4e61-3954-9aee-1aa0a0b6e21f,2026-04-30,10.541977,cbf31122-ee58-37d2-a16f-5d8ff6fcc1cb8640751006
e1ec776a-9a69-3e5d-a0c5-33a9250b1f19,2026-04-30,9.148747,8dbe6882-1128-323e-98cf-6c6c8fd5be7d0079256300
e402d019-6155-3bff-9228-4911ea446777,2026-04-30,95.697984,d454160e-2dc7-3ac7-86b9-e72c34ef16312394849607
e41ed1fc-302f-351c-8dbd-1ccac5078a09,2026-04-30,27.122155,4a944e09-e32f-36d7-b5a4-e211ca471f446730403642
e69f5e43-374e-3577-a194-03eca473eb86,2026-04-30,71.600326,b994cb0e-9aaf-3dbd-a0ab-315cc16c435c1107868581
e6a4f012-2129-36d0-bf2f-6e3c384f5497,2026-04-30,21.749556,30a74d31-d91b-3ff9-b591-0ed7882600e46693238563
e76bb8c7-e2ca-3a2e-96b4-7d3717dfbe06,2026-04-30,17.014012,e755d9a3-e083-3c09-8b82-e48bcb43e7f81851692813
ea133f80-908c-3a40-af86-f0745e517fd2,2026-04-30,39.38297,7111b6e6-9d33-3f84-ae08-89cafad819261967282058
ea2319a1-87a9-39c7-978a-631828711569,2026-04-30,48.261459,aa7cd5d3-2fa7-342d-b330-88ea3eded8c73712328503
f02cc034-f8c6-39b7-afff-343b04ff2064,2026-04-30,12.722012,4a495ff6-34e1-3d8e-9177-445cdfd39d764430640857
f0699448-f713-378f-9e30-ac35b4b0ddbb,2026-04-30,23.777878,0fcce33d-eb23-3f5d-946b-53b6afe198987280446281
f166b497-832f-3b26-8149-b36820a1aebe,2026-04-30,4.495913,a7ce6c88-3186-35ed-a793-f40dc624f2bc4233811371
f1809858-d9d7-3db3-8cc3-5793c598044c,2026-04-30,56.025519,7697f751-8371-30c0-81c8-fcc775cadf993437132586
f55d8d9d-5df9-32e8-a43c-40e2d30fe83e,2026-04-30,19.204842,25ce49b4-0e30-37f6-83c9-8fdba57ec8554749707383
f5c21c69-5b03-320a-ae2e-2554aefff943,2026-04-30,47.824103,1733732a-abce-3040-96d5-89e43d8b44882339867108
f6d44ec5-a47a-3937-931c-9f8412b5fa88,2026-04-30,7.406488,6197876e-4ea6-3121-8a4b-12b6efea400a0240575023
fa146ea6-61c1-3eaf-b3b7-d79bd6e503ca,2026-04-30,3.615524,31c3893f-aa84-359f-a9a7-c4d51a001df11272461817
fbb84839-d7f2-363f-a497-68b74f2449f2,2026-04-30,18.641163,76b88c0d-830b-38ed-91c8-6b3757820cc05429571885
fccc0510-f20a-3f28-bf3c-66cfe9fa99d1,2026-04-30,15.801385,218810c6-5f55-31ef-942d-6b8f7944e4a79796581507
030041c0-f398-3572-9c7e-3edf3d9d2ea3,2026-05-01,15.664142,123b8640-546f-3146-aac1-b5e3a45883358031893487
03258615-f0ae-3265-b5eb-490bdff3232f,2026-05-01,4.508921,ec9b84cb-cfb5-3ef6-bd03-a93a08ac57152757515168
0388e0d9-8d10-3b74-a111-fdac480a0825,2026-05-01,17.332388,6ebc7d27-88d5-35f2-857d-fc6f145b17b60057015050
04f49ac6-5f35-3df9-b623-c026f24561e1,2026-05-01,37.568363,4ccf4637-f73f-3ea2-bd9d-89cd0876527e2011240689
0594d9cc-176f-3811-b8ff-1badba391ea1,2026-05-01,12.781421,7bf9e218-5646-3380-8098-8b14d617d4eb9836650145
06e33f1d-dda0-31b8-915e-bde6cf9b4012,2026-05-01,24.729632,5c1c68c1-feaf-3d3a-8a14-7e795d01c1ba6471737628
071015e8-3dae-3fe5-84fb-880f24672395,2026-05-01,21.182264,453d5359-3943-3fff-89a3-000f66b87f5c2508884910
0769202c-7965-32a1-8d36-1cd52b64377d,2026-05-01,8.745145,03bfca79-bd1d-3217-a8ee-b032e1a5d4279777514889
0d66e094-d57b-3221-bdb4-ff9f2a6fa6b6,2026-05-01,63.884439,a1f98fd1-522c-331e-93df-e0e3c705c1c60127744720
0f7a9277-d005-30c0-8821-910389205cba,2026-05-01,43.525507,1498339f-636a-3ba6-8eaf-f82826cfc66b1703033271
103be95c-0738-36fc-9aca-d07b1504909a,2026-05-01,92.520654,288d8971-0036-3b38-be44-cdab7d647fa95424134206
1094d4eb-2c4b-3c82-bb41-36696a775289,2026-05-01,44.886417,8348db4d-a8ba-3dc8-b03d-3f8345e1ce081137124557
1176a69b-fd42-3989-9822-360026e942a4,2026-05-01,142.111267,4b6c12aa-31db-353f-9880-bcdca16d2c971125384531
12b66c85-8f8c-33d0-82bb-725890efa8da,2026-05-01,13.069073,c5b46f65-01dd-3076-aa97-e4c166de2ad16575983483
15d19e1d-74b8-3948-867f-63a4a1188539,2026-05-01,51.895368,3a0da385-e669-30df-8f17-ee93aea6a3a63054977077
15f19ccf-5f54-370e-914a-19ef0d6e7bfe,2026-05-01,144.549483,d0dca904-0a39-3f70-8f24-23b3f8543cae9283252446
176efb99-8d0f-325e-a3e0-daa08e876832,2026-05-01,9.152029,c3c60fed-2c36-3d97-8b89-35c5cbbebe232642944088
18a6d5f8-3203-3934-be7c-fef235f8d5ee,2026-05-01,7.00122,d0fc809f-656e-31a8-9e5e-192c6b636f8d5430933548
1bdab13f-7bc5-3e3d-81c9-f9179619fd90,2026-05-01,3.481082,5351c2cb-b7f7-3a9c-acd5-db63cfafda343248281033
1c3f0a45-334a-3810-b02a-7ba9181fca95,2026-05-01,23.498418,f25a1909-b1f5-354d-9179-29694f6ccd7b0794803399
1eae9205-92f7-36a7-94c5-cb082b3e7211,2026-05-01,25.439265,dd4f2862-ad2c-38c4-98b8-9dfedc77a2173206733718
1f7e14b9-0bb8-3674-9af2-eeacd8638c48,2026-05-01,3.528011,1b760fbb-2f64-3588-8527-fe66c114f51f5277162348
2111daa9-5dbb-36aa-b675-efab46559d5d,2026-05-01,2.702331,93fc0a2e-adf6-3b5c-a38a-8aaf0af2466c8463812397
21e18788-026e-37c1-9a0a-259c58a0fc50,2026-05-01,60.005776,6825bc20-32f9-371b-b653-a8454dd0cf4e9794303102
28cba5c0-c834-3c34-900a-9d6772fd9c30,2026-05-01,16.65118,1233b0a6-550e-3390-88ce-2a21eefafe917625072302
2b3c346c-5f49-3232-be35-3443261527b0,2026-05-01,6.311181,e6538295-3b6e-3154-9420-ec45501d20ae5856219597
2bf4e90b-5fb4-3eb6-92bd-c21ab46e7639,2026-05-01,2.995063,4835e147-ad32-3a9a-b1c1-4116ab8c15bf1573038869
2fd79494-a377-3a29-a882-b11802cfee0c,2026-05-01,5.750624,e50f86b5-d7cd-3a80-a5b4-78c659980b001758781599
323a2cac-7231-3d1b-90b0-babcb0cf55ba,2026-05-01,20.353408,6110ae57-4fb0-3294-9c39-0fdab85c823b7854159322
33a96067-0e23-3bf3-8d10-cbec5a261a65,2026-05-01,33.027925,4d63f0d2-85ca-3a28-b715-4147577bedb24364586828
363a066c-58b6-3bcf-a7b0-e9729a735ba7,2026-05-01,36.077371,29527eb9-d544-35c2-b9f1-bb262cf6b4159824252521
3a95c147-b6b0-329f-88ad-464e73046bbe,2026-05-01,5.781165,a645382c-6cb6-3873-a916-6298b8109de48651485340
3c828a67-8a44-3a18-a2db-213948c73e01,2026-05-01,25.804611,4b9e8129-de42-3612-a62a-b99391f3a1c36185507295
3e7f3808-bc28-36c7-8251-a028f5ff5644,2026-05-01,31.586097,18ddeade-5928-3676-ae42-029acd2d6bcb2570795136
3f3adad3-22df-3188-a572-bab43c8f0258,2026-05-01,102.000873,b2628cd8-ae87-339b-8a4a-eb87332124ab1738661597
3fe600f0-c808-3676-90fe-909ea8b83ca6,2026-05-01,11.415006,89445095-871b-3498-be52-e63f6b0e774b5355986831
423348ca-0838-3372-a616-b4cda0468666,2026-05-01,2.030526,c36a6f4f-bea8-35b0-b824-2c970e256ac26805083472
4333cd5c-141e-38a1-af2a-a7df714feddb,2026-05-01,19.413055,3c3bc593-75a7-3bce-b04f-0d15bea76c784217531826
434188a4-f9da-364f-a6dc-53072f0ec1b3,2026-05-01,26.6708,e25f63b1-614b-3240-9c58-803a43e9bb435024428155
43538921-75c3-3004-917b-51c3d8e2a3a6,2026-05-01,34.116012,e213be6c-e983-37d3-b47d-03cfedb25b867590845836
43cc96db-6d25-3ad3-9163-10247bdd66bf,2026-05-01,21.821636,9eddeeed-8808-33dc-9ba2-905a79c87f321161343299
460c19ec-738f-33e2-84b8-3a300f8ee989,2026-05-01,29.306142,96b09d04-ac8f-311f-bac8-ca0a14edd5799345959495
48a891ca-8770-3a95-9414-af5bad034e5a,2026-05-01,2.447351,6a2b2b4f-b163-3211-9417-7ab21b779b6e4168236426
4b3616f0-ccf1-31e3-810e-f668c2042b23,2026-05-01,21.478734,b68e0cee-582f-3f61-89e5-ca032d2062073327596356
4c9d57d4-cc8e-3ffa-a7a2-954c71ef5235,2026-05-01,43.208656,10cf198f-ca0e-3ab3-a33e-629868eaf1657063863282
4d8e0306-9402-312c-8735-520e75542ddf,2026-05-01,11.535712,fc890f93-7094-3cdc-9c17-a9bca9d2149d3600693627
4f630062-21f6-3266-9acd-c0827dbf5c05,2026-05-01,4.977684,8f29efaf-4f24-3d15-82d5-2fc874ce981c6011993181
5060be3d-9bbb-3f4e-955c-625e4390c6b7,2026-05-01,18.804746,2aff5a14-b04c-3fb3-98e6-5f847371e3ff9195279440
509c1fe7-94b1-311d-9fd0-979b350e4d61,2026-05-01,64.56829,beeb8cb8-6b14-3b16-b8ec-735f810410575059189611
50be9c42-1c4b-3493-a07c-ffe59fd8491c,2026-05-01,60.923108,edb658c0-31b6-337f-a557-ae881cfe96142560471597
52412506-0a36-3bbc-b4ff-9579aa41f9b1,2026-05-01,5.004833,258df3e5-7e26-3a3f-9326-aace208da4a32337603841
54de7dbc-3f9b-3702-b677-fee85da6201d,2026-05-01,7.183169,d44e39e8-4f08-3623-986b-2646518072bf1207235870
55ad8c29-20dc-320f-8c21-ac3dfd7685ea,2026-05-01,42.844766,59813d11-bc16-3001-915e-9a9eff70c57f6619407622
5656dbc0-5497-3227-a829-fd8eb574450e,2026-05-01,10.210062,a203c081-9992-358a-b291-2006588558ba6822670837
56ab4ff8-d4a1-314d-82eb-cc5055b8d77c,2026-05-01,13.003239,95b986e2-fb52-3222-9a4d-94390d8daa468577144310
5a91fc01-e54a-36cc-b759-44260109d8b8,2026-05-01,2.412175,1356d797-66bc-3a72-b11f-7b3084dc9d272348624974
5b4c7154-ad7e-3526-aa3c-45e89d71e721,2026-05-01,101.218209,a5074e62-50d5-364b-aeef-675c60c2ee493068298762
5cb2e039-2dc8-3bad-9d23-4bfddc143afe,2026-05-01,32.002028,8a29b19a-f05e-35e9-8df7-d99b28bf8a8d3280431943
5d21d7da-3e33-3ab4-99ef-3ca2c2ff2c69,2026-05-01,9.81612,b03fc426-da51-3e1c-aa77-6b918bff0e513877121931
5d6ffe35-085b-3fc0-abf7-9f02a5c4fb33,2026-05-01,25.518439,03ffa46d-2a01-3d1e-b2b7-afc51d9158352243231721
5fa5d9c4-22b7-39f7-a3b2-d521ea60b47b,2026-05-01,9.45578,ab4ba1b3-b598-3bfb-8df0-768a0df60d506177714931
6001b0b7-96fc-3fe1-aef1-329c8e2f62ce,2026-05-01,10.872847,6e29cd08-5d8b-32dd-baf0-fc5123d964c69692072979
617065f0-5c37-32d6-a3d6-dc223ac898b3,2026-05-01,20.819099,ae562d52-09ae-3863-b5f0-5ae580696f0f2844325743
64b0ba20-1b28-3b6c-9ffc-402714ee0245,2026-05-01,35.382576,358bf36d-7dae-3d60-9132-32bf3090f2f25850796649
6e8a1cb9-329d-3c5e-8d21-4c46a734d1e9,2026-05-01,23.72421,b038cfcb-9c1e-3cde-8676-1be4c1366b8b3024374020
7254494c-fbeb-3dc4-80ee-30c6f6c22599,2026-05-01,13.860717,64848290-d9fb-3103-b306-a0129738ec0d3937403775
72e3323e-cebd-3aa6-a736-9022afb37e21,2026-05-01,56.933072,dd1d2448-04ec-3dd9-9b0e-69f5e79a93407723570593
74cd4f7c-116b-3316-bf7f-eb46458694da,2026-05-01,62.237436,755c3974-2d2b-3242-8001-42f3d96983649032632994
75c008ab-9d95-3b45-b06c-1ba571bc7895,2026-05-01,8.298832,ec573df9-2361-3e56-a35c-cf369728a6f02624538703
781a0729-d247-332a-a718-196cd4f0844f,2026-05-01,4.20591,c926082b-f5ea-39f0-9b3a-e5bce96b47c35305695375
812c22d3-3843-3385-aa3b-aa8ae91b882a,2026-05-01,16.929175,e7cb4203-d63e-3d55-86b1-e2f3868974688509958032
834aa49a-5a2a-30db-8385-ad60aed26cd7,2026-05-01,87.981915,4b2f77f6-8ea8-3f4d-8688-fe485e1dd22d6927009123
84851a10-43f1-3fc8-a358-06f529f15c33,2026-05-01,40.669467,209d6b5c-3879-3f87-9eb1-228cd3cf4edd0737879839
84f354b1-00ae-34ba-b443-ccd2efee613c,2026-05-01,6.979278,8a14f25e-1645-3406-a19d-b9806ef569954307313451
85cb1e88-d121-35a6-a362-3cdc80917d44,2026-05-01,431.399524,1671f2df-523c-3e25-a845-e2ad655275ec3253687227
86a53618-ee86-3705-9b6b-f5372a406e5d,2026-05-01,15.623019,31eb179f-ca40-3562-abbc-7ab5302343cf3567482943
8c272368-ac0c-3bc7-9568-cfbb26f8e749,2026-05-01,2.273537,9ef76979-dca8-3c79-9b0c-a7e5b98cc4183178708115
8c2e2c06-5c7a-359a-8e69-0efdfb7e79bb,2026-05-01,17.976984,02b8249b-d351-36b0-8f66-387e9b5ecd765409838852
8ca30a12-e5f4-3017-8037-1616e9ddbb5b,2026-05-01,7.35213,d980087a-73cd-3a85-914f-0dbeb6da2ff07929331557
8cb2a7d2-f605-3df9-981a-2c02b1d1a4e0,2026-05-01,10.964111,c8409fd1-44f6-341e-aa4a-fcdd48e1dec91197407417
92de990d-30ce-38da-ad78-86a4a56c065b,2026-05-01,15.374981,5a8242fb-5aa7-3d5b-ac68-21ea53c5f9e87894148187
9317e817-504a-35a4-b7c3-68e90b432c45,2026-05-01,23.195512,bd68d9fe-0c5e-3648-8a84-d7649dbc11df2315333603
960a5c04-f3ef-340c-af8a-48e88045ac24,2026-05-01,34.812851,485a6ee1-26d8-3d41-bd32-a72421af1a296123003165
9661bcb6-dd62-3576-b8b0-049874fff3a1,2026-05-01,6.118251,a765656c-b5ea-38d3-b817-93751b0015257870386126
96739dc1-9e37-3b11-8e79-e0a5a57062a1,2026-05-01,87.43099,7b60b05a-7946-3efd-a3a0-0ada59de74070619321536
96be8df1-0628-3c17-acd8-50a096438ea0,2026-05-01,25.972567,7b8d6a5a-3256-3096-8208-171b7eaab4737311108557
9b195b8e-28d6-386e-8990-1a5bb4dd1bdb,2026-05-01,18.735361,193afc72-4494-30b1-beb3-cd4156f1c97d7901017989
9bddd6f0-dd41-333e-aac7-f757b18ea2aa,2026-05-01,37.725061,c6545cb9-33df-373c-8ac9-ce43225c9d986458695776
a12779cf-ff75-376e-9cb4-73e937a3c164,2026-05-01,30.365514,ba19c2fb-8246-3ab8-b894-67973ae2268a8549866658
a5068583-4849-35ce-900f-e2ce7f309840,2026-05-01,23.727759,ccacfe15-f7bf-3c92-9308-98112a74aa440314647208
a513bb7e-87ac-35cd-b4a2-6d23427bd2fa,2026-05-01,13.643289,481dceb1-1678-3a7e-b288-d7e2bf0c062a7786339993
a67cec0f-eda0-3d47-af0e-2bd3262a8cf9,2026-05-01,41.606646,edd1002d-960d-3956-8ea2-8ffafe4e3f780323661523
a8d7fd17-4556-3ba6-8223-e88d8ead8fb0,2026-05-01,8.632761,7d10e7ed-604b-3e03-a105-86eebe4f6d9d0233713485
a8e332b8-087a-38b0-8c1b-64db4efadc7a,2026-05-01,31.273074,47b681e7-c3d8-31f6-ab69-43f82db88fa66316703417
ad759908-6038-3c75-a6b2-7fd42a8a03f7,2026-05-01,34.746032,2ad373ae-0c89-3393-8c68-e3126543594f3130901658
ae5f3d2e-f527-359d-8bcf-846f320f8e57,2026-05-01,16.66009,22f94015-ff23-3150-ae0f-9ef0bb188a207912060816
af15418c-707a-3e54-a465-034a3b570a96,2026-05-01,37.226793,89b93f60-7af8-31b9-aacf-45885de7f2069142372275
af753398-35e3-3c49-a7bb-31e2830197f3,2026-05-01,20.044335,b00ef48c-948b-3854-a6bb-ed2ca37487540169593901
b08b0516-052f-31ca-baee-415f1e9f6c1d,2026-05-01,9.086559,8eb78258-dbd8-30ca-8e2f-f57e8806b9340333593055
b32150f1-1acd-3990-ad31-f63fed66b1cf,2026-05-01,55.663004,27222e5f-5d35-3311-be74-7f592e6bb2553842641276
b571b5d8-c91f-3776-86bd-22c88c5580c2,2026-05-01,21.466287,afafa873-61a8-38e0-8977-cd70cd270f449777286253
b5b7bbb0-1312-34a4-8934-10fe49cea8ed,2026-05-01,27.888363,c1179ffe-16b5-3808-a61b-c697ad5655cd0958447347
b7f8d590-1a7d-3745-82cc-9e0c966c6306,2026-05-01,7.593113,65f0ec49-73ce-37cb-a381-28e7217750090455003993
b8587185-2c84-31de-88cc-fe6d3eacc72b,2026-05-01,214.919325,e6e35728-813d-3acc-a33b-e74a927cf6fd8432089109
b9f874e5-bbd8-332a-9f2e-a024bb815cf9,2026-05-01,128.153057,0183e024-3556-38ab-8f83-a2397dc1c7ff0961989030
bce50849-a0e7-3f2b-b22a-24ed60440705,2026-05-01,9.415962,ecbe8abc-16bb-3af7-8cf1-b6d262d3f9915691766209
beb1d1c6-4fa9-36a8-a06f-1dc58ab74161,2026-05-01,5.855416,69be3936-f12c-34ad-b6bc-7a9f397f7d580253357983
bfcf20fb-7815-332b-866f-4833dfb11fcc,2026-05-01,23.284113,cb2f49d1-bcec-3aeb-86e2-f5803f1acd133283622893
c039e4c8-9c3b-3ae3-a2e7-b54c85d2cac7,2026-05-01,97.494081,ef0e0898-3920-39d5-9050-8c57b5cbcd1c9155184466
c0f8ab9f-4b7b-3f4f-b576-f80ad3cb5399,2026-05-01,28.559496,ae6fce59-c426-3691-b4cc-2e7f01a5433a0719674315
c3811eff-eb0f-3e83-943e-18b5d09919e4,2026-05-01,16.287954,b38c4c71-2ecc-3478-967b-30176508f2a82808970508
c4b4c934-c94d-3170-bd1b-d7737b2ab490,2026-05-01,13.549071,ddfedfb4-a197-3bc5-b5b9-3413d396c9d18520739647
c4ec5436-0c6f-389c-b83d-e1f34b408946,2026-05-01,15.261283,6d73a170-b659-36fe-bc67-1faa907dd4b49647063385
c7599875-d64e-3ef2-8a6a-a218c4c24bfa,2026-05-01,8.027701,4acd48f6-3379-3b71-a45f-8ba6aad527457333951563
caacaf00-76dc-3d35-955a-b0b7289c1497,2026-05-01,6.219206,5428bbad-02ec-3bbd-b559-a02cb4c2701a9853561586
ce7a22b8-f3c0-3690-acac-8b5a7bf4c798,2026-05-01,20.093488,75a3be66-cc33-35b3-aa17-355486d71eeb4926576029
d098b8be-5fd2-3aaf-b08a-03443b43e413,2026-05-01,13.245706,ebfca532-8531-3093-b085-d9b06d8a505a5090987086
d16b7d90-92be-3869-95a7-7d511669811b,2026-05-01,13.52866,760b5b15-f871-3327-a1ef-e07e6f4cc11c2795438507
d3c48311-d8dc-3e24-95dd-6d2bca767bff,2026-05-01,20.517826,84018d69-0a55-3d24-a877-97aaa31a46cf2815442486
d3d0b6a8-f422-3af5-a62e-826c20495095,2026-05-01,11.36864,9a1ea106-1b3c-358a-b321-05d0ef5590af7934449393
d6f76560-f2a1-3ae9-ab43-eaa1f2033306,2026-05-01,36.060867,df76341f-d9c1-31f1-a511-61e0bba9ac1a9330646801
d72106c4-021a-3b57-bf48-7b6f2c14df23,2026-05-01,11.816252,e7b18bc4-313f-33d3-ad46-7b5d777f74ca3565120826
da8b7ad5-701e-38e4-af53-bcb52836386c,2026-05-01,15.705684,5a63d77e-0da6-3691-900f-f20d6593ab0a0016925614
de0bc8c0-4447-382c-b7c7-ce385510a49b,2026-05-01,20.389151,8d66b14e-bf47-35e5-b800-b55ca34760cf6094204743
dee4128a-2091-303c-8411-15401a64ec03,2026-05-01,108.14723,7d2de236-8dd1-333c-b3b2-c7d8bd4250cd6306917490
e059f4f2-66b1-346c-8a33-8c16446a8657,2026-05-01,43.202748,2a7ac4ba-1536-3186-93b2-a2c27853a79e9011911429
e0ab7ac6-23e5-3ce5-aef4-d9e2e575bb7a,2026-05-01,7.333831,36f25be1-e4a7-34ea-a4d5-d394fb2065cc2046082019
e1ec776a-9a69-3e5d-a0c5-33a9250b1f19,2026-05-01,11.660889,8dbe6882-1128-323e-98cf-6c6c8fd5be7d0079256300
e6a4f012-2129-36d0-bf2f-6e3c384f5497,2026-05-01,16.645171,30a74d31-d91b-3ff9-b591-0ed7882600e46693238563
e71fe34e-9aa5-3ade-8054-a639af523373,2026-05-01,17.852589,b1e661de-87c5-37a4-b0ad-b47b375e798f8517162525
e76bb8c7-e2ca-3a2e-96b4-7d3717dfbe06,2026-05-01,23.884973,e755d9a3-e083-3c09-8b82-e48bcb43e7f81851692813
e91fcfab-7cdf-31df-8933-e788688d8288,2026-05-01,11.347131,fe28678b-e200-3a9d-a1de-effda4879d2c1615844509
ea2319a1-87a9-39c7-978a-631828711569,2026-05-01,39.944623,aa7cd5d3-2fa7-342d-b330-88ea3eded8c73712328503
ebbf605d-a94c-3f16-9ae0-5449c87f4002,2026-05-01,58.284392,c01d7453-03eb-38be-bc95-24391aa315144796657446
ed0a8ed8-2282-3fec-82db-fafd297cdb61,2026-05-01,3.42479,4e3099ad-3bc5-3b23-837d-8c897adc8c894362553996
eeaba3bd-0e65-3eff-80b8-bb415d1cdc89,2026-05-01,23.475613,6d3df8ea-2edd-3fc0-8f44-b14a5c9f858f7358431617
f02cc034-f8c6-39b7-afff-343b04ff2064,2026-05-01,14.942128,4a495ff6-34e1-3d8e-9177-445cdfd39d764430640857
f0699448-f713-378f-9e30-ac35b4b0ddbb,2026-05-01,23.228337,0fcce33d-eb23-3f5d-946b-53b6afe198987280446281
f1809858-d9d7-3db3-8cc3-5793c598044c,2026-05-01,43.767002,7697f751-8371-30c0-81c8-fcc775cadf993437132586
f37b1d54-4726-3503-b093-7096160494d8,2026-05-01,13.917923,0701ba50-1c05-393a-97d1-5f4023a8749c6116792851
f55d8d9d-5df9-32e8-a43c-40e2d30fe83e,2026-05-01,27.152578,25ce49b4-0e30-37f6-83c9-8fdba57ec8554749707383
f5c21c69-5b03-320a-ae2e-2554aefff943,2026-05-01,42.020277,1733732a-abce-3040-96d5-89e43d8b44882339867108
f6d44ec5-a47a-3937-931c-9f8412b5fa88,2026-05-01,11.260369,6197876e-4ea6-3121-8a4b-12b6efea400a0240575023
fbb84839-d7f2-363f-a497-68b74f2449f2,2026-05-01,38.03624,76b88c0d-830b-38ed-91c8-6b3757820cc05429571885
fccc0510-f20a-3f28-bf3c-66cfe9fa99d1,2026-05-01,19.462919,218810c6-5f55-31ef-942d-6b8f7944e4a79796581507
fe5c2831-6d72-3f57-b5da-21037ecbeb2f,2026-05-01,11.646919,caac5c39-53fe-3b0e-a941-3f0559293a333871484605
02995d49-90df-31cf-97ba-5c229a76711f,2026-05-04,234.402832,16bfeb59-c1e9-3456-891d-bdc1da0007925452020064
030041c0-f398-3572-9c7e-3edf3d9d2ea3,2026-05-04,2.557219,123b8640-546f-3146-aac1-b5e3a45883358031893487
04f49ac6-5f35-3df9-b623-c026f24561e1,2026-05-04,85.605183,4ccf4637-f73f-3ea2-bd9d-89cd0876527e2011240689
0594d9cc-176f-3811-b8ff-1badba391ea1,2026-05-04,17.452265,7bf9e218-5646-3380-8098-8b14d617d4eb9836650145
0769202c-7965-32a1-8d36-1cd52b64377d,2026-05-04,13.420219,03bfca79-bd1d-3217-a8ee-b032e1a5d4279777514889
0bd9c8a1-cf25-3dfe-9380-6143b1183f53,2026-05-04,38.48077,7ff7d9b9-eb8b-35f9-9265-8dd933d6e5f40824718437
0d66e094-d57b-3221-bdb4-ff9f2a6fa6b6,2026-05-04,38.928476,a1f98fd1-522c-331e-93df-e0e3c705c1c60127744720
0f7a9277-d005-30c0-8821-910389205cba,2026-05-04,21.542219,1498339f-636a-3ba6-8eaf-f82826cfc66b1703033271
108e1055-4067-36ab-86d5-3ac2be2e867f,2026-05-04,15.335194,8690c614-cd42-3218-b40b-ca04dce958814882526076
1094d4eb-2c4b-3c82-bb41-36696a775289,2026-05-04,68.657005,8348db4d-a8ba-3dc8-b03d-3f8345e1ce081137124557
1176a69b-fd42-3989-9822-360026e942a4,2026-05-04,47.427726,4b6c12aa-31db-353f-9880-bcdca16d2c971125384531
15f19ccf-5f54-370e-914a-19ef0d6e7bfe,2026-05-04,152.430362,d0dca904-0a39-3f70-8f24-23b3f8543cae9283252446
176efb99-8d0f-325e-a3e0-daa08e876832,2026-05-04,9.792421,c3c60fed-2c36-3d97-8b89-35c5cbbebe232642944088
19008d6d-be6f-38f0-8a72-4525e9b98022,2026-05-04,35.194228,4201befe-1bec-3dec-bd92-ac10a986017a9798478753
1b8ddec0-0b4d-34e9-a40b-e101144894e2,2026-05-04,21.6204,7913fc41-b771-3463-b2f6-c7c93d21f25a9278554410
1bdab13f-7bc5-3e3d-81c9-f9179619fd90,2026-05-04,5.885415,5351c2cb-b7f7-3a9c-acd5-db63cfafda343248281033
1c3f0a45-334a-3810-b02a-7ba9181fca95,2026-05-04,18.374512,f25a1909-b1f5-354d-9179-29694f6ccd7b0794803399
21e18788-026e-37c1-9a0a-259c58a0fc50,2026-05-04,68.846149,6825bc20-32f9-371b-b653-a8454dd0cf4e9794303102
28cba5c0-c834-3c34-900a-9d6772fd9c30,2026-05-04,26.6785,1233b0a6-550e-3390-88ce-2a21eefafe917625072302
29513ef6-a0f9-30aa-b2a3-e67dd9c50f2d,2026-05-04,3.949566,4763c9d2-d480-368f-84c3-63cf0c346e577347437891
2b3c346c-5f49-3232-be35-3443261527b0,2026-05-04,7.463767,e6538295-3b6e-3154-9420-ec45501d20ae5856219597
323a2cac-7231-3d1b-90b0-babcb0cf55ba,2026-05-04,49.055649,6110ae57-4fb0-3294-9c39-0fdab85c823b7854159322
33a96067-0e23-3bf3-8d10-cbec5a261a65,2026-05-04,20.493022,4d63f0d2-85ca-3a28-b715-4147577bedb24364586828
3615a797-2def-32a3-a0ae-3a6e8eccf080,2026-05-04,41.728076,edfa21ff-76b9-3113-8d97-a175f873fb244866321730
3a95c147-b6b0-329f-88ad-464e73046bbe,2026-05-04,2.680548,a645382c-6cb6-3873-a916-6298b8109de48651485340
3ab4ce54-3bfa-3a09-8624-c69a02d77632,2026-05-04,2.494015,776a90be-9929-3c47-9f5d-5f73f58824c60497278972
3c828a67-8a44-3a18-a2db-213948c73e01,2026-05-04,39.395261,4b9e8129-de42-3612-a62a-b99391f3a1c36185507295
3f3adad3-22df-3188-a572-bab43c8f0258,2026-05-04,112.114072,b2628cd8-ae87-339b-8a4a-eb87332124ab1738661597
3fe600f0-c808-3676-90fe-909ea8b83ca6,2026-05-04,9.404495,89445095-871b-3498-be52-e63f6b0e774b5355986831
41219c74-897b-3ca9-87e5-43da9041ddd3,2026-05-04,22.968231,fbfd204b-197f-3c6c-95b1-4733172f5fca0533189354
434188a4-f9da-364f-a6dc-53072f0ec1b3,2026-05-04,22.67959,e25f63b1-614b-3240-9c58-803a43e9bb435024428155
43cc96db-6d25-3ad3-9163-10247bdd66bf,2026-05-04,8.298928,9eddeeed-8808-33dc-9ba2-905a79c87f321161343299
48a891ca-8770-3a95-9414-af5bad034e5a,2026-05-04,9.95715,6a2b2b4f-b163-3211-9417-7ab21b779b6e4168236426
48d69815-2eb5-3bb9-a39b-cbe1ceb52e99,2026-05-04,6.538285,6cfee349-1ef0-3fb2-815c-a8a1f54dfaf82072162601
4c8688bb-e063-39d5-af44-f884b8b1b22f,2026-05-04,74.912793,74ba4416-00a1-3f9b-8c10-30d3118fa7ce7583046913
4c9d57d4-cc8e-3ffa-a7a2-954c71ef5235,2026-05-04,20.613077,10cf198f-ca0e-3ab3-a33e-629868eaf1657063863282
4d8e0306-9402-312c-8735-520e75542ddf,2026-05-04,14.061879,fc890f93-7094-3cdc-9c17-a9bca9d2149d3600693627
509c1fe7-94b1-311d-9fd0-979b350e4d61,2026-05-04,93.295883,beeb8cb8-6b14-3b16-b8ec-735f810410575059189611
5113b093-acec-3c38-870f-b61a2dd6b880,2026-05-04,77.280244,6de2df31-0e47-37b7-af92-4257cf86aa933125819112
524da203-40d7-33a6-8ab6-b21a0cef3c58,2026-05-04,36.416418,4b414f3b-b1d8-3f11-b80f-a4ce6c6d7a4c9655939769
54de7dbc-3f9b-3702-b677-fee85da6201d,2026-05-04,7.586451,d44e39e8-4f08-3623-986b-2646518072bf1207235870
55ad8c29-20dc-320f-8c21-ac3dfd7685ea,2026-05-04,51.574589,59813d11-bc16-3001-915e-9a9eff70c57f6619407622
55b0607e-f635-348a-bc83-f4e52515b7ec,2026-05-04,15.138642,118c8a35-e628-36a2-8499-91a87fa954ea9600440361
5656dbc0-5497-3227-a829-fd8eb574450e,2026-05-04,30.636209,a203c081-9992-358a-b291-2006588558ba6822670837
56ab4ff8-d4a1-314d-82eb-cc5055b8d77c,2026-05-04,9.262312,95b986e2-fb52-3222-9a4d-94390d8daa468577144310
57437979-1053-38bc-8abf-3f9eba7ffc49,2026-05-04,20.39615,66cc36c9-6f31-3eff-8201-8a0a7f0bd59a0688159859
591e07f6-72df-366d-a512-d5ee900f7c15,2026-05-04,19.914933,abb3cf38-3fad-3baa-af44-c9b4d24608456857996865
5a91fc01-e54a-36cc-b759-44260109d8b8,2026-05-04,4.526948,1356d797-66bc-3a72-b11f-7b3084dc9d272348624974
5cb2e039-2dc8-3bad-9d23-4bfddc143afe,2026-05-04,53.672483,8a29b19a-f05e-35e9-8df7-d99b28bf8a8d3280431943
5d21d7da-3e33-3ab4-99ef-3ca2c2ff2c69,2026-05-04,16.936407,b03fc426-da51-3e1c-aa77-6b918bff0e513877121931
5de859d5-b06b-3878-b7f0-64c4e91191df,2026-05-04,17.600948,865e99a1-718b-338b-80ab-7bdcf6c522a91536159266
6001b0b7-96fc-3fe1-aef1-329c8e2f62ce,2026-05-04,9.602347,6e29cd08-5d8b-32dd-baf0-fc5123d964c69692072979
617065f0-5c37-32d6-a3d6-dc223ac898b3,2026-05-04,11.947748,ae562d52-09ae-3863-b5f0-5ae580696f0f2844325743
6e8a1cb9-329d-3c5e-8d21-4c46a734d1e9,2026-05-04,12.393701,b038cfcb-9c1e-3cde-8676-1be4c1366b8b3024374020
7254494c-fbeb-3dc4-80ee-30c6f6c22599,2026-05-04,6.473558,64848290-d9fb-3103-b306-a0129738ec0d3937403775
72e3323e-cebd-3aa6-a736-9022afb37e21,2026-05-04,27.509368,dd1d2448-04ec-3dd9-9b0e-69f5e79a93407723570593
745d78f2-7f7a-3cdd-af4f-c4c3f0a18dbb,2026-05-04,60.050362,f1df5283-191c-30dd-b238-da858232e5d08985022611
75be5782-378c-39b7-8d80-e4225331c478,2026-05-04,5.69376,e1d9f528-91ca-3b5f-b9e2-c2bc6c32dd155877684651
7825a025-23b9-3955-84e6-3a54c38e86e4,2026-05-04,16.317663,944aa6d5-032b-30c6-b177-dba1d9d44f1a2385396646
79874361-3477-38db-9fbd-fc39d1713d69,2026-05-04,18.40501,241900d5-f58b-3b3f-8abc-638d1ad78e024760008737
7a7af6a0-86f2-31f0-bb17-7e3d8de4ba8a,2026-05-04,17.744816,122c429d-4933-3ed3-8c02-852801f2503e6499333998
7fb6ff11-be82-30ff-ad1d-e44ada4f46db,2026-05-04,13.237196,44965c11-796e-3e8c-b92a-222141e2d34e4076630863
7feb497b-3ee8-39fa-9cfd-72a898f4cf47,2026-05-04,6.505355,90e6638a-edc1-308e-9f27-d8a3719440025129345869
812c22d3-3843-3385-aa3b-aa8ae91b882a,2026-05-04,13.06665,e7cb4203-d63e-3d55-86b1-e2f3868974688509958032
82b47e6e-09d7-36e6-80ab-4506629ff46b,2026-05-04,63.744846,1695d743-ff11-3262-b7c5-f109ac7b016b5800029843
834aa49a-5a2a-30db-8385-ad60aed26cd7,2026-05-04,59.436411,4b2f77f6-8ea8-3f4d-8688-fe485e1dd22d6927009123
83ac466b-0a2c-3b9f-bc16-cc1733598dc1,2026-05-04,56.521678,fbb1458a-bb03-3a59-81a7-c4bfa04cd8482348091600
84f354b1-00ae-34ba-b443-ccd2efee613c,2026-05-04,2.18212,8a14f25e-1645-3406-a19d-b9806ef569954307313451
85cb1e88-d121-35a6-a362-3cdc80917d44,2026-05-04,314.253806,1671f2df-523c-3e25-a845-e2ad655275ec3253687227
87ab0257-a9f6-3705-89f8-f63b9b8f2b0c,2026-05-04,16.085642,dd1dde98-5502-3952-90fe-dc66f816ed747906535428
8c272368-ac0c-3bc7-9568-cfbb26f8e749,2026-05-04,10.460055,9ef76979-dca8-3c79-9b0c-a7e5b98cc4183178708115
8c2e2c06-5c7a-359a-8e69-0efdfb7e79bb,2026-05-04,49.529221,02b8249b-d351-36b0-8f66-387e9b5ecd765409838852
8cb2a7d2-f605-3df9-981a-2c02b1d1a4e0,2026-05-04,17.249897,c8409fd1-44f6-341e-aa4a-fcdd48e1dec91197407417
8e914a83-9f14-3c6e-8220-79cebd75eda8,2026-05-04,11.643952,561fc8fa-c73c-3cf0-a4da-ce7cc8fda80f4105333844
929f777a-b8ac-3e16-8d77-e8ac77fd282c,2026-05-04,6.612317,1ffd69db-4324-35d3-bc6b-b90daffa00c05540448447
92de990d-30ce-38da-ad78-86a4a56c065b,2026-05-04,14.228109,5a8242fb-5aa7-3d5b-ac68-21ea53c5f9e87894148187
9317e817-504a-35a4-b7c3-68e90b432c45,2026-05-04,26.356025,bd68d9fe-0c5e-3648-8a84-d7649dbc11df2315333603
960a5c04-f3ef-340c-af8a-48e88045ac24,2026-05-04,12.548451,485a6ee1-26d8-3d41-bd32-a72421af1a296123003165
9661bcb6-dd62-3576-b8b0-049874fff3a1,2026-05-04,8.939477,a765656c-b5ea-38d3-b817-93751b0015257870386126
96739dc1-9e37-3b11-8e79-e0a5a57062a1,2026-05-04,75.815936,7b60b05a-7946-3efd-a3a0-0ada59de74070619321536
9784049c-35d1-3534-8c4b-f4cea920d4ff,2026-05-04,6.193429,14447399-901c-34b2-b211-14fb9e9b062c7605520623
9bddd6f0-dd41-333e-aac7-f757b18ea2aa,2026-05-04,86.799793,c6545cb9-33df-373c-8ac9-ce43225c9d986458695776
a0f95e73-3897-3dcc-9f5c-faad41b5219c,2026-05-04,126.855408,58b12641-aa5e-3c6d-97a0-f417dd0a469c4411625778
a12779cf-ff75-376e-9cb4-73e937a3c164,2026-05-04,32.433246,ba19c2fb-8246-3ab8-b894-67973ae2268a8549866658
a5068583-4849-35ce-900f-e2ce7f309840,2026-05-04,34.433634,ccacfe15-f7bf-3c92-9308-98112a74aa440314647208
a67cec0f-eda0-3d47-af0e-2bd3262a8cf9,2026-05-04,31.200029,edd1002d-960d-3956-8ea2-8ffafe4e3f780323661523
a8e332b8-087a-38b0-8c1b-64db4efadc7a,2026-05-04,31.833945,47b681e7-c3d8-31f6-ab69-43f82db88fa66316703417
ab5f37ff-9008-3c2a-a32b-c29632f4ea67,2026-05-04,4.192516,0d40eb23-7edb-3787-8cb8-7b09de3075fc1665666263
ae5f3d2e-f527-359d-8bcf-846f320f8e57,2026-05-04,10.756864,22f94015-ff23-3150-ae0f-9ef0bb188a207912060816
b095775a-2d08-336f-bccf-d2f71dc4ba3c,2026-05-04,2.795346,fb87865a-444a-3efc-ab25-247ac494cd574338526402
b1d22b60-1492-37de-a246-db25e91bfb1f,2026-05-04,19.161562,ba855984-6afa-3f25-82a9-033558199c9b4291338588
b32150f1-1acd-3990-ad31-f63fed66b1cf,2026-05-04,37.749895,27222e5f-5d35-3311-be74-7f592e6bb2553842641276
b5344373-538f-3f37-8982-c97e3158144a,2026-05-04,7.399852,2a20868d-41a0-350b-abd7-08a3f9d834063257215959
b571b5d8-c91f-3776-86bd-22c88c5580c2,2026-05-04,26.274752,afafa873-61a8-38e0-8977-cd70cd270f449777286253
b7f8d590-1a7d-3745-82cc-9e0c966c6306,2026-05-04,11.476163,65f0ec49-73ce-37cb-a381-28e7217750090455003993
b99742c8-7da0-3e81-ab3c-eb775e9f5d24,2026-05-04,26.859357,83de6687-9540-3db3-a6d6-f036d634a1c63930926163
b9f874e5-bbd8-332a-9f2e-a024bb815cf9,2026-05-04,120.735844,0183e024-3556-38ab-8f83-a2397dc1c7ff0961989030
bce50849-a0e7-3f2b-b22a-24ed60440705,2026-05-04,19.868182,ecbe8abc-16bb-3af7-8cf1-b6d262d3f9915691766209
bde82a06-b2ee-3309-b4b0-d268a38e4c2c,2026-05-04,91.92471,37f054fc-a7a4-3b27-aefa-23a338a7e9b08878786853
beac6842-6d1c-39f8-bd3d-f2cbddfe2e23,2026-05-04,27.539405,71933d57-e488-3aa3-b364-7c195cfded299062716503
beb1d1c6-4fa9-36a8-a06f-1dc58ab74161,2026-05-04,4.971177,69be3936-f12c-34ad-b6bc-7a9f397f7d580253357983
bf5e2c07-ebd1-3aab-ae92-933140999b06,2026-05-04,23.318729,e12f9949-3428-338b-a05b-b980386cf9872350056648
c039e4c8-9c3b-3ae3-a2e7-b54c85d2cac7,2026-05-04,88.227838,ef0e0898-3920-39d5-9050-8c57b5cbcd1c9155184466
c0f8ab9f-4b7b-3f4f-b576-f80ad3cb5399,2026-05-04,25.574105,ae6fce59-c426-3691-b4cc-2e7f01a5433a0719674315
c3811eff-eb0f-3e83-943e-18b5d09919e4,2026-05-04,19.005283,b38c4c71-2ecc-3478-967b-30176508f2a82808970508
c41f2431-16c5-3799-9be8-561415389d5f,2026-05-04,27.639008,35f5e81a-e25c-3ff4-892f-d89a5cfb53448046832917
c4b4c934-c94d-3170-bd1b-d7737b2ab490,2026-05-04,4.856306,ddfedfb4-a197-3bc5-b5b9-3413d396c9d18520739647
c6c1b9c0-072d-3dbf-accc-4c8643cc0c4a,2026-05-04,25.172851,8e833220-412d-3626-aef6-f1d8e255b8961584029669
c7599875-d64e-3ef2-8a6a-a218c4c24bfa,2026-05-04,11.627836,4acd48f6-3379-3b71-a45f-8ba6aad527457333951563
c822da7e-5c87-391a-9bd0-9180e6eec541,2026-05-04,8.097175,daee146e-20b0-3b20-ac57-2cfa4b2a76189741106172
c8c964e3-6f43-33e9-8a11-e9eaf55933ba,2026-05-04,49.11946,db1bd750-5b46-3bea-9d82-c79a18a08d0d0806001910
caacaf00-76dc-3d35-955a-b0b7289c1497,2026-05-04,1.660422,5428bbad-02ec-3bbd-b559-a02cb4c2701a9853561586
d098b8be-5fd2-3aaf-b08a-03443b43e413,2026-05-04,11.989342,ebfca532-8531-3093-b085-d9b06d8a505a5090987086
d16b7d90-92be-3869-95a7-7d511669811b,2026-05-04,15.394675,760b5b15-f871-3327-a1ef-e07e6f4cc11c2795438507
d320f92f-4cc3-395c-b6c7-3cb3c7cb3efe,2026-05-04,95.720568,db719257-f1df-3420-b485-acfb0da643a10140791541
d3c48311-d8dc-3e24-95dd-6d2bca767bff,2026-05-04,20.258362,84018d69-0a55-3d24-a877-97aaa31a46cf2815442486
d76f0b24-1370-3b6f-81fa-de61d93e7ebe,2026-05-04,7.795421,8bb85ae4-103e-305d-9e3e-d9c85ce4b4f27606140443
d85f6c3e-620f-3cc3-9005-9e1beefefdc6,2026-05-04,14.170009,7a3476cf-c702-35d8-ab2c-c3c41701130b3532848987
d86225ec-57c8-3039-9b73-5067e9668517,2026-05-04,5.258473,9befbbd8-c5ed-3abc-9d19-377736924de73675696583
de0bc8c0-4447-382c-b7c7-ce385510a49b,2026-05-04,26.722509,8d66b14e-bf47-35e5-b800-b55ca34760cf6094204743
dee4128a-2091-303c-8411-15401a64ec03,2026-05-04,69.481419,7d2de236-8dd1-333c-b3b2-c7d8bd4250cd6306917490
e059f4f2-66b1-346c-8a33-8c16446a8657,2026-05-04,14.184515,2a7ac4ba-1536-3186-93b2-a2c27853a79e9011911429
e0ab7ac6-23e5-3ce5-aef4-d9e2e575bb7a,2026-05-04,7.279477,36f25be1-e4a7-34ea-a4d5-d394fb2065cc2046082019
e1ec776a-9a69-3e5d-a0c5-33a9250b1f19,2026-05-04,13.750188,8dbe6882-1128-323e-98cf-6c6c8fd5be7d0079256300
e402d019-6155-3bff-9228-4911ea446777,2026-05-04,73.025518,d454160e-2dc7-3ac7-86b9-e72c34ef16312394849607
e41ed1fc-302f-351c-8dbd-1ccac5078a09,2026-05-04,36.2332,4a944e09-e32f-36d7-b5a4-e211ca471f446730403642
e69f5e43-374e-3577-a194-03eca473eb86,2026-05-04,46.041525,b994cb0e-9aaf-3dbd-a0ab-315cc16c435c1107868581
e6a4f012-2129-36d0-bf2f-6e3c384f5497,2026-05-04,15.525139,30a74d31-d91b-3ff9-b591-0ed7882600e46693238563
e71fe34e-9aa5-3ade-8054-a639af523373,2026-05-04,7.530543,b1e661de-87c5-37a4-b0ad-b47b375e798f8517162525
e76bb8c7-e2ca-3a2e-96b4-7d3717dfbe06,2026-05-04,25.45914,e755d9a3-e083-3c09-8b82-e48bcb43e7f81851692813
e83f5cbe-8539-3cbd-b749-7896bd48c47e,2026-05-04,55.053898,f37ca06e-914d-302f-a8eb-903b7734c0c39455202918
ed0a8ed8-2282-3fec-82db-fafd297cdb61,2026-05-04,10.355237,4e3099ad-3bc5-3b23-837d-8c897adc8c894362553996
eeaba3bd-0e65-3eff-80b8-bb415d1cdc89,2026-05-04,37.930008,6d3df8ea-2edd-3fc0-8f44-b14a5c9f858f7358431617
f02cc034-f8c6-39b7-afff-343b04ff2064,2026-05-04,9.701349,4a495ff6-34e1-3d8e-9177-445cdfd39d764430640857
f1809858-d9d7-3db3-8cc3-5793c598044c,2026-05-04,45.467016,7697f751-8371-30c0-81c8-fcc775cadf993437132586
f37b1d54-4726-3503-b093-7096160494d8,2026-05-04,12.76404,0701ba50-1c05-393a-97d1-5f4023a8749c6116792851
f55d8d9d-5df9-32e8-a43c-40e2d30fe83e,2026-05-04,18.474499,25ce49b4-0e30-37f6-83c9-8fdba57ec8554749707383
f5c21c69-5b03-320a-ae2e-2554aefff943,2026-05-04,59.133262,1733732a-abce-3040-96d5-89e43d8b44882339867108
f6d44ec5-a47a-3937-931c-9f8412b5fa88,2026-05-04,17.005883,6197876e-4ea6-3121-8a4b-12b6efea400a0240575023
fbb84839-d7f2-363f-a497-68b74f2449f2,2026-05-04,34.904085,76b88c0d-830b-38ed-91c8-6b3757820cc05429571885
fccc0510-f20a-3f28-bf3c-66cfe9fa99d1,2026-05-04,9.706774,218810c6-5f55-31ef-942d-6b8f7944e4a79796581507
030041c0-f398-3572-9c7e-3edf3d9d2ea3,2026-05-05,1.748825,123b8640-546f-3146-aac1-b5e3a45883358031893487
03258615-f0ae-3265-b5eb-490bdff3232f,2026-05-05,4.92588,ec9b84cb-cfb5-3ef6-bd03-a93a08ac57152757515168
04f49ac6-5f35-3df9-b623-c026f24561e1,2026-05-05,46.9341,4ccf4637-f73f-3ea2-bd9d-89cd0876527e2011240689
0594d9cc-176f-3811-b8ff-1badba391ea1,2026-05-05,24.714394,7bf9e218-5646-3380-8098-8b14d617d4eb9836650145
0d27bc97-59cd-32d0-9146-960993fea8f2,2026-05-05,6.8832,2f024d4b-7d63-3f13-9c02-6541cfb6efcb8610694866
0d66e094-d57b-3221-bdb4-ff9f2a6fa6b6,2026-05-05,47.463433,a1f98fd1-522c-331e-93df-e0e3c705c1c60127744720
0f7a9277-d005-30c0-8821-910389205cba,2026-05-05,41.023527,1498339f-636a-3ba6-8eaf-f82826cfc66b1703033271
103be95c-0738-36fc-9aca-d07b1504909a,2026-05-05,56.68131,288d8971-0036-3b38-be44-cdab7d647fa95424134206
1094d4eb-2c4b-3c82-bb41-36696a775289,2026-05-05,56.534906,8348db4d-a8ba-3dc8-b03d-3f8345e1ce081137124557
1176a69b-fd42-3989-9822-360026e942a4,2026-05-05,79.788749,4b6c12aa-31db-353f-9880-bcdca16d2c971125384531
15d19e1d-74b8-3948-867f-63a4a1188539,2026-05-05,69.43872,3a0da385-e669-30df-8f17-ee93aea6a3a63054977077
15f19ccf-5f54-370e-914a-19ef0d6e7bfe,2026-05-05,116.433614,d0dca904-0a39-3f70-8f24-23b3f8543cae9283252446
17e9c47e-62ba-33a6-96e1-95ad3c636d22,2026-05-05,64.717316,77974123-fa35-3834-90f5-d19a2e752e979650064655
18a6d5f8-3203-3934-be7c-fef235f8d5ee,2026-05-05,3.85248,d0fc809f-656e-31a8-9e5e-192c6b636f8d5430933548
18d39ce1-5a60-3a9e-9621-bfa693409e77,2026-05-05,11.274545,136386ac-0d76-3f46-b05e-ad2dc8a2fa238045910511
19008d6d-be6f-38f0-8a72-4525e9b98022,2026-05-05,64.407072,4201befe-1bec-3dec-bd92-ac10a986017a9798478753
1bdab13f-7bc5-3e3d-81c9-f9179619fd90,2026-05-05,11.55107,5351c2cb-b7f7-3a9c-acd5-db63cfafda343248281033
1c3f0a45-334a-3810-b02a-7ba9181fca95,2026-05-05,10.331587,f25a1909-b1f5-354d-9179-29694f6ccd7b0794803399
1f7e14b9-0bb8-3674-9af2-eeacd8638c48,2026-05-05,2.572361,1b760fbb-2f64-3588-8527-fe66c114f51f5277162348
2111daa9-5dbb-36aa-b675-efab46559d5d,2026-05-05,9.905098,93fc0a2e-adf6-3b5c-a38a-8aaf0af2466c8463812397
21e18788-026e-37c1-9a0a-259c58a0fc50,2026-05-05,78.934726,6825bc20-32f9-371b-b653-a8454dd0cf4e9794303102
28cba5c0-c834-3c34-900a-9d6772fd9c30,2026-05-05,25.613725,1233b0a6-550e-3390-88ce-2a21eefafe917625072302
29513ef6-a0f9-30aa-b2a3-e67dd9c50f2d,2026-05-05,12.661617,4763c9d2-d480-368f-84c3-63cf0c346e577347437891
2bf4e90b-5fb4-3eb6-92bd-c21ab46e7639,2026-05-05,13.070413,4835e147-ad32-3a9a-b1c1-4116ab8c15bf1573038869
323a2cac-7231-3d1b-90b0-babcb0cf55ba,2026-05-05,25.35122,6110ae57-4fb0-3294-9c39-0fdab85c823b7854159322
33a96067-0e23-3bf3-8d10-cbec5a261a65,2026-05-05,22.7328,4d63f0d2-85ca-3a28-b715-4147577bedb24364586828
363a066c-58b6-3bcf-a7b0-e9729a735ba7,2026-05-05,23.278422,29527eb9-d544-35c2-b9f1-bb262cf6b4159824252521
3c828a67-8a44-3a18-a2db-213948c73e01,2026-05-05,41.052477,4b9e8129-de42-3612-a62a-b99391f3a1c36185507295
3e7f3808-bc28-36c7-8251-a028f5ff5644,2026-05-05,19.403044,18ddeade-5928-3676-ae42-029acd2d6bcb2570795136
3f3adad3-22df-3188-a572-bab43c8f0258,2026-05-05,107.682256,b2628cd8-ae87-339b-8a4a-eb87332124ab1738661597
3fe600f0-c808-3676-90fe-909ea8b83ca6,2026-05-05,6.240189,89445095-871b-3498-be52-e63f6b0e774b5355986831
41219c74-897b-3ca9-87e5-43da9041ddd3,2026-05-05,69.414496,fbfd204b-197f-3c6c-95b1-4733172f5fca0533189354
423348ca-0838-3372-a616-b4cda0468666,2026-05-05,5.508549,c36a6f4f-bea8-35b0-b824-2c970e256ac26805083472
43538921-75c3-3004-917b-51c3d8e2a3a6,2026-05-05,20.523267,e213be6c-e983-37d3-b47d-03cfedb25b867590845836
48a891ca-8770-3a95-9414-af5bad034e5a,2026-05-05,3.010965,6a2b2b4f-b163-3211-9417-7ab21b779b6e4168236426
4a7af055-4d5f-39bf-b0a0-3e957abd6b60,2026-05-05,17.626946,2d350fdb-0d58-3f71-94bc-a8c8ac08ee913457245518
4b3616f0-ccf1-31e3-810e-f668c2042b23,2026-05-05,31.289058,b68e0cee-582f-3f61-89e5-ca032d2062073327596356
4c9d57d4-cc8e-3ffa-a7a2-954c71ef5235,2026-05-05,64.136143,10cf198f-ca0e-3ab3-a33e-629868eaf1657063863282
4d8e0306-9402-312c-8735-520e75542ddf,2026-05-05,9.918394,fc890f93-7094-3cdc-9c17-a9bca9d2149d3600693627
4f630062-21f6-3266-9acd-c0827dbf5c05,2026-05-05,4.820632,8f29efaf-4f24-3d15-82d5-2fc874ce981c6011993181
4fbbedf8-7ea9-3ba5-8a18-f658a4f21605,2026-05-05,163.111968,0cbedb6f-5585-3d14-bb7a-52ed75958ad14113335693
509c1fe7-94b1-311d-9fd0-979b350e4d61,2026-05-05,107.729822,beeb8cb8-6b14-3b16-b8ec-735f810410575059189611
50be9c42-1c4b-3493-a07c-ffe59fd8491c,2026-05-05,62.78258,edb658c0-31b6-337f-a557-ae881cfe96142560471597
5113b093-acec-3c38-870f-b61a2dd6b880,2026-05-05,80.571863,6de2df31-0e47-37b7-af92-4257cf86aa933125819112
5498a54c-7cf2-3cbb-85d5-1078aa3be4a7,2026-05-05,54.440496,7f2eff44-b501-3d88-8b7a-bc0819c1cbd05256736696
54de7dbc-3f9b-3702-b677-fee85da6201d,2026-05-05,13.594067,d44e39e8-4f08-3623-986b-2646518072bf1207235870
5656dbc0-5497-3227-a829-fd8eb574450e,2026-05-05,17.337313,a203c081-9992-358a-b291-2006588558ba6822670837
57d3f142-33f4-308b-ae84-b183cc99db1b,2026-05-05,14.481368,3347c53c-2e52-3fd7-91f9-f73a7872e66a1890146135
591e07f6-72df-366d-a512-d5ee900f7c15,2026-05-05,5.979433,abb3cf38-3fad-3baa-af44-c9b4d24608456857996865
5a91fc01-e54a-36cc-b759-44260109d8b8,2026-05-05,1.733989,1356d797-66bc-3a72-b11f-7b3084dc9d272348624974
5b4c7154-ad7e-3526-aa3c-45e89d71e721,2026-05-05,98.936127,a5074e62-50d5-364b-aeef-675c60c2ee493068298762
5cb2e039-2dc8-3bad-9d23-4bfddc143afe,2026-05-05,38.440036,8a29b19a-f05e-35e9-8df7-d99b28bf8a8d3280431943
5d21d7da-3e33-3ab4-99ef-3ca2c2ff2c69,2026-05-05,21.438907,b03fc426-da51-3e1c-aa77-6b918bff0e513877121931
5fa5d9c4-22b7-39f7-a3b2-d521ea60b47b,2026-05-05,16.460497,ab4ba1b3-b598-3bfb-8df0-768a0df60d506177714931
6001b0b7-96fc-3fe1-aef1-329c8e2f62ce,2026-05-05,8.692451,6e29cd08-5d8b-32dd-baf0-fc5123d964c69692072979
64b0ba20-1b28-3b6c-9ffc-402714ee0245,2026-05-05,12.761251,358bf36d-7dae-3d60-9132-32bf3090f2f25850796649
68b45261-85be-3d03-a069-5aa6ffe8e8ca,2026-05-05,68.633673,b6a7cc29-e0c8-36bf-9e06-ffc155431b242084275934
746adeaf-1420-3eac-8391-92cd9b01c8b9,2026-05-05,9.809035,9aa54fdd-3284-3574-9974-eba17517b3b58059471550
760b65eb-45d9-332e-bbdd-15ad2c3223bc,2026-05-05,16.496518,4050495a-d74a-3f1b-b29d-db93ba2a71c15767916558
7a81ce3b-6d3e-3961-8d22-eadf3f5ec0bc,2026-05-05,15.728847,d3e55948-76d9-3a03-928c-dedc44e782891389752743
7feb497b-3ee8-39fa-9cfd-72a898f4cf47,2026-05-05,9.491003,90e6638a-edc1-308e-9f27-d8a3719440025129345869
812c22d3-3843-3385-aa3b-aa8ae91b882a,2026-05-05,12.140037,e7cb4203-d63e-3d55-86b1-e2f3868974688509958032
834aa49a-5a2a-30db-8385-ad60aed26cd7,2026-05-05,72.594921,4b2f77f6-8ea8-3f4d-8688-fe485e1dd22d6927009123
83ac466b-0a2c-3b9f-bc16-cc1733598dc1,2026-05-05,24.658968,fbb1458a-bb03-3a59-81a7-c4bfa04cd8482348091600
84851a10-43f1-3fc8-a358-06f529f15c33,2026-05-05,47.795826,209d6b5c-3879-3f87-9eb1-228cd3cf4edd0737879839
84f354b1-00ae-34ba-b443-ccd2efee613c,2026-05-05,8.785321,8a14f25e-1645-3406-a19d-b9806ef569954307313451
85cb1e88-d121-35a6-a362-3cdc80917d44,2026-05-05,545.109486,1671f2df-523c-3e25-a845-e2ad655275ec3253687227
87ab0257-a9f6-3705-89f8-f63b9b8f2b0c,2026-05-05,44.645559,dd1dde98-5502-3952-90fe-dc66f816ed747906535428
8c272368-ac0c-3bc7-9568-cfbb26f8e749,2026-05-05,11.374469,9ef76979-dca8-3c79-9b0c-a7e5b98cc4183178708115
8c2e2c06-5c7a-359a-8e69-0efdfb7e79bb,2026-05-05,16.707305,02b8249b-d351-36b0-8f66-387e9b5ecd765409838852
8c5b1f37-b3ea-3b4a-a4dd-fad03cfd11b6,2026-05-05,65.392029,5aa0a87f-17b4-3bc7-a55a-7d422bb28fcc9200948756
8cb2a7d2-f605-3df9-981a-2c02b1d1a4e0,2026-05-05,14.558778,c8409fd1-44f6-341e-aa4a-fcdd48e1dec91197407417
8dc72d59-3896-3d24-a51b-3a8a9e1c6713,2026-05-05,35.174166,2bb55a33-fdd0-39b0-8fa8-bf8f9e9997f59421453150
8e914a83-9f14-3c6e-8220-79cebd75eda8,2026-05-05,16.083533,561fc8fa-c73c-3cf0-a4da-ce7cc8fda80f4105333844
91ebe4d4-dcf4-3428-831e-9a8818bbd762,2026-05-05,4.343126,3c98604d-9561-3c07-82ec-96bdc2788bab2888481400
92de990d-30ce-38da-ad78-86a4a56c065b,2026-05-05,17.95151,5a8242fb-5aa7-3d5b-ac68-21ea53c5f9e87894148187
9317e817-504a-35a4-b7c3-68e90b432c45,2026-05-05,17.404112,bd68d9fe-0c5e-3648-8a84-d7649dbc11df2315333603
949ebf54-2340-343d-959a-0f34372577da,2026-05-05,66.257728,181570ff-51a4-3333-82ec-c322cfc915d01750361380
956008d9-c7c8-3450-a799-ccd802fc2078,2026-05-05,82.595878,ac8597c6-2e0c-3fce-bd96-0eeae07b92825791469057
960a5c04-f3ef-340c-af8a-48e88045ac24,2026-05-05,11.772771,485a6ee1-26d8-3d41-bd32-a72421af1a296123003165
9661bcb6-dd62-3576-b8b0-049874fff3a1,2026-05-05,3.12342,a765656c-b5ea-38d3-b817-93751b0015257870386126
96739dc1-9e37-3b11-8e79-e0a5a57062a1,2026-05-05,83.671871,7b60b05a-7946-3efd-a3a0-0ada59de74070619321536
96be8df1-0628-3c17-acd8-50a096438ea0,2026-05-05,13.991965,7b8d6a5a-3256-3096-8208-171b7eaab4737311108557
98b357c6-e458-3b53-bc66-c80eb105e3cf,2026-05-05,19.767283,6b5a4bec-b45d-3f6f-a9b0-769861cf16bd1539781265
9bddd6f0-dd41-333e-aac7-f757b18ea2aa,2026-05-05,32.020761,c6545cb9-33df-373c-8ac9-ce43225c9d986458695776
9f556308-7e5a-375c-8130-c6284c3c5d5c,2026-05-05,20.227303,24110268-df67-321e-9581-bd29f27ea3618160468027
a0f95e73-3897-3dcc-9f5c-faad41b5219c,2026-05-05,77.857619,58b12641-aa5e-3c6d-97a0-f417dd0a469c4411625778
a12779cf-ff75-376e-9cb4-73e937a3c164,2026-05-05,34.788436,ba19c2fb-8246-3ab8-b894-67973ae2268a8549866658
a5068583-4849-35ce-900f-e2ce7f309840,2026-05-05,20.568171,ccacfe15-f7bf-3c92-9308-98112a74aa440314647208
a513bb7e-87ac-35cd-b4a2-6d23427bd2fa,2026-05-05,6.757047,481dceb1-1678-3a7e-b288-d7e2bf0c062a7786339993
ab0c7a3d-b6a3-3c71-a9f6-6f5167fbf2d9,2026-05-05,16.88658,6e8c3bb5-37b6-3aa6-a40a-2cf1d71e64fa4807837875
ac429fef-9e6b-3e26-a5ea-3122c166230c,2026-05-05,73.918573,81f224a7-cb42-3ee9-9103-e81fcc20756c3353013338
acadf00f-5359-3905-a13e-213d751bffb2,2026-05-05,9.354855,2852258a-e2bf-3b5a-ad87-7915c236685c5632583391
ad759908-6038-3c75-a6b2-7fd42a8a03f7,2026-05-05,28.210668,2ad373ae-0c89-3393-8c68-e3126543594f3130901658
ae5f3d2e-f527-359d-8bcf-846f320f8e57,2026-05-05,18.720653,22f94015-ff23-3150-ae0f-9ef0bb188a207912060816
af15418c-707a-3e54-a465-034a3b570a96,2026-05-05,24.967392,89b93f60-7af8-31b9-aacf-45885de7f2069142372275
af753398-35e3-3c49-a7bb-31e2830197f3,2026-05-05,4.234935,b00ef48c-948b-3854-a6bb-ed2ca37487540169593901
b095775a-2d08-336f-bccf-d2f71dc4ba3c,2026-05-05,5.6154,fb87865a-444a-3efc-ab25-247ac494cd574338526402
b1d22b60-1492-37de-a246-db25e91bfb1f,2026-05-05,21.607831,ba855984-6afa-3f25-82a9-033558199c9b4291338588
b32150f1-1acd-3990-ad31-f63fed66b1cf,2026-05-05,27.060664,27222e5f-5d35-3311-be74-7f592e6bb2553842641276
b5344373-538f-3f37-8982-c97e3158144a,2026-05-05,11.313886,2a20868d-41a0-350b-abd7-08a3f9d834063257215959
b7f8d590-1a7d-3745-82cc-9e0c966c6306,2026-05-05,13.484765,65f0ec49-73ce-37cb-a381-28e7217750090455003993
b8587185-2c84-31de-88cc-fe6d3eacc72b,2026-05-05,102.216599,e6e35728-813d-3acc-a33b-e74a927cf6fd8432089109
b99742c8-7da0-3e81-ab3c-eb775e9f5d24,2026-05-05,41.305606,83de6687-9540-3db3-a6d6-f036d634a1c63930926163
bce50849-a0e7-3f2b-b22a-24ed60440705,2026-05-05,23.564576,ecbe8abc-16bb-3af7-8cf1-b6d262d3f9915691766209
beb1d1c6-4fa9-36a8-a06f-1dc58ab74161,2026-05-05,10.238322,69be3936-f12c-34ad-b6bc-7a9f397f7d580253357983
c039e4c8-9c3b-3ae3-a2e7-b54c85d2cac7,2026-05-05,84.257888,ef0e0898-3920-39d5-9050-8c57b5cbcd1c9155184466
c10aa2a4-9710-3c19-a603-5595b7214357,2026-05-05,18.042219,1b9ae923-d5d3-3622-a874-ae484c1dba772258873463
c3811eff-eb0f-3e83-943e-18b5d09919e4,2026-05-05,17.979206,b38c4c71-2ecc-3478-967b-30176508f2a82808970508
c3f4e978-22c4-3743-a4d7-8dc20df21654,2026-05-05,27.632245,08043945-b9cb-35c8-8007-ea153d9880273125348988
c4b4c934-c94d-3170-bd1b-d7737b2ab490,2026-05-05,13.693941,ddfedfb4-a197-3bc5-b5b9-3413d396c9d18520739647
c6c1b9c0-072d-3dbf-accc-4c8643cc0c4a,2026-05-05,27.662665,8e833220-412d-3626-aef6-f1d8e255b8961584029669
c7599875-d64e-3ef2-8a6a-a218c4c24bfa,2026-05-05,2.216025,4acd48f6-3379-3b71-a45f-8ba6aad527457333951563
cdcbe271-7336-35c3-a44f-1a90281b0857,2026-05-05,9.830008,cc4a0181-1f8b-3069-891f-8f8303116f410950083050
d098b8be-5fd2-3aaf-b08a-03443b43e413,2026-05-05,10.802099,ebfca532-8531-3093-b085-d9b06d8a505a5090987086
d3c48311-d8dc-3e24-95dd-6d2bca767bff,2026-05-05,21.107319,84018d69-0a55-3d24-a877-97aaa31a46cf2815442486
d3d0b6a8-f422-3af5-a62e-826c20495095,2026-05-05,6.394625,9a1ea106-1b3c-358a-b321-05d0ef5590af7934449393
d6f76560-f2a1-3ae9-ab43-eaa1f2033306,2026-05-05,70.798884,df76341f-d9c1-31f1-a511-61e0bba9ac1a9330646801
d76f0b24-1370-3b6f-81fa-de61d93e7ebe,2026-05-05,5.173636,8bb85ae4-103e-305d-9e3e-d9c85ce4b4f27606140443
d834b72d-c2cc-391e-8a0c-c3f147eeb522,2026-05-05,24.108115,62331e5f-4437-3168-b6e9-aa00c1ae49235115900219
d85f6c3e-620f-3cc3-9005-9e1beefefdc6,2026-05-05,16.946879,7a3476cf-c702-35d8-ab2c-c3c41701130b3532848987
d940c628-4e61-3954-9aee-1aa0a0b6e21f,2026-05-05,23.525803,cbf31122-ee58-37d2-a16f-5d8ff6fcc1cb8640751006
de0bc8c0-4447-382c-b7c7-ce385510a49b,2026-05-05,37.050061,8d66b14e-bf47-35e5-b800-b55ca34760cf6094204743
dee4128a-2091-303c-8411-15401a64ec03,2026-05-05,62.097258,7d2de236-8dd1-333c-b3b2-c7d8bd4250cd6306917490
e059f4f2-66b1-346c-8a33-8c16446a8657,2026-05-05,19.466816,2a7ac4ba-1536-3186-93b2-a2c27853a79e9011911429
e41ed1fc-302f-351c-8dbd-1ccac5078a09,2026-05-05,42.182849,4a944e09-e32f-36d7-b5a4-e211ca471f446730403642
e69f5e43-374e-3577-a194-03eca473eb86,2026-05-05,61.717948,b994cb0e-9aaf-3dbd-a0ab-315cc16c435c1107868581
e6a4f012-2129-36d0-bf2f-6e3c384f5497,2026-05-05,27.262577,30a74d31-d91b-3ff9-b591-0ed7882600e46693238563
e71fe34e-9aa5-3ade-8054-a639af523373,2026-05-05,15.540355,b1e661de-87c5-37a4-b0ad-b47b375e798f8517162525
e91fcfab-7cdf-31df-8933-e788688d8288,2026-05-05,16.737674,fe28678b-e200-3a9d-a1de-effda4879d2c1615844509
ebbf605d-a94c-3f16-9ae0-5449c87f4002,2026-05-05,46.233202,c01d7453-03eb-38be-bc95-24391aa315144796657446
eeaba3bd-0e65-3eff-80b8-bb415d1cdc89,2026-05-05,32.196542,6d3df8ea-2edd-3fc0-8f44-b14a5c9f858f7358431617
f02cc034-f8c6-39b7-afff-343b04ff2064,2026-05-05,23.210166,4a495ff6-34e1-3d8e-9177-445cdfd39d764430640857
f0699448-f713-378f-9e30-ac35b4b0ddbb,2026-05-05,21.290117,0fcce33d-eb23-3f5d-946b-53b6afe198987280446281
f1809858-d9d7-3db3-8cc3-5793c598044c,2026-05-05,61.872949,7697f751-8371-30c0-81c8-fcc775cadf993437132586
f28c27e1-116f-3bfa-87a3-a4aec05ef6ed,2026-05-05,28.339554,06747886-3cd5-3df7-b4e3-5300fd43ba8b6993791108
f37b1d54-4726-3503-b093-7096160494d8,2026-05-05,13.994152,0701ba50-1c05-393a-97d1-5f4023a8749c6116792851
f55d8d9d-5df9-32e8-a43c-40e2d30fe83e,2026-05-05,16.370109,25ce49b4-0e30-37f6-83c9-8fdba57ec8554749707383
f5c21c69-5b03-320a-ae2e-2554aefff943,2026-05-05,57.427449,1733732a-abce-3040-96d5-89e43d8b44882339867108
f6d44ec5-a47a-3937-931c-9f8412b5fa88,2026-05-05,17.79514,6197876e-4ea6-3121-8a4b-12b6efea400a0240575023
fa146ea6-61c1-3eaf-b3b7-d79bd6e503ca,2026-05-05,5.926482,31c3893f-aa84-359f-a9a7-c4d51a001df11272461817
fbb84839-d7f2-363f-a497-68b74f2449f2,2026-05-05,19.12546,76b88c0d-830b-38ed-91c8-6b3757820cc05429571885
fccc0510-f20a-3f28-bf3c-66cfe9fa99d1,2026-05-05,19.278748,218810c6-5f55-31ef-942d-6b8f7944e4a79796581507
fe5c2831-6d72-3f57-b5da-21037ecbeb2f,2026-05-05,17.762094,caac5c39-53fe-3b0e-a941-3f0559293a333871484605
030041c0-f398-3572-9c7e-3edf3d9d2ea3,2026-05-06,7.595039,123b8640-546f-3146-aac1-b5e3a45883358031893487
0388e0d9-8d10-3b74-a111-fdac480a0825,2026-05-06,27.992901,6ebc7d27-88d5-35f2-857d-fc6f145b17b60057015050
04f49ac6-5f35-3df9-b623-c026f24561e1,2026-05-06,54.552649,4ccf4637-f73f-3ea2-bd9d-89cd0876527e2011240689
06e33f1d-dda0-31b8-915e-bde6cf9b4012,2026-05-06,33.84519,5c1c68c1-feaf-3d3a-8a14-7e795d01c1ba6471737628
0769202c-7965-32a1-8d36-1cd52b64377d,2026-05-06,5.906835,03bfca79-bd1d-3217-a8ee-b032e1a5d4279777514889
0834a8d5-db47-3f2b-8f52-89726cb486de,2026-05-06,13.062361,adb191b8-a33a-343b-b97c-1c5b503b06aa2102226204
0bd9c8a1-cf25-3dfe-9380-6143b1183f53,2026-05-06,44.333452,7ff7d9b9-eb8b-35f9-9265-8dd933d6e5f40824718437
0f7a9277-d005-30c0-8821-910389205cba,2026-05-06,2.035829,1498339f-636a-3ba6-8eaf-f82826cfc66b1703033271
103be95c-0738-36fc-9aca-d07b1504909a,2026-05-06,101.507213,288d8971-0036-3b38-be44-cdab7d647fa95424134206
1094d4eb-2c4b-3c82-bb41-36696a775289,2026-05-06,59.908212,8348db4d-a8ba-3dc8-b03d-3f8345e1ce081137124557
1176a69b-fd42-3989-9822-360026e942a4,2026-05-06,90.739228,4b6c12aa-31db-353f-9880-bcdca16d2c971125384531
15d19e1d-74b8-3948-867f-63a4a1188539,2026-05-06,42.223995,3a0da385-e669-30df-8f17-ee93aea6a3a63054977077
17e9c47e-62ba-33a6-96e1-95ad3c636d22,2026-05-06,79.460049,77974123-fa35-3834-90f5-d19a2e752e979650064655
18a6d5f8-3203-3934-be7c-fef235f8d5ee,2026-05-06,8.381985,d0fc809f-656e-31a8-9e5e-192c6b636f8d5430933548
19fa59d6-c1b5-3e11-ba74-ad111de5584f,2026-05-06,357.814166,fc4e8c60-faee-3c94-be88-2bedfd49a32f0411781020
1b3fb613-cf66-3fd2-9f95-ff50109c0acd,2026-05-06,76.493986,1fa2f8d6-f706-3946-b03f-934a353439d71816307632
1bdab13f-7bc5-3e3d-81c9-f9179619fd90,2026-05-06,12.049397,5351c2cb-b7f7-3a9c-acd5-db63cfafda343248281033
1c3f0a45-334a-3810-b02a-7ba9181fca95,2026-05-06,14.361512,f25a1909-b1f5-354d-9179-29694f6ccd7b0794803399
1eae9205-92f7-36a7-94c5-cb082b3e7211,2026-05-06,17.192307,dd4f2862-ad2c-38c4-98b8-9dfedc77a2173206733718
29513ef6-a0f9-30aa-b2a3-e67dd9c50f2d,2026-05-06,9.108588,4763c9d2-d480-368f-84c3-63cf0c346e577347437891
2fd79494-a377-3a29-a882-b11802cfee0c,2026-05-06,11.118882,e50f86b5-d7cd-3a80-a5b4-78c659980b001758781599
2fdf5375-31c8-3c6a-9cf3-12465dbec4a5,2026-05-06,14.532896,fd3e2044-7bf6-3813-acab-9043d4cbda0b6568880041
33a96067-0e23-3bf3-8d10-cbec5a261a65,2026-05-06,36.530849,4d63f0d2-85ca-3a28-b715-4147577bedb24364586828
3980a3b0-7169-37c1-ba12-f7547a8e9e3b,2026-05-06,5.75962,12d66d5c-7532-38c8-893b-c6806919a6290164081510
3a95c147-b6b0-329f-88ad-464e73046bbe,2026-05-06,11.515178,a645382c-6cb6-3873-a916-6298b8109de48651485340
3e7f3808-bc28-36c7-8251-a028f5ff5644,2026-05-06,28.122964,18ddeade-5928-3676-ae42-029acd2d6bcb2570795136
423348ca-0838-3372-a616-b4cda0468666,2026-05-06,7.901563,c36a6f4f-bea8-35b0-b824-2c970e256ac26805083472
434188a4-f9da-364f-a6dc-53072f0ec1b3,2026-05-06,27.116083,e25f63b1-614b-3240-9c58-803a43e9bb435024428155
43cc96db-6d25-3ad3-9163-10247bdd66bf,2026-05-06,26.421217,9eddeeed-8808-33dc-9ba2-905a79c87f321161343299
48a891ca-8770-3a95-9414-af5bad034e5a,2026-05-06,7.71425,6a2b2b4f-b163-3211-9417-7ab21b779b6e4168236426
48d69815-2eb5-3bb9-a39b-cbe1ceb52e99,2026-05-06,9.440592,6cfee349-1ef0-3fb2-815c-a8a1f54dfaf82072162601
4a7af055-4d5f-39bf-b0a0-3e957abd6b60,2026-05-06,17.447076,2d350fdb-0d58-3f71-94bc-a8c8ac08ee913457245518
4b3616f0-ccf1-31e3-810e-f668c2042b23,2026-05-06,17.311242,b68e0cee-582f-3f61-89e5-ca032d2062073327596356
4c9d57d4-cc8e-3ffa-a7a2-954c71ef5235,2026-05-06,65.35241,10cf198f-ca0e-3ab3-a33e-629868eaf1657063863282
4f630062-21f6-3266-9acd-c0827dbf5c05,2026-05-06,14.457378,8f29efaf-4f24-3d15-82d5-2fc874ce981c6011993181
509c1fe7-94b1-311d-9fd0-979b350e4d61,2026-05-06,84.78628,beeb8cb8-6b14-3b16-b8ec-735f810410575059189611
5113b093-acec-3c38-870f-b61a2dd6b880,2026-05-06,58.181785,6de2df31-0e47-37b7-af92-4257cf86aa933125819112
52412506-0a36-3bbc-b4ff-9579aa41f9b1,2026-05-06,4.971261,258df3e5-7e26-3a3f-9326-aace208da4a32337603841
54de7dbc-3f9b-3702-b677-fee85da6201d,2026-05-06,6.172144,d44e39e8-4f08-3623-986b-2646518072bf1207235870
55b0607e-f635-348a-bc83-f4e52515b7ec,2026-05-06,5.385125,118c8a35-e628-36a2-8499-91a87fa954ea9600440361
5656dbc0-5497-3227-a829-fd8eb574450e,2026-05-06,17.115621,a203c081-9992-358a-b291-2006588558ba6822670837
56ab4ff8-d4a1-314d-82eb-cc5055b8d77c,2026-05-06,14.079681,95b986e2-fb52-3222-9a4d-94390d8daa468577144310
57d3f142-33f4-308b-ae84-b183cc99db1b,2026-05-06,11.191518,3347c53c-2e52-3fd7-91f9-f73a7872e66a1890146135
591e07f6-72df-366d-a512-d5ee900f7c15,2026-05-06,27.00781,abb3cf38-3fad-3baa-af44-c9b4d24608456857996865
5a91fc01-e54a-36cc-b759-44260109d8b8,2026-05-06,3.250794,1356d797-66bc-3a72-b11f-7b3084dc9d272348624974
5cb2e039-2dc8-3bad-9d23-4bfddc143afe,2026-05-06,61.818834,8a29b19a-f05e-35e9-8df7-d99b28bf8a8d3280431943
5d21d7da-3e33-3ab4-99ef-3ca2c2ff2c69,2026-05-06,7.309165,b03fc426-da51-3e1c-aa77-6b918bff0e513877121931
5d6ffe35-085b-3fc0-abf7-9f02a5c4fb33,2026-05-06,11.41096,03ffa46d-2a01-3d1e-b2b7-afc51d9158352243231721
5de859d5-b06b-3878-b7f0-64c4e91191df,2026-05-06,9.947087,865e99a1-718b-338b-80ab-7bdcf6c522a91536159266
5fa5d9c4-22b7-39f7-a3b2-d521ea60b47b,2026-05-06,18.138322,ab4ba1b3-b598-3bfb-8df0-768a0df60d506177714931
617065f0-5c37-32d6-a3d6-dc223ac898b3,2026-05-06,14.361901,ae562d52-09ae-3863-b5f0-5ae580696f0f2844325743
6a620372-f31e-349c-b6c6-0e040a3edb64,2026-05-06,18.211075,5585108c-6e05-3453-8c97-d5a03ce4ee0a5269991336
6e8a1cb9-329d-3c5e-8d21-4c46a734d1e9,2026-05-06,22.623575,b038cfcb-9c1e-3cde-8676-1be4c1366b8b3024374020
75c008ab-9d95-3b45-b06c-1ba571bc7895,2026-05-06,6.984109,ec573df9-2361-3e56-a35c-cf369728a6f02624538703
760b65eb-45d9-332e-bbdd-15ad2c3223bc,2026-05-06,39.925224,4050495a-d74a-3f1b-b29d-db93ba2a71c15767916558
779e581c-a821-3108-9ebe-a92f9dcfc74c,2026-05-06,48.229333,3a13c3b6-0485-353a-a580-ed21741647e41076187335
781a0729-d247-332a-a718-196cd4f0844f,2026-05-06,8.415579,c926082b-f5ea-39f0-9b3a-e5bce96b47c35305695375
7fb6ff11-be82-30ff-ad1d-e44ada4f46db,2026-05-06,32.280259,44965c11-796e-3e8c-b92a-222141e2d34e4076630863
812c22d3-3843-3385-aa3b-aa8ae91b882a,2026-05-06,17.229491,e7cb4203-d63e-3d55-86b1-e2f3868974688509958032
834aa49a-5a2a-30db-8385-ad60aed26cd7,2026-05-06,87.699417,4b2f77f6-8ea8-3f4d-8688-fe485e1dd22d6927009123
84851a10-43f1-3fc8-a358-06f529f15c33,2026-05-06,52.879054,209d6b5c-3879-3f87-9eb1-228cd3cf4edd0737879839
84dcbd6d-e273-316b-8912-4ed74ff8a9be,2026-05-06,26.074804,a26b9066-44c7-31c3-b9fa-04e255b439490462824831
84f354b1-00ae-34ba-b443-ccd2efee613c,2026-05-06,6.470708,8a14f25e-1645-3406-a19d-b9806ef569954307313451
85cb1e88-d121-35a6-a362-3cdc80917d44,2026-05-06,357.052278,1671f2df-523c-3e25-a845-e2ad655275ec3253687227
87ab0257-a9f6-3705-89f8-f63b9b8f2b0c,2026-05-06,11.548267,dd1dde98-5502-3952-90fe-dc66f816ed747906535428
8c272368-ac0c-3bc7-9568-cfbb26f8e749,2026-05-06,15.490156,9ef76979-dca8-3c79-9b0c-a7e5b98cc4183178708115
8c5b1f37-b3ea-3b4a-a4dd-fad03cfd11b6,2026-05-06,46.934844,5aa0a87f-17b4-3bc7-a55a-7d422bb28fcc9200948756
8cb2a7d2-f605-3df9-981a-2c02b1d1a4e0,2026-05-06,15.095614,c8409fd1-44f6-341e-aa4a-fcdd48e1dec91197407417
8dc72d59-3896-3d24-a51b-3a8a9e1c6713,2026-05-06,21.985534,2bb55a33-fdd0-39b0-8fa8-bf8f9e9997f59421453150
92de990d-30ce-38da-ad78-86a4a56c065b,2026-05-06,13.02494,5a8242fb-5aa7-3d5b-ac68-21ea53c5f9e87894148187
9317e817-504a-35a4-b7c3-68e90b432c45,2026-05-06,29.181447,bd68d9fe-0c5e-3648-8a84-d7649dbc11df2315333603
956008d9-c7c8-3450-a799-ccd802fc2078,2026-05-06,69.749189,ac8597c6-2e0c-3fce-bd96-0eeae07b92825791469057
9661bcb6-dd62-3576-b8b0-049874fff3a1,2026-05-06,9.202823,a765656c-b5ea-38d3-b817-93751b0015257870386126
96739dc1-9e37-3b11-8e79-e0a5a57062a1,2026-05-06,60.963456,7b60b05a-7946-3efd-a3a0-0ada59de74070619321536
96be8df1-0628-3c17-acd8-50a096438ea0,2026-05-06,16.200532,7b8d6a5a-3256-3096-8208-171b7eaab4737311108557
9a736669-65a4-3b3e-a4b5-8f6ec9654a84,2026-05-06,19.789697,bd347e86-1b36-3407-80b6-78a2f2dae41e9793909208
9b195b8e-28d6-386e-8990-1a5bb4dd1bdb,2026-05-06,26.780394,193afc72-4494-30b1-beb3-cd4156f1c97d7901017989
9bddd6f0-dd41-333e-aac7-f757b18ea2aa,2026-05-06,22.477759,c6545cb9-33df-373c-8ac9-ce43225c9d986458695776
9f556308-7e5a-375c-8130-c6284c3c5d5c,2026-05-06,19.193978,24110268-df67-321e-9581-bd29f27ea3618160468027
a12779cf-ff75-376e-9cb4-73e937a3c164,2026-05-06,37.832132,ba19c2fb-8246-3ab8-b894-67973ae2268a8549866658
a2de86e5-02cf-3c93-9b40-f9629530b7d1,2026-05-06,696.628731,bcd56054-ac31-3e6f-a2d9-f156a299929c4047783680
a3f48154-490b-350b-9f4e-74835b5aaaae,2026-05-06,14.515858,95ed8b8c-c59c-372a-b31e-6543997b82d74860620288
a5068583-4849-35ce-900f-e2ce7f309840,2026-05-06,14.698789,ccacfe15-f7bf-3c92-9308-98112a74aa440314647208
a513bb7e-87ac-35cd-b4a2-6d23427bd2fa,2026-05-06,9.464374,481dceb1-1678-3a7e-b288-d7e2bf0c062a7786339993
a8e332b8-087a-38b0-8c1b-64db4efadc7a,2026-05-06,10.722214,47b681e7-c3d8-31f6-ab69-43f82db88fa66316703417
acadf00f-5359-3905-a13e-213d751bffb2,2026-05-06,9.494489,2852258a-e2bf-3b5a-ad87-7915c236685c5632583391
b1d22b60-1492-37de-a246-db25e91bfb1f,2026-05-06,18.739377,ba855984-6afa-3f25-82a9-033558199c9b4291338588
b32150f1-1acd-3990-ad31-f63fed66b1cf,2026-05-06,47.199164,27222e5f-5d35-3311-be74-7f592e6bb2553842641276
b571b5d8-c91f-3776-86bd-22c88c5580c2,2026-05-06,19.742022,afafa873-61a8-38e0-8977-cd70cd270f449777286253
b5b7bbb0-1312-34a4-8934-10fe49cea8ed,2026-05-06,26.653584,c1179ffe-16b5-3808-a61b-c697ad5655cd0958447347
b7f8d590-1a7d-3745-82cc-9e0c966c6306,2026-05-06,9.056502,65f0ec49-73ce-37cb-a381-28e7217750090455003993
b99742c8-7da0-3e81-ab3c-eb775e9f5d24,2026-05-06,39.644073,83de6687-9540-3db3-a6d6-f036d634a1c63930926163
bce50849-a0e7-3f2b-b22a-24ed60440705,2026-05-06,40.639633,ecbe8abc-16bb-3af7-8cf1-b6d262d3f9915691766209
beac6842-6d1c-39f8-bd3d-f2cbddfe2e23,2026-05-06,13.611465,71933d57-e488-3aa3-b364-7c195cfded299062716503
beb1d1c6-4fa9-36a8-a06f-1dc58ab74161,2026-05-06,5.6923,69be3936-f12c-34ad-b6bc-7a9f397f7d580253357983
c0f8ab9f-4b7b-3f4f-b576-f80ad3cb5399,2026-05-06,26.101531,ae6fce59-c426-3691-b4cc-2e7f01a5433a0719674315
c3f4e978-22c4-3743-a4d7-8dc20df21654,2026-05-06,28.151164,08043945-b9cb-35c8-8007-ea153d9880273125348988
c41f2431-16c5-3799-9be8-561415389d5f,2026-05-06,30.329204,35f5e81a-e25c-3ff4-892f-d89a5cfb53448046832917
c4b4c934-c94d-3170-bd1b-d7737b2ab490,2026-05-06,14.552988,ddfedfb4-a197-3bc5-b5b9-3413d396c9d18520739647
c7599875-d64e-3ef2-8a6a-a218c4c24bfa,2026-05-06,10.093085,4acd48f6-3379-3b71-a45f-8ba6aad527457333951563
c8c964e3-6f43-33e9-8a11-e9eaf55933ba,2026-05-06,64.225258,db1bd750-5b46-3bea-9d82-c79a18a08d0d0806001910
cdcbe271-7336-35c3-a44f-1a90281b0857,2026-05-06,20.634527,cc4a0181-1f8b-3069-891f-8f8303116f410950083050
d098b8be-5fd2-3aaf-b08a-03443b43e413,2026-05-06,11.963945,ebfca532-8531-3093-b085-d9b06d8a505a5090987086
d320f92f-4cc3-395c-b6c7-3cb3c7cb3efe,2026-05-06,118.047223,db719257-f1df-3420-b485-acfb0da643a10140791541
d3c48311-d8dc-3e24-95dd-6d2bca767bff,2026-05-06,25.966083,84018d69-0a55-3d24-a877-97aaa31a46cf2815442486
d3d0b6a8-f422-3af5-a62e-826c20495095,2026-05-06,5.113344,9a1ea106-1b3c-358a-b321-05d0ef5590af7934449393
d6f76560-f2a1-3ae9-ab43-eaa1f2033306,2026-05-06,41.852979,df76341f-d9c1-31f1-a511-61e0bba9ac1a9330646801
d72106c4-021a-3b57-bf48-7b6f2c14df23,2026-05-06,12.687567,e7b18bc4-313f-33d3-ad46-7b5d777f74ca3565120826
d834b72d-c2cc-391e-8a0c-c3f147eeb522,2026-05-06,20.220621,62331e5f-4437-3168-b6e9-aa00c1ae49235115900219
d85f6c3e-620f-3cc3-9005-9e1beefefdc6,2026-05-06,7.232967,7a3476cf-c702-35d8-ab2c-c3c41701130b3532848987
d940c628-4e61-3954-9aee-1aa0a0b6e21f,2026-05-06,5.32413,cbf31122-ee58-37d2-a16f-5d8ff6fcc1cb8640751006
de0bc8c0-4447-382c-b7c7-ce385510a49b,2026-05-06,28.21439,8d66b14e-bf47-35e5-b800-b55ca34760cf6094204743
dfe88e46-3f0b-3bdd-bb8b-d7190cc27582,2026-05-06,33.953901,2f3787a4-af4a-33b1-9633-78e945ce9cbb0630344304
e1ec776a-9a69-3e5d-a0c5-33a9250b1f19,2026-05-06,10.50751,8dbe6882-1128-323e-98cf-6c6c8fd5be7d0079256300
e402d019-6155-3bff-9228-4911ea446777,2026-05-06,48.672118,d454160e-2dc7-3ac7-86b9-e72c34ef16312394849607
e69f5e43-374e-3577-a194-03eca473eb86,2026-05-06,26.878824,b994cb0e-9aaf-3dbd-a0ab-315cc16c435c1107868581
e6a4f012-2129-36d0-bf2f-6e3c384f5497,2026-05-06,17.965926,30a74d31-d91b-3ff9-b591-0ed7882600e46693238563
e71fe34e-9aa5-3ade-8054-a639af523373,2026-05-06,5.191432,b1e661de-87c5-37a4-b0ad-b47b375e798f8517162525
e76bb8c7-e2ca-3a2e-96b4-7d3717dfbe06,2026-05-06,19.047031,e755d9a3-e083-3c09-8b82-e48bcb43e7f81851692813
e83f5cbe-8539-3cbd-b749-7896bd48c47e,2026-05-06,48.361503,f37ca06e-914d-302f-a8eb-903b7734c0c39455202918
ea133f80-908c-3a40-af86-f0745e517fd2,2026-05-06,55.804743,7111b6e6-9d33-3f84-ae08-89cafad819261967282058
ebbf605d-a94c-3f16-9ae0-5449c87f4002,2026-05-06,54.303957,c01d7453-03eb-38be-bc95-24391aa315144796657446
eeaba3bd-0e65-3eff-80b8-bb415d1cdc89,2026-05-06,26.65925,6d3df8ea-2edd-3fc0-8f44-b14a5c9f858f7358431617
f02cc034-f8c6-39b7-afff-343b04ff2064,2026-05-06,14.66847,4a495ff6-34e1-3d8e-9177-445cdfd39d764430640857
f166b497-832f-3b26-8149-b36820a1aebe,2026-05-06,4.141204,a7ce6c88-3186-35ed-a793-f40dc624f2bc4233811371
f1809858-d9d7-3db3-8cc3-5793c598044c,2026-05-06,47.323127,7697f751-8371-30c0-81c8-fcc775cadf993437132586
f28c27e1-116f-3bfa-87a3-a4aec05ef6ed,2026-05-06,59.823765,06747886-3cd5-3df7-b4e3-5300fd43ba8b6993791108
f37b1d54-4726-3503-b093-7096160494d8,2026-05-06,15.712737,0701ba50-1c05-393a-97d1-5f4023a8749c6116792851
f5a2ffe8-63a0-3fe0-82d0-e2780d9d29dc,2026-05-06,16.376724,33dd9c10-10b1-32fe-be4f-7be1047c9ed36643760194
f5c21c69-5b03-320a-ae2e-2554aefff943,2026-05-06,69.401949,1733732a-abce-3040-96d5-89e43d8b44882339867108
fa146ea6-61c1-3eaf-b3b7-d79bd6e503ca,2026-05-06,9.891108,31c3893f-aa84-359f-a9a7-c4d51a001df11272461817
fccc0510-f20a-3f28-bf3c-66cfe9fa99d1,2026-05-06,18.31603,218810c6-5f55-31ef-942d-6b8f7944e4a79796581507
fe5c2831-6d72-3f57-b5da-21037ecbeb2f,2026-05-06,7.141794,caac5c39-53fe-3b0e-a941-3f0559293a333871484605
030041c0-f398-3572-9c7e-3edf3d9d2ea3,2026-05-07,2.593543,123b8640-546f-3146-aac1-b5e3a45883358031893487
03258615-f0ae-3265-b5eb-490bdff3232f,2026-05-07,15.861216,ec9b84cb-cfb5-3ef6-bd03-a93a08ac57152757515168
04f49ac6-5f35-3df9-b623-c026f24561e1,2026-05-07,42.482514,4ccf4637-f73f-3ea2-bd9d-89cd0876527e2011240689
0594d9cc-176f-3811-b8ff-1badba391ea1,2026-05-07,22.307226,7bf9e218-5646-3380-8098-8b14d617d4eb9836650145
0769202c-7965-32a1-8d36-1cd52b64377d,2026-05-07,10.26161,03bfca79-bd1d-3217-a8ee-b032e1a5d4279777514889
0bd9c8a1-cf25-3dfe-9380-6143b1183f53,2026-05-07,59.791141,7ff7d9b9-eb8b-35f9-9265-8dd933d6e5f40824718437
0d66e094-d57b-3221-bdb4-ff9f2a6fa6b6,2026-05-07,21.756621,a1f98fd1-522c-331e-93df-e0e3c705c1c60127744720
0f7a9277-d005-30c0-8821-910389205cba,2026-05-07,26.644922,1498339f-636a-3ba6-8eaf-f82826cfc66b1703033271
1094d4eb-2c4b-3c82-bb41-36696a775289,2026-05-07,90.17955,8348db4d-a8ba-3dc8-b03d-3f8345e1ce081137124557
1176a69b-fd42-3989-9822-360026e942a4,2026-05-07,106.28003,4b6c12aa-31db-353f-9880-bcdca16d2c971125384531
15d19e1d-74b8-3948-867f-63a4a1188539,2026-05-07,41.402056,3a0da385-e669-30df-8f17-ee93aea6a3a63054977077
15f19ccf-5f54-370e-914a-19ef0d6e7bfe,2026-05-07,150.912006,d0dca904-0a39-3f70-8f24-23b3f8543cae9283252446
17e9c47e-62ba-33a6-96e1-95ad3c636d22,2026-05-07,85.943049,77974123-fa35-3834-90f5-d19a2e752e979650064655
1bdab13f-7bc5-3e3d-81c9-f9179619fd90,2026-05-07,14.751889,5351c2cb-b7f7-3a9c-acd5-db63cfafda343248281033
1c3f0a45-334a-3810-b02a-7ba9181fca95,2026-05-07,18.166797,f25a1909-b1f5-354d-9179-29694f6ccd7b0794803399
1eae9205-92f7-36a7-94c5-cb082b3e7211,2026-05-07,4.955037,dd4f2862-ad2c-38c4-98b8-9dfedc77a2173206733718
2111daa9-5dbb-36aa-b675-efab46559d5d,2026-05-07,6.699289,93fc0a2e-adf6-3b5c-a38a-8aaf0af2466c8463812397
21e18788-026e-37c1-9a0a-259c58a0fc50,2026-05-07,47.610543,6825bc20-32f9-371b-b653-a8454dd0cf4e9794303102
226055f6-f55e-381a-9363-c4f462e58856,2026-05-07,23.096926,758f87b4-c782-37fb-911f-42b481be57aa2005558548
2269fc50-2d42-3349-9d12-3bc08569d8ae,2026-05-07,18.710715,5bedbf8e-359c-38f3-981e-a44c610ee0489536718275
28cba5c0-c834-3c34-900a-9d6772fd9c30,2026-05-07,14.503832,1233b0a6-550e-3390-88ce-2a21eefafe917625072302
2bf4e90b-5fb4-3eb6-92bd-c21ab46e7639,2026-05-07,10.632421,4835e147-ad32-3a9a-b1c1-4116ab8c15bf1573038869
2fdf5375-31c8-3c6a-9cf3-12465dbec4a5,2026-05-07,12.027633,fd3e2044-7bf6-3813-acab-9043d4cbda0b6568880041
33a96067-0e23-3bf3-8d10-cbec5a261a65,2026-05-07,35.625975,4d63f0d2-85ca-3a28-b715-4147577bedb24364586828
3615a797-2def-32a3-a0ae-3a6e8eccf080,2026-05-07,34.419994,edfa21ff-76b9-3113-8d97-a175f873fb244866321730
363a066c-58b6-3bcf-a7b0-e9729a735ba7,2026-05-07,56.034936,29527eb9-d544-35c2-b9f1-bb262cf6b4159824252521
3ab4ce54-3bfa-3a09-8624-c69a02d77632,2026-05-07,1.010569,776a90be-9929-3c47-9f5d-5f73f58824c60497278972
3c828a67-8a44-3a18-a2db-213948c73e01,2026-05-07,15.408594,4b9e8129-de42-3612-a62a-b99391f3a1c36185507295
3f3adad3-22df-3188-a572-bab43c8f0258,2026-05-07,126.157616,b2628cd8-ae87-339b-8a4a-eb87332124ab1738661597
41219c74-897b-3ca9-87e5-43da9041ddd3,2026-05-07,23.209067,fbfd204b-197f-3c6c-95b1-4733172f5fca0533189354
423348ca-0838-3372-a616-b4cda0468666,2026-05-07,4.150539,c36a6f4f-bea8-35b0-b824-2c970e256ac26805083472
434188a4-f9da-364f-a6dc-53072f0ec1b3,2026-05-07,18.90733,e25f63b1-614b-3240-9c58-803a43e9bb435024428155
43538921-75c3-3004-917b-51c3d8e2a3a6,2026-05-07,17.924074,e213be6c-e983-37d3-b47d-03cfedb25b867590845836
43cc96db-6d25-3ad3-9163-10247bdd66bf,2026-05-07,14.483568,9eddeeed-8808-33dc-9ba2-905a79c87f321161343299
48a891ca-8770-3a95-9414-af5bad034e5a,2026-05-07,6.075291,6a2b2b4f-b163-3211-9417-7ab21b779b6e4168236426
48d69815-2eb5-3bb9-a39b-cbe1ceb52e99,2026-05-07,18.038442,6cfee349-1ef0-3fb2-815c-a8a1f54dfaf82072162601
4a7af055-4d5f-39bf-b0a0-3e957abd6b60,2026-05-07,33.045494,2d350fdb-0d58-3f71-94bc-a8c8ac08ee913457245518
4c8688bb-e063-39d5-af44-f884b8b1b22f,2026-05-07,66.561882,74ba4416-00a1-3f9b-8c10-30d3118fa7ce7583046913
4c9d57d4-cc8e-3ffa-a7a2-954c71ef5235,2026-05-07,56.813018,10cf198f-ca0e-3ab3-a33e-629868eaf1657063863282
4d8e0306-9402-312c-8735-520e75542ddf,2026-05-07,9.696482,fc890f93-7094-3cdc-9c17-a9bca9d2149d3600693627
4f630062-21f6-3266-9acd-c0827dbf5c05,2026-05-07,7.413684,8f29efaf-4f24-3d15-82d5-2fc874ce981c6011993181
4fbbedf8-7ea9-3ba5-8a18-f658a4f21605,2026-05-07,67.981797,0cbedb6f-5585-3d14-bb7a-52ed75958ad14113335693
5060be3d-9bbb-3f4e-955c-625e4390c6b7,2026-05-07,14.208854,2aff5a14-b04c-3fb3-98e6-5f847371e3ff9195279440
50be9c42-1c4b-3493-a07c-ffe59fd8491c,2026-05-07,74.358898,edb658c0-31b6-337f-a557-ae881cfe96142560471597
524da203-40d7-33a6-8ab6-b21a0cef3c58,2026-05-07,19.290241,4b414f3b-b1d8-3f11-b80f-a4ce6c6d7a4c9655939769
5498a54c-7cf2-3cbb-85d5-1078aa3be4a7,2026-05-07,28.301269,7f2eff44-b501-3d88-8b7a-bc0819c1cbd05256736696
54de7dbc-3f9b-3702-b677-fee85da6201d,2026-05-07,6.918293,d44e39e8-4f08-3623-986b-2646518072bf1207235870
55ad8c29-20dc-320f-8c21-ac3dfd7685ea,2026-05-07,77.499776,59813d11-bc16-3001-915e-9a9eff70c57f6619407622
5656dbc0-5497-3227-a829-fd8eb574450e,2026-05-07,11.407871,a203c081-9992-358a-b291-2006588558ba6822670837
57437979-1053-38bc-8abf-3f9eba7ffc49,2026-05-07,30.265268,66cc36c9-6f31-3eff-8201-8a0a7f0bd59a0688159859
591e07f6-72df-366d-a512-d5ee900f7c15,2026-05-07,21.454346,abb3cf38-3fad-3baa-af44-c9b4d24608456857996865
5b4c7154-ad7e-3526-aa3c-45e89d71e721,2026-05-07,126.191782,a5074e62-50d5-364b-aeef-675c60c2ee493068298762
5d21d7da-3e33-3ab4-99ef-3ca2c2ff2c69,2026-05-07,8.457326,b03fc426-da51-3e1c-aa77-6b918bff0e513877121931
5d6ffe35-085b-3fc0-abf7-9f02a5c4fb33,2026-05-07,13.217154,03ffa46d-2a01-3d1e-b2b7-afc51d9158352243231721
6001b0b7-96fc-3fe1-aef1-329c8e2f62ce,2026-05-07,4.797915,6e29cd08-5d8b-32dd-baf0-fc5123d964c69692072979
617065f0-5c37-32d6-a3d6-dc223ac898b3,2026-05-07,20.312239,ae562d52-09ae-3863-b5f0-5ae580696f0f2844325743
64b0ba20-1b28-3b6c-9ffc-402714ee0245,2026-05-07,16.344625,358bf36d-7dae-3d60-9132-32bf3090f2f25850796649
6c21f96e-4015-302f-a95a-0918b22b3ad8,2026-05-07,1.731387,2083bc7f-bc65-3533-b831-de38c4ce41a85705530326
7254494c-fbeb-3dc4-80ee-30c6f6c22599,2026-05-07,28.299189,64848290-d9fb-3103-b306-a0129738ec0d3937403775
745d78f2-7f7a-3cdd-af4f-c4c3f0a18dbb,2026-05-07,40.210376,f1df5283-191c-30dd-b238-da858232e5d08985022611
74cd4f7c-116b-3316-bf7f-eb46458694da,2026-05-07,88.807205,755c3974-2d2b-3242-8001-42f3d96983649032632994
75c008ab-9d95-3b45-b06c-1ba571bc7895,2026-05-07,10.714487,ec573df9-2361-3e56-a35c-cf369728a6f02624538703
760b65eb-45d9-332e-bbdd-15ad2c3223bc,2026-05-07,36.049193,4050495a-d74a-3f1b-b29d-db93ba2a71c15767916558
79874361-3477-38db-9fbd-fc39d1713d69,2026-05-07,21.691321,241900d5-f58b-3b3f-8abc-638d1ad78e024760008737
812c22d3-3843-3385-aa3b-aa8ae91b882a,2026-05-07,16.685963,e7cb4203-d63e-3d55-86b1-e2f3868974688509958032
834aa49a-5a2a-30db-8385-ad60aed26cd7,2026-05-07,63.688997,4b2f77f6-8ea8-3f4d-8688-fe485e1dd22d6927009123
84851a10-43f1-3fc8-a358-06f529f15c33,2026-05-07,51.014166,209d6b5c-3879-3f87-9eb1-228cd3cf4edd0737879839
84f354b1-00ae-34ba-b443-ccd2efee613c,2026-05-07,4.76989,8a14f25e-1645-3406-a19d-b9806ef569954307313451
8c272368-ac0c-3bc7-9568-cfbb26f8e749,2026-05-07,11.426451,9ef76979-dca8-3c79-9b0c-a7e5b98cc4183178708115
8ca30a12-e5f4-3017-8037-1616e9ddbb5b,2026-05-07,5.953097,d980087a-73cd-3a85-914f-0dbeb6da2ff07929331557
8cb2a7d2-f605-3df9-981a-2c02b1d1a4e0,2026-05-07,3.539403,c8409fd1-44f6-341e-aa4a-fcdd48e1dec91197407417
8ce3a609-9e37-3b54-a602-9b395e5f5a76,2026-05-07,8.520505,140ba20d-dc2d-30f1-8369-9f0fcb7417216954795985
8dc72d59-3896-3d24-a51b-3a8a9e1c6713,2026-05-07,35.907689,2bb55a33-fdd0-39b0-8fa8-bf8f9e9997f59421453150
92de990d-30ce-38da-ad78-86a4a56c065b,2026-05-07,18.298924,5a8242fb-5aa7-3d5b-ac68-21ea53c5f9e87894148187
9317e817-504a-35a4-b7c3-68e90b432c45,2026-05-07,43.213364,bd68d9fe-0c5e-3648-8a84-d7649dbc11df2315333603
956008d9-c7c8-3450-a799-ccd802fc2078,2026-05-07,48.432797,ac8597c6-2e0c-3fce-bd96-0eeae07b92825791469057
960a5c04-f3ef-340c-af8a-48e88045ac24,2026-05-07,25.620596,485a6ee1-26d8-3d41-bd32-a72421af1a296123003165
9661bcb6-dd62-3576-b8b0-049874fff3a1,2026-05-07,7.674837,a765656c-b5ea-38d3-b817-93751b0015257870386126
96739dc1-9e37-3b11-8e79-e0a5a57062a1,2026-05-07,90.169499,7b60b05a-7946-3efd-a3a0-0ada59de74070619321536
96be8df1-0628-3c17-acd8-50a096438ea0,2026-05-07,22.302902,7b8d6a5a-3256-3096-8208-171b7eaab4737311108557
98b357c6-e458-3b53-bc66-c80eb105e3cf,2026-05-07,24.378757,6b5a4bec-b45d-3f6f-a9b0-769861cf16bd1539781265
9a736669-65a4-3b3e-a4b5-8f6ec9654a84,2026-05-07,21.565722,bd347e86-1b36-3407-80b6-78a2f2dae41e9793909208
9b195b8e-28d6-386e-8990-1a5bb4dd1bdb,2026-05-07,45.595501,193afc72-4494-30b1-beb3-cd4156f1c97d7901017989
9bddd6f0-dd41-333e-aac7-f757b18ea2aa,2026-05-07,45.378405,c6545cb9-33df-373c-8ac9-ce43225c9d986458695776
9f556308-7e5a-375c-8130-c6284c3c5d5c,2026-05-07,12.332704,24110268-df67-321e-9581-bd29f27ea3618160468027
a0f95e73-3897-3dcc-9f5c-faad41b5219c,2026-05-07,84.993265,58b12641-aa5e-3c6d-97a0-f417dd0a469c4411625778
a12779cf-ff75-376e-9cb4-73e937a3c164,2026-05-07,32.276131,ba19c2fb-8246-3ab8-b894-67973ae2268a8549866658
a5068583-4849-35ce-900f-e2ce7f309840,2026-05-07,19.719544,ccacfe15-f7bf-3c92-9308-98112a74aa440314647208
a67cec0f-eda0-3d47-af0e-2bd3262a8cf9,2026-05-07,40.111866,edd1002d-960d-3956-8ea2-8ffafe4e3f780323661523
a8e332b8-087a-38b0-8c1b-64db4efadc7a,2026-05-07,24.830183,47b681e7-c3d8-31f6-ab69-43f82db88fa66316703417
ab0c7a3d-b6a3-3c71-a9f6-6f5167fbf2d9,2026-05-07,18.127614,6e8c3bb5-37b6-3aa6-a40a-2cf1d71e64fa4807837875
acadf00f-5359-3905-a13e-213d751bffb2,2026-05-07,8.446235,2852258a-e2bf-3b5a-ad87-7915c236685c5632583391
b08b0516-052f-31ca-baee-415f1e9f6c1d,2026-05-07,21.645043,8eb78258-dbd8-30ca-8e2f-f57e8806b9340333593055
b1d22b60-1492-37de-a246-db25e91bfb1f,2026-05-07,24.899896,ba855984-6afa-3f25-82a9-033558199c9b4291338588
b32150f1-1acd-3990-ad31-f63fed66b1cf,2026-05-07,58.615715,27222e5f-5d35-3311-be74-7f592e6bb2553842641276
b5344373-538f-3f37-8982-c97e3158144a,2026-05-07,3.820035,2a20868d-41a0-350b-abd7-08a3f9d834063257215959
b571b5d8-c91f-3776-86bd-22c88c5580c2,2026-05-07,36.22561,afafa873-61a8-38e0-8977-cd70cd270f449777286253
b9f874e5-bbd8-332a-9f2e-a024bb815cf9,2026-05-07,66.35483,0183e024-3556-38ab-8f83-a2397dc1c7ff0961989030
bce50849-a0e7-3f2b-b22a-24ed60440705,2026-05-07,13.482803,ecbe8abc-16bb-3af7-8cf1-b6d262d3f9915691766209
bde82a06-b2ee-3309-b4b0-d268a38e4c2c,2026-05-07,111.641093,37f054fc-a7a4-3b27-aefa-23a338a7e9b08878786853
beb1d1c6-4fa9-36a8-a06f-1dc58ab74161,2026-05-07,11.270645,69be3936-f12c-34ad-b6bc-7a9f397f7d580253357983
c039e4c8-9c3b-3ae3-a2e7-b54c85d2cac7,2026-05-07,36.963124,ef0e0898-3920-39d5-9050-8c57b5cbcd1c9155184466
c0f8ab9f-4b7b-3f4f-b576-f80ad3cb5399,2026-05-07,15.130119,ae6fce59-c426-3691-b4cc-2e7f01a5433a0719674315
c3811eff-eb0f-3e83-943e-18b5d09919e4,2026-05-07,14.615601,b38c4c71-2ecc-3478-967b-30176508f2a82808970508
c41f2431-16c5-3799-9be8-561415389d5f,2026-05-07,19.601345,35f5e81a-e25c-3ff4-892f-d89a5cfb53448046832917
c4b4c934-c94d-3170-bd1b-d7737b2ab490,2026-05-07,10.938944,ddfedfb4-a197-3bc5-b5b9-3413d396c9d18520739647
c6c1b9c0-072d-3dbf-accc-4c8643cc0c4a,2026-05-07,20.599743,8e833220-412d-3626-aef6-f1d8e255b8961584029669
caacaf00-76dc-3d35-955a-b0b7289c1497,2026-05-07,7.530562,5428bbad-02ec-3bbd-b559-a02cb4c2701a9853561586
cce1c127-2ff8-3ea0-a9b8-2df2cd888b5b,2026-05-07,22.180541,40fb0c0c-0006-3ab6-84ec-5dc4198294863739942525
ce7a22b8-f3c0-3690-acac-8b5a7bf4c798,2026-05-07,18.694767,75a3be66-cc33-35b3-aa17-355486d71eeb4926576029
d098b8be-5fd2-3aaf-b08a-03443b43e413,2026-05-07,10.929876,ebfca532-8531-3093-b085-d9b06d8a505a5090987086
d16b7d90-92be-3869-95a7-7d511669811b,2026-05-07,18.333625,760b5b15-f871-3327-a1ef-e07e6f4cc11c2795438507
d6f76560-f2a1-3ae9-ab43-eaa1f2033306,2026-05-07,68.608231,df76341f-d9c1-31f1-a511-61e0bba9ac1a9330646801
d85f6c3e-620f-3cc3-9005-9e1beefefdc6,2026-05-07,13.550189,7a3476cf-c702-35d8-ab2c-c3c41701130b3532848987
d86225ec-57c8-3039-9b73-5067e9668517,2026-05-07,4.299329,9befbbd8-c5ed-3abc-9d19-377736924de73675696583
e059f4f2-66b1-346c-8a33-8c16446a8657,2026-05-07,38.911858,2a7ac4ba-1536-3186-93b2-a2c27853a79e9011911429
e0ab7ac6-23e5-3ce5-aef4-d9e2e575bb7a,2026-05-07,3.224771,36f25be1-e4a7-34ea-a4d5-d394fb2065cc2046082019
e402d019-6155-3bff-9228-4911ea446777,2026-05-07,62.407089,d454160e-2dc7-3ac7-86b9-e72c34ef16312394849607
e69f5e43-374e-3577-a194-03eca473eb86,2026-05-07,22.546358,b994cb0e-9aaf-3dbd-a0ab-315cc16c435c1107868581
e6a4f012-2129-36d0-bf2f-6e3c384f5497,2026-05-07,21.769555,30a74d31-d91b-3ff9-b591-0ed7882600e46693238563
e76bb8c7-e2ca-3a2e-96b4-7d3717dfbe06,2026-05-07,28.055275,e755d9a3-e083-3c09-8b82-e48bcb43e7f81851692813
ea133f80-908c-3a40-af86-f0745e517fd2,2026-05-07,37.928904,7111b6e6-9d33-3f84-ae08-89cafad819261967282058
ea2319a1-87a9-39c7-978a-631828711569,2026-05-07,30.202921,aa7cd5d3-2fa7-342d-b330-88ea3eded8c73712328503
ebbf605d-a94c-3f16-9ae0-5449c87f4002,2026-05-07,40.208235,c01d7453-03eb-38be-bc95-24391aa315144796657446
ed0a8ed8-2282-3fec-82db-fafd297cdb61,2026-05-07,10.40666,4e3099ad-3bc5-3b23-837d-8c897adc8c894362553996
eeaba3bd-0e65-3eff-80b8-bb415d1cdc89,2026-05-07,15.891662,6d3df8ea-2edd-3fc0-8f44-b14a5c9f858f7358431617
f02cc034-f8c6-39b7-afff-343b04ff2064,2026-05-07,15.401097,4a495ff6-34e1-3d8e-9177-445cdfd39d764430640857
f166b497-832f-3b26-8149-b36820a1aebe,2026-05-07,4.019991,a7ce6c88-3186-35ed-a793-f40dc624f2bc4233811371
f1809858-d9d7-3db3-8cc3-5793c598044c,2026-05-07,55.911792,7697f751-8371-30c0-81c8-fcc775cadf993437132586
f28c27e1-116f-3bfa-87a3-a4aec05ef6ed,2026-05-07,30.322223,06747886-3cd5-3df7-b4e3-5300fd43ba8b6993791108
f55d8d9d-5df9-32e8-a43c-40e2d30fe83e,2026-05-07,21.767731,25ce49b4-0e30-37f6-83c9-8fdba57ec8554749707383
f5c21c69-5b03-320a-ae2e-2554aefff943,2026-05-07,39.289449,1733732a-abce-3040-96d5-89e43d8b44882339867108
fbb84839-d7f2-363f-a497-68b74f2449f2,2026-05-07,27.110496,76b88c0d-830b-38ed-91c8-6b3757820cc05429571885
fccc0510-f20a-3f28-bf3c-66cfe9fa99d1,2026-05-07,14.736335,218810c6-5f55-31ef-942d-6b8f7944e4a79796581507
030041c0-f398-3572-9c7e-3edf3d9d2ea3,2026-05-08,15.413739,123b8640-546f-3146-aac1-b5e3a45883358031893487
04f49ac6-5f35-3df9-b623-c026f24561e1,2026-05-08,65.974344,4ccf4637-f73f-3ea2-bd9d-89cd0876527e2011240689
0594d9cc-176f-3811-b8ff-1badba391ea1,2026-05-08,9.708628,7bf9e218-5646-3380-8098-8b14d617d4eb9836650145
06e33f1d-dda0-31b8-915e-bde6cf9b4012,2026-05-08,9.993609,5c1c68c1-feaf-3d3a-8a14-7e795d01c1ba6471737628
0bd9c8a1-cf25-3dfe-9380-6143b1183f53,2026-05-08,33.986791,7ff7d9b9-eb8b-35f9-9265-8dd933d6e5f40824718437
0d06916c-fc74-37b3-8630-7f2eb8b27347,2026-05-08,56.172077,56ab425a-78d4-3e53-8a5d-bee6cc2ff1583272396058
0d66e094-d57b-3221-bdb4-ff9f2a6fa6b6,2026-05-08,65.388537,a1f98fd1-522c-331e-93df-e0e3c705c1c60127744720
0f7a9277-d005-30c0-8821-910389205cba,2026-05-08,20.988689,1498339f-636a-3ba6-8eaf-f82826cfc66b1703033271
103be95c-0738-36fc-9aca-d07b1504909a,2026-05-08,84.65808,288d8971-0036-3b38-be44-cdab7d647fa95424134206
1094d4eb-2c4b-3c82-bb41-36696a775289,2026-05-08,65.847624,8348db4d-a8ba-3dc8-b03d-3f8345e1ce081137124557
1176a69b-fd42-3989-9822-360026e942a4,2026-05-08,67.199802,4b6c12aa-31db-353f-9880-bcdca16d2c971125384531
17e9c47e-62ba-33a6-96e1-95ad3c636d22,2026-05-08,75.522378,77974123-fa35-3834-90f5-d19a2e752e979650064655
18a6d5f8-3203-3934-be7c-fef235f8d5ee,2026-05-08,18.546356,d0fc809f-656e-31a8-9e5e-192c6b636f8d5430933548
1b3fb613-cf66-3fd2-9f95-ff50109c0acd,2026-05-08,113.140054,1fa2f8d6-f706-3946-b03f-934a353439d71816307632
1c3f0a45-334a-3810-b02a-7ba9181fca95,2026-05-08,17.074032,f25a1909-b1f5-354d-9179-29694f6ccd7b0794803399
2111daa9-5dbb-36aa-b675-efab46559d5d,2026-05-08,4.522936,93fc0a2e-adf6-3b5c-a38a-8aaf0af2466c8463812397
21e18788-026e-37c1-9a0a-259c58a0fc50,2026-05-08,41.588614,6825bc20-32f9-371b-b653-a8454dd0cf4e9794303102
2269fc50-2d42-3349-9d12-3bc08569d8ae,2026-05-08,12.798584,5bedbf8e-359c-38f3-981e-a44c610ee0489536718275
28cba5c0-c834-3c34-900a-9d6772fd9c30,2026-05-08,22.108712,1233b0a6-550e-3390-88ce-2a21eefafe917625072302
29513ef6-a0f9-30aa-b2a3-e67dd9c50f2d,2026-05-08,24.497851,4763c9d2-d480-368f-84c3-63cf0c346e577347437891
2bf4e90b-5fb4-3eb6-92bd-c21ab46e7639,2026-05-08,12.079047,4835e147-ad32-3a9a-b1c1-4116ab8c15bf1573038869
2fd79494-a377-3a29-a882-b11802cfee0c,2026-05-08,7.387133,e50f86b5-d7cd-3a80-a5b4-78c659980b001758781599
32da1b1b-0d42-3b01-a03e-3891e0cc9afd,2026-05-08,10.666409,0caf4254-2a36-3012-a39e-da6c7dc35c289481483767
33a96067-0e23-3bf3-8d10-cbec5a261a65,2026-05-08,22.676613,4d63f0d2-85ca-3a28-b715-4147577bedb24364586828
363a066c-58b6-3bcf-a7b0-e9729a735ba7,2026-05-08,35.052428,29527eb9-d544-35c2-b9f1-bb262cf6b4159824252521
36f0982a-ff58-3c66-9847-439d640e7d96,2026-05-08,46.63963,50b96d70-0ca5-3d4f-bdec-3c9a5b48f6100810857519
3980a3b0-7169-37c1-ba12-f7547a8e9e3b,2026-05-08,0.406332,12d66d5c-7532-38c8-893b-c6806919a6290164081510
3ab4ce54-3bfa-3a09-8624-c69a02d77632,2026-05-08,1.174914,776a90be-9929-3c47-9f5d-5f73f58824c60497278972
3fe600f0-c808-3676-90fe-909ea8b83ca6,2026-05-08,5.671236,89445095-871b-3498-be52-e63f6b0e774b5355986831
423348ca-0838-3372-a616-b4cda0468666,2026-05-08,4.825688,c36a6f4f-bea8-35b0-b824-2c970e256ac26805083472
434188a4-f9da-364f-a6dc-53072f0ec1b3,2026-05-08,19.343627,e25f63b1-614b-3240-9c58-803a43e9bb435024428155
43538921-75c3-3004-917b-51c3d8e2a3a6,2026-05-08,57.857734,e213be6c-e983-37d3-b47d-03cfedb25b867590845836
43cc96db-6d25-3ad3-9163-10247bdd66bf,2026-05-08,17.867123,9eddeeed-8808-33dc-9ba2-905a79c87f321161343299
48a891ca-8770-3a95-9414-af5bad034e5a,2026-05-08,6.662877,6a2b2b4f-b163-3211-9417-7ab21b779b6e4168236426
4a7af055-4d5f-39bf-b0a0-3e957abd6b60,2026-05-08,27.079371,2d350fdb-0d58-3f71-94bc-a8c8ac08ee913457245518
4b3616f0-ccf1-31e3-810e-f668c2042b23,2026-05-08,23.795827,b68e0cee-582f-3f61-89e5-ca032d2062073327596356
4c8688bb-e063-39d5-af44-f884b8b1b22f,2026-05-08,89.518276,74ba4416-00a1-3f9b-8c10-30d3118fa7ce7583046913
4c9d57d4-cc8e-3ffa-a7a2-954c71ef5235,2026-05-08,28.575168,10cf198f-ca0e-3ab3-a33e-629868eaf1657063863282
4d8e0306-9402-312c-8735-520e75542ddf,2026-05-08,12.759442,fc890f93-7094-3cdc-9c17-a9bca9d2149d3600693627
4f630062-21f6-3266-9acd-c0827dbf5c05,2026-05-08,8.516733,8f29efaf-4f24-3d15-82d5-2fc874ce981c6011993181
509c1fe7-94b1-311d-9fd0-979b350e4d61,2026-05-08,86.996301,beeb8cb8-6b14-3b16-b8ec-735f810410575059189611
5113b093-acec-3c38-870f-b61a2dd6b880,2026-05-08,77.199975,6de2df31-0e47-37b7-af92-4257cf86aa933125819112
5498a54c-7cf2-3cbb-85d5-1078aa3be4a7,2026-05-08,21.248551,7f2eff44-b501-3d88-8b7a-bc0819c1cbd05256736696
54de7dbc-3f9b-3702-b677-fee85da6201d,2026-05-08,4.574834,d44e39e8-4f08-3623-986b-2646518072bf1207235870
55ad8c29-20dc-320f-8c21-ac3dfd7685ea,2026-05-08,39.592872,59813d11-bc16-3001-915e-9a9eff70c57f6619407622
55b0607e-f635-348a-bc83-f4e52515b7ec,2026-05-08,15.832461,118c8a35-e628-36a2-8499-91a87fa954ea9600440361
5656dbc0-5497-3227-a829-fd8eb574450e,2026-05-08,19.990659,a203c081-9992-358a-b291-2006588558ba6822670837
56ab4ff8-d4a1-314d-82eb-cc5055b8d77c,2026-05-08,24.37092,95b986e2-fb52-3222-9a4d-94390d8daa468577144310
57437979-1053-38bc-8abf-3f9eba7ffc49,2026-05-08,21.058285,66cc36c9-6f31-3eff-8201-8a0a7f0bd59a0688159859
57d3f142-33f4-308b-ae84-b183cc99db1b,2026-05-08,18.96516,3347c53c-2e52-3fd7-91f9-f73a7872e66a1890146135
591e07f6-72df-366d-a512-d5ee900f7c15,2026-05-08,32.752881,abb3cf38-3fad-3baa-af44-c9b4d24608456857996865
5a91fc01-e54a-36cc-b759-44260109d8b8,2026-05-08,2.648657,1356d797-66bc-3a72-b11f-7b3084dc9d272348624974
5b4c7154-ad7e-3526-aa3c-45e89d71e721,2026-05-08,135.575134,a5074e62-50d5-364b-aeef-675c60c2ee493068298762
5de859d5-b06b-3878-b7f0-64c4e91191df,2026-05-08,4.767392,865e99a1-718b-338b-80ab-7bdcf6c522a91536159266
5f76ba6d-1bf0-3e51-b2e4-3a6d19bc39b9,2026-05-08,28.840504,c708bc56-c900-3691-a10c-994bfde2114d0282457351
5fa5d9c4-22b7-39f7-a3b2-d521ea60b47b,2026-05-08,9.750947,ab4ba1b3-b598-3bfb-8df0-768a0df60d506177714931
68b45261-85be-3d03-a069-5aa6ffe8e8ca,2026-05-08,66.360817,b6a7cc29-e0c8-36bf-9e06-ffc155431b242084275934
7254494c-fbeb-3dc4-80ee-30c6f6c22599,2026-05-08,21.689859,64848290-d9fb-3103-b306-a0129738ec0d3937403775
745d78f2-7f7a-3cdd-af4f-c4c3f0a18dbb,2026-05-08,56.792091,f1df5283-191c-30dd-b238-da858232e5d08985022611
74cd4f7c-116b-3316-bf7f-eb46458694da,2026-05-08,68.405982,755c3974-2d2b-3242-8001-42f3d96983649032632994
760b65eb-45d9-332e-bbdd-15ad2c3223bc,2026-05-08,25.950555,4050495a-d74a-3f1b-b29d-db93ba2a71c15767916558
7825a025-23b9-3955-84e6-3a54c38e86e4,2026-05-08,27.129022,944aa6d5-032b-30c6-b177-dba1d9d44f1a2385396646
79874361-3477-38db-9fbd-fc39d1713d69,2026-05-08,16.863369,241900d5-f58b-3b3f-8abc-638d1ad78e024760008737
7fb6ff11-be82-30ff-ad1d-e44ada4f46db,2026-05-08,10.649308,44965c11-796e-3e8c-b92a-222141e2d34e4076630863
7feb497b-3ee8-39fa-9cfd-72a898f4cf47,2026-05-08,11.925924,90e6638a-edc1-308e-9f27-d8a3719440025129345869
812c22d3-3843-3385-aa3b-aa8ae91b882a,2026-05-08,25.22095,e7cb4203-d63e-3d55-86b1-e2f3868974688509958032
84851a10-43f1-3fc8-a358-06f529f15c33,2026-05-08,39.056816,209d6b5c-3879-3f87-9eb1-228cd3cf4edd0737879839
84f354b1-00ae-34ba-b443-ccd2efee613c,2026-05-08,12.668121,8a14f25e-1645-3406-a19d-b9806ef569954307313451
85cb1e88-d121-35a6-a362-3cdc80917d44,2026-05-08,344.742282,1671f2df-523c-3e25-a845-e2ad655275ec3253687227
87ab0257-a9f6-3705-89f8-f63b9b8f2b0c,2026-05-08,22.256041,dd1dde98-5502-3952-90fe-dc66f816ed747906535428
8c272368-ac0c-3bc7-9568-cfbb26f8e749,2026-05-08,7.527179,9ef76979-dca8-3c79-9b0c-a7e5b98cc4183178708115
8ca30a12-e5f4-3017-8037-1616e9ddbb5b,2026-05-08,5.893611,d980087a-73cd-3a85-914f-0dbeb6da2ff07929331557
929f777a-b8ac-3e16-8d77-e8ac77fd282c,2026-05-08,3.704685,1ffd69db-4324-35d3-bc6b-b90daffa00c05540448447
9317e817-504a-35a4-b7c3-68e90b432c45,2026-05-08,21.127078,bd68d9fe-0c5e-3648-8a84-d7649dbc11df2315333603
949ebf54-2340-343d-959a-0f34372577da,2026-05-08,37.109223,181570ff-51a4-3333-82ec-c322cfc915d01750361380
956008d9-c7c8-3450-a799-ccd802fc2078,2026-05-08,56.224248,ac8597c6-2e0c-3fce-bd96-0eeae07b92825791469057
960a5c04-f3ef-340c-af8a-48e88045ac24,2026-05-08,36.716849,485a6ee1-26d8-3d41-bd32-a72421af1a296123003165
9661bcb6-dd62-3576-b8b0-049874fff3a1,2026-05-08,4.348968,a765656c-b5ea-38d3-b817-93751b0015257870386126
96739dc1-9e37-3b11-8e79-e0a5a57062a1,2026-05-08,81.069076,7b60b05a-7946-3efd-a3a0-0ada59de74070619321536
96be8df1-0628-3c17-acd8-50a096438ea0,2026-05-08,24.080827,7b8d6a5a-3256-3096-8208-171b7eaab4737311108557
9c2b569e-d3f4-3c78-a57e-4d73687d2dc2,2026-05-08,72.350741,bcf6894a-0424-3665-b520-2c34eeac116f1861409402
9f556308-7e5a-375c-8130-c6284c3c5d5c,2026-05-08,16.216523,24110268-df67-321e-9581-bd29f27ea3618160468027
a0f95e73-3897-3dcc-9f5c-faad41b5219c,2026-05-08,72.015667,58b12641-aa5e-3c6d-97a0-f417dd0a469c4411625778
a12779cf-ff75-376e-9cb4-73e937a3c164,2026-05-08,40.322823,ba19c2fb-8246-3ab8-b894-67973ae2268a8549866658
a3f48154-490b-350b-9f4e-74835b5aaaae,2026-05-08,11.951007,95ed8b8c-c59c-372a-b31e-6543997b82d74860620288
a5068583-4849-35ce-900f-e2ce7f309840,2026-05-08,25.488689,ccacfe15-f7bf-3c92-9308-98112a74aa440314647208
a513bb7e-87ac-35cd-b4a2-6d23427bd2fa,2026-05-08,4.065363,481dceb1-1678-3a7e-b288-d7e2bf0c062a7786339993
ae5f3d2e-f527-359d-8bcf-846f320f8e57,2026-05-08,12.077041,22f94015-ff23-3150-ae0f-9ef0bb188a207912060816
af15418c-707a-3e54-a465-034a3b570a96,2026-05-08,22.237319,89b93f60-7af8-31b9-aacf-45885de7f2069142372275
af753398-35e3-3c49-a7bb-31e2830197f3,2026-05-08,15.981314,b00ef48c-948b-3854-a6bb-ed2ca37487540169593901
b08b0516-052f-31ca-baee-415f1e9f6c1d,2026-05-08,17.249646,8eb78258-dbd8-30ca-8e2f-f57e8806b9340333593055
b1d22b60-1492-37de-a246-db25e91bfb1f,2026-05-08,16.298162,ba855984-6afa-3f25-82a9-033558199c9b4291338588
b571b5d8-c91f-3776-86bd-22c88c5580c2,2026-05-08,36.841625,afafa873-61a8-38e0-8977-cd70cd270f449777286253
b7f8d590-1a7d-3745-82cc-9e0c966c6306,2026-05-08,6.41402,65f0ec49-73ce-37cb-a381-28e7217750090455003993
bce50849-a0e7-3f2b-b22a-24ed60440705,2026-05-08,17.887945,ecbe8abc-16bb-3af7-8cf1-b6d262d3f9915691766209
beb1d1c6-4fa9-36a8-a06f-1dc58ab74161,2026-05-08,10.197467,69be3936-f12c-34ad-b6bc-7a9f397f7d580253357983
c039e4c8-9c3b-3ae3-a2e7-b54c85d2cac7,2026-05-08,78.741468,ef0e0898-3920-39d5-9050-8c57b5cbcd1c9155184466
c0f8ab9f-4b7b-3f4f-b576-f80ad3cb5399,2026-05-08,27.008408,ae6fce59-c426-3691-b4cc-2e7f01a5433a0719674315
c3811eff-eb0f-3e83-943e-18b5d09919e4,2026-05-08,21.023987,b38c4c71-2ecc-3478-967b-30176508f2a82808970508
c3f4e978-22c4-3743-a4d7-8dc20df21654,2026-05-08,49.395758,08043945-b9cb-35c8-8007-ea153d9880273125348988
c4b4c934-c94d-3170-bd1b-d7737b2ab490,2026-05-08,9.153179,ddfedfb4-a197-3bc5-b5b9-3413d396c9d18520739647
c7599875-d64e-3ef2-8a6a-a218c4c24bfa,2026-05-08,11.59032,4acd48f6-3379-3b71-a45f-8ba6aad527457333951563
c822da7e-5c87-391a-9bd0-9180e6eec541,2026-05-08,5.463792,daee146e-20b0-3b20-ac57-2cfa4b2a76189741106172
c8c964e3-6f43-33e9-8a11-e9eaf55933ba,2026-05-08,29.42404,db1bd750-5b46-3bea-9d82-c79a18a08d0d0806001910
caacaf00-76dc-3d35-955a-b0b7289c1497,2026-05-08,2.762161,5428bbad-02ec-3bbd-b559-a02cb4c2701a9853561586
cdcbe271-7336-35c3-a44f-1a90281b0857,2026-05-08,29.823736,cc4a0181-1f8b-3069-891f-8f8303116f410950083050
d16b7d90-92be-3869-95a7-7d511669811b,2026-05-08,15.53278,760b5b15-f871-3327-a1ef-e07e6f4cc11c2795438507
d320f92f-4cc3-395c-b6c7-3cb3c7cb3efe,2026-05-08,72.622461,db719257-f1df-3420-b485-acfb0da643a10140791541
d3c48311-d8dc-3e24-95dd-6d2bca767bff,2026-05-08,19.887947,84018d69-0a55-3d24-a877-97aaa31a46cf2815442486
d3d0b6a8-f422-3af5-a62e-826c20495095,2026-05-08,8.096454,9a1ea106-1b3c-358a-b321-05d0ef5590af7934449393
d6f76560-f2a1-3ae9-ab43-eaa1f2033306,2026-05-08,53.398081,df76341f-d9c1-31f1-a511-61e0bba9ac1a9330646801
d72106c4-021a-3b57-bf48-7b6f2c14df23,2026-05-08,9.350769,e7b18bc4-313f-33d3-ad46-7b5d777f74ca3565120826
d76f0b24-1370-3b6f-81fa-de61d93e7ebe,2026-05-08,5.492778,8bb85ae4-103e-305d-9e3e-d9c85ce4b4f27606140443
d85f6c3e-620f-3cc3-9005-9e1beefefdc6,2026-05-08,22.272615,7a3476cf-c702-35d8-ab2c-c3c41701130b3532848987
d86225ec-57c8-3039-9b73-5067e9668517,2026-05-08,1.384671,9befbbd8-c5ed-3abc-9d19-377736924de73675696583
d940c628-4e61-3954-9aee-1aa0a0b6e21f,2026-05-08,13.0195,cbf31122-ee58-37d2-a16f-5d8ff6fcc1cb8640751006
da8b7ad5-701e-38e4-af53-bcb52836386c,2026-05-08,16.07105,5a63d77e-0da6-3691-900f-f20d6593ab0a0016925614
dee4128a-2091-303c-8411-15401a64ec03,2026-05-08,90.918501,7d2de236-8dd1-333c-b3b2-c7d8bd4250cd6306917490
e059f4f2-66b1-346c-8a33-8c16446a8657,2026-05-08,29.657611,2a7ac4ba-1536-3186-93b2-a2c27853a79e9011911429
e0ab7ac6-23e5-3ce5-aef4-d9e2e575bb7a,2026-05-08,8.701362,36f25be1-e4a7-34ea-a4d5-d394fb2065cc2046082019
e1ec776a-9a69-3e5d-a0c5-33a9250b1f19,2026-05-08,9.61361,8dbe6882-1128-323e-98cf-6c6c8fd5be7d0079256300
e69f5e43-374e-3577-a194-03eca473eb86,2026-05-08,61.921484,b994cb0e-9aaf-3dbd-a0ab-315cc16c435c1107868581
e76bb8c7-e2ca-3a2e-96b4-7d3717dfbe06,2026-05-08,18.557732,e755d9a3-e083-3c09-8b82-e48bcb43e7f81851692813
ea133f80-908c-3a40-af86-f0745e517fd2,2026-05-08,36.59061,7111b6e6-9d33-3f84-ae08-89cafad819261967282058
ebbf605d-a94c-3f16-9ae0-5449c87f4002,2026-05-08,62.53984,c01d7453-03eb-38be-bc95-24391aa315144796657446
ed0a8ed8-2282-3fec-82db-fafd297cdb61,2026-05-08,11.929394,4e3099ad-3bc5-3b23-837d-8c897adc8c894362553996
eeaba3bd-0e65-3eff-80b8-bb415d1cdc89,2026-05-08,15.198076,6d3df8ea-2edd-3fc0-8f44-b14a5c9f858f7358431617
f02cc034-f8c6-39b7-afff-343b04ff2064,2026-05-08,13.257265,4a495ff6-34e1-3d8e-9177-445cdfd39d764430640857
f0699448-f713-378f-9e30-ac35b4b0ddbb,2026-05-08,23.671858,0fcce33d-eb23-3f5d-946b-53b6afe198987280446281
f166b497-832f-3b26-8149-b36820a1aebe,2026-05-08,4.552098,a7ce6c88-3186-35ed-a793-f40dc624f2bc4233811371
f28c27e1-116f-3bfa-87a3-a4aec05ef6ed,2026-05-08,21.923473,06747886-3cd5-3df7-b4e3-5300fd43ba8b6993791108
f55d8d9d-5df9-32e8-a43c-40e2d30fe83e,2026-05-08,20.292284,25ce49b4-0e30-37f6-83c9-8fdba57ec8554749707383
f5c21c69-5b03-320a-ae2e-2554aefff943,2026-05-08,52.950483,1733732a-abce-3040-96d5-89e43d8b44882339867108
f6d44ec5-a47a-3937-931c-9f8412b5fa88,2026-05-08,10.532109,6197876e-4ea6-3121-8a4b-12b6efea400a0240575023
fa146ea6-61c1-3eaf-b3b7-d79bd6e503ca,2026-05-08,9.824844,31c3893f-aa84-359f-a9a7-c4d51a001df11272461817
fbb84839-d7f2-363f-a497-68b74f2449f2,2026-05-08,27.716311,76b88c0d-830b-38ed-91c8-6b3757820cc05429571885
fccc0510-f20a-3f28-bf3c-66cfe9fa99d1,2026-05-08,23.715541,218810c6-5f55-31ef-942d-6b8f7944e4a79796581507
fe5c2831-6d72-3f57-b5da-21037ecbeb2f,2026-05-08,9.754624,caac5c39-53fe-3b0e-a941-3f0559293a333871484605
030041c0-f398-3572-9c7e-3edf3d9d2ea3,2026-05-11,6.398078,123b8640-546f-3146-aac1-b5e3a45883358031893487
0594d9cc-176f-3811-b8ff-1badba391ea1,2026-05-11,6.914393,7bf9e218-5646-3380-8098-8b14d617d4eb9836650145
0bd9c8a1-cf25-3dfe-9380-6143b1183f53,2026-05-11,68.126764,7ff7d9b9-eb8b-35f9-9265-8dd933d6e5f40824718437
0f7a9277-d005-30c0-8821-910389205cba,2026-05-11,19.523114,1498339f-636a-3ba6-8eaf-f82826cfc66b1703033271
1094d4eb-2c4b-3c82-bb41-36696a775289,2026-05-11,73.820682,8348db4d-a8ba-3dc8-b03d-3f8345e1ce081137124557
1176a69b-fd42-3989-9822-360026e942a4,2026-05-11,74.567897,4b6c12aa-31db-353f-9880-bcdca16d2c971125384531
15d19e1d-74b8-3948-867f-63a4a1188539,2026-05-11,38.063432,3a0da385-e669-30df-8f17-ee93aea6a3a63054977077
17e9c47e-62ba-33a6-96e1-95ad3c636d22,2026-05-11,85.769908,77974123-fa35-3834-90f5-d19a2e752e979650064655
18d39ce1-5a60-3a9e-9621-bfa693409e77,2026-05-11,5.16566,136386ac-0d76-3f46-b05e-ad2dc8a2fa238045910511
1b3fb613-cf66-3fd2-9f95-ff50109c0acd,2026-05-11,96.736093,1fa2f8d6-f706-3946-b03f-934a353439d71816307632
1eae9205-92f7-36a7-94c5-cb082b3e7211,2026-05-11,25.740316,dd4f2862-ad2c-38c4-98b8-9dfedc77a2173206733718
2111daa9-5dbb-36aa-b675-efab46559d5d,2026-05-11,7.083264,93fc0a2e-adf6-3b5c-a38a-8aaf0af2466c8463812397
2269fc50-2d42-3349-9d12-3bc08569d8ae,2026-05-11,21.301802,5bedbf8e-359c-38f3-981e-a44c610ee0489536718275
28cba5c0-c834-3c34-900a-9d6772fd9c30,2026-05-11,20.169895,1233b0a6-550e-3390-88ce-2a21eefafe917625072302
29513ef6-a0f9-30aa-b2a3-e67dd9c50f2d,2026-05-11,22.963167,4763c9d2-d480-368f-84c3-63cf0c346e577347437891
2b3c346c-5f49-3232-be35-3443261527b0,2026-05-11,8.04958,e6538295-3b6e-3154-9420-ec45501d20ae5856219597
2bf4e90b-5fb4-3eb6-92bd-c21ab46e7639,2026-05-11,5.729805,4835e147-ad32-3a9a-b1c1-4116ab8c15bf1573038869
2fdf5375-31c8-3c6a-9cf3-12465dbec4a5,2026-05-11,12.554897,fd3e2044-7bf6-3813-acab-9043d4cbda0b6568880041
323a2cac-7231-3d1b-90b0-babcb0cf55ba,2026-05-11,15.369155,6110ae57-4fb0-3294-9c39-0fdab85c823b7854159322
3615a797-2def-32a3-a0ae-3a6e8eccf080,2026-05-11,25.949595,edfa21ff-76b9-3113-8d97-a175f873fb244866321730
363a066c-58b6-3bcf-a7b0-e9729a735ba7,2026-05-11,39.436875,29527eb9-d544-35c2-b9f1-bb262cf6b4159824252521
36f0982a-ff58-3c66-9847-439d640e7d96,2026-05-11,70.448911,50b96d70-0ca5-3d4f-bdec-3c9a5b48f6100810857519
41219c74-897b-3ca9-87e5-43da9041ddd3,2026-05-11,50.904922,fbfd204b-197f-3c6c-95b1-4733172f5fca0533189354
423348ca-0838-3372-a616-b4cda0468666,2026-05-11,9.150828,c36a6f4f-bea8-35b0-b824-2c970e256ac26805083472
4333cd5c-141e-38a1-af2a-a7df714feddb,2026-05-11,20.696842,3c3bc593-75a7-3bce-b04f-0d15bea76c784217531826
434188a4-f9da-364f-a6dc-53072f0ec1b3,2026-05-11,27.793074,e25f63b1-614b-3240-9c58-803a43e9bb435024428155
48a891ca-8770-3a95-9414-af5bad034e5a,2026-05-11,13.224767,6a2b2b4f-b163-3211-9417-7ab21b779b6e4168236426
4a7af055-4d5f-39bf-b0a0-3e957abd6b60,2026-05-11,14.891989,2d350fdb-0d58-3f71-94bc-a8c8ac08ee913457245518
4c9d57d4-cc8e-3ffa-a7a2-954c71ef5235,2026-05-11,74.612838,10cf198f-ca0e-3ab3-a33e-629868eaf1657063863282
4d8e0306-9402-312c-8735-520e75542ddf,2026-05-11,10.892902,fc890f93-7094-3cdc-9c17-a9bca9d2149d3600693627
4f630062-21f6-3266-9acd-c0827dbf5c05,2026-05-11,20.523696,8f29efaf-4f24-3d15-82d5-2fc874ce981c6011993181
509c1fe7-94b1-311d-9fd0-979b350e4d61,2026-05-11,79.705563,beeb8cb8-6b14-3b16-b8ec-735f810410575059189611
50be9c42-1c4b-3493-a07c-ffe59fd8491c,2026-05-11,63.378044,edb658c0-31b6-337f-a557-ae881cfe96142560471597
5113b093-acec-3c38-870f-b61a2dd6b880,2026-05-11,89.079086,6de2df31-0e47-37b7-af92-4257cf86aa933125819112
524da203-40d7-33a6-8ab6-b21a0cef3c58,2026-05-11,21.67686,4b414f3b-b1d8-3f11-b80f-a4ce6c6d7a4c9655939769
5498a54c-7cf2-3cbb-85d5-1078aa3be4a7,2026-05-11,17.142898,7f2eff44-b501-3d88-8b7a-bc0819c1cbd05256736696
54de7dbc-3f9b-3702-b677-fee85da6201d,2026-05-11,8.136173,d44e39e8-4f08-3623-986b-2646518072bf1207235870
55ad8c29-20dc-320f-8c21-ac3dfd7685ea,2026-05-11,47.738979,59813d11-bc16-3001-915e-9a9eff70c57f6619407622
56ab4ff8-d4a1-314d-82eb-cc5055b8d77c,2026-05-11,21.140952,95b986e2-fb52-3222-9a4d-94390d8daa468577144310
57437979-1053-38bc-8abf-3f9eba7ffc49,2026-05-11,35.270655,66cc36c9-6f31-3eff-8201-8a0a7f0bd59a0688159859
591e07f6-72df-366d-a512-d5ee900f7c15,2026-05-11,32.366142,abb3cf38-3fad-3baa-af44-c9b4d24608456857996865
5a91fc01-e54a-36cc-b759-44260109d8b8,2026-05-11,1.102675,1356d797-66bc-3a72-b11f-7b3084dc9d272348624974
5b4c7154-ad7e-3526-aa3c-45e89d71e721,2026-05-11,112.967101,a5074e62-50d5-364b-aeef-675c60c2ee493068298762
5cb2e039-2dc8-3bad-9d23-4bfddc143afe,2026-05-11,26.298546,8a29b19a-f05e-35e9-8df7-d99b28bf8a8d3280431943
5d21d7da-3e33-3ab4-99ef-3ca2c2ff2c69,2026-05-11,13.818912,b03fc426-da51-3e1c-aa77-6b918bff0e513877121931
5fa5d9c4-22b7-39f7-a3b2-d521ea60b47b,2026-05-11,11.727486,ab4ba1b3-b598-3bfb-8df0-768a0df60d506177714931
6001b0b7-96fc-3fe1-aef1-329c8e2f62ce,2026-05-11,16.110187,6e29cd08-5d8b-32dd-baf0-fc5123d964c69692072979
68b45261-85be-3d03-a069-5aa6ffe8e8ca,2026-05-11,33.128369,b6a7cc29-e0c8-36bf-9e06-ffc155431b242084275934
6c21f96e-4015-302f-a95a-0918b22b3ad8,2026-05-11,1.698779,2083bc7f-bc65-3533-b831-de38c4ce41a85705530326
6e8a1cb9-329d-3c5e-8d21-4c46a734d1e9,2026-05-11,29.886169,b038cfcb-9c1e-3cde-8676-1be4c1366b8b3024374020
6ff1e3af-80cd-3580-af93-50f7bd0850de,2026-05-11,76.475816,91249c16-1b17-3b54-bcbc-72eb78203b437086588475
745d78f2-7f7a-3cdd-af4f-c4c3f0a18dbb,2026-05-11,39.860142,f1df5283-191c-30dd-b238-da858232e5d08985022611
75c008ab-9d95-3b45-b06c-1ba571bc7895,2026-05-11,9.141393,ec573df9-2361-3e56-a35c-cf369728a6f02624538703
760b65eb-45d9-332e-bbdd-15ad2c3223bc,2026-05-11,24.794172,4050495a-d74a-3f1b-b29d-db93ba2a71c15767916558
7a7af6a0-86f2-31f0-bb17-7e3d8de4ba8a,2026-05-11,12.373807,122c429d-4933-3ed3-8c02-852801f2503e6499333998
7a81ce3b-6d3e-3961-8d22-eadf3f5ec0bc,2026-05-11,12.609892,d3e55948-76d9-3a03-928c-dedc44e782891389752743
7fb6ff11-be82-30ff-ad1d-e44ada4f46db,2026-05-11,19.274344,44965c11-796e-3e8c-b92a-222141e2d34e4076630863
812c22d3-3843-3385-aa3b-aa8ae91b882a,2026-05-11,14.385596,e7cb4203-d63e-3d55-86b1-e2f3868974688509958032
82a48b8e-4fa5-3f42-857c-71fbe24937aa,2026-05-11,10.811435,78999b98-2dd1-3379-978c-e2474a4a43306995668347
834aa49a-5a2a-30db-8385-ad60aed26cd7,2026-05-11,51.722191,4b2f77f6-8ea8-3f4d-8688-fe485e1dd22d6927009123
83ac466b-0a2c-3b9f-bc16-cc1733598dc1,2026-05-11,49.810763,fbb1458a-bb03-3a59-81a7-c4bfa04cd8482348091600
84851a10-43f1-3fc8-a358-06f529f15c33,2026-05-11,59.909837,209d6b5c-3879-3f87-9eb1-228cd3cf4edd0737879839
84dcbd6d-e273-316b-8912-4ed74ff8a9be,2026-05-11,38.163987,a26b9066-44c7-31c3-b9fa-04e255b439490462824831
84f354b1-00ae-34ba-b443-ccd2efee613c,2026-05-11,4.344223,8a14f25e-1645-3406-a19d-b9806ef569954307313451
85cb1e88-d121-35a6-a362-3cdc80917d44,2026-05-11,560.122419,1671f2df-523c-3e25-a845-e2ad655275ec3253687227
87ab0257-a9f6-3705-89f8-f63b9b8f2b0c,2026-05-11,32.968178,dd1dde98-5502-3952-90fe-dc66f816ed747906535428
8c272368-ac0c-3bc7-9568-cfbb26f8e749,2026-05-11,15.968754,9ef76979-dca8-3c79-9b0c-a7e5b98cc4183178708115
8c2e2c06-5c7a-359a-8e69-0efdfb7e79bb,2026-05-11,34.359466,02b8249b-d351-36b0-8f66-387e9b5ecd765409838852
8ca30a12-e5f4-3017-8037-1616e9ddbb5b,2026-05-11,6.83986,d980087a-73cd-3a85-914f-0dbeb6da2ff07929331557
8dc72d59-3896-3d24-a51b-3a8a9e1c6713,2026-05-11,37.336439,2bb55a33-fdd0-39b0-8fa8-bf8f9e9997f59421453150
911d2093-d19c-3f31-815c-a2815fcd3901,2026-05-11,164.374623,f08546be-1bd1-3bd9-a186-1ac364a028663840464235
929f777a-b8ac-3e16-8d77-e8ac77fd282c,2026-05-11,5.361349,1ffd69db-4324-35d3-bc6b-b90daffa00c05540448447
92de990d-30ce-38da-ad78-86a4a56c065b,2026-05-11,10.732043,5a8242fb-5aa7-3d5b-ac68-21ea53c5f9e87894148187
9317e817-504a-35a4-b7c3-68e90b432c45,2026-05-11,21.894518,bd68d9fe-0c5e-3648-8a84-d7649dbc11df2315333603
956008d9-c7c8-3450-a799-ccd802fc2078,2026-05-11,68.807665,ac8597c6-2e0c-3fce-bd96-0eeae07b92825791469057
960a5c04-f3ef-340c-af8a-48e88045ac24,2026-05-11,30.323678,485a6ee1-26d8-3d41-bd32-a72421af1a296123003165
9661bcb6-dd62-3576-b8b0-049874fff3a1,2026-05-11,4.00449,a765656c-b5ea-38d3-b817-93751b0015257870386126
96739dc1-9e37-3b11-8e79-e0a5a57062a1,2026-05-11,60.241501,7b60b05a-7946-3efd-a3a0-0ada59de74070619321536
96be8df1-0628-3c17-acd8-50a096438ea0,2026-05-11,19.659948,7b8d6a5a-3256-3096-8208-171b7eaab4737311108557
98b357c6-e458-3b53-bc66-c80eb105e3cf,2026-05-11,12.021764,6b5a4bec-b45d-3f6f-a9b0-769861cf16bd1539781265
9bddd6f0-dd41-333e-aac7-f757b18ea2aa,2026-05-11,17.186158,c6545cb9-33df-373c-8ac9-ce43225c9d986458695776
9f556308-7e5a-375c-8130-c6284c3c5d5c,2026-05-11,16.389816,24110268-df67-321e-9581-bd29f27ea3618160468027
a06461db-ef00-3481-9827-c829471e7245,2026-05-11,4.849936,5511d59c-db31-37fb-8790-ae49b8ec4ba25737611269
a0f95e73-3897-3dcc-9f5c-faad41b5219c,2026-05-11,107.922612,58b12641-aa5e-3c6d-97a0-f417dd0a469c4411625778
a12779cf-ff75-376e-9cb4-73e937a3c164,2026-05-11,26.390102,ba19c2fb-8246-3ab8-b894-67973ae2268a8549866658
a5068583-4849-35ce-900f-e2ce7f309840,2026-05-11,19.069715,ccacfe15-f7bf-3c92-9308-98112a74aa440314647208
a513bb7e-87ac-35cd-b4a2-6d23427bd2fa,2026-05-11,15.450598,481dceb1-1678-3a7e-b288-d7e2bf0c062a7786339993
a67cec0f-eda0-3d47-af0e-2bd3262a8cf9,2026-05-11,14.850754,edd1002d-960d-3956-8ea2-8ffafe4e3f780323661523
ab5f37ff-9008-3c2a-a32b-c29632f4ea67,2026-05-11,2.689458,0d40eb23-7edb-3787-8cb8-7b09de3075fc1665666263
ac429fef-9e6b-3e26-a5ea-3122c166230c,2026-05-11,44.927609,81f224a7-cb42-3ee9-9103-e81fcc20756c3353013338
ad759908-6038-3c75-a6b2-7fd42a8a03f7,2026-05-11,15.00112,2ad373ae-0c89-3393-8c68-e3126543594f3130901658
ae5f3d2e-f527-359d-8bcf-846f320f8e57,2026-05-11,17.14806,22f94015-ff23-3150-ae0f-9ef0bb188a207912060816
af15418c-707a-3e54-a465-034a3b570a96,2026-05-11,21.868293,89b93f60-7af8-31b9-aacf-45885de7f2069142372275
af753398-35e3-3c49-a7bb-31e2830197f3,2026-05-11,19.176866,b00ef48c-948b-3854-a6bb-ed2ca37487540169593901
b1d22b60-1492-37de-a246-db25e91bfb1f,2026-05-11,31.658694,ba855984-6afa-3f25-82a9-033558199c9b4291338588
b20c7e06-4ac3-32d4-be1f-8d8ca043e124,2026-05-11,28.02324,650b165d-6706-35fc-bfd9-fcbb4c66d7bc6712610403
b571b5d8-c91f-3776-86bd-22c88c5580c2,2026-05-11,37.604655,afafa873-61a8-38e0-8977-cd70cd270f449777286253
b5b7bbb0-1312-34a4-8934-10fe49cea8ed,2026-05-11,32.333326,c1179ffe-16b5-3808-a61b-c697ad5655cd0958447347
bce50849-a0e7-3f2b-b22a-24ed60440705,2026-05-11,7.38371,ecbe8abc-16bb-3af7-8cf1-b6d262d3f9915691766209
bf5e2c07-ebd1-3aab-ae92-933140999b06,2026-05-11,13.236258,e12f9949-3428-338b-a05b-b980386cf9872350056648
c0f8ab9f-4b7b-3f4f-b576-f80ad3cb5399,2026-05-11,16.409987,ae6fce59-c426-3691-b4cc-2e7f01a5433a0719674315
c4b4c934-c94d-3170-bd1b-d7737b2ab490,2026-05-11,7.452317,ddfedfb4-a197-3bc5-b5b9-3413d396c9d18520739647
c6c1b9c0-072d-3dbf-accc-4c8643cc0c4a,2026-05-11,35.811807,8e833220-412d-3626-aef6-f1d8e255b8961584029669
c7599875-d64e-3ef2-8a6a-a218c4c24bfa,2026-05-11,4.381567,4acd48f6-3379-3b71-a45f-8ba6aad527457333951563
c8c964e3-6f43-33e9-8a11-e9eaf55933ba,2026-05-11,37.085262,db1bd750-5b46-3bea-9d82-c79a18a08d0d0806001910
caacaf00-76dc-3d35-955a-b0b7289c1497,2026-05-11,6.429886,5428bbad-02ec-3bbd-b559-a02cb4c2701a9853561586
cdcbe271-7336-35c3-a44f-1a90281b0857,2026-05-11,21.625682,cc4a0181-1f8b-3069-891f-8f8303116f410950083050
ce7a22b8-f3c0-3690-acac-8b5a7bf4c798,2026-05-11,20.028817,75a3be66-cc33-35b3-aa17-355486d71eeb4926576029
d098b8be-5fd2-3aaf-b08a-03443b43e413,2026-05-11,18.102094,ebfca532-8531-3093-b085-d9b06d8a505a5090987086
d16b7d90-92be-3869-95a7-7d511669811b,2026-05-11,14.747105,760b5b15-f871-3327-a1ef-e07e6f4cc11c2795438507
d320f92f-4cc3-395c-b6c7-3cb3c7cb3efe,2026-05-11,51.190646,db719257-f1df-3420-b485-acfb0da643a10140791541
d3c48311-d8dc-3e24-95dd-6d2bca767bff,2026-05-11,20.739624,84018d69-0a55-3d24-a877-97aaa31a46cf2815442486
d3d0b6a8-f422-3af5-a62e-826c20495095,2026-05-11,19.017971,9a1ea106-1b3c-358a-b321-05d0ef5590af7934449393
d72106c4-021a-3b57-bf48-7b6f2c14df23,2026-05-11,8.821774,e7b18bc4-313f-33d3-ad46-7b5d777f74ca3565120826
d834b72d-c2cc-391e-8a0c-c3f147eeb522,2026-05-11,24.665354,62331e5f-4437-3168-b6e9-aa00c1ae49235115900219
d85f6c3e-620f-3cc3-9005-9e1beefefdc6,2026-05-11,22.178775,7a3476cf-c702-35d8-ab2c-c3c41701130b3532848987
d86225ec-57c8-3039-9b73-5067e9668517,2026-05-11,2.622641,9befbbd8-c5ed-3abc-9d19-377736924de73675696583
da8b7ad5-701e-38e4-af53-bcb52836386c,2026-05-11,8.955657,5a63d77e-0da6-3691-900f-f20d6593ab0a0016925614
de0bc8c0-4447-382c-b7c7-ce385510a49b,2026-05-11,64.45722,8d66b14e-bf47-35e5-b800-b55ca34760cf6094204743
dee4128a-2091-303c-8411-15401a64ec03,2026-05-11,87.151631,7d2de236-8dd1-333c-b3b2-c7d8bd4250cd6306917490
e059f4f2-66b1-346c-8a33-8c16446a8657,2026-05-11,33.470089,2a7ac4ba-1536-3186-93b2-a2c27853a79e9011911429
e0ab7ac6-23e5-3ce5-aef4-d9e2e575bb7a,2026-05-11,5.016976,36f25be1-e4a7-34ea-a4d5-d394fb2065cc2046082019
e1ec776a-9a69-3e5d-a0c5-33a9250b1f19,2026-05-11,6.856395,8dbe6882-1128-323e-98cf-6c6c8fd5be7d0079256300
e402d019-6155-3bff-9228-4911ea446777,2026-05-11,103.108295,d454160e-2dc7-3ac7-86b9-e72c34ef16312394849607
e41ed1fc-302f-351c-8dbd-1ccac5078a09,2026-05-11,35.110122,4a944e09-e32f-36d7-b5a4-e211ca471f446730403642
ea133f80-908c-3a40-af86-f0745e517fd2,2026-05-11,56.235265,7111b6e6-9d33-3f84-ae08-89cafad819261967282058
ebbf605d-a94c-3f16-9ae0-5449c87f4002,2026-05-11,45.585517,c01d7453-03eb-38be-bc95-24391aa315144796657446
ed0a8ed8-2282-3fec-82db-fafd297cdb61,2026-05-11,7.94797,4e3099ad-3bc5-3b23-837d-8c897adc8c894362553996
eeaba3bd-0e65-3eff-80b8-bb415d1cdc89,2026-05-11,20.341425,6d3df8ea-2edd-3fc0-8f44-b14a5c9f858f7358431617
f02cc034-f8c6-39b7-afff-343b04ff2064,2026-05-11,14.797239,4a495ff6-34e1-3d8e-9177-445cdfd39d764430640857
f0699448-f713-378f-9e30-ac35b4b0ddbb,2026-05-11,23.851454,0fcce33d-eb23-3f5d-946b-53b6afe198987280446281
f166b497-832f-3b26-8149-b36820a1aebe,2026-05-11,4.188104,a7ce6c88-3186-35ed-a793-f40dc624f2bc4233811371
f55d8d9d-5df9-32e8-a43c-40e2d30fe83e,2026-05-11,17.182792,25ce49b4-0e30-37f6-83c9-8fdba57ec8554749707383
f5a2ffe8-63a0-3fe0-82d0-e2780d9d29dc,2026-05-11,37.482874,33dd9c10-10b1-32fe-be4f-7be1047c9ed36643760194
f6d44ec5-a47a-3937-931c-9f8412b5fa88,2026-05-11,9.995895,6197876e-4ea6-3121-8a4b-12b6efea400a0240575023
fbb84839-d7f2-363f-a497-68b74f2449f2,2026-05-11,18.727007,76b88c0d-830b-38ed-91c8-6b3757820cc05429571885
fccc0510-f20a-3f28-bf3c-66cfe9fa99d1,2026-05-11,17.063631,218810c6-5f55-31ef-942d-6b8f7944e4a79796581507
fe5c2831-6d72-3f57-b5da-21037ecbeb2f,2026-05-11,7.158476,caac5c39-53fe-3b0e-a941-3f0559293a333871484605
030041c0-f398-3572-9c7e-3edf3d9d2ea3,2026-05-12,14.973413,123b8640-546f-3146-aac1-b5e3a45883358031893487
04f49ac6-5f35-3df9-b623-c026f24561e1,2026-05-12,63.538695,4ccf4637-f73f-3ea2-bd9d-89cd0876527e2011240689
0bd9c8a1-cf25-3dfe-9380-6143b1183f53,2026-05-12,48.417486,7ff7d9b9-eb8b-35f9-9265-8dd933d6e5f40824718437
0f7a9277-d005-30c0-8821-910389205cba,2026-05-12,29.937652,1498339f-636a-3ba6-8eaf-f82826cfc66b1703033271
103be95c-0738-36fc-9aca-d07b1504909a,2026-05-12,100.712904,288d8971-0036-3b38-be44-cdab7d647fa95424134206
1094d4eb-2c4b-3c82-bb41-36696a775289,2026-05-12,71.02216,8348db4d-a8ba-3dc8-b03d-3f8345e1ce081137124557
1176a69b-fd42-3989-9822-360026e942a4,2026-05-12,65.106996,4b6c12aa-31db-353f-9880-bcdca16d2c971125384531
15d19e1d-74b8-3948-867f-63a4a1188539,2026-05-12,31.22863,3a0da385-e669-30df-8f17-ee93aea6a3a63054977077
15f19ccf-5f54-370e-914a-19ef0d6e7bfe,2026-05-12,189.708824,d0dca904-0a39-3f70-8f24-23b3f8543cae9283252446
17e9c47e-62ba-33a6-96e1-95ad3c636d22,2026-05-12,74.684136,77974123-fa35-3834-90f5-d19a2e752e979650064655
19008d6d-be6f-38f0-8a72-4525e9b98022,2026-05-12,94.951807,4201befe-1bec-3dec-bd92-ac10a986017a9798478753
1bdab13f-7bc5-3e3d-81c9-f9179619fd90,2026-05-12,11.429261,5351c2cb-b7f7-3a9c-acd5-db63cfafda343248281033
1c3f0a45-334a-3810-b02a-7ba9181fca95,2026-05-12,10.350284,f25a1909-b1f5-354d-9179-29694f6ccd7b0794803399
28cba5c0-c834-3c34-900a-9d6772fd9c30,2026-05-12,17.051478,1233b0a6-550e-3390-88ce-2a21eefafe917625072302
2b3c346c-5f49-3232-be35-3443261527b0,2026-05-12,7.48837,e6538295-3b6e-3154-9420-ec45501d20ae5856219597
323a2cac-7231-3d1b-90b0-babcb0cf55ba,2026-05-12,23.62077,6110ae57-4fb0-3294-9c39-0fdab85c823b7854159322
363a066c-58b6-3bcf-a7b0-e9729a735ba7,2026-05-12,60.407891,29527eb9-d544-35c2-b9f1-bb262cf6b4159824252521
41219c74-897b-3ca9-87e5-43da9041ddd3,2026-05-12,21.375085,fbfd204b-197f-3c6c-95b1-4733172f5fca0533189354
434188a4-f9da-364f-a6dc-53072f0ec1b3,2026-05-12,22.656527,e25f63b1-614b-3240-9c58-803a43e9bb435024428155
43538921-75c3-3004-917b-51c3d8e2a3a6,2026-05-12,22.094606,e213be6c-e983-37d3-b47d-03cfedb25b867590845836
43cc96db-6d25-3ad3-9163-10247bdd66bf,2026-05-12,7.551093,9eddeeed-8808-33dc-9ba2-905a79c87f321161343299
458e61b5-010d-3520-8683-4ea9ccc7bf9a,2026-05-12,14.233805,95cfc947-103d-376e-ac8e-6b4da75421917390253262
48a891ca-8770-3a95-9414-af5bad034e5a,2026-05-12,21.989686,6a2b2b4f-b163-3211-9417-7ab21b779b6e4168236426
48d69815-2eb5-3bb9-a39b-cbe1ceb52e99,2026-05-12,9.390573,6cfee349-1ef0-3fb2-815c-a8a1f54dfaf82072162601
4b3616f0-ccf1-31e3-810e-f668c2042b23,2026-05-12,32.102503,b68e0cee-582f-3f61-89e5-ca032d2062073327596356
4c9d57d4-cc8e-3ffa-a7a2-954c71ef5235,2026-05-12,43.122249,10cf198f-ca0e-3ab3-a33e-629868eaf1657063863282
4d8e0306-9402-312c-8735-520e75542ddf,2026-05-12,5.860999,fc890f93-7094-3cdc-9c17-a9bca9d2149d3600693627
4f630062-21f6-3266-9acd-c0827dbf5c05,2026-05-12,7.883571,8f29efaf-4f24-3d15-82d5-2fc874ce981c6011993181
5060be3d-9bbb-3f4e-955c-625e4390c6b7,2026-05-12,14.308006,2aff5a14-b04c-3fb3-98e6-5f847371e3ff9195279440
50be9c42-1c4b-3493-a07c-ffe59fd8491c,2026-05-12,72.784975,edb658c0-31b6-337f-a557-ae881cfe96142560471597
5113b093-acec-3c38-870f-b61a2dd6b880,2026-05-12,98.74447,6de2df31-0e47-37b7-af92-4257cf86aa933125819112
5498a54c-7cf2-3cbb-85d5-1078aa3be4a7,2026-05-12,9.956304,7f2eff44-b501-3d88-8b7a-bc0819c1cbd05256736696
54de7dbc-3f9b-3702-b677-fee85da6201d,2026-05-12,3.757695,d44e39e8-4f08-3623-986b-2646518072bf1207235870
55ad8c29-20dc-320f-8c21-ac3dfd7685ea,2026-05-12,22.611033,59813d11-bc16-3001-915e-9a9eff70c57f6619407622
55b0607e-f635-348a-bc83-f4e52515b7ec,2026-05-12,7.310023,118c8a35-e628-36a2-8499-91a87fa954ea9600440361
5656dbc0-5497-3227-a829-fd8eb574450e,2026-05-12,28.01164,a203c081-9992-358a-b291-2006588558ba6822670837
591e07f6-72df-366d-a512-d5ee900f7c15,2026-05-12,19.337271,abb3cf38-3fad-3baa-af44-c9b4d24608456857996865
5a91fc01-e54a-36cc-b759-44260109d8b8,2026-05-12,6.823955,1356d797-66bc-3a72-b11f-7b3084dc9d272348624974
5b4c7154-ad7e-3526-aa3c-45e89d71e721,2026-05-12,84.587431,a5074e62-50d5-364b-aeef-675c60c2ee493068298762
5cb2e039-2dc8-3bad-9d23-4bfddc143afe,2026-05-12,51.800461,8a29b19a-f05e-35e9-8df7-d99b28bf8a8d3280431943
6001b0b7-96fc-3fe1-aef1-329c8e2f62ce,2026-05-12,8.748935,6e29cd08-5d8b-32dd-baf0-fc5123d964c69692072979
617065f0-5c37-32d6-a3d6-dc223ac898b3,2026-05-12,27.496188,ae562d52-09ae-3863-b5f0-5ae580696f0f2844325743
6c21f96e-4015-302f-a95a-0918b22b3ad8,2026-05-12,5.379147,2083bc7f-bc65-3533-b831-de38c4ce41a85705530326
6e8a1cb9-329d-3c5e-8d21-4c46a734d1e9,2026-05-12,14.025884,b038cfcb-9c1e-3cde-8676-1be4c1366b8b3024374020
72e3323e-cebd-3aa6-a736-9022afb37e21,2026-05-12,41.693956,dd1d2448-04ec-3dd9-9b0e-69f5e79a93407723570593
74cd4f7c-116b-3316-bf7f-eb46458694da,2026-05-12,64.795096,755c3974-2d2b-3242-8001-42f3d96983649032632994
79874361-3477-38db-9fbd-fc39d1713d69,2026-05-12,10.822345,241900d5-f58b-3b3f-8abc-638d1ad78e024760008737
7a81ce3b-6d3e-3961-8d22-eadf3f5ec0bc,2026-05-12,21.767269,d3e55948-76d9-3a03-928c-dedc44e782891389752743
7feb497b-3ee8-39fa-9cfd-72a898f4cf47,2026-05-12,20.669774,90e6638a-edc1-308e-9f27-d8a3719440025129345869
82a48b8e-4fa5-3f42-857c-71fbe24937aa,2026-05-12,25.482232,78999b98-2dd1-3379-978c-e2474a4a43306995668347
82b47e6e-09d7-36e6-80ab-4506629ff46b,2026-05-12,51.404274,1695d743-ff11-3262-b7c5-f109ac7b016b5800029843
834aa49a-5a2a-30db-8385-ad60aed26cd7,2026-05-12,124.676991,4b2f77f6-8ea8-3f4d-8688-fe485e1dd22d6927009123
83ac466b-0a2c-3b9f-bc16-cc1733598dc1,2026-05-12,26.29826,fbb1458a-bb03-3a59-81a7-c4bfa04cd8482348091600
84851a10-43f1-3fc8-a358-06f529f15c33,2026-05-12,55.542486,209d6b5c-3879-3f87-9eb1-228cd3cf4edd0737879839
84f354b1-00ae-34ba-b443-ccd2efee613c,2026-05-12,5.259754,8a14f25e-1645-3406-a19d-b9806ef569954307313451
85cb1e88-d121-35a6-a362-3cdc80917d44,2026-05-12,370.098568,1671f2df-523c-3e25-a845-e2ad655275ec3253687227
8c272368-ac0c-3bc7-9568-cfbb26f8e749,2026-05-12,13.560893,9ef76979-dca8-3c79-9b0c-a7e5b98cc4183178708115
8c2e2c06-5c7a-359a-8e69-0efdfb7e79bb,2026-05-12,7.521976,02b8249b-d351-36b0-8f66-387e9b5ecd765409838852
8ca30a12-e5f4-3017-8037-1616e9ddbb5b,2026-05-12,11.170623,d980087a-73cd-3a85-914f-0dbeb6da2ff07929331557
8cb2a7d2-f605-3df9-981a-2c02b1d1a4e0,2026-05-12,16.799059,c8409fd1-44f6-341e-aa4a-fcdd48e1dec91197407417
8ce3a609-9e37-3b54-a602-9b395e5f5a76,2026-05-12,27.318126,140ba20d-dc2d-30f1-8369-9f0fcb7417216954795985
8e914a83-9f14-3c6e-8220-79cebd75eda8,2026-05-12,5.032913,561fc8fa-c73c-3cf0-a4da-ce7cc8fda80f4105333844
9317e817-504a-35a4-b7c3-68e90b432c45,2026-05-12,14.254519,bd68d9fe-0c5e-3648-8a84-d7649dbc11df2315333603
956008d9-c7c8-3450-a799-ccd802fc2078,2026-05-12,64.904127,ac8597c6-2e0c-3fce-bd96-0eeae07b92825791469057
960a5c04-f3ef-340c-af8a-48e88045ac24,2026-05-12,17.316478,485a6ee1-26d8-3d41-bd32-a72421af1a296123003165
9661bcb6-dd62-3576-b8b0-049874fff3a1,2026-05-12,9.347203,a765656c-b5ea-38d3-b817-93751b0015257870386126
96739dc1-9e37-3b11-8e79-e0a5a57062a1,2026-05-12,64.1495,7b60b05a-7946-3efd-a3a0-0ada59de74070619321536
9784049c-35d1-3534-8c4b-f4cea920d4ff,2026-05-12,8.58915,14447399-901c-34b2-b211-14fb9e9b062c7605520623
9a736669-65a4-3b3e-a4b5-8f6ec9654a84,2026-05-12,15.81032,bd347e86-1b36-3407-80b6-78a2f2dae41e9793909208
9b195b8e-28d6-386e-8990-1a5bb4dd1bdb,2026-05-12,13.37772,193afc72-4494-30b1-beb3-cd4156f1c97d7901017989
9c2b569e-d3f4-3c78-a57e-4d73687d2dc2,2026-05-12,85.865415,bcf6894a-0424-3665-b520-2c34eeac116f1861409402
9f556308-7e5a-375c-8130-c6284c3c5d5c,2026-05-12,20.76204,24110268-df67-321e-9581-bd29f27ea3618160468027
a06461db-ef00-3481-9827-c829471e7245,2026-05-12,12.197828,5511d59c-db31-37fb-8790-ae49b8ec4ba25737611269
a0f95e73-3897-3dcc-9f5c-faad41b5219c,2026-05-12,127.036828,58b12641-aa5e-3c6d-97a0-f417dd0a469c4411625778
a2de86e5-02cf-3c93-9b40-f9629530b7d1,2026-05-12,860.138922,bcd56054-ac31-3e6f-a2d9-f156a299929c4047783680
a5068583-4849-35ce-900f-e2ce7f309840,2026-05-12,24.711823,ccacfe15-f7bf-3c92-9308-98112a74aa440314647208
a513bb7e-87ac-35cd-b4a2-6d23427bd2fa,2026-05-12,7.664995,481dceb1-1678-3a7e-b288-d7e2bf0c062a7786339993
a67cec0f-eda0-3d47-af0e-2bd3262a8cf9,2026-05-12,36.1527,edd1002d-960d-3956-8ea2-8ffafe4e3f780323661523
a96a11ac-c839-3a7d-8ca2-dd65ad906316,2026-05-12,67.441665,f0f3ba5d-6fb8-3960-852e-f6235a05b8309574349724
ab5f37ff-9008-3c2a-a32b-c29632f4ea67,2026-05-12,2.87302,0d40eb23-7edb-3787-8cb8-7b09de3075fc1665666263
acadf00f-5359-3905-a13e-213d751bffb2,2026-05-12,7.806778,2852258a-e2bf-3b5a-ad87-7915c236685c5632583391
ae5f3d2e-f527-359d-8bcf-846f320f8e57,2026-05-12,5.608859,22f94015-ff23-3150-ae0f-9ef0bb188a207912060816
b095775a-2d08-336f-bccf-d2f71dc4ba3c,2026-05-12,5.227758,fb87865a-444a-3efc-ab25-247ac494cd574338526402
b1d22b60-1492-37de-a246-db25e91bfb1f,2026-05-12,35.226147,ba855984-6afa-3f25-82a9-033558199c9b4291338588
b20c7e06-4ac3-32d4-be1f-8d8ca043e124,2026-05-12,20.305022,650b165d-6706-35fc-bfd9-fcbb4c66d7bc6712610403
b32150f1-1acd-3990-ad31-f63fed66b1cf,2026-05-12,31.545067,27222e5f-5d35-3311-be74-7f592e6bb2553842641276
b5344373-538f-3f37-8982-c97e3158144a,2026-05-12,15.108384,2a20868d-41a0-350b-abd7-08a3f9d834063257215959
b5b7bbb0-1312-34a4-8934-10fe49cea8ed,2026-05-12,49.315148,c1179ffe-16b5-3808-a61b-c697ad5655cd0958447347
b7f8d590-1a7d-3745-82cc-9e0c966c6306,2026-05-12,8.833354,65f0ec49-73ce-37cb-a381-28e7217750090455003993
b99742c8-7da0-3e81-ab3c-eb775e9f5d24,2026-05-12,34.469273,83de6687-9540-3db3-a6d6-f036d634a1c63930926163
bce50849-a0e7-3f2b-b22a-24ed60440705,2026-05-12,6.232172,ecbe8abc-16bb-3af7-8cf1-b6d262d3f9915691766209
bde82a06-b2ee-3309-b4b0-d268a38e4c2c,2026-05-12,131.941008,37f054fc-a7a4-3b27-aefa-23a338a7e9b08878786853
beb1d1c6-4fa9-36a8-a06f-1dc58ab74161,2026-05-12,5.633039,69be3936-f12c-34ad-b6bc-7a9f397f7d580253357983
bf5e2c07-ebd1-3aab-ae92-933140999b06,2026-05-12,24.261004,e12f9949-3428-338b-a05b-b980386cf9872350056648
c0f8ab9f-4b7b-3f4f-b576-f80ad3cb5399,2026-05-12,25.900049,ae6fce59-c426-3691-b4cc-2e7f01a5433a0719674315
c3811eff-eb0f-3e83-943e-18b5d09919e4,2026-05-12,12.31915,b38c4c71-2ecc-3478-967b-30176508f2a82808970508
c3f4e978-22c4-3743-a4d7-8dc20df21654,2026-05-12,34.220071,08043945-b9cb-35c8-8007-ea153d9880273125348988
c41f2431-16c5-3799-9be8-561415389d5f,2026-05-12,33.362319,35f5e81a-e25c-3ff4-892f-d89a5cfb53448046832917
c4b4c934-c94d-3170-bd1b-d7737b2ab490,2026-05-12,11.603409,ddfedfb4-a197-3bc5-b5b9-3413d396c9d18520739647
c6c1b9c0-072d-3dbf-accc-4c8643cc0c4a,2026-05-12,32.120912,8e833220-412d-3626-aef6-f1d8e255b8961584029669
c7599875-d64e-3ef2-8a6a-a218c4c24bfa,2026-05-12,4.653835,4acd48f6-3379-3b71-a45f-8ba6aad527457333951563
c8c964e3-6f43-33e9-8a11-e9eaf55933ba,2026-05-12,92.685127,db1bd750-5b46-3bea-9d82-c79a18a08d0d0806001910
caacaf00-76dc-3d35-955a-b0b7289c1497,2026-05-12,7.13571,5428bbad-02ec-3bbd-b559-a02cb4c2701a9853561586
cce1c127-2ff8-3ea0-a9b8-2df2cd888b5b,2026-05-12,35.332055,40fb0c0c-0006-3ab6-84ec-5dc4198294863739942525
cdcbe271-7336-35c3-a44f-1a90281b0857,2026-05-12,31.040646,cc4a0181-1f8b-3069-891f-8f8303116f410950083050
ce7a22b8-f3c0-3690-acac-8b5a7bf4c798,2026-05-12,30.894371,75a3be66-cc33-35b3-aa17-355486d71eeb4926576029
d098b8be-5fd2-3aaf-b08a-03443b43e413,2026-05-12,10.163661,ebfca532-8531-3093-b085-d9b06d8a505a5090987086
d320f92f-4cc3-395c-b6c7-3cb3c7cb3efe,2026-05-12,92.661382,db719257-f1df-3420-b485-acfb0da643a10140791541
d3c48311-d8dc-3e24-95dd-6d2bca767bff,2026-05-12,34.270217,84018d69-0a55-3d24-a877-97aaa31a46cf2815442486
d3d0b6a8-f422-3af5-a62e-826c20495095,2026-05-12,7.867369,9a1ea106-1b3c-358a-b321-05d0ef5590af7934449393
d6f76560-f2a1-3ae9-ab43-eaa1f2033306,2026-05-12,74.178648,df76341f-d9c1-31f1-a511-61e0bba9ac1a9330646801
d72106c4-021a-3b57-bf48-7b6f2c14df23,2026-05-12,17.344803,e7b18bc4-313f-33d3-ad46-7b5d777f74ca3565120826
d85f6c3e-620f-3cc3-9005-9e1beefefdc6,2026-05-12,13.338854,7a3476cf-c702-35d8-ab2c-c3c41701130b3532848987
d86225ec-57c8-3039-9b73-5067e9668517,2026-05-12,8.933855,9befbbd8-c5ed-3abc-9d19-377736924de73675696583
d940c628-4e61-3954-9aee-1aa0a0b6e21f,2026-05-12,21.806888,cbf31122-ee58-37d2-a16f-5d8ff6fcc1cb8640751006
da8b7ad5-701e-38e4-af53-bcb52836386c,2026-05-12,6.443424,5a63d77e-0da6-3691-900f-f20d6593ab0a0016925614
df67f363-d186-3899-9341-ca1c650419d1,2026-05-12,16.514066,8f271568-d100-3079-ac64-5fcbae00111d2230071949
dfc70541-9d37-355c-af06-9bf106459cdb,2026-05-12,8.559708,8d616aa1-7ca1-3b18-a990-d3dd7b63d8ea3801525816
e059f4f2-66b1-346c-8a33-8c16446a8657,2026-05-12,19.635694,2a7ac4ba-1536-3186-93b2-a2c27853a79e9011911429
e0ab7ac6-23e5-3ce5-aef4-d9e2e575bb7a,2026-05-12,8.352568,36f25be1-e4a7-34ea-a4d5-d394fb2065cc2046082019
e1ec776a-9a69-3e5d-a0c5-33a9250b1f19,2026-05-12,9.549507,8dbe6882-1128-323e-98cf-6c6c8fd5be7d0079256300
e402d019-6155-3bff-9228-4911ea446777,2026-05-12,75.653505,d454160e-2dc7-3ac7-86b9-e72c34ef16312394849607
e71fe34e-9aa5-3ade-8054-a639af523373,2026-05-12,12.090573,b1e661de-87c5-37a4-b0ad-b47b375e798f8517162525
e76bb8c7-e2ca-3a2e-96b4-7d3717dfbe06,2026-05-12,22.925975,e755d9a3-e083-3c09-8b82-e48bcb43e7f81851692813
e91fcfab-7cdf-31df-8933-e788688d8288,2026-05-12,28.049399,fe28678b-e200-3a9d-a1de-effda4879d2c1615844509
ebbf605d-a94c-3f16-9ae0-5449c87f4002,2026-05-12,62.613265,c01d7453-03eb-38be-bc95-24391aa315144796657446
ed0a8ed8-2282-3fec-82db-fafd297cdb61,2026-05-12,9.511181,4e3099ad-3bc5-3b23-837d-8c897adc8c894362553996
eeaba3bd-0e65-3eff-80b8-bb415d1cdc89,2026-05-12,14.686332,6d3df8ea-2edd-3fc0-8f44-b14a5c9f858f7358431617
f02cc034-f8c6-39b7-afff-343b04ff2064,2026-05-12,11.955148,4a495ff6-34e1-3d8e-9177-445cdfd39d764430640857
f0699448-f713-378f-9e30-ac35b4b0ddbb,2026-05-12,13.956107,0fcce33d-eb23-3f5d-946b-53b6afe198987280446281
f1809858-d9d7-3db3-8cc3-5793c598044c,2026-05-12,35.46649,7697f751-8371-30c0-81c8-fcc775cadf993437132586
f28c27e1-116f-3bfa-87a3-a4aec05ef6ed,2026-05-12,23.769204,06747886-3cd5-3df7-b4e3-5300fd43ba8b6993791108
f37b1d54-4726-3503-b093-7096160494d8,2026-05-12,6.294515,0701ba50-1c05-393a-97d1-5f4023a8749c6116792851
f5a2ffe8-63a0-3fe0-82d0-e2780d9d29dc,2026-05-12,19.771598,33dd9c10-10b1-32fe-be4f-7be1047c9ed36643760194
f6d44ec5-a47a-3937-931c-9f8412b5fa88,2026-05-12,10.0083,6197876e-4ea6-3121-8a4b-12b6efea400a0240575023
fa146ea6-61c1-3eaf-b3b7-d79bd6e503ca,2026-05-12,9.278369,31c3893f-aa84-359f-a9a7-c4d51a001df11272461817
fbb84839-d7f2-363f-a497-68b74f2449f2,2026-05-12,42.619227,76b88c0d-830b-38ed-91c8-6b3757820cc05429571885
fccc0510-f20a-3f28-bf3c-66cfe9fa99d1,2026-05-12,10.000612,218810c6-5f55-31ef-942d-6b8f7944e4a79796581507
030041c0-f398-3572-9c7e-3edf3d9d2ea3,2026-05-13,11.578214,123b8640-546f-3146-aac1-b5e3a45883358031893487
0388e0d9-8d10-3b74-a111-fdac480a0825,2026-05-13,18.494784,6ebc7d27-88d5-35f2-857d-fc6f145b17b60057015050
0594d9cc-176f-3811-b8ff-1badba391ea1,2026-05-13,11.53639,7bf9e218-5646-3380-8098-8b14d617d4eb9836650145
0769202c-7965-32a1-8d36-1cd52b64377d,2026-05-13,11.545156,03bfca79-bd1d-3217-a8ee-b032e1a5d4279777514889
0bd9c8a1-cf25-3dfe-9380-6143b1183f53,2026-05-13,62.83096,7ff7d9b9-eb8b-35f9-9265-8dd933d6e5f40824718437
0d66e094-d57b-3221-bdb4-ff9f2a6fa6b6,2026-05-13,66.040268,a1f98fd1-522c-331e-93df-e0e3c705c1c60127744720
0f7a9277-d005-30c0-8821-910389205cba,2026-05-13,32.512553,1498339f-636a-3ba6-8eaf-f82826cfc66b1703033271
1094d4eb-2c4b-3c82-bb41-36696a775289,2026-05-13,41.546036,8348db4d-a8ba-3dc8-b03d-3f8345e1ce081137124557
1176a69b-fd42-3989-9822-360026e942a4,2026-05-13,85.289021,4b6c12aa-31db-353f-9880-bcdca16d2c971125384531
15d19e1d-74b8-3948-867f-63a4a1188539,2026-05-13,49.385512,3a0da385-e669-30df-8f17-ee93aea6a3a63054977077
176efb99-8d0f-325e-a3e0-daa08e876832,2026-05-13,34.189991,c3c60fed-2c36-3d97-8b89-35c5cbbebe232642944088
17e9c47e-62ba-33a6-96e1-95ad3c636d22,2026-05-13,53.203897,77974123-fa35-3834-90f5-d19a2e752e979650064655
18d39ce1-5a60-3a9e-9621-bfa693409e77,2026-05-13,22.308564,136386ac-0d76-3f46-b05e-ad2dc8a2fa238045910511
19008d6d-be6f-38f0-8a72-4525e9b98022,2026-05-13,36.539151,4201befe-1bec-3dec-bd92-ac10a986017a9798478753
1bdab13f-7bc5-3e3d-81c9-f9179619fd90,2026-05-13,9.582339,5351c2cb-b7f7-3a9c-acd5-db63cfafda343248281033
1c3f0a45-334a-3810-b02a-7ba9181fca95,2026-05-13,10.49842,f25a1909-b1f5-354d-9179-29694f6ccd7b0794803399
226055f6-f55e-381a-9363-c4f462e58856,2026-05-13,17.238938,758f87b4-c782-37fb-911f-42b481be57aa2005558548
28cba5c0-c834-3c34-900a-9d6772fd9c30,2026-05-13,26.488185,1233b0a6-550e-3390-88ce-2a21eefafe917625072302
29513ef6-a0f9-30aa-b2a3-e67dd9c50f2d,2026-05-13,23.237876,4763c9d2-d480-368f-84c3-63cf0c346e577347437891
2b3c346c-5f49-3232-be35-3443261527b0,2026-05-13,9.904605,e6538295-3b6e-3154-9420-ec45501d20ae5856219597
2fd79494-a377-3a29-a882-b11802cfee0c,2026-05-13,14.39355,e50f86b5-d7cd-3a80-a5b4-78c659980b001758781599
2fdf5375-31c8-3c6a-9cf3-12465dbec4a5,2026-05-13,16.112153,fd3e2044-7bf6-3813-acab-9043d4cbda0b6568880041
33a96067-0e23-3bf3-8d10-cbec5a261a65,2026-05-13,54.271646,4d63f0d2-85ca-3a28-b715-4147577bedb24364586828
3615a797-2def-32a3-a0ae-3a6e8eccf080,2026-05-13,37.353144,edfa21ff-76b9-3113-8d97-a175f873fb244866321730
36f0982a-ff58-3c66-9847-439d640e7d96,2026-05-13,33.00886,50b96d70-0ca5-3d4f-bdec-3c9a5b48f6100810857519
3c828a67-8a44-3a18-a2db-213948c73e01,2026-05-13,56.237186,4b9e8129-de42-3612-a62a-b99391f3a1c36185507295
3ec4aa61-73df-37f5-af33-ac50b24f1ab5,2026-05-13,38.094295,5530820d-9691-3c0b-895b-b218aa4b299c0225945614
3fe600f0-c808-3676-90fe-909ea8b83ca6,2026-05-13,14.748768,89445095-871b-3498-be52-e63f6b0e774b5355986831
41219c74-897b-3ca9-87e5-43da9041ddd3,2026-05-13,28.912267,fbfd204b-197f-3c6c-95b1-4733172f5fca0533189354
434188a4-f9da-364f-a6dc-53072f0ec1b3,2026-05-13,39.370018,e25f63b1-614b-3240-9c58-803a43e9bb435024428155
43538921-75c3-3004-917b-51c3d8e2a3a6,2026-05-13,29.377713,e213be6c-e983-37d3-b47d-03cfedb25b867590845836
43cc96db-6d25-3ad3-9163-10247bdd66bf,2026-05-13,27.248986,9eddeeed-8808-33dc-9ba2-905a79c87f321161343299
48a891ca-8770-3a95-9414-af5bad034e5a,2026-05-13,11.456693,6a2b2b4f-b163-3211-9417-7ab21b779b6e4168236426
4b3616f0-ccf1-31e3-810e-f668c2042b23,2026-05-13,19.445216,b68e0cee-582f-3f61-89e5-ca032d2062073327596356
4c9d57d4-cc8e-3ffa-a7a2-954c71ef5235,2026-05-13,82.446282,10cf198f-ca0e-3ab3-a33e-629868eaf1657063863282
4d8e0306-9402-312c-8735-520e75542ddf,2026-05-13,14.059417,fc890f93-7094-3cdc-9c17-a9bca9d2149d3600693627
4f630062-21f6-3266-9acd-c0827dbf5c05,2026-05-13,9.776471,8f29efaf-4f24-3d15-82d5-2fc874ce981c6011993181
50be9c42-1c4b-3493-a07c-ffe59fd8491c,2026-05-13,52.344873,edb658c0-31b6-337f-a557-ae881cfe96142560471597
52412506-0a36-3bbc-b4ff-9579aa41f9b1,2026-05-13,19.072431,258df3e5-7e26-3a3f-9326-aace208da4a32337603841
5498a54c-7cf2-3cbb-85d5-1078aa3be4a7,2026-05-13,27.482673,7f2eff44-b501-3d88-8b7a-bc0819c1cbd05256736696
54de7dbc-3f9b-3702-b677-fee85da6201d,2026-05-13,5.236501,d44e39e8-4f08-3623-986b-2646518072bf1207235870
55ad8c29-20dc-320f-8c21-ac3dfd7685ea,2026-05-13,45.238845,59813d11-bc16-3001-915e-9a9eff70c57f6619407622
5656dbc0-5497-3227-a829-fd8eb574450e,2026-05-13,17.605573,a203c081-9992-358a-b291-2006588558ba6822670837
591e07f6-72df-366d-a512-d5ee900f7c15,2026-05-13,19.503004,abb3cf38-3fad-3baa-af44-c9b4d24608456857996865
5a91fc01-e54a-36cc-b759-44260109d8b8,2026-05-13,4.320145,1356d797-66bc-3a72-b11f-7b3084dc9d272348624974
5cb2e039-2dc8-3bad-9d23-4bfddc143afe,2026-05-13,81.512364,8a29b19a-f05e-35e9-8df7-d99b28bf8a8d3280431943
5d21d7da-3e33-3ab4-99ef-3ca2c2ff2c69,2026-05-13,6.004581,b03fc426-da51-3e1c-aa77-6b918bff0e513877121931
5de859d5-b06b-3878-b7f0-64c4e91191df,2026-05-13,10.727283,865e99a1-718b-338b-80ab-7bdcf6c522a91536159266
5f76ba6d-1bf0-3e51-b2e4-3a6d19bc39b9,2026-05-13,17.508799,c708bc56-c900-3691-a10c-994bfde2114d0282457351
5fa5d9c4-22b7-39f7-a3b2-d521ea60b47b,2026-05-13,18.020181,ab4ba1b3-b598-3bfb-8df0-768a0df60d506177714931
6001b0b7-96fc-3fe1-aef1-329c8e2f62ce,2026-05-13,17.204503,6e29cd08-5d8b-32dd-baf0-fc5123d964c69692072979
64b0ba20-1b28-3b6c-9ffc-402714ee0245,2026-05-13,7.559646,358bf36d-7dae-3d60-9132-32bf3090f2f25850796649
6b3330d9-5d0e-3837-aa46-e24936a10db4,2026-05-13,10.377765,81c7e7c8-9e2d-3de7-8861-c8c9104ae0877769298396
6c846031-433a-341b-99fa-c015b0cb38ef,2026-05-13,64.561375,e21410bc-c9ae-3234-98d5-a9c14d73e7123305024542
6e8a1cb9-329d-3c5e-8d21-4c46a734d1e9,2026-05-13,13.431072,b038cfcb-9c1e-3cde-8676-1be4c1366b8b3024374020
72e3323e-cebd-3aa6-a736-9022afb37e21,2026-05-13,27.195371,dd1d2448-04ec-3dd9-9b0e-69f5e79a93407723570593
74cd4f7c-116b-3316-bf7f-eb46458694da,2026-05-13,78.421633,755c3974-2d2b-3242-8001-42f3d96983649032632994
75be5782-378c-39b7-8d80-e4225331c478,2026-05-13,3.377083,e1d9f528-91ca-3b5f-b9e2-c2bc6c32dd155877684651
75c008ab-9d95-3b45-b06c-1ba571bc7895,2026-05-13,7.829512,ec573df9-2361-3e56-a35c-cf369728a6f02624538703
79874361-3477-38db-9fbd-fc39d1713d69,2026-05-13,20.750014,241900d5-f58b-3b3f-8abc-638d1ad78e024760008737
7fb6ff11-be82-30ff-ad1d-e44ada4f46db,2026-05-13,21.493702,44965c11-796e-3e8c-b92a-222141e2d34e4076630863
7feb497b-3ee8-39fa-9cfd-72a898f4cf47,2026-05-13,11.886438,90e6638a-edc1-308e-9f27-d8a3719440025129345869
812c22d3-3843-3385-aa3b-aa8ae91b882a,2026-05-13,11.58591,e7cb4203-d63e-3d55-86b1-e2f3868974688509958032
82b47e6e-09d7-36e6-80ab-4506629ff46b,2026-05-13,44.405892,1695d743-ff11-3262-b7c5-f109ac7b016b5800029843
834aa49a-5a2a-30db-8385-ad60aed26cd7,2026-05-13,73.61484,4b2f77f6-8ea8-3f4d-8688-fe485e1dd22d6927009123
84f354b1-00ae-34ba-b443-ccd2efee613c,2026-05-13,13.876841,8a14f25e-1645-3406-a19d-b9806ef569954307313451
85cb1e88-d121-35a6-a362-3cdc80917d44,2026-05-13,283.215152,1671f2df-523c-3e25-a845-e2ad655275ec3253687227
87ab0257-a9f6-3705-89f8-f63b9b8f2b0c,2026-05-13,10.416963,dd1dde98-5502-3952-90fe-dc66f816ed747906535428
8c272368-ac0c-3bc7-9568-cfbb26f8e749,2026-05-13,10.162352,9ef76979-dca8-3c79-9b0c-a7e5b98cc4183178708115
8ca30a12-e5f4-3017-8037-1616e9ddbb5b,2026-05-13,6.929387,d980087a-73cd-3a85-914f-0dbeb6da2ff07929331557
8cb2a7d2-f605-3df9-981a-2c02b1d1a4e0,2026-05-13,4.498598,c8409fd1-44f6-341e-aa4a-fcdd48e1dec91197407417
8ce3a609-9e37-3b54-a602-9b395e5f5a76,2026-05-13,25.351976,140ba20d-dc2d-30f1-8369-9f0fcb7417216954795985
8e914a83-9f14-3c6e-8220-79cebd75eda8,2026-05-13,9.746693,561fc8fa-c73c-3cf0-a4da-ce7cc8fda80f4105333844
92de990d-30ce-38da-ad78-86a4a56c065b,2026-05-13,26.3144,5a8242fb-5aa7-3d5b-ac68-21ea53c5f9e87894148187
9317e817-504a-35a4-b7c3-68e90b432c45,2026-05-13,22.254006,bd68d9fe-0c5e-3648-8a84-d7649dbc11df2315333603
956008d9-c7c8-3450-a799-ccd802fc2078,2026-05-13,86.34862,ac8597c6-2e0c-3fce-bd96-0eeae07b92825791469057
960a5c04-f3ef-340c-af8a-48e88045ac24,2026-05-13,7.632522,485a6ee1-26d8-3d41-bd32-a72421af1a296123003165
9661bcb6-dd62-3576-b8b0-049874fff3a1,2026-05-13,8.596937,a765656c-b5ea-38d3-b817-93751b0015257870386126
96739dc1-9e37-3b11-8e79-e0a5a57062a1,2026-05-13,98.469205,7b60b05a-7946-3efd-a3a0-0ada59de74070619321536
96be8df1-0628-3c17-acd8-50a096438ea0,2026-05-13,23.816359,7b8d6a5a-3256-3096-8208-171b7eaab4737311108557
9a736669-65a4-3b3e-a4b5-8f6ec9654a84,2026-05-13,19.507017,bd347e86-1b36-3407-80b6-78a2f2dae41e9793909208
9b195b8e-28d6-386e-8990-1a5bb4dd1bdb,2026-05-13,29.580597,193afc72-4494-30b1-beb3-cd4156f1c97d7901017989
9bddd6f0-dd41-333e-aac7-f757b18ea2aa,2026-05-13,22.027857,c6545cb9-33df-373c-8ac9-ce43225c9d986458695776
9f49149d-e042-3a1f-bcae-0628143c89c0,2026-05-13,25.209905,1511a03d-af95-32d7-82d6-670e957e819a5636652911
9f556308-7e5a-375c-8130-c6284c3c5d5c,2026-05-13,24.268483,24110268-df67-321e-9581-bd29f27ea3618160468027
a06461db-ef00-3481-9827-c829471e7245,2026-05-13,12.147622,5511d59c-db31-37fb-8790-ae49b8ec4ba25737611269
a0f95e73-3897-3dcc-9f5c-faad41b5219c,2026-05-13,112.350768,58b12641-aa5e-3c6d-97a0-f417dd0a469c4411625778
a12779cf-ff75-376e-9cb4-73e937a3c164,2026-05-13,18.133054,ba19c2fb-8246-3ab8-b894-67973ae2268a8549866658
a3f48154-490b-350b-9f4e-74835b5aaaae,2026-05-13,12.355315,95ed8b8c-c59c-372a-b31e-6543997b82d74860620288
a5068583-4849-35ce-900f-e2ce7f309840,2026-05-13,36.300595,ccacfe15-f7bf-3c92-9308-98112a74aa440314647208
a513bb7e-87ac-35cd-b4a2-6d23427bd2fa,2026-05-13,9.78491,481dceb1-1678-3a7e-b288-d7e2bf0c062a7786339993
a8e332b8-087a-38b0-8c1b-64db4efadc7a,2026-05-13,11.755131,47b681e7-c3d8-31f6-ab69-43f82db88fa66316703417
acadf00f-5359-3905-a13e-213d751bffb2,2026-05-13,8.609664,2852258a-e2bf-3b5a-ad87-7915c236685c5632583391
ae5f3d2e-f527-359d-8bcf-846f320f8e57,2026-05-13,16.317424,22f94015-ff23-3150-ae0f-9ef0bb188a207912060816
af15418c-707a-3e54-a465-034a3b570a96,2026-05-13,23.991228,89b93f60-7af8-31b9-aacf-45885de7f2069142372275
af753398-35e3-3c49-a7bb-31e2830197f3,2026-05-13,19.176946,b00ef48c-948b-3854-a6bb-ed2ca37487540169593901
b095775a-2d08-336f-bccf-d2f71dc4ba3c,2026-05-13,1.590076,fb87865a-444a-3efc-ab25-247ac494cd574338526402
b20c7e06-4ac3-32d4-be1f-8d8ca043e124,2026-05-13,24.384108,650b165d-6706-35fc-bfd9-fcbb4c66d7bc6712610403
b32150f1-1acd-3990-ad31-f63fed66b1cf,2026-05-13,60.698234,27222e5f-5d35-3311-be74-7f592e6bb2553842641276
b5344373-538f-3f37-8982-c97e3158144a,2026-05-13,9.772746,2a20868d-41a0-350b-abd7-08a3f9d834063257215959
b571b5d8-c91f-3776-86bd-22c88c5580c2,2026-05-13,32.317618,afafa873-61a8-38e0-8977-cd70cd270f449777286253
b7f8d590-1a7d-3745-82cc-9e0c966c6306,2026-05-13,9.851475,65f0ec49-73ce-37cb-a381-28e7217750090455003993
bce50849-a0e7-3f2b-b22a-24ed60440705,2026-05-13,40.093669,ecbe8abc-16bb-3af7-8cf1-b6d262d3f9915691766209
beac6842-6d1c-39f8-bd3d-f2cbddfe2e23,2026-05-13,15.623928,71933d57-e488-3aa3-b364-7c195cfded299062716503
beb1d1c6-4fa9-36a8-a06f-1dc58ab74161,2026-05-13,8.708906,69be3936-f12c-34ad-b6bc-7a9f397f7d580253357983
c0f8ab9f-4b7b-3f4f-b576-f80ad3cb5399,2026-05-13,19.326103,ae6fce59-c426-3691-b4cc-2e7f01a5433a0719674315
c41f2431-16c5-3799-9be8-561415389d5f,2026-05-13,27.489362,35f5e81a-e25c-3ff4-892f-d89a5cfb53448046832917
c4b4c934-c94d-3170-bd1b-d7737b2ab490,2026-05-13,13.278738,ddfedfb4-a197-3bc5-b5b9-3413d396c9d18520739647
c4ec5436-0c6f-389c-b83d-e1f34b408946,2026-05-13,5.312893,6d73a170-b659-36fe-bc67-1faa907dd4b49647063385
c6c1b9c0-072d-3dbf-accc-4c8643cc0c4a,2026-05-13,13.407923,8e833220-412d-3626-aef6-f1d8e255b8961584029669
c7599875-d64e-3ef2-8a6a-a218c4c24bfa,2026-05-13,5.009039,4acd48f6-3379-3b71-a45f-8ba6aad527457333951563
c8c964e3-6f43-33e9-8a11-e9eaf55933ba,2026-05-13,35.141449,db1bd750-5b46-3bea-9d82-c79a18a08d0d0806001910
ce7a22b8-f3c0-3690-acac-8b5a7bf4c798,2026-05-13,18.831291,75a3be66-cc33-35b3-aa17-355486d71eeb4926576029
d320f92f-4cc3-395c-b6c7-3cb3c7cb3efe,2026-05-13,124.788753,db719257-f1df-3420-b485-acfb0da643a10140791541
d3c48311-d8dc-3e24-95dd-6d2bca767bff,2026-05-13,20.917327,84018d69-0a55-3d24-a877-97aaa31a46cf2815442486
d3d0b6a8-f422-3af5-a62e-826c20495095,2026-05-13,10.610286,9a1ea106-1b3c-358a-b321-05d0ef5590af7934449393
d6f76560-f2a1-3ae9-ab43-eaa1f2033306,2026-05-13,43.624901,df76341f-d9c1-31f1-a511-61e0bba9ac1a9330646801
d72106c4-021a-3b57-bf48-7b6f2c14df23,2026-05-13,15.407122,e7b18bc4-313f-33d3-ad46-7b5d777f74ca3565120826
d834b72d-c2cc-391e-8a0c-c3f147eeb522,2026-05-13,29.080553,62331e5f-4437-3168-b6e9-aa00c1ae49235115900219
d85f6c3e-620f-3cc3-9005-9e1beefefdc6,2026-05-13,15.592771,7a3476cf-c702-35d8-ab2c-c3c41701130b3532848987
d86225ec-57c8-3039-9b73-5067e9668517,2026-05-13,1.942314,9befbbd8-c5ed-3abc-9d19-377736924de73675696583
da8b7ad5-701e-38e4-af53-bcb52836386c,2026-05-13,10.927842,5a63d77e-0da6-3691-900f-f20d6593ab0a0016925614
dfc70541-9d37-355c-af06-9bf106459cdb,2026-05-13,1.613364,8d616aa1-7ca1-3b18-a990-d3dd7b63d8ea3801525816
e059f4f2-66b1-346c-8a33-8c16446a8657,2026-05-13,24.245955,2a7ac4ba-1536-3186-93b2-a2c27853a79e9011911429
e1ec776a-9a69-3e5d-a0c5-33a9250b1f19,2026-05-13,14.890745,8dbe6882-1128-323e-98cf-6c6c8fd5be7d0079256300
e69f5e43-374e-3577-a194-03eca473eb86,2026-05-13,30.040332,b994cb0e-9aaf-3dbd-a0ab-315cc16c435c1107868581
e91fcfab-7cdf-31df-8933-e788688d8288,2026-05-13,27.459218,fe28678b-e200-3a9d-a1de-effda4879d2c1615844509
ebbf605d-a94c-3f16-9ae0-5449c87f4002,2026-05-13,44.846712,c01d7453-03eb-38be-bc95-24391aa315144796657446
ed0a8ed8-2282-3fec-82db-fafd297cdb61,2026-05-13,9.955435,4e3099ad-3bc5-3b23-837d-8c897adc8c894362553996
eeaba3bd-0e65-3eff-80b8-bb415d1cdc89,2026-05-13,25.187388,6d3df8ea-2edd-3fc0-8f44-b14a5c9f858f7358431617
f166b497-832f-3b26-8149-b36820a1aebe,2026-05-13,1.27805,a7ce6c88-3186-35ed-a793-f40dc624f2bc4233811371
f28c27e1-116f-3bfa-87a3-a4aec05ef6ed,2026-05-13,13.967547,06747886-3cd5-3df7-b4e3-5300fd43ba8b6993791108
f37b1d54-4726-3503-b093-7096160494d8,2026-05-13,13.583477,0701ba50-1c05-393a-97d1-5f4023a8749c6116792851
f55d8d9d-5df9-32e8-a43c-40e2d30fe83e,2026-05-13,16.702074,25ce49b4-0e30-37f6-83c9-8fdba57ec8554749707383
f5c21c69-5b03-320a-ae2e-2554aefff943,2026-05-13,68.638434,1733732a-abce-3040-96d5-89e43d8b44882339867108
f6d44ec5-a47a-3937-931c-9f8412b5fa88,2026-05-13,17.341124,6197876e-4ea6-3121-8a4b-12b6efea400a0240575023
fbb84839-d7f2-363f-a497-68b74f2449f2,2026-05-13,29.594031,76b88c0d-830b-38ed-91c8-6b3757820cc05429571885
fccc0510-f20a-3f28-bf3c-66cfe9fa99d1,2026-05-13,27.16205,218810c6-5f55-31ef-942d-6b8f7944e4a79796581507
fe5c2831-6d72-3f57-b5da-21037ecbeb2f,2026-05-13,5.28364,caac5c39-53fe-3b0e-a941-3f0559293a333871484605
02995d49-90df-31cf-97ba-5c229a76711f,2026-05-14,118.850729,16bfeb59-c1e9-3456-891d-bdc1da0007925452020064
030041c0-f398-3572-9c7e-3edf3d9d2ea3,2026-05-14,11.324319,123b8640-546f-3146-aac1-b5e3a45883358031893487
04f49ac6-5f35-3df9-b623-c026f24561e1,2026-05-14,49.030433,4ccf4637-f73f-3ea2-bd9d-89cd0876527e2011240689
0769202c-7965-32a1-8d36-1cd52b64377d,2026-05-14,5.049449,03bfca79-bd1d-3217-a8ee-b032e1a5d4279777514889
0d66e094-d57b-3221-bdb4-ff9f2a6fa6b6,2026-05-14,55.372476,a1f98fd1-522c-331e-93df-e0e3c705c1c60127744720
1094d4eb-2c4b-3c82-bb41-36696a775289,2026-05-14,74.134302,8348db4d-a8ba-3dc8-b03d-3f8345e1ce081137124557
1176a69b-fd42-3989-9822-360026e942a4,2026-05-14,109.545388,4b6c12aa-31db-353f-9880-bcdca16d2c971125384531
176efb99-8d0f-325e-a3e0-daa08e876832,2026-05-14,18.558105,c3c60fed-2c36-3d97-8b89-35c5cbbebe232642944088
17e9c47e-62ba-33a6-96e1-95ad3c636d22,2026-05-14,50.337434,77974123-fa35-3834-90f5-d19a2e752e979650064655
18d39ce1-5a60-3a9e-9621-bfa693409e77,2026-05-14,11.30956,136386ac-0d76-3f46-b05e-ad2dc8a2fa238045910511
1b3fb613-cf66-3fd2-9f95-ff50109c0acd,2026-05-14,73.48177,1fa2f8d6-f706-3946-b03f-934a353439d71816307632
1bdab13f-7bc5-3e3d-81c9-f9179619fd90,2026-05-14,7.286478,5351c2cb-b7f7-3a9c-acd5-db63cfafda343248281033
1c3f0a45-334a-3810-b02a-7ba9181fca95,2026-05-14,13.870616,f25a1909-b1f5-354d-9179-29694f6ccd7b0794803399
2111daa9-5dbb-36aa-b675-efab46559d5d,2026-05-14,5.349318,93fc0a2e-adf6-3b5c-a38a-8aaf0af2466c8463812397
28cba5c0-c834-3c34-900a-9d6772fd9c30,2026-05-14,21.890405,1233b0a6-550e-3390-88ce-2a21eefafe917625072302
29513ef6-a0f9-30aa-b2a3-e67dd9c50f2d,2026-05-14,23.472188,4763c9d2-d480-368f-84c3-63cf0c346e577347437891
29768e10-7435-3d69-8503-a6f77e57bdcd,2026-05-14,12.361762,103d1a25-7f36-33f7-97c6-656f5dff4f1c8078021025
2fd79494-a377-3a29-a882-b11802cfee0c,2026-05-14,10.482875,e50f86b5-d7cd-3a80-a5b4-78c659980b001758781599
2fdf5375-31c8-3c6a-9cf3-12465dbec4a5,2026-05-14,12.492425,fd3e2044-7bf6-3813-acab-9043d4cbda0b6568880041
33a96067-0e23-3bf3-8d10-cbec5a261a65,2026-05-14,34.326321,4d63f0d2-85ca-3a28-b715-4147577bedb24364586828
363a066c-58b6-3bcf-a7b0-e9729a735ba7,2026-05-14,31.637962,29527eb9-d544-35c2-b9f1-bb262cf6b4159824252521
3c828a67-8a44-3a18-a2db-213948c73e01,2026-05-14,44.074471,4b9e8129-de42-3612-a62a-b99391f3a1c36185507295
3f3adad3-22df-3188-a572-bab43c8f0258,2026-05-14,71.770486,b2628cd8-ae87-339b-8a4a-eb87332124ab1738661597
41219c74-897b-3ca9-87e5-43da9041ddd3,2026-05-14,59.223388,fbfd204b-197f-3c6c-95b1-4733172f5fca0533189354
423348ca-0838-3372-a616-b4cda0468666,2026-05-14,1.341342,c36a6f4f-bea8-35b0-b824-2c970e256ac26805083472
4333cd5c-141e-38a1-af2a-a7df714feddb,2026-05-14,25.939626,3c3bc593-75a7-3bce-b04f-0d15bea76c784217531826
434188a4-f9da-364f-a6dc-53072f0ec1b3,2026-05-14,27.574215,e25f63b1-614b-3240-9c58-803a43e9bb435024428155
43cc96db-6d25-3ad3-9163-10247bdd66bf,2026-05-14,9.965033,9eddeeed-8808-33dc-9ba2-905a79c87f321161343299
48d69815-2eb5-3bb9-a39b-cbe1ceb52e99,2026-05-14,8.616183,6cfee349-1ef0-3fb2-815c-a8a1f54dfaf82072162601
4a7af055-4d5f-39bf-b0a0-3e957abd6b60,2026-05-14,10.618759,2d350fdb-0d58-3f71-94bc-a8c8ac08ee913457245518
4d62a2a6-a8bb-3084-8568-8b0c0e6c53f9,2026-05-14,16.965121,30709a03-df76-3a99-9f2c-8ccec86cb09e5850066452
4d8e0306-9402-312c-8735-520e75542ddf,2026-05-14,12.473848,fc890f93-7094-3cdc-9c17-a9bca9d2149d3600693627
4f630062-21f6-3266-9acd-c0827dbf5c05,2026-05-14,14.438682,8f29efaf-4f24-3d15-82d5-2fc874ce981c6011993181
5060be3d-9bbb-3f4e-955c-625e4390c6b7,2026-05-14,14.48573,2aff5a14-b04c-3fb3-98e6-5f847371e3ff9195279440
509c1fe7-94b1-311d-9fd0-979b350e4d61,2026-05-14,116.195485,beeb8cb8-6b14-3b16-b8ec-735f810410575059189611
5113b093-acec-3c38-870f-b61a2dd6b880,2026-05-14,101.281279,6de2df31-0e47-37b7-af92-4257cf86aa933125819112
52412506-0a36-3bbc-b4ff-9579aa41f9b1,2026-05-14,6.350015,258df3e5-7e26-3a3f-9326-aace208da4a32337603841
524da203-40d7-33a6-8ab6-b21a0cef3c58,2026-05-14,21.798262,4b414f3b-b1d8-3f11-b80f-a4ce6c6d7a4c9655939769
5498a54c-7cf2-3cbb-85d5-1078aa3be4a7,2026-05-14,8.757457,7f2eff44-b501-3d88-8b7a-bc0819c1cbd05256736696
54de7dbc-3f9b-3702-b677-fee85da6201d,2026-05-14,6.112091,d44e39e8-4f08-3623-986b-2646518072bf1207235870
55ad8c29-20dc-320f-8c21-ac3dfd7685ea,2026-05-14,54.387895,59813d11-bc16-3001-915e-9a9eff70c57f6619407622
55b0607e-f635-348a-bc83-f4e52515b7ec,2026-05-14,15.23096,118c8a35-e628-36a2-8499-91a87fa954ea9600440361
56ab4ff8-d4a1-314d-82eb-cc5055b8d77c,2026-05-14,24.399417,95b986e2-fb52-3222-9a4d-94390d8daa468577144310
57437979-1053-38bc-8abf-3f9eba7ffc49,2026-05-14,33.998186,66cc36c9-6f31-3eff-8201-8a0a7f0bd59a0688159859
591e07f6-72df-366d-a512-d5ee900f7c15,2026-05-14,24.654551,abb3cf38-3fad-3baa-af44-c9b4d24608456857996865
5a91fc01-e54a-36cc-b759-44260109d8b8,2026-05-14,5.797452,1356d797-66bc-3a72-b11f-7b3084dc9d272348624974
5d21d7da-3e33-3ab4-99ef-3ca2c2ff2c69,2026-05-14,18.057333,b03fc426-da51-3e1c-aa77-6b918bff0e513877121931
5de859d5-b06b-3878-b7f0-64c4e91191df,2026-05-14,3.967894,865e99a1-718b-338b-80ab-7bdcf6c522a91536159266
6001b0b7-96fc-3fe1-aef1-329c8e2f62ce,2026-05-14,11.443215,6e29cd08-5d8b-32dd-baf0-fc5123d964c69692072979
68b45261-85be-3d03-a069-5aa6ffe8e8ca,2026-05-14,66.031078,b6a7cc29-e0c8-36bf-9e06-ffc155431b242084275934
6a620372-f31e-349c-b6c6-0e040a3edb64,2026-05-14,20.471464,5585108c-6e05-3453-8c97-d5a03ce4ee0a5269991336
74cd4f7c-116b-3316-bf7f-eb46458694da,2026-05-14,73.762726,755c3974-2d2b-3242-8001-42f3d96983649032632994
75be5782-378c-39b7-8d80-e4225331c478,2026-05-14,3.933754,e1d9f528-91ca-3b5f-b9e2-c2bc6c32dd155877684651
75c008ab-9d95-3b45-b06c-1ba571bc7895,2026-05-14,12.998214,ec573df9-2361-3e56-a35c-cf369728a6f02624538703
760b65eb-45d9-332e-bbdd-15ad2c3223bc,2026-05-14,32.085005,4050495a-d74a-3f1b-b29d-db93ba2a71c15767916558
7a81ce3b-6d3e-3961-8d22-eadf3f5ec0bc,2026-05-14,15.482607,d3e55948-76d9-3a03-928c-dedc44e782891389752743
812c22d3-3843-3385-aa3b-aa8ae91b882a,2026-05-14,9.529759,e7cb4203-d63e-3d55-86b1-e2f3868974688509958032
82a48b8e-4fa5-3f42-857c-71fbe24937aa,2026-05-14,11.659035,78999b98-2dd1-3379-978c-e2474a4a43306995668347
834aa49a-5a2a-30db-8385-ad60aed26cd7,2026-05-14,80.357944,4b2f77f6-8ea8-3f4d-8688-fe485e1dd22d6927009123
83ac466b-0a2c-3b9f-bc16-cc1733598dc1,2026-05-14,40.404196,fbb1458a-bb03-3a59-81a7-c4bfa04cd8482348091600
84dcbd6d-e273-316b-8912-4ed74ff8a9be,2026-05-14,16.034361,a26b9066-44c7-31c3-b9fa-04e255b439490462824831
84f354b1-00ae-34ba-b443-ccd2efee613c,2026-05-14,3.606241,8a14f25e-1645-3406-a19d-b9806ef569954307313451
87ab0257-a9f6-3705-89f8-f63b9b8f2b0c,2026-05-14,23.210035,dd1dde98-5502-3952-90fe-dc66f816ed747906535428
8c272368-ac0c-3bc7-9568-cfbb26f8e749,2026-05-14,16.008665,9ef76979-dca8-3c79-9b0c-a7e5b98cc4183178708115
8c2e2c06-5c7a-359a-8e69-0efdfb7e79bb,2026-05-14,30.218278,02b8249b-d351-36b0-8f66-387e9b5ecd765409838852
8c5b1f37-b3ea-3b4a-a4dd-fad03cfd11b6,2026-05-14,22.139292,5aa0a87f-17b4-3bc7-a55a-7d422bb28fcc9200948756
8ca30a12-e5f4-3017-8037-1616e9ddbb5b,2026-05-14,5.689765,d980087a-73cd-3a85-914f-0dbeb6da2ff07929331557
8cb2a7d2-f605-3df9-981a-2c02b1d1a4e0,2026-05-14,11.154949,c8409fd1-44f6-341e-aa4a-fcdd48e1dec91197407417
8e914a83-9f14-3c6e-8220-79cebd75eda8,2026-05-14,6.635291,561fc8fa-c73c-3cf0-a4da-ce7cc8fda80f4105333844
929f777a-b8ac-3e16-8d77-e8ac77fd282c,2026-05-14,4.90571,1ffd69db-4324-35d3-bc6b-b90daffa00c05540448447
92de990d-30ce-38da-ad78-86a4a56c065b,2026-05-14,17.139578,5a8242fb-5aa7-3d5b-ac68-21ea53c5f9e87894148187
956008d9-c7c8-3450-a799-ccd802fc2078,2026-05-14,58.020778,ac8597c6-2e0c-3fce-bd96-0eeae07b92825791469057
960a5c04-f3ef-340c-af8a-48e88045ac24,2026-05-14,18.468461,485a6ee1-26d8-3d41-bd32-a72421af1a296123003165
96739dc1-9e37-3b11-8e79-e0a5a57062a1,2026-05-14,82.777917,7b60b05a-7946-3efd-a3a0-0ada59de74070619321536
96be8df1-0628-3c17-acd8-50a096438ea0,2026-05-14,14.930514,7b8d6a5a-3256-3096-8208-171b7eaab4737311108557
9784049c-35d1-3534-8c4b-f4cea920d4ff,2026-05-14,9.080165,14447399-901c-34b2-b211-14fb9e9b062c7605520623
98b357c6-e458-3b53-bc66-c80eb105e3cf,2026-05-14,40.672728,6b5a4bec-b45d-3f6f-a9b0-769861cf16bd1539781265
9a736669-65a4-3b3e-a4b5-8f6ec9654a84,2026-05-14,24.363197,bd347e86-1b36-3407-80b6-78a2f2dae41e9793909208
9f556308-7e5a-375c-8130-c6284c3c5d5c,2026-05-14,22.438304,24110268-df67-321e-9581-bd29f27ea3618160468027
a06461db-ef00-3481-9827-c829471e7245,2026-05-14,7.737603,5511d59c-db31-37fb-8790-ae49b8ec4ba25737611269
a0f95e73-3897-3dcc-9f5c-faad41b5219c,2026-05-14,94.07322,58b12641-aa5e-3c6d-97a0-f417dd0a469c4411625778
a12779cf-ff75-376e-9cb4-73e937a3c164,2026-05-14,26.96561,ba19c2fb-8246-3ab8-b894-67973ae2268a8549866658
a2de86e5-02cf-3c93-9b40-f9629530b7d1,2026-05-14,700.004705,bcd56054-ac31-3e6f-a2d9-f156a299929c4047783680
a4897e9b-7fc7-3e17-9b47-a254a0b85f27,2026-05-14,7.695322,304ab23b-6984-3fe6-a3fb-aa744a4d6cd05946845157
a5068583-4849-35ce-900f-e2ce7f309840,2026-05-14,28.690628,ccacfe15-f7bf-3c92-9308-98112a74aa440314647208
a513bb7e-87ac-35cd-b4a2-6d23427bd2fa,2026-05-14,10.504162,481dceb1-1678-3a7e-b288-d7e2bf0c062a7786339993
acadf00f-5359-3905-a13e-213d751bffb2,2026-05-14,6.200158,2852258a-e2bf-3b5a-ad87-7915c236685c5632583391
ae5f3d2e-f527-359d-8bcf-846f320f8e57,2026-05-14,15.509862,22f94015-ff23-3150-ae0f-9ef0bb188a207912060816
af753398-35e3-3c49-a7bb-31e2830197f3,2026-05-14,9.550248,b00ef48c-948b-3854-a6bb-ed2ca37487540169593901
b095775a-2d08-336f-bccf-d2f71dc4ba3c,2026-05-14,2.181541,fb87865a-444a-3efc-ab25-247ac494cd574338526402
b32150f1-1acd-3990-ad31-f63fed66b1cf,2026-05-14,29.066112,27222e5f-5d35-3311-be74-7f592e6bb2553842641276
b5344373-538f-3f37-8982-c97e3158144a,2026-05-14,7.053292,2a20868d-41a0-350b-abd7-08a3f9d834063257215959
b571b5d8-c91f-3776-86bd-22c88c5580c2,2026-05-14,37.577775,afafa873-61a8-38e0-8977-cd70cd270f449777286253
b7f8d590-1a7d-3745-82cc-9e0c966c6306,2026-05-14,18.41651,65f0ec49-73ce-37cb-a381-28e7217750090455003993
bce50849-a0e7-3f2b-b22a-24ed60440705,2026-05-14,14.877612,ecbe8abc-16bb-3af7-8cf1-b6d262d3f9915691766209
beac6842-6d1c-39f8-bd3d-f2cbddfe2e23,2026-05-14,16.616677,71933d57-e488-3aa3-b364-7c195cfded299062716503
beb1d1c6-4fa9-36a8-a06f-1dc58ab74161,2026-05-14,6.383429,69be3936-f12c-34ad-b6bc-7a9f397f7d580253357983
c0f8ab9f-4b7b-3f4f-b576-f80ad3cb5399,2026-05-14,25.586795,ae6fce59-c426-3691-b4cc-2e7f01a5433a0719674315
c3811eff-eb0f-3e83-943e-18b5d09919e4,2026-05-14,18.663921,b38c4c71-2ecc-3478-967b-30176508f2a82808970508
c3f4e978-22c4-3743-a4d7-8dc20df21654,2026-05-14,30.588253,08043945-b9cb-35c8-8007-ea153d9880273125348988
c4b4c934-c94d-3170-bd1b-d7737b2ab490,2026-05-14,8.693068,ddfedfb4-a197-3bc5-b5b9-3413d396c9d18520739647
c4ec5436-0c6f-389c-b83d-e1f34b408946,2026-05-14,4.529315,6d73a170-b659-36fe-bc67-1faa907dd4b49647063385
c6c1b9c0-072d-3dbf-accc-4c8643cc0c4a,2026-05-14,23.60643,8e833220-412d-3626-aef6-f1d8e255b8961584029669
c7599875-d64e-3ef2-8a6a-a218c4c24bfa,2026-05-14,2.105852,4acd48f6-3379-3b71-a45f-8ba6aad527457333951563
cdcbe271-7336-35c3-a44f-1a90281b0857,2026-05-14,22.519022,cc4a0181-1f8b-3069-891f-8f8303116f410950083050
d098b8be-5fd2-3aaf-b08a-03443b43e413,2026-05-14,12.987939,ebfca532-8531-3093-b085-d9b06d8a505a5090987086
d3c48311-d8dc-3e24-95dd-6d2bca767bff,2026-05-14,16.105562,84018d69-0a55-3d24-a877-97aaa31a46cf2815442486
d3d0b6a8-f422-3af5-a62e-826c20495095,2026-05-14,11.241338,9a1ea106-1b3c-358a-b321-05d0ef5590af7934449393
d6f76560-f2a1-3ae9-ab43-eaa1f2033306,2026-05-14,46.818202,df76341f-d9c1-31f1-a511-61e0bba9ac1a9330646801
d85f6c3e-620f-3cc3-9005-9e1beefefdc6,2026-05-14,11.082516,7a3476cf-c702-35d8-ab2c-c3c41701130b3532848987
dee4128a-2091-303c-8411-15401a64ec03,2026-05-14,86.3538,7d2de236-8dd1-333c-b3b2-c7d8bd4250cd6306917490
df67f363-d186-3899-9341-ca1c650419d1,2026-05-14,18.677158,8f271568-d100-3079-ac64-5fcbae00111d2230071949
e059f4f2-66b1-346c-8a33-8c16446a8657,2026-05-14,17.229735,2a7ac4ba-1536-3186-93b2-a2c27853a79e9011911429
e0ab7ac6-23e5-3ce5-aef4-d9e2e575bb7a,2026-05-14,4.023271,36f25be1-e4a7-34ea-a4d5-d394fb2065cc2046082019
e402d019-6155-3bff-9228-4911ea446777,2026-05-14,48.205394,d454160e-2dc7-3ac7-86b9-e72c34ef16312394849607
e71fe34e-9aa5-3ade-8054-a639af523373,2026-05-14,21.714652,b1e661de-87c5-37a4-b0ad-b47b375e798f8517162525
e76bb8c7-e2ca-3a2e-96b4-7d3717dfbe06,2026-05-14,13.545124,e755d9a3-e083-3c09-8b82-e48bcb43e7f81851692813
e91fcfab-7cdf-31df-8933-e788688d8288,2026-05-14,26.634232,fe28678b-e200-3a9d-a1de-effda4879d2c1615844509
ea133f80-908c-3a40-af86-f0745e517fd2,2026-05-14,53.329008,7111b6e6-9d33-3f84-ae08-89cafad819261967282058
ed0a8ed8-2282-3fec-82db-fafd297cdb61,2026-05-14,6.79795,4e3099ad-3bc5-3b23-837d-8c897adc8c894362553996
eeaba3bd-0e65-3eff-80b8-bb415d1cdc89,2026-05-14,23.536329,6d3df8ea-2edd-3fc0-8f44-b14a5c9f858f7358431617
f02cc034-f8c6-39b7-afff-343b04ff2064,2026-05-14,11.598223,4a495ff6-34e1-3d8e-9177-445cdfd39d764430640857
f0699448-f713-378f-9e30-ac35b4b0ddbb,2026-05-14,29.811935,0fcce33d-eb23-3f5d-946b-53b6afe198987280446281
f1809858-d9d7-3db3-8cc3-5793c598044c,2026-05-14,32.811324,7697f751-8371-30c0-81c8-fcc775cadf993437132586
f28c27e1-116f-3bfa-87a3-a4aec05ef6ed,2026-05-14,19.340185,06747886-3cd5-3df7-b4e3-5300fd43ba8b6993791108
f55d8d9d-5df9-32e8-a43c-40e2d30fe83e,2026-05-14,11.191577,25ce49b4-0e30-37f6-83c9-8fdba57ec8554749707383
fa146ea6-61c1-3eaf-b3b7-d79bd6e503ca,2026-05-14,13.178024,31c3893f-aa84-359f-a9a7-c4d51a001df11272461817
fccc0510-f20a-3f28-bf3c-66cfe9fa99d1,2026-05-14,23.414149,218810c6-5f55-31ef-942d-6b8f7944e4a79796581507
030041c0-f398-3572-9c7e-3edf3d9d2ea3,2026-05-15,9.65362,123b8640-546f-3146-aac1-b5e3a45883358031893487
04f49ac6-5f35-3df9-b623-c026f24561e1,2026-05-15,71.544204,4ccf4637-f73f-3ea2-bd9d-89cd0876527e2011240689
0594d9cc-176f-3811-b8ff-1badba391ea1,2026-05-15,15.824233,7bf9e218-5646-3380-8098-8b14d617d4eb9836650145
06e33f1d-dda0-31b8-915e-bde6cf9b4012,2026-05-15,20.901789,5c1c68c1-feaf-3d3a-8a14-7e795d01c1ba6471737628
0834a8d5-db47-3f2b-8f52-89726cb486de,2026-05-15,29.718929,adb191b8-a33a-343b-b97c-1c5b503b06aa2102226204
0d66e094-d57b-3221-bdb4-ff9f2a6fa6b6,2026-05-15,48.949644,a1f98fd1-522c-331e-93df-e0e3c705c1c60127744720
0f7a9277-d005-30c0-8821-910389205cba,2026-05-15,35.087614,1498339f-636a-3ba6-8eaf-f82826cfc66b1703033271
103be95c-0738-36fc-9aca-d07b1504909a,2026-05-15,39.971912,288d8971-0036-3b38-be44-cdab7d647fa95424134206
1094d4eb-2c4b-3c82-bb41-36696a775289,2026-05-15,74.269857,8348db4d-a8ba-3dc8-b03d-3f8345e1ce081137124557
1176a69b-fd42-3989-9822-360026e942a4,2026-05-15,92.388101,4b6c12aa-31db-353f-9880-bcdca16d2c971125384531
15d19e1d-74b8-3948-867f-63a4a1188539,2026-05-15,51.828591,3a0da385-e669-30df-8f17-ee93aea6a3a63054977077
176efb99-8d0f-325e-a3e0-daa08e876832,2026-05-15,17.45123,c3c60fed-2c36-3d97-8b89-35c5cbbebe232642944088
18a6d5f8-3203-3934-be7c-fef235f8d5ee,2026-05-15,12.120627,d0fc809f-656e-31a8-9e5e-192c6b636f8d5430933548
19008d6d-be6f-38f0-8a72-4525e9b98022,2026-05-15,64.608375,4201befe-1bec-3dec-bd92-ac10a986017a9798478753
1bdab13f-7bc5-3e3d-81c9-f9179619fd90,2026-05-15,8.452409,5351c2cb-b7f7-3a9c-acd5-db63cfafda343248281033
1c3f0a45-334a-3810-b02a-7ba9181fca95,2026-05-15,12.424743,f25a1909-b1f5-354d-9179-29694f6ccd7b0794803399
1eae9205-92f7-36a7-94c5-cb082b3e7211,2026-05-15,37.241708,dd4f2862-ad2c-38c4-98b8-9dfedc77a2173206733718
21e18788-026e-37c1-9a0a-259c58a0fc50,2026-05-15,47.721236,6825bc20-32f9-371b-b653-a8454dd0cf4e9794303102
2269fc50-2d42-3349-9d12-3bc08569d8ae,2026-05-15,16.979105,5bedbf8e-359c-38f3-981e-a44c610ee0489536718275
28cba5c0-c834-3c34-900a-9d6772fd9c30,2026-05-15,10.957846,1233b0a6-550e-3390-88ce-2a21eefafe917625072302
29513ef6-a0f9-30aa-b2a3-e67dd9c50f2d,2026-05-15,11.203682,4763c9d2-d480-368f-84c3-63cf0c346e577347437891
29768e10-7435-3d69-8503-a6f77e57bdcd,2026-05-15,2.913603,103d1a25-7f36-33f7-97c6-656f5dff4f1c8078021025
2fd79494-a377-3a29-a882-b11802cfee0c,2026-05-15,15.250394,e50f86b5-d7cd-3a80-a5b4-78c659980b001758781599
2fdf5375-31c8-3c6a-9cf3-12465dbec4a5,2026-05-15,12.34714,fd3e2044-7bf6-3813-acab-9043d4cbda0b6568880041
33a96067-0e23-3bf3-8d10-cbec5a261a65,2026-05-15,48.892046,4d63f0d2-85ca-3a28-b715-4147577bedb24364586828
3615a797-2def-32a3-a0ae-3a6e8eccf080,2026-05-15,58.315025,edfa21ff-76b9-3113-8d97-a175f873fb244866321730
363a066c-58b6-3bcf-a7b0-e9729a735ba7,2026-05-15,31.929515,29527eb9-d544-35c2-b9f1-bb262cf6b4159824252521
36f0982a-ff58-3c66-9847-439d640e7d96,2026-05-15,49.879938,50b96d70-0ca5-3d4f-bdec-3c9a5b48f6100810857519
3c828a67-8a44-3a18-a2db-213948c73e01,2026-05-15,15.945452,4b9e8129-de42-3612-a62a-b99391f3a1c36185507295
3e7f3808-bc28-36c7-8251-a028f5ff5644,2026-05-15,17.777599,18ddeade-5928-3676-ae42-029acd2d6bcb2570795136
3ec4aa61-73df-37f5-af33-ac50b24f1ab5,2026-05-15,23.991915,5530820d-9691-3c0b-895b-b218aa4b299c0225945614
3f3adad3-22df-3188-a572-bab43c8f0258,2026-05-15,102.747236,b2628cd8-ae87-339b-8a4a-eb87332124ab1738661597
423348ca-0838-3372-a616-b4cda0468666,2026-05-15,1.925323,c36a6f4f-bea8-35b0-b824-2c970e256ac26805083472
4333cd5c-141e-38a1-af2a-a7df714feddb,2026-05-15,19.116745,3c3bc593-75a7-3bce-b04f-0d15bea76c784217531826
434188a4-f9da-364f-a6dc-53072f0ec1b3,2026-05-15,19.470631,e25f63b1-614b-3240-9c58-803a43e9bb435024428155
43538921-75c3-3004-917b-51c3d8e2a3a6,2026-05-15,27.824623,e213be6c-e983-37d3-b47d-03cfedb25b867590845836
48d69815-2eb5-3bb9-a39b-cbe1ceb52e99,2026-05-15,17.111892,6cfee349-1ef0-3fb2-815c-a8a1f54dfaf82072162601
4a7af055-4d5f-39bf-b0a0-3e957abd6b60,2026-05-15,11.869153,2d350fdb-0d58-3f71-94bc-a8c8ac08ee913457245518
4c9d57d4-cc8e-3ffa-a7a2-954c71ef5235,2026-05-15,52.457483,10cf198f-ca0e-3ab3-a33e-629868eaf1657063863282
4d8e0306-9402-312c-8735-520e75542ddf,2026-05-15,14.797019,fc890f93-7094-3cdc-9c17-a9bca9d2149d3600693627
4f630062-21f6-3266-9acd-c0827dbf5c05,2026-05-15,19.296672,8f29efaf-4f24-3d15-82d5-2fc874ce981c6011993181
509c1fe7-94b1-311d-9fd0-979b350e4d61,2026-05-15,101.061084,beeb8cb8-6b14-3b16-b8ec-735f810410575059189611
524da203-40d7-33a6-8ab6-b21a0cef3c58,2026-05-15,37.217216,4b414f3b-b1d8-3f11-b80f-a4ce6c6d7a4c9655939769
5498a54c-7cf2-3cbb-85d5-1078aa3be4a7,2026-05-15,9.939662,7f2eff44-b501-3d88-8b7a-bc0819c1cbd05256736696
54de7dbc-3f9b-3702-b677-fee85da6201d,2026-05-15,10.807295,d44e39e8-4f08-3623-986b-2646518072bf1207235870
55ad8c29-20dc-320f-8c21-ac3dfd7685ea,2026-05-15,25.808833,59813d11-bc16-3001-915e-9a9eff70c57f6619407622
5656dbc0-5497-3227-a829-fd8eb574450e,2026-05-15,18.228421,a203c081-9992-358a-b291-2006588558ba6822670837
56ab4ff8-d4a1-314d-82eb-cc5055b8d77c,2026-05-15,14.185315,95b986e2-fb52-3222-9a4d-94390d8daa468577144310
591e07f6-72df-366d-a512-d5ee900f7c15,2026-05-15,22.409228,abb3cf38-3fad-3baa-af44-c9b4d24608456857996865
5b4c7154-ad7e-3526-aa3c-45e89d71e721,2026-05-15,115.957819,a5074e62-50d5-364b-aeef-675c60c2ee493068298762
5cb2e039-2dc8-3bad-9d23-4bfddc143afe,2026-05-15,48.31027,8a29b19a-f05e-35e9-8df7-d99b28bf8a8d3280431943
5d21d7da-3e33-3ab4-99ef-3ca2c2ff2c69,2026-05-15,8.716665,b03fc426-da51-3e1c-aa77-6b918bff0e513877121931
5de859d5-b06b-3878-b7f0-64c4e91191df,2026-05-15,10.793592,865e99a1-718b-338b-80ab-7bdcf6c522a91536159266
5fa5d9c4-22b7-39f7-a3b2-d521ea60b47b,2026-05-15,10.621795,ab4ba1b3-b598-3bfb-8df0-768a0df60d506177714931
6e8a1cb9-329d-3c5e-8d21-4c46a734d1e9,2026-05-15,19.741078,b038cfcb-9c1e-3cde-8676-1be4c1366b8b3024374020
72e3323e-cebd-3aa6-a736-9022afb37e21,2026-05-15,36.789596,dd1d2448-04ec-3dd9-9b0e-69f5e79a93407723570593
745d78f2-7f7a-3cdd-af4f-c4c3f0a18dbb,2026-05-15,40.630265,f1df5283-191c-30dd-b238-da858232e5d08985022611
74cd4f7c-116b-3316-bf7f-eb46458694da,2026-05-15,63.477486,755c3974-2d2b-3242-8001-42f3d96983649032632994
75c008ab-9d95-3b45-b06c-1ba571bc7895,2026-05-15,7.12545,ec573df9-2361-3e56-a35c-cf369728a6f02624538703
760b65eb-45d9-332e-bbdd-15ad2c3223bc,2026-05-15,26.381744,4050495a-d74a-3f1b-b29d-db93ba2a71c15767916558
79874361-3477-38db-9fbd-fc39d1713d69,2026-05-15,17.724356,241900d5-f58b-3b3f-8abc-638d1ad78e024760008737
7a7af6a0-86f2-31f0-bb17-7e3d8de4ba8a,2026-05-15,11.904657,122c429d-4933-3ed3-8c02-852801f2503e6499333998
7feb497b-3ee8-39fa-9cfd-72a898f4cf47,2026-05-15,14.05988,90e6638a-edc1-308e-9f27-d8a3719440025129345869
812c22d3-3843-3385-aa3b-aa8ae91b882a,2026-05-15,15.50025,e7cb4203-d63e-3d55-86b1-e2f3868974688509958032
82a48b8e-4fa5-3f42-857c-71fbe24937aa,2026-05-15,9.420053,78999b98-2dd1-3379-978c-e2474a4a43306995668347
82b47e6e-09d7-36e6-80ab-4506629ff46b,2026-05-15,54.57254,1695d743-ff11-3262-b7c5-f109ac7b016b5800029843
834aa49a-5a2a-30db-8385-ad60aed26cd7,2026-05-15,104.691293,4b2f77f6-8ea8-3f4d-8688-fe485e1dd22d6927009123
83ac466b-0a2c-3b9f-bc16-cc1733598dc1,2026-05-15,24.772017,fbb1458a-bb03-3a59-81a7-c4bfa04cd8482348091600
85cb1e88-d121-35a6-a362-3cdc80917d44,2026-05-15,447.123292,1671f2df-523c-3e25-a845-e2ad655275ec3253687227
87ab0257-a9f6-3705-89f8-f63b9b8f2b0c,2026-05-15,21.574492,dd1dde98-5502-3952-90fe-dc66f816ed747906535428
8c272368-ac0c-3bc7-9568-cfbb26f8e749,2026-05-15,9.286353,9ef76979-dca8-3c79-9b0c-a7e5b98cc4183178708115
8c2e2c06-5c7a-359a-8e69-0efdfb7e79bb,2026-05-15,34.568596,02b8249b-d351-36b0-8f66-387e9b5ecd765409838852
8ca30a12-e5f4-3017-8037-1616e9ddbb5b,2026-05-15,5.720997,d980087a-73cd-3a85-914f-0dbeb6da2ff07929331557
8dc72d59-3896-3d24-a51b-3a8a9e1c6713,2026-05-15,26.241051,2bb55a33-fdd0-39b0-8fa8-bf8f9e9997f59421453150
92de990d-30ce-38da-ad78-86a4a56c065b,2026-05-15,23.070943,5a8242fb-5aa7-3d5b-ac68-21ea53c5f9e87894148187
9317e817-504a-35a4-b7c3-68e90b432c45,2026-05-15,23.789241,bd68d9fe-0c5e-3648-8a84-d7649dbc11df2315333603
960a5c04-f3ef-340c-af8a-48e88045ac24,2026-05-15,13.063006,485a6ee1-26d8-3d41-bd32-a72421af1a296123003165
96739dc1-9e37-3b11-8e79-e0a5a57062a1,2026-05-15,99.8971,7b60b05a-7946-3efd-a3a0-0ada59de74070619321536
9784049c-35d1-3534-8c4b-f4cea920d4ff,2026-05-15,13.420082,14447399-901c-34b2-b211-14fb9e9b062c7605520623
9a736669-65a4-3b3e-a4b5-8f6ec9654a84,2026-05-15,25.673495,bd347e86-1b36-3407-80b6-78a2f2dae41e9793909208
9b195b8e-28d6-386e-8990-1a5bb4dd1bdb,2026-05-15,14.689894,193afc72-4494-30b1-beb3-cd4156f1c97d7901017989
9bddd6f0-dd41-333e-aac7-f757b18ea2aa,2026-05-15,37.970173,c6545cb9-33df-373c-8ac9-ce43225c9d986458695776
9c2b569e-d3f4-3c78-a57e-4d73687d2dc2,2026-05-15,77.467587,bcf6894a-0424-3665-b520-2c34eeac116f1861409402
9f49149d-e042-3a1f-bcae-0628143c89c0,2026-05-15,27.735735,1511a03d-af95-32d7-82d6-670e957e819a5636652911
a06461db-ef00-3481-9827-c829471e7245,2026-05-15,10.760041,5511d59c-db31-37fb-8790-ae49b8ec4ba25737611269
a0f95e73-3897-3dcc-9f5c-faad41b5219c,2026-05-15,111.684871,58b12641-aa5e-3c6d-97a0-f417dd0a469c4411625778
a3f48154-490b-350b-9f4e-74835b5aaaae,2026-05-15,7.207526,95ed8b8c-c59c-372a-b31e-6543997b82d74860620288
a4897e9b-7fc7-3e17-9b47-a254a0b85f27,2026-05-15,21.547078,304ab23b-6984-3fe6-a3fb-aa744a4d6cd05946845157
a5068583-4849-35ce-900f-e2ce7f309840,2026-05-15,19.576225,ccacfe15-f7bf-3c92-9308-98112a74aa440314647208
a513bb7e-87ac-35cd-b4a2-6d23427bd2fa,2026-05-15,22.214102,481dceb1-1678-3a7e-b288-d7e2bf0c062a7786339993
a8e332b8-087a-38b0-8c1b-64db4efadc7a,2026-05-15,17.26302,47b681e7-c3d8-31f6-ab69-43f82db88fa66316703417
ab0c7a3d-b6a3-3c71-a9f6-6f5167fbf2d9,2026-05-15,9.44282,6e8c3bb5-37b6-3aa6-a40a-2cf1d71e64fa4807837875
ab5f37ff-9008-3c2a-a32b-c29632f4ea67,2026-05-15,10.296411,0d40eb23-7edb-3787-8cb8-7b09de3075fc1665666263
ac429fef-9e6b-3e26-a5ea-3122c166230c,2026-05-15,51.317416,81f224a7-cb42-3ee9-9103-e81fcc20756c3353013338
acadf00f-5359-3905-a13e-213d751bffb2,2026-05-15,7.784228,2852258a-e2bf-3b5a-ad87-7915c236685c5632583391
ae5f3d2e-f527-359d-8bcf-846f320f8e57,2026-05-15,28.555412,22f94015-ff23-3150-ae0f-9ef0bb188a207912060816
af753398-35e3-3c49-a7bb-31e2830197f3,2026-05-15,11.991767,b00ef48c-948b-3854-a6bb-ed2ca37487540169593901
b20c7e06-4ac3-32d4-be1f-8d8ca043e124,2026-05-15,26.122035,650b165d-6706-35fc-bfd9-fcbb4c66d7bc6712610403
b32150f1-1acd-3990-ad31-f63fed66b1cf,2026-05-15,66.913197,27222e5f-5d35-3311-be74-7f592e6bb2553842641276
b571b5d8-c91f-3776-86bd-22c88c5580c2,2026-05-15,26.576397,afafa873-61a8-38e0-8977-cd70cd270f449777286253
b8587185-2c84-31de-88cc-fe6d3eacc72b,2026-05-15,164.574664,e6e35728-813d-3acc-a33b-e74a927cf6fd8432089109
b9f874e5-bbd8-332a-9f2e-a024bb815cf9,2026-05-15,101.033973,0183e024-3556-38ab-8f83-a2397dc1c7ff0961989030
bce50849-a0e7-3f2b-b22a-24ed60440705,2026-05-15,23.840968,ecbe8abc-16bb-3af7-8cf1-b6d262d3f9915691766209
beb1d1c6-4fa9-36a8-a06f-1dc58ab74161,2026-05-15,10.900683,69be3936-f12c-34ad-b6bc-7a9f397f7d580253357983
c039e4c8-9c3b-3ae3-a2e7-b54c85d2cac7,2026-05-15,39.249938,ef0e0898-3920-39d5-9050-8c57b5cbcd1c9155184466
c0f8ab9f-4b7b-3f4f-b576-f80ad3cb5399,2026-05-15,19.55333,ae6fce59-c426-3691-b4cc-2e7f01a5433a0719674315
c3811eff-eb0f-3e83-943e-18b5d09919e4,2026-05-15,15.783222,b38c4c71-2ecc-3478-967b-30176508f2a82808970508
c3f4e978-22c4-3743-a4d7-8dc20df21654,2026-05-15,36.694888,08043945-b9cb-35c8-8007-ea153d9880273125348988
c41f2431-16c5-3799-9be8-561415389d5f,2026-05-15,14.614655,35f5e81a-e25c-3ff4-892f-d89a5cfb53448046832917
c4b4c934-c94d-3170-bd1b-d7737b2ab490,2026-05-15,11.885561,ddfedfb4-a197-3bc5-b5b9-3413d396c9d18520739647
c6c1b9c0-072d-3dbf-accc-4c8643cc0c4a,2026-05-15,29.05786,8e833220-412d-3626-aef6-f1d8e255b8961584029669
c7599875-d64e-3ef2-8a6a-a218c4c24bfa,2026-05-15,9.389246,4acd48f6-3379-3b71-a45f-8ba6aad527457333951563
c8c964e3-6f43-33e9-8a11-e9eaf55933ba,2026-05-15,37.933715,db1bd750-5b46-3bea-9d82-c79a18a08d0d0806001910
caacaf00-76dc-3d35-955a-b0b7289c1497,2026-05-15,3.38104,5428bbad-02ec-3bbd-b559-a02cb4c2701a9853561586
cce1c127-2ff8-3ea0-a9b8-2df2cd888b5b,2026-05-15,50.289841,40fb0c0c-0006-3ab6-84ec-5dc4198294863739942525
ce7a22b8-f3c0-3690-acac-8b5a7bf4c798,2026-05-15,27.606961,75a3be66-cc33-35b3-aa17-355486d71eeb4926576029
d098b8be-5fd2-3aaf-b08a-03443b43e413,2026-05-15,10.206118,ebfca532-8531-3093-b085-d9b06d8a505a5090987086
d320f92f-4cc3-395c-b6c7-3cb3c7cb3efe,2026-05-15,66.062077,db719257-f1df-3420-b485-acfb0da643a10140791541
d3c48311-d8dc-3e24-95dd-6d2bca767bff,2026-05-15,18.965919,84018d69-0a55-3d24-a877-97aaa31a46cf2815442486
d3d0b6a8-f422-3af5-a62e-826c20495095,2026-05-15,8.114627,9a1ea106-1b3c-358a-b321-05d0ef5590af7934449393
d72106c4-021a-3b57-bf48-7b6f2c14df23,2026-05-15,12.308126,e7b18bc4-313f-33d3-ad46-7b5d777f74ca3565120826
d834b72d-c2cc-391e-8a0c-c3f147eeb522,2026-05-15,20.278495,62331e5f-4437-3168-b6e9-aa00c1ae49235115900219
d85f6c3e-620f-3cc3-9005-9e1beefefdc6,2026-05-15,11.493453,7a3476cf-c702-35d8-ab2c-c3c41701130b3532848987
dee4128a-2091-303c-8411-15401a64ec03,2026-05-15,110.216976,7d2de236-8dd1-333c-b3b2-c7d8bd4250cd6306917490
e059f4f2-66b1-346c-8a33-8c16446a8657,2026-05-15,28.130707,2a7ac4ba-1536-3186-93b2-a2c27853a79e9011911429
e0ab7ac6-23e5-3ce5-aef4-d9e2e575bb7a,2026-05-15,8.545853,36f25be1-e4a7-34ea-a4d5-d394fb2065cc2046082019
e1ec776a-9a69-3e5d-a0c5-33a9250b1f19,2026-05-15,9.584196,8dbe6882-1128-323e-98cf-6c6c8fd5be7d0079256300
e402d019-6155-3bff-9228-4911ea446777,2026-05-15,95.493352,d454160e-2dc7-3ac7-86b9-e72c34ef16312394849607
e69f5e43-374e-3577-a194-03eca473eb86,2026-05-15,51.429543,b994cb0e-9aaf-3dbd-a0ab-315cc16c435c1107868581
e76bb8c7-e2ca-3a2e-96b4-7d3717dfbe06,2026-05-15,17.074855,e755d9a3-e083-3c09-8b82-e48bcb43e7f81851692813
e91fcfab-7cdf-31df-8933-e788688d8288,2026-05-15,16.456424,fe28678b-e200-3a9d-a1de-effda4879d2c1615844509
ea133f80-908c-3a40-af86-f0745e517fd2,2026-05-15,64.772996,7111b6e6-9d33-3f84-ae08-89cafad819261967282058
ea2319a1-87a9-39c7-978a-631828711569,2026-05-15,18.882678,aa7cd5d3-2fa7-342d-b330-88ea3eded8c73712328503
ebbf605d-a94c-3f16-9ae0-5449c87f4002,2026-05-15,70.767523,c01d7453-03eb-38be-bc95-24391aa315144796657446
ed0a8ed8-2282-3fec-82db-fafd297cdb61,2026-05-15,7.643775,4e3099ad-3bc5-3b23-837d-8c897adc8c894362553996
eeaba3bd-0e65-3eff-80b8-bb415d1cdc89,2026-05-15,23.217449,6d3df8ea-2edd-3fc0-8f44-b14a5c9f858f7358431617
f02cc034-f8c6-39b7-afff-343b04ff2064,2026-05-15,16.552981,4a495ff6-34e1-3d8e-9177-445cdfd39d764430640857
f166b497-832f-3b26-8149-b36820a1aebe,2026-05-15,4.205303,a7ce6c88-3186-35ed-a793-f40dc624f2bc4233811371
f1809858-d9d7-3db3-8cc3-5793c598044c,2026-05-15,42.521617,7697f751-8371-30c0-81c8-fcc775cadf993437132586
f2469968-f4ce-3c30-aece-76c96bba977f,2026-05-15,16.683507,c20d3ce4-526e-30be-a307-8d2e5de84a028227463090
f5a2ffe8-63a0-3fe0-82d0-e2780d9d29dc,2026-05-15,13.166852,33dd9c10-10b1-32fe-be4f-7be1047c9ed36643760194
f5c21c69-5b03-320a-ae2e-2554aefff943,2026-05-15,48.576999,1733732a-abce-3040-96d5-89e43d8b44882339867108
f6d44ec5-a47a-3937-931c-9f8412b5fa88,2026-05-15,15.304247,6197876e-4ea6-3121-8a4b-12b6efea400a0240575023
fbb84839-d7f2-363f-a497-68b74f2449f2,2026-05-15,34.736029,76b88c0d-830b-38ed-91c8-6b3757820cc05429571885
fccc0510-f20a-3f28-bf3c-66cfe9fa99d1,2026-05-15,11.560021,218810c6-5f55-31ef-942d-6b8f7944e4a79796581507
fe5c2831-6d72-3f57-b5da-21037ecbeb2f,2026-05-15,37.910908,caac5c39-53fe-3b0e-a941-3f0559293a333871484605
02995d49-90df-31cf-97ba-5c229a76711f,2026-05-18,115.345744,16bfeb59-c1e9-3456-891d-bdc1da0007925452020064
030041c0-f398-3572-9c7e-3edf3d9d2ea3,2026-05-18,6.80648,123b8640-546f-3146-aac1-b5e3a45883358031893487
06e33f1d-dda0-31b8-915e-bde6cf9b4012,2026-05-18,20.831221,5c1c68c1-feaf-3d3a-8a14-7e795d01c1ba6471737628
0834a8d5-db47-3f2b-8f52-89726cb486de,2026-05-18,13.946928,adb191b8-a33a-343b-b97c-1c5b503b06aa2102226204
0d66e094-d57b-3221-bdb4-ff9f2a6fa6b6,2026-05-18,62.580562,a1f98fd1-522c-331e-93df-e0e3c705c1c60127744720
1094d4eb-2c4b-3c82-bb41-36696a775289,2026-05-18,49.641065,8348db4d-a8ba-3dc8-b03d-3f8345e1ce081137124557
1176a69b-fd42-3989-9822-360026e942a4,2026-05-18,9.398245,4b6c12aa-31db-353f-9880-bcdca16d2c971125384531
18a6d5f8-3203-3934-be7c-fef235f8d5ee,2026-05-18,7.132188,d0fc809f-656e-31a8-9e5e-192c6b636f8d5430933548
19fa59d6-c1b5-3e11-ba74-ad111de5584f,2026-05-18,347.147513,fc4e8c60-faee-3c94-be88-2bedfd49a32f0411781020
1bdab13f-7bc5-3e3d-81c9-f9179619fd90,2026-05-18,3.313111,5351c2cb-b7f7-3a9c-acd5-db63cfafda343248281033
1c3f0a45-334a-3810-b02a-7ba9181fca95,2026-05-18,22.500052,f25a1909-b1f5-354d-9179-29694f6ccd7b0794803399
21e18788-026e-37c1-9a0a-259c58a0fc50,2026-05-18,47.847414,6825bc20-32f9-371b-b653-a8454dd0cf4e9794303102
2269fc50-2d42-3349-9d12-3bc08569d8ae,2026-05-18,6.606973,5bedbf8e-359c-38f3-981e-a44c610ee0489536718275
28cba5c0-c834-3c34-900a-9d6772fd9c30,2026-05-18,20.188467,1233b0a6-550e-3390-88ce-2a21eefafe917625072302
29513ef6-a0f9-30aa-b2a3-e67dd9c50f2d,2026-05-18,10.647459,4763c9d2-d480-368f-84c3-63cf0c346e577347437891
29768e10-7435-3d69-8503-a6f77e57bdcd,2026-05-18,6.77879,103d1a25-7f36-33f7-97c6-656f5dff4f1c8078021025
2fdf5375-31c8-3c6a-9cf3-12465dbec4a5,2026-05-18,11.38128,fd3e2044-7bf6-3813-acab-9043d4cbda0b6568880041
363a066c-58b6-3bcf-a7b0-e9729a735ba7,2026-05-18,43.334539,29527eb9-d544-35c2-b9f1-bb262cf6b4159824252521
41219c74-897b-3ca9-87e5-43da9041ddd3,2026-05-18,41.882273,fbfd204b-197f-3c6c-95b1-4733172f5fca0533189354
423348ca-0838-3372-a616-b4cda0468666,2026-05-18,6.630804,c36a6f4f-bea8-35b0-b824-2c970e256ac26805083472
434188a4-f9da-364f-a6dc-53072f0ec1b3,2026-05-18,23.793539,e25f63b1-614b-3240-9c58-803a43e9bb435024428155
48a891ca-8770-3a95-9414-af5bad034e5a,2026-05-18,13.941913,6a2b2b4f-b163-3211-9417-7ab21b779b6e4168236426
48d69815-2eb5-3bb9-a39b-cbe1ceb52e99,2026-05-18,10.591267,6cfee349-1ef0-3fb2-815c-a8a1f54dfaf82072162601
4c8688bb-e063-39d5-af44-f884b8b1b22f,2026-05-18,147.146816,74ba4416-00a1-3f9b-8c10-30d3118fa7ce7583046913
4f630062-21f6-3266-9acd-c0827dbf5c05,2026-05-18,15.407022,8f29efaf-4f24-3d15-82d5-2fc874ce981c6011993181
4fbbedf8-7ea9-3ba5-8a18-f658a4f21605,2026-05-18,76.94025,0cbedb6f-5585-3d14-bb7a-52ed75958ad14113335693
509c1fe7-94b1-311d-9fd0-979b350e4d61,2026-05-18,117.801264,beeb8cb8-6b14-3b16-b8ec-735f810410575059189611
5113b093-acec-3c38-870f-b61a2dd6b880,2026-05-18,35.328656,6de2df31-0e47-37b7-af92-4257cf86aa933125819112
54de7dbc-3f9b-3702-b677-fee85da6201d,2026-05-18,5.666704,d44e39e8-4f08-3623-986b-2646518072bf1207235870
55ad8c29-20dc-320f-8c21-ac3dfd7685ea,2026-05-18,82.402196,59813d11-bc16-3001-915e-9a9eff70c57f6619407622
55b0607e-f635-348a-bc83-f4e52515b7ec,2026-05-18,7.785412,118c8a35-e628-36a2-8499-91a87fa954ea9600440361
5656dbc0-5497-3227-a829-fd8eb574450e,2026-05-18,23.531474,a203c081-9992-358a-b291-2006588558ba6822670837
56ab4ff8-d4a1-314d-82eb-cc5055b8d77c,2026-05-18,13.802322,95b986e2-fb52-3222-9a4d-94390d8daa468577144310
57437979-1053-38bc-8abf-3f9eba7ffc49,2026-05-18,37.804887,66cc36c9-6f31-3eff-8201-8a0a7f0bd59a0688159859
57d3f142-33f4-308b-ae84-b183cc99db1b,2026-05-18,14.73993,3347c53c-2e52-3fd7-91f9-f73a7872e66a1890146135
5a3caea3-a6eb-3d9f-8553-ca013793121a,2026-05-18,6.584539,e7176e39-1b7f-3002-90a6-cf6d282c81526684381587
5a91fc01-e54a-36cc-b759-44260109d8b8,2026-05-18,3.957022,1356d797-66bc-3a72-b11f-7b3084dc9d272348624974
5b4c7154-ad7e-3526-aa3c-45e89d71e721,2026-05-18,132.713913,a5074e62-50d5-364b-aeef-675c60c2ee493068298762
5cb2e039-2dc8-3bad-9d23-4bfddc143afe,2026-05-18,77.447599,8a29b19a-f05e-35e9-8df7-d99b28bf8a8d3280431943
5d21d7da-3e33-3ab4-99ef-3ca2c2ff2c69,2026-05-18,9.513339,b03fc426-da51-3e1c-aa77-6b918bff0e513877121931
5d6ffe35-085b-3fc0-abf7-9f02a5c4fb33,2026-05-18,11.838485,03ffa46d-2a01-3d1e-b2b7-afc51d9158352243231721
5de859d5-b06b-3878-b7f0-64c4e91191df,2026-05-18,2.819022,865e99a1-718b-338b-80ab-7bdcf6c522a91536159266
5fa5d9c4-22b7-39f7-a3b2-d521ea60b47b,2026-05-18,21.920757,ab4ba1b3-b598-3bfb-8df0-768a0df60d506177714931
6001b0b7-96fc-3fe1-aef1-329c8e2f62ce,2026-05-18,11.070098,6e29cd08-5d8b-32dd-baf0-fc5123d964c69692072979
64b0ba20-1b28-3b6c-9ffc-402714ee0245,2026-05-18,9.486516,358bf36d-7dae-3d60-9132-32bf3090f2f25850796649
68b45261-85be-3d03-a069-5aa6ffe8e8ca,2026-05-18,70.241939,b6a7cc29-e0c8-36bf-9e06-ffc155431b242084275934
6e8a1cb9-329d-3c5e-8d21-4c46a734d1e9,2026-05-18,38.345494,b038cfcb-9c1e-3cde-8676-1be4c1366b8b3024374020
72e3323e-cebd-3aa6-a736-9022afb37e21,2026-05-18,20.68246,dd1d2448-04ec-3dd9-9b0e-69f5e79a93407723570593
745d78f2-7f7a-3cdd-af4f-c4c3f0a18dbb,2026-05-18,20.628996,f1df5283-191c-30dd-b238-da858232e5d08985022611
75b45819-0131-3505-a67e-213e6e87963f,2026-05-18,26.82612,8d74f7a3-14d2-3523-8682-8ea7628de4e11118376498
75c008ab-9d95-3b45-b06c-1ba571bc7895,2026-05-18,7.855561,ec573df9-2361-3e56-a35c-cf369728a6f02624538703
760b65eb-45d9-332e-bbdd-15ad2c3223bc,2026-05-18,24.991067,4050495a-d74a-3f1b-b29d-db93ba2a71c15767916558
7f426754-4ea5-368b-9dba-da1364040455,2026-05-18,18.032756,cd02aa00-f588-3d6d-9bb6-d1cb464046df4699798471
7feb497b-3ee8-39fa-9cfd-72a898f4cf47,2026-05-18,14.109278,90e6638a-edc1-308e-9f27-d8a3719440025129345869
82a48b8e-4fa5-3f42-857c-71fbe24937aa,2026-05-18,13.522956,78999b98-2dd1-3379-978c-e2474a4a43306995668347
834aa49a-5a2a-30db-8385-ad60aed26cd7,2026-05-18,115.72279,4b2f77f6-8ea8-3f4d-8688-fe485e1dd22d6927009123
83ac466b-0a2c-3b9f-bc16-cc1733598dc1,2026-05-18,40.18465,fbb1458a-bb03-3a59-81a7-c4bfa04cd8482348091600
84851a10-43f1-3fc8-a358-06f529f15c33,2026-05-18,42.882613,209d6b5c-3879-3f87-9eb1-228cd3cf4edd0737879839
84f354b1-00ae-34ba-b443-ccd2efee613c,2026-05-18,4.654472,8a14f25e-1645-3406-a19d-b9806ef569954307313451
85cb1e88-d121-35a6-a362-3cdc80917d44,2026-05-18,385.234681,1671f2df-523c-3e25-a845-e2ad655275ec3253687227
87ab0257-a9f6-3705-89f8-f63b9b8f2b0c,2026-05-18,21.031666,dd1dde98-5502-3952-90fe-dc66f816ed747906535428
8ca30a12-e5f4-3017-8037-1616e9ddbb5b,2026-05-18,8.147671,d980087a-73cd-3a85-914f-0dbeb6da2ff07929331557
8cb2a7d2-f605-3df9-981a-2c02b1d1a4e0,2026-05-18,25.814538,c8409fd1-44f6-341e-aa4a-fcdd48e1dec91197407417
8dc72d59-3896-3d24-a51b-3a8a9e1c6713,2026-05-18,35.593397,2bb55a33-fdd0-39b0-8fa8-bf8f9e9997f59421453150
911d2093-d19c-3f31-815c-a2815fcd3901,2026-05-18,263.995373,f08546be-1bd1-3bd9-a186-1ac364a028663840464235
92de990d-30ce-38da-ad78-86a4a56c065b,2026-05-18,14.618874,5a8242fb-5aa7-3d5b-ac68-21ea53c5f9e87894148187
9317e817-504a-35a4-b7c3-68e90b432c45,2026-05-18,34.477133,bd68d9fe-0c5e-3648-8a84-d7649dbc11df2315333603
949ebf54-2340-343d-959a-0f34372577da,2026-05-18,58.130647,181570ff-51a4-3333-82ec-c322cfc915d01750361380
956008d9-c7c8-3450-a799-ccd802fc2078,2026-05-18,81.144337,ac8597c6-2e0c-3fce-bd96-0eeae07b92825791469057
9661bcb6-dd62-3576-b8b0-049874fff3a1,2026-05-18,8.828645,a765656c-b5ea-38d3-b817-93751b0015257870386126
96739dc1-9e37-3b11-8e79-e0a5a57062a1,2026-05-18,76.187574,7b60b05a-7946-3efd-a3a0-0ada59de74070619321536
96be8df1-0628-3c17-acd8-50a096438ea0,2026-05-18,11.249471,7b8d6a5a-3256-3096-8208-171b7eaab4737311108557
9a736669-65a4-3b3e-a4b5-8f6ec9654a84,2026-05-18,10.185636,bd347e86-1b36-3407-80b6-78a2f2dae41e9793909208
9f556308-7e5a-375c-8130-c6284c3c5d5c,2026-05-18,11.946208,24110268-df67-321e-9581-bd29f27ea3618160468027
a06461db-ef00-3481-9827-c829471e7245,2026-05-18,1.40815,5511d59c-db31-37fb-8790-ae49b8ec4ba25737611269
a0f95e73-3897-3dcc-9f5c-faad41b5219c,2026-05-18,71.43398,58b12641-aa5e-3c6d-97a0-f417dd0a469c4411625778
a12779cf-ff75-376e-9cb4-73e937a3c164,2026-05-18,40.595599,ba19c2fb-8246-3ab8-b894-67973ae2268a8549866658
a5068583-4849-35ce-900f-e2ce7f309840,2026-05-18,34.854812,ccacfe15-f7bf-3c92-9308-98112a74aa440314647208
a513bb7e-87ac-35cd-b4a2-6d23427bd2fa,2026-05-18,14.768597,481dceb1-1678-3a7e-b288-d7e2bf0c062a7786339993
a67cec0f-eda0-3d47-af0e-2bd3262a8cf9,2026-05-18,33.333035,edd1002d-960d-3956-8ea2-8ffafe4e3f780323661523
a8e332b8-087a-38b0-8c1b-64db4efadc7a,2026-05-18,25.560305,47b681e7-c3d8-31f6-ab69-43f82db88fa66316703417
ab0c7a3d-b6a3-3c71-a9f6-6f5167fbf2d9,2026-05-18,5.789928,6e8c3bb5-37b6-3aa6-a40a-2cf1d71e64fa4807837875
ab5f37ff-9008-3c2a-a32b-c29632f4ea67,2026-05-18,4.655032,0d40eb23-7edb-3787-8cb8-7b09de3075fc1665666263
acadf00f-5359-3905-a13e-213d751bffb2,2026-05-18,6.365671,2852258a-e2bf-3b5a-ad87-7915c236685c5632583391
ad759908-6038-3c75-a6b2-7fd42a8a03f7,2026-05-18,18.145343,2ad373ae-0c89-3393-8c68-e3126543594f3130901658
ae5f3d2e-f527-359d-8bcf-846f320f8e57,2026-05-18,13.045256,22f94015-ff23-3150-ae0f-9ef0bb188a207912060816
af15418c-707a-3e54-a465-034a3b570a96,2026-05-18,8.638364,89b93f60-7af8-31b9-aacf-45885de7f2069142372275
b1d22b60-1492-37de-a246-db25e91bfb1f,2026-05-18,25.81708,ba855984-6afa-3f25-82a9-033558199c9b4291338588
b20c7e06-4ac3-32d4-be1f-8d8ca043e124,2026-05-18,30.333436,650b165d-6706-35fc-bfd9-fcbb4c66d7bc6712610403
b516e127-e0a8-3444-a387-7ee0a83c2029,2026-05-18,1.774913,cc30fb51-7115-329e-acbb-6cf3b4f138c85952469832
b5344373-538f-3f37-8982-c97e3158144a,2026-05-18,5.639412,2a20868d-41a0-350b-abd7-08a3f9d834063257215959
bde82a06-b2ee-3309-b4b0-d268a38e4c2c,2026-05-18,78.71528,37f054fc-a7a4-3b27-aefa-23a338a7e9b08878786853
beac6842-6d1c-39f8-bd3d-f2cbddfe2e23,2026-05-18,48.35915,71933d57-e488-3aa3-b364-7c195cfded299062716503
beb1d1c6-4fa9-36a8-a06f-1dc58ab74161,2026-05-18,6.572049,69be3936-f12c-34ad-b6bc-7a9f397f7d580253357983
c0f8ab9f-4b7b-3f4f-b576-f80ad3cb5399,2026-05-18,14.626406,ae6fce59-c426-3691-b4cc-2e7f01a5433a0719674315
c4b4c934-c94d-3170-bd1b-d7737b2ab490,2026-05-18,16.318736,ddfedfb4-a197-3bc5-b5b9-3413d396c9d18520739647
c7599875-d64e-3ef2-8a6a-a218c4c24bfa,2026-05-18,2.395299,4acd48f6-3379-3b71-a45f-8ba6aad527457333951563
caacaf00-76dc-3d35-955a-b0b7289c1497,2026-05-18,6.514052,5428bbad-02ec-3bbd-b559-a02cb4c2701a9853561586
cdcbe271-7336-35c3-a44f-1a90281b0857,2026-05-18,21.868736,cc4a0181-1f8b-3069-891f-8f8303116f410950083050
ce7a22b8-f3c0-3690-acac-8b5a7bf4c798,2026-05-18,24.211919,75a3be66-cc33-35b3-aa17-355486d71eeb4926576029
d098b8be-5fd2-3aaf-b08a-03443b43e413,2026-05-18,17.555807,ebfca532-8531-3093-b085-d9b06d8a505a5090987086
d16b7d90-92be-3869-95a7-7d511669811b,2026-05-18,12.021492,760b5b15-f871-3327-a1ef-e07e6f4cc11c2795438507
d320f92f-4cc3-395c-b6c7-3cb3c7cb3efe,2026-05-18,77.511352,db719257-f1df-3420-b485-acfb0da643a10140791541
d3c48311-d8dc-3e24-95dd-6d2bca767bff,2026-05-18,17.402555,84018d69-0a55-3d24-a877-97aaa31a46cf2815442486
d3d0b6a8-f422-3af5-a62e-826c20495095,2026-05-18,7.747377,9a1ea106-1b3c-358a-b321-05d0ef5590af7934449393
d6f76560-f2a1-3ae9-ab43-eaa1f2033306,2026-05-18,56.326589,df76341f-d9c1-31f1-a511-61e0bba9ac1a9330646801
d72106c4-021a-3b57-bf48-7b6f2c14df23,2026-05-18,14.698786,e7b18bc4-313f-33d3-ad46-7b5d777f74ca3565120826
d76f0b24-1370-3b6f-81fa-de61d93e7ebe,2026-05-18,4.144654,8bb85ae4-103e-305d-9e3e-d9c85ce4b4f27606140443
d834b72d-c2cc-391e-8a0c-c3f147eeb522,2026-05-18,19.191669,62331e5f-4437-3168-b6e9-aa00c1ae49235115900219
d85f6c3e-620f-3cc3-9005-9e1beefefdc6,2026-05-18,26.902097,7a3476cf-c702-35d8-ab2c-c3c41701130b3532848987
da8b7ad5-701e-38e4-af53-bcb52836386c,2026-05-18,8.731134,5a63d77e-0da6-3691-900f-f20d6593ab0a0016925614
de0bc8c0-4447-382c-b7c7-ce385510a49b,2026-05-18,37.981547,8d66b14e-bf47-35e5-b800-b55ca34760cf6094204743
dfc70541-9d37-355c-af06-9bf106459cdb,2026-05-18,6.27776,8d616aa1-7ca1-3b18-a990-d3dd7b63d8ea3801525816
e059f4f2-66b1-346c-8a33-8c16446a8657,2026-05-18,29.636917,2a7ac4ba-1536-3186-93b2-a2c27853a79e9011911429
e0ab7ac6-23e5-3ce5-aef4-d9e2e575bb7a,2026-05-18,4.655661,36f25be1-e4a7-34ea-a4d5-d394fb2065cc2046082019
e402d019-6155-3bff-9228-4911ea446777,2026-05-18,91.412741,d454160e-2dc7-3ac7-86b9-e72c34ef16312394849607
e41ed1fc-302f-351c-8dbd-1ccac5078a09,2026-05-18,29.121998,4a944e09-e32f-36d7-b5a4-e211ca471f446730403642
e69f5e43-374e-3577-a194-03eca473eb86,2026-05-18,35.031629,b994cb0e-9aaf-3dbd-a0ab-315cc16c435c1107868581
e6a4f012-2129-36d0-bf2f-6e3c384f5497,2026-05-18,12.338117,30a74d31-d91b-3ff9-b591-0ed7882600e46693238563
e76bb8c7-e2ca-3a2e-96b4-7d3717dfbe06,2026-05-18,18.540501,e755d9a3-e083-3c09-8b82-e48bcb43e7f81851692813
ed0a8ed8-2282-3fec-82db-fafd297cdb61,2026-05-18,8.892336,4e3099ad-3bc5-3b23-837d-8c897adc8c894362553996
eeaba3bd-0e65-3eff-80b8-bb415d1cdc89,2026-05-18,17.103558,6d3df8ea-2edd-3fc0-8f44-b14a5c9f858f7358431617
eedf529f-5a2b-3af3-8849-028191ece984,2026-05-18,24.292424,1209c729-0671-3154-874b-55ac027ab5523926141362
f02cc034-f8c6-39b7-afff-343b04ff2064,2026-05-18,12.677198,4a495ff6-34e1-3d8e-9177-445cdfd39d764430640857
f0699448-f713-378f-9e30-ac35b4b0ddbb,2026-05-18,47.819798,0fcce33d-eb23-3f5d-946b-53b6afe198987280446281
f166b497-832f-3b26-8149-b36820a1aebe,2026-05-18,5.139383,a7ce6c88-3186-35ed-a793-f40dc624f2bc4233811371
f1809858-d9d7-3db3-8cc3-5793c598044c,2026-05-18,47.296839,7697f751-8371-30c0-81c8-fcc775cadf993437132586
f1ebcf2f-e51e-373c-b8af-374b6efced62,2026-05-18,51.798625,a96795c7-1ef3-330f-9a52-bd611b998fc53408195367
f28c27e1-116f-3bfa-87a3-a4aec05ef6ed,2026-05-18,39.66876,06747886-3cd5-3df7-b4e3-5300fd43ba8b6993791108
f37b1d54-4726-3503-b093-7096160494d8,2026-05-18,14.403502,0701ba50-1c05-393a-97d1-5f4023a8749c6116792851
f5a2ffe8-63a0-3fe0-82d0-e2780d9d29dc,2026-05-18,17.83126,33dd9c10-10b1-32fe-be4f-7be1047c9ed36643760194
f5c21c69-5b03-320a-ae2e-2554aefff943,2026-05-18,59.855427,1733732a-abce-3040-96d5-89e43d8b44882339867108
f6d44ec5-a47a-3937-931c-9f8412b5fa88,2026-05-18,14.092371,6197876e-4ea6-3121-8a4b-12b6efea400a0240575023
fbb84839-d7f2-363f-a497-68b74f2449f2,2026-05-18,10.963458,76b88c0d-830b-38ed-91c8-6b3757820cc05429571885
fccc0510-f20a-3f28-bf3c-66cfe9fa99d1,2026-05-18,10.410306,218810c6-5f55-31ef-942d-6b8f7944e4a79796581507
02995d49-90df-31cf-97ba-5c229a76711f,2026-05-19,170.350672,16bfeb59-c1e9-3456-891d-bdc1da0007925452020064
030041c0-f398-3572-9c7e-3edf3d9d2ea3,2026-05-19,2.281937,123b8640-546f-3146-aac1-b5e3a45883358031893487
0769202c-7965-32a1-8d36-1cd52b64377d,2026-05-19,8.755259,03bfca79-bd1d-3217-a8ee-b032e1a5d4279777514889
0834a8d5-db47-3f2b-8f52-89726cb486de,2026-05-19,22.97413,adb191b8-a33a-343b-b97c-1c5b503b06aa2102226204
0bd9c8a1-cf25-3dfe-9380-6143b1183f53,2026-05-19,59.094629,7ff7d9b9-eb8b-35f9-9265-8dd933d6e5f40824718437
0d27bc97-59cd-32d0-9146-960993fea8f2,2026-05-19,11.17029,2f024d4b-7d63-3f13-9c02-6541cfb6efcb8610694866
0d66e094-d57b-3221-bdb4-ff9f2a6fa6b6,2026-05-19,36.975952,a1f98fd1-522c-331e-93df-e0e3c705c1c60127744720
108e1055-4067-36ab-86d5-3ac2be2e867f,2026-05-19,13.918685,8690c614-cd42-3218-b40b-ca04dce958814882526076
1094d4eb-2c4b-3c82-bb41-36696a775289,2026-05-19,47.640245,8348db4d-a8ba-3dc8-b03d-3f8345e1ce081137124557
110fff46-fb0b-3e9a-9353-b15cf434f1b7,2026-05-19,8.398946,8266cc0f-826e-3c10-b1b7-12f6215fa3d12909001108
1176a69b-fd42-3989-9822-360026e942a4,2026-05-19,104.387541,4b6c12aa-31db-353f-9880-bcdca16d2c971125384531
15d19e1d-74b8-3948-867f-63a4a1188539,2026-05-19,65.054765,3a0da385-e669-30df-8f17-ee93aea6a3a63054977077
15f19ccf-5f54-370e-914a-19ef0d6e7bfe,2026-05-19,83.299959,d0dca904-0a39-3f70-8f24-23b3f8543cae9283252446
176efb99-8d0f-325e-a3e0-daa08e876832,2026-05-19,19.683071,c3c60fed-2c36-3d97-8b89-35c5cbbebe232642944088
17e9c47e-62ba-33a6-96e1-95ad3c636d22,2026-05-19,46.315012,77974123-fa35-3834-90f5-d19a2e752e979650064655
18a6d5f8-3203-3934-be7c-fef235f8d5ee,2026-05-19,9.330739,d0fc809f-656e-31a8-9e5e-192c6b636f8d5430933548
1bdab13f-7bc5-3e3d-81c9-f9179619fd90,2026-05-19,18.324969,5351c2cb-b7f7-3a9c-acd5-db63cfafda343248281033
1c3f0a45-334a-3810-b02a-7ba9181fca95,2026-05-19,13.70661,f25a1909-b1f5-354d-9179-29694f6ccd7b0794803399
21e18788-026e-37c1-9a0a-259c58a0fc50,2026-05-19,53.027467,6825bc20-32f9-371b-b653-a8454dd0cf4e9794303102
2269fc50-2d42-3349-9d12-3bc08569d8ae,2026-05-19,10.298396,5bedbf8e-359c-38f3-981e-a44c610ee0489536718275
28cba5c0-c834-3c34-900a-9d6772fd9c30,2026-05-19,30.052364,1233b0a6-550e-3390-88ce-2a21eefafe917625072302
29513ef6-a0f9-30aa-b2a3-e67dd9c50f2d,2026-05-19,12.698496,4763c9d2-d480-368f-84c3-63cf0c346e577347437891
2b3c346c-5f49-3232-be35-3443261527b0,2026-05-19,4.143672,e6538295-3b6e-3154-9420-ec45501d20ae5856219597
33a96067-0e23-3bf3-8d10-cbec5a261a65,2026-05-19,36.056345,4d63f0d2-85ca-3a28-b715-4147577bedb24364586828
36f0982a-ff58-3c66-9847-439d640e7d96,2026-05-19,52.486608,50b96d70-0ca5-3d4f-bdec-3c9a5b48f6100810857519
3a95c147-b6b0-329f-88ad-464e73046bbe,2026-05-19,10.282593,a645382c-6cb6-3873-a916-6298b8109de48651485340
3ab4ce54-3bfa-3a09-8624-c69a02d77632,2026-05-19,0.969949,776a90be-9929-3c47-9f5d-5f73f58824c60497278972
3e7f3808-bc28-36c7-8251-a028f5ff5644,2026-05-19,25.528125,18ddeade-5928-3676-ae42-029acd2d6bcb2570795136
3fe600f0-c808-3676-90fe-909ea8b83ca6,2026-05-19,5.603543,89445095-871b-3498-be52-e63f6b0e774b5355986831
423348ca-0838-3372-a616-b4cda0468666,2026-05-19,2.956909,c36a6f4f-bea8-35b0-b824-2c970e256ac26805083472
434188a4-f9da-364f-a6dc-53072f0ec1b3,2026-05-19,21.420311,e25f63b1-614b-3240-9c58-803a43e9bb435024428155
43538921-75c3-3004-917b-51c3d8e2a3a6,2026-05-19,16.053418,e213be6c-e983-37d3-b47d-03cfedb25b867590845836
48a891ca-8770-3a95-9414-af5bad034e5a,2026-05-19,18.080409,6a2b2b4f-b163-3211-9417-7ab21b779b6e4168236426
48d69815-2eb5-3bb9-a39b-cbe1ceb52e99,2026-05-19,14.442791,6cfee349-1ef0-3fb2-815c-a8a1f54dfaf82072162601
4c9d57d4-cc8e-3ffa-a7a2-954c71ef5235,2026-05-19,39.792832,10cf198f-ca0e-3ab3-a33e-629868eaf1657063863282
4d62a2a6-a8bb-3084-8568-8b0c0e6c53f9,2026-05-19,8.911192,30709a03-df76-3a99-9f2c-8ccec86cb09e5850066452
4d8e0306-9402-312c-8735-520e75542ddf,2026-05-19,7.833431,fc890f93-7094-3cdc-9c17-a9bca9d2149d3600693627
4f630062-21f6-3266-9acd-c0827dbf5c05,2026-05-19,13.05745,8f29efaf-4f24-3d15-82d5-2fc874ce981c6011993181
4fbbedf8-7ea9-3ba5-8a18-f658a4f21605,2026-05-19,105.162204,0cbedb6f-5585-3d14-bb7a-52ed75958ad14113335693
509c1fe7-94b1-311d-9fd0-979b350e4d61,2026-05-19,104.24521,beeb8cb8-6b14-3b16-b8ec-735f810410575059189611
50be9c42-1c4b-3493-a07c-ffe59fd8491c,2026-05-19,57.964444,edb658c0-31b6-337f-a557-ae881cfe96142560471597
5113b093-acec-3c38-870f-b61a2dd6b880,2026-05-19,48.415937,6de2df31-0e47-37b7-af92-4257cf86aa933125819112
52412506-0a36-3bbc-b4ff-9579aa41f9b1,2026-05-19,7.028048,258df3e5-7e26-3a3f-9326-aace208da4a32337603841
5498a54c-7cf2-3cbb-85d5-1078aa3be4a7,2026-05-19,30.747573,7f2eff44-b501-3d88-8b7a-bc0819c1cbd05256736696
54de7dbc-3f9b-3702-b677-fee85da6201d,2026-05-19,6.14132,d44e39e8-4f08-3623-986b-2646518072bf1207235870
55ad8c29-20dc-320f-8c21-ac3dfd7685ea,2026-05-19,45.065065,59813d11-bc16-3001-915e-9a9eff70c57f6619407622
5656dbc0-5497-3227-a829-fd8eb574450e,2026-05-19,49.605907,a203c081-9992-358a-b291-2006588558ba6822670837
56ab4ff8-d4a1-314d-82eb-cc5055b8d77c,2026-05-19,30.509033,95b986e2-fb52-3222-9a4d-94390d8daa468577144310
5a91fc01-e54a-36cc-b759-44260109d8b8,2026-05-19,5.697348,1356d797-66bc-3a72-b11f-7b3084dc9d272348624974
5de859d5-b06b-3878-b7f0-64c4e91191df,2026-05-19,6.495892,865e99a1-718b-338b-80ab-7bdcf6c522a91536159266
5fa5d9c4-22b7-39f7-a3b2-d521ea60b47b,2026-05-19,23.141989,ab4ba1b3-b598-3bfb-8df0-768a0df60d506177714931
6001b0b7-96fc-3fe1-aef1-329c8e2f62ce,2026-05-19,15.422033,6e29cd08-5d8b-32dd-baf0-fc5123d964c69692072979
64b0ba20-1b28-3b6c-9ffc-402714ee0245,2026-05-19,28.795802,358bf36d-7dae-3d60-9132-32bf3090f2f25850796649
6a620372-f31e-349c-b6c6-0e040a3edb64,2026-05-19,9.172272,5585108c-6e05-3453-8c97-d5a03ce4ee0a5269991336
6e8a1cb9-329d-3c5e-8d21-4c46a734d1e9,2026-05-19,22.713336,b038cfcb-9c1e-3cde-8676-1be4c1366b8b3024374020
72e3323e-cebd-3aa6-a736-9022afb37e21,2026-05-19,38.986892,dd1d2448-04ec-3dd9-9b0e-69f5e79a93407723570593
745d78f2-7f7a-3cdd-af4f-c4c3f0a18dbb,2026-05-19,66.9172,f1df5283-191c-30dd-b238-da858232e5d08985022611
74cd4f7c-116b-3316-bf7f-eb46458694da,2026-05-19,49.897992,755c3974-2d2b-3242-8001-42f3d96983649032632994
75be5782-378c-39b7-8d80-e4225331c478,2026-05-19,5.31415,e1d9f528-91ca-3b5f-b9e2-c2bc6c32dd155877684651
760b65eb-45d9-332e-bbdd-15ad2c3223bc,2026-05-19,31.081076,4050495a-d74a-3f1b-b29d-db93ba2a71c15767916558
781a0729-d247-332a-a718-196cd4f0844f,2026-05-19,12.387004,c926082b-f5ea-39f0-9b3a-e5bce96b47c35305695375
7825a025-23b9-3955-84e6-3a54c38e86e4,2026-05-19,6.456402,944aa6d5-032b-30c6-b177-dba1d9d44f1a2385396646
7a7af6a0-86f2-31f0-bb17-7e3d8de4ba8a,2026-05-19,23.894027,122c429d-4933-3ed3-8c02-852801f2503e6499333998
7fb6ff11-be82-30ff-ad1d-e44ada4f46db,2026-05-19,31.087654,44965c11-796e-3e8c-b92a-222141e2d34e4076630863
7feb497b-3ee8-39fa-9cfd-72a898f4cf47,2026-05-19,15.011603,90e6638a-edc1-308e-9f27-d8a3719440025129345869
812c22d3-3843-3385-aa3b-aa8ae91b882a,2026-05-19,34.912779,e7cb4203-d63e-3d55-86b1-e2f3868974688509958032
82a48b8e-4fa5-3f42-857c-71fbe24937aa,2026-05-19,10.415999,78999b98-2dd1-3379-978c-e2474a4a43306995668347
82b47e6e-09d7-36e6-80ab-4506629ff46b,2026-05-19,23.399829,1695d743-ff11-3262-b7c5-f109ac7b016b5800029843
84851a10-43f1-3fc8-a358-06f529f15c33,2026-05-19,62.798361,209d6b5c-3879-3f87-9eb1-228cd3cf4edd0737879839
84f354b1-00ae-34ba-b443-ccd2efee613c,2026-05-19,7.586173,8a14f25e-1645-3406-a19d-b9806ef569954307313451
87ab0257-a9f6-3705-89f8-f63b9b8f2b0c,2026-05-19,18.081582,dd1dde98-5502-3952-90fe-dc66f816ed747906535428
8c272368-ac0c-3bc7-9568-cfbb26f8e749,2026-05-19,6.138222,9ef76979-dca8-3c79-9b0c-a7e5b98cc4183178708115
8cb2a7d2-f605-3df9-981a-2c02b1d1a4e0,2026-05-19,9.420419,c8409fd1-44f6-341e-aa4a-fcdd48e1dec91197407417
9317e817-504a-35a4-b7c3-68e90b432c45,2026-05-19,46.702303,bd68d9fe-0c5e-3648-8a84-d7649dbc11df2315333603
949ebf54-2340-343d-959a-0f34372577da,2026-05-19,54.555057,181570ff-51a4-3333-82ec-c322cfc915d01750361380
960a5c04-f3ef-340c-af8a-48e88045ac24,2026-05-19,9.446969,485a6ee1-26d8-3d41-bd32-a72421af1a296123003165
9661bcb6-dd62-3576-b8b0-049874fff3a1,2026-05-19,1.700662,a765656c-b5ea-38d3-b817-93751b0015257870386126
96be8df1-0628-3c17-acd8-50a096438ea0,2026-05-19,31.337785,7b8d6a5a-3256-3096-8208-171b7eaab4737311108557
9b195b8e-28d6-386e-8990-1a5bb4dd1bdb,2026-05-19,22.64649,193afc72-4494-30b1-beb3-cd4156f1c97d7901017989
9bddd6f0-dd41-333e-aac7-f757b18ea2aa,2026-05-19,41.315872,c6545cb9-33df-373c-8ac9-ce43225c9d986458695776
9f556308-7e5a-375c-8130-c6284c3c5d5c,2026-05-19,29.528664,24110268-df67-321e-9581-bd29f27ea3618160468027
a0f95e73-3897-3dcc-9f5c-faad41b5219c,2026-05-19,128.179275,58b12641-aa5e-3c6d-97a0-f417dd0a469c4411625778
a2de86e5-02cf-3c93-9b40-f9629530b7d1,2026-05-19,339.748189,bcd56054-ac31-3e6f-a2d9-f156a299929c4047783680
a3f48154-490b-350b-9f4e-74835b5aaaae,2026-05-19,10.631988,95ed8b8c-c59c-372a-b31e-6543997b82d74860620288
a5068583-4849-35ce-900f-e2ce7f309840,2026-05-19,42.117428,ccacfe15-f7bf-3c92-9308-98112a74aa440314647208
a513bb7e-87ac-35cd-b4a2-6d23427bd2fa,2026-05-19,6.494493,481dceb1-1678-3a7e-b288-d7e2bf0c062a7786339993
a67cec0f-eda0-3d47-af0e-2bd3262a8cf9,2026-05-19,40.532769,edd1002d-960d-3956-8ea2-8ffafe4e3f780323661523
acadf00f-5359-3905-a13e-213d751bffb2,2026-05-19,7.763536,2852258a-e2bf-3b5a-ad87-7915c236685c5632583391
ad759908-6038-3c75-a6b2-7fd42a8a03f7,2026-05-19,18.274663,2ad373ae-0c89-3393-8c68-e3126543594f3130901658
af15418c-707a-3e54-a465-034a3b570a96,2026-05-19,18.970947,89b93f60-7af8-31b9-aacf-45885de7f2069142372275
b08b0516-052f-31ca-baee-415f1e9f6c1d,2026-05-19,26.287736,8eb78258-dbd8-30ca-8e2f-f57e8806b9340333593055
b095775a-2d08-336f-bccf-d2f71dc4ba3c,2026-05-19,4.837377,fb87865a-444a-3efc-ab25-247ac494cd574338526402
b32150f1-1acd-3990-ad31-f63fed66b1cf,2026-05-19,45.154993,27222e5f-5d35-3311-be74-7f592e6bb2553842641276
b5344373-538f-3f37-8982-c97e3158144a,2026-05-19,6.408308,2a20868d-41a0-350b-abd7-08a3f9d834063257215959
b571b5d8-c91f-3776-86bd-22c88c5580c2,2026-05-19,27.339237,afafa873-61a8-38e0-8977-cd70cd270f449777286253
b8587185-2c84-31de-88cc-fe6d3eacc72b,2026-05-19,159.542204,e6e35728-813d-3acc-a33b-e74a927cf6fd8432089109
b99742c8-7da0-3e81-ab3c-eb775e9f5d24,2026-05-19,66.350845,83de6687-9540-3db3-a6d6-f036d634a1c63930926163
bce50849-a0e7-3f2b-b22a-24ed60440705,2026-05-19,23.661959,ecbe8abc-16bb-3af7-8cf1-b6d262d3f9915691766209
bde82a06-b2ee-3309-b4b0-d268a38e4c2c,2026-05-19,136.482598,37f054fc-a7a4-3b27-aefa-23a338a7e9b08878786853
beb1d1c6-4fa9-36a8-a06f-1dc58ab74161,2026-05-19,6.062512,69be3936-f12c-34ad-b6bc-7a9f397f7d580253357983
bf5e2c07-ebd1-3aab-ae92-933140999b06,2026-05-19,36.06235,e12f9949-3428-338b-a05b-b980386cf9872350056648
c039e4c8-9c3b-3ae3-a2e7-b54c85d2cac7,2026-05-19,72.231522,ef0e0898-3920-39d5-9050-8c57b5cbcd1c9155184466
c0f8ab9f-4b7b-3f4f-b576-f80ad3cb5399,2026-05-19,12.851647,ae6fce59-c426-3691-b4cc-2e7f01a5433a0719674315
c10aa2a4-9710-3c19-a603-5595b7214357,2026-05-19,43.116555,1b9ae923-d5d3-3622-a874-ae484c1dba772258873463
c3811eff-eb0f-3e83-943e-18b5d09919e4,2026-05-19,17.262478,b38c4c71-2ecc-3478-967b-30176508f2a82808970508
c4b4c934-c94d-3170-bd1b-d7737b2ab490,2026-05-19,13.289015,ddfedfb4-a197-3bc5-b5b9-3413d396c9d18520739647
c6c1b9c0-072d-3dbf-accc-4c8643cc0c4a,2026-05-19,22.09836,8e833220-412d-3626-aef6-f1d8e255b8961584029669
c7599875-d64e-3ef2-8a6a-a218c4c24bfa,2026-05-19,17.942012,4acd48f6-3379-3b71-a45f-8ba6aad527457333951563
c8c964e3-6f43-33e9-8a11-e9eaf55933ba,2026-05-19,55.737342,db1bd750-5b46-3bea-9d82-c79a18a08d0d0806001910
cdcbe271-7336-35c3-a44f-1a90281b0857,2026-05-19,30.71806,cc4a0181-1f8b-3069-891f-8f8303116f410950083050
d098b8be-5fd2-3aaf-b08a-03443b43e413,2026-05-19,30.413777,ebfca532-8531-3093-b085-d9b06d8a505a5090987086
d320f92f-4cc3-395c-b6c7-3cb3c7cb3efe,2026-05-19,94.643733,db719257-f1df-3420-b485-acfb0da643a10140791541
d3d0b6a8-f422-3af5-a62e-826c20495095,2026-05-19,31.847387,9a1ea106-1b3c-358a-b321-05d0ef5590af7934449393
d72106c4-021a-3b57-bf48-7b6f2c14df23,2026-05-19,19.73089,e7b18bc4-313f-33d3-ad46-7b5d777f74ca3565120826
d76f0b24-1370-3b6f-81fa-de61d93e7ebe,2026-05-19,1.968447,8bb85ae4-103e-305d-9e3e-d9c85ce4b4f27606140443
d834b72d-c2cc-391e-8a0c-c3f147eeb522,2026-05-19,24.836215,62331e5f-4437-3168-b6e9-aa00c1ae49235115900219
d85f6c3e-620f-3cc3-9005-9e1beefefdc6,2026-05-19,11.674597,7a3476cf-c702-35d8-ab2c-c3c41701130b3532848987
d86225ec-57c8-3039-9b73-5067e9668517,2026-05-19,3.39737,9befbbd8-c5ed-3abc-9d19-377736924de73675696583
de0bc8c0-4447-382c-b7c7-ce385510a49b,2026-05-19,56.599178,8d66b14e-bf47-35e5-b800-b55ca34760cf6094204743
dee4128a-2091-303c-8411-15401a64ec03,2026-05-19,106.909689,7d2de236-8dd1-333c-b3b2-c7d8bd4250cd6306917490
dfe88e46-3f0b-3bdd-bb8b-d7190cc27582,2026-05-19,55.236572,2f3787a4-af4a-33b1-9633-78e945ce9cbb0630344304
e1ec776a-9a69-3e5d-a0c5-33a9250b1f19,2026-05-19,4.850564,8dbe6882-1128-323e-98cf-6c6c8fd5be7d0079256300
e402d019-6155-3bff-9228-4911ea446777,2026-05-19,67.903401,d454160e-2dc7-3ac7-86b9-e72c34ef16312394849607
e69f5e43-374e-3577-a194-03eca473eb86,2026-05-19,45.374041,b994cb0e-9aaf-3dbd-a0ab-315cc16c435c1107868581
e6a4f012-2129-36d0-bf2f-6e3c384f5497,2026-05-19,14.542244,30a74d31-d91b-3ff9-b591-0ed7882600e46693238563
e76bb8c7-e2ca-3a2e-96b4-7d3717dfbe06,2026-05-19,14.522903,e755d9a3-e083-3c09-8b82-e48bcb43e7f81851692813
ea133f80-908c-3a40-af86-f0745e517fd2,2026-05-19,37.064888,7111b6e6-9d33-3f84-ae08-89cafad819261967282058
ebbf605d-a94c-3f16-9ae0-5449c87f4002,2026-05-19,58.661246,c01d7453-03eb-38be-bc95-24391aa315144796657446
ed0a8ed8-2282-3fec-82db-fafd297cdb61,2026-05-19,8.323635,4e3099ad-3bc5-3b23-837d-8c897adc8c894362553996
eeaba3bd-0e65-3eff-80b8-bb415d1cdc89,2026-05-19,17.929929,6d3df8ea-2edd-3fc0-8f44-b14a5c9f858f7358431617
f02cc034-f8c6-39b7-afff-343b04ff2064,2026-05-19,10.736531,4a495ff6-34e1-3d8e-9177-445cdfd39d764430640857
f0699448-f713-378f-9e30-ac35b4b0ddbb,2026-05-19,32.765028,0fcce33d-eb23-3f5d-946b-53b6afe198987280446281
f1809858-d9d7-3db3-8cc3-5793c598044c,2026-05-19,30.357427,7697f751-8371-30c0-81c8-fcc775cadf993437132586
f28c27e1-116f-3bfa-87a3-a4aec05ef6ed,2026-05-19,39.259351,06747886-3cd5-3df7-b4e3-5300fd43ba8b6993791108
f55d8d9d-5df9-32e8-a43c-40e2d30fe83e,2026-05-19,27.416691,25ce49b4-0e30-37f6-83c9-8fdba57ec8554749707383
fccc0510-f20a-3f28-bf3c-66cfe9fa99d1,2026-05-19,16.222242,218810c6-5f55-31ef-942d-6b8f7944e4a79796581507
02995d49-90df-31cf-97ba-5c229a76711f,2026-05-20,220.866688,16bfeb59-c1e9-3456-891d-bdc1da0007925452020064
030041c0-f398-3572-9c7e-3edf3d9d2ea3,2026-05-20,11.203901,123b8640-546f-3146-aac1-b5e3a45883358031893487
0388e0d9-8d10-3b74-a111-fdac480a0825,2026-05-20,15.040286,6ebc7d27-88d5-35f2-857d-fc6f145b17b60057015050
04f49ac6-5f35-3df9-b623-c026f24561e1,2026-05-20,59.983343,4ccf4637-f73f-3ea2-bd9d-89cd0876527e2011240689
0594d9cc-176f-3811-b8ff-1badba391ea1,2026-05-20,10.051102,7bf9e218-5646-3380-8098-8b14d617d4eb9836650145
06e33f1d-dda0-31b8-915e-bde6cf9b4012,2026-05-20,31.97843,5c1c68c1-feaf-3d3a-8a14-7e795d01c1ba6471737628
0bd9c8a1-cf25-3dfe-9380-6143b1183f53,2026-05-20,32.045726,7ff7d9b9-eb8b-35f9-9265-8dd933d6e5f40824718437
1094d4eb-2c4b-3c82-bb41-36696a775289,2026-05-20,66.860897,8348db4d-a8ba-3dc8-b03d-3f8345e1ce081137124557
1176a69b-fd42-3989-9822-360026e942a4,2026-05-20,86.355388,4b6c12aa-31db-353f-9880-bcdca16d2c971125384531
176efb99-8d0f-325e-a3e0-daa08e876832,2026-05-20,17.45581,c3c60fed-2c36-3d97-8b89-35c5cbbebe232642944088
17e9c47e-62ba-33a6-96e1-95ad3c636d22,2026-05-20,33.189973,77974123-fa35-3834-90f5-d19a2e752e979650064655
18a6d5f8-3203-3934-be7c-fef235f8d5ee,2026-05-20,15.344882,d0fc809f-656e-31a8-9e5e-192c6b636f8d5430933548
18d39ce1-5a60-3a9e-9621-bfa693409e77,2026-05-20,22.873921,136386ac-0d76-3f46-b05e-ad2dc8a2fa238045910511
1bdab13f-7bc5-3e3d-81c9-f9179619fd90,2026-05-20,2.450947,5351c2cb-b7f7-3a9c-acd5-db63cfafda343248281033
2111daa9-5dbb-36aa-b675-efab46559d5d,2026-05-20,3.153008,93fc0a2e-adf6-3b5c-a38a-8aaf0af2466c8463812397
21e18788-026e-37c1-9a0a-259c58a0fc50,2026-05-20,49.269813,6825bc20-32f9-371b-b653-a8454dd0cf4e9794303102
2331b8d4-3563-3b2b-8bf1-ee54a482c609,2026-05-20,9.986704,0c4befad-a90a-3f28-8b16-9dd39cf80ecc8123775477
28cba5c0-c834-3c34-900a-9d6772fd9c30,2026-05-20,8.946122,1233b0a6-550e-3390-88ce-2a21eefafe917625072302
2b3c346c-5f49-3232-be35-3443261527b0,2026-05-20,8.116321,e6538295-3b6e-3154-9420-ec45501d20ae5856219597
2fdf5375-31c8-3c6a-9cf3-12465dbec4a5,2026-05-20,24.910438,fd3e2044-7bf6-3813-acab-9043d4cbda0b6568880041
323a2cac-7231-3d1b-90b0-babcb0cf55ba,2026-05-20,24.152805,6110ae57-4fb0-3294-9c39-0fdab85c823b7854159322
33a96067-0e23-3bf3-8d10-cbec5a261a65,2026-05-20,47.243578,4d63f0d2-85ca-3a28-b715-4147577bedb24364586828
363a066c-58b6-3bcf-a7b0-e9729a735ba7,2026-05-20,19.631849,29527eb9-d544-35c2-b9f1-bb262cf6b4159824252521
3e7f3808-bc28-36c7-8251-a028f5ff5644,2026-05-20,19.524391,18ddeade-5928-3676-ae42-029acd2d6bcb2570795136
41219c74-897b-3ca9-87e5-43da9041ddd3,2026-05-20,30.412232,fbfd204b-197f-3c6c-95b1-4733172f5fca0533189354
423348ca-0838-3372-a616-b4cda0468666,2026-05-20,7.01379,c36a6f4f-bea8-35b0-b824-2c970e256ac26805083472
434188a4-f9da-364f-a6dc-53072f0ec1b3,2026-05-20,30.762581,e25f63b1-614b-3240-9c58-803a43e9bb435024428155
460c19ec-738f-33e2-84b8-3a300f8ee989,2026-05-20,14.912747,96b09d04-ac8f-311f-bac8-ca0a14edd5799345959495
48d69815-2eb5-3bb9-a39b-cbe1ceb52e99,2026-05-20,13.669181,6cfee349-1ef0-3fb2-815c-a8a1f54dfaf82072162601
4a7af055-4d5f-39bf-b0a0-3e957abd6b60,2026-05-20,17.324777,2d350fdb-0d58-3f71-94bc-a8c8ac08ee913457245518
4d8e0306-9402-312c-8735-520e75542ddf,2026-05-20,3.660831,fc890f93-7094-3cdc-9c17-a9bca9d2149d3600693627
4f630062-21f6-3266-9acd-c0827dbf5c05,2026-05-20,13.552333,8f29efaf-4f24-3d15-82d5-2fc874ce981c6011993181
4fbbedf8-7ea9-3ba5-8a18-f658a4f21605,2026-05-20,110.249913,0cbedb6f-5585-3d14-bb7a-52ed75958ad14113335693
5060be3d-9bbb-3f4e-955c-625e4390c6b7,2026-05-20,14.936997,2aff5a14-b04c-3fb3-98e6-5f847371e3ff9195279440
509c1fe7-94b1-311d-9fd0-979b350e4d61,2026-05-20,49.657295,beeb8cb8-6b14-3b16-b8ec-735f810410575059189611
50be9c42-1c4b-3493-a07c-ffe59fd8491c,2026-05-20,32.907362,edb658c0-31b6-337f-a557-ae881cfe96142560471597
5113b093-acec-3c38-870f-b61a2dd6b880,2026-05-20,90.437555,6de2df31-0e47-37b7-af92-4257cf86aa933125819112
524da203-40d7-33a6-8ab6-b21a0cef3c58,2026-05-20,21.524212,4b414f3b-b1d8-3f11-b80f-a4ce6c6d7a4c9655939769
5498a54c-7cf2-3cbb-85d5-1078aa3be4a7,2026-05-20,26.323006,7f2eff44-b501-3d88-8b7a-bc0819c1cbd05256736696
54de7dbc-3f9b-3702-b677-fee85da6201d,2026-05-20,9.267325,d44e39e8-4f08-3623-986b-2646518072bf1207235870
55ad8c29-20dc-320f-8c21-ac3dfd7685ea,2026-05-20,68.781214,59813d11-bc16-3001-915e-9a9eff70c57f6619407622
55b0607e-f635-348a-bc83-f4e52515b7ec,2026-05-20,13.773697,118c8a35-e628-36a2-8499-91a87fa954ea9600440361
56ab4ff8-d4a1-314d-82eb-cc5055b8d77c,2026-05-20,27.527659,95b986e2-fb52-3222-9a4d-94390d8daa468577144310
591e07f6-72df-366d-a512-d5ee900f7c15,2026-05-20,26.477494,abb3cf38-3fad-3baa-af44-c9b4d24608456857996865
5a91fc01-e54a-36cc-b759-44260109d8b8,2026-05-20,2.482484,1356d797-66bc-3a72-b11f-7b3084dc9d272348624974
5cb2e039-2dc8-3bad-9d23-4bfddc143afe,2026-05-20,77.777811,8a29b19a-f05e-35e9-8df7-d99b28bf8a8d3280431943
5de859d5-b06b-3878-b7f0-64c4e91191df,2026-05-20,2.345379,865e99a1-718b-338b-80ab-7bdcf6c522a91536159266
5fa5d9c4-22b7-39f7-a3b2-d521ea60b47b,2026-05-20,16.592393,ab4ba1b3-b598-3bfb-8df0-768a0df60d506177714931
6001b0b7-96fc-3fe1-aef1-329c8e2f62ce,2026-05-20,7.6784,6e29cd08-5d8b-32dd-baf0-fc5123d964c69692072979
617065f0-5c37-32d6-a3d6-dc223ac898b3,2026-05-20,20.232369,ae562d52-09ae-3863-b5f0-5ae580696f0f2844325743
68b45261-85be-3d03-a069-5aa6ffe8e8ca,2026-05-20,48.330233,b6a7cc29-e0c8-36bf-9e06-ffc155431b242084275934
6e8a1cb9-329d-3c5e-8d21-4c46a734d1e9,2026-05-20,37.074289,b038cfcb-9c1e-3cde-8676-1be4c1366b8b3024374020
7254494c-fbeb-3dc4-80ee-30c6f6c22599,2026-05-20,16.011693,64848290-d9fb-3103-b306-a0129738ec0d3937403775
72e3323e-cebd-3aa6-a736-9022afb37e21,2026-05-20,10.204259,dd1d2448-04ec-3dd9-9b0e-69f5e79a93407723570593
745d78f2-7f7a-3cdd-af4f-c4c3f0a18dbb,2026-05-20,31.108717,f1df5283-191c-30dd-b238-da858232e5d08985022611
74cd4f7c-116b-3316-bf7f-eb46458694da,2026-05-20,63.03106,755c3974-2d2b-3242-8001-42f3d96983649032632994
75c008ab-9d95-3b45-b06c-1ba571bc7895,2026-05-20,15.752028,ec573df9-2361-3e56-a35c-cf369728a6f02624538703
760b65eb-45d9-332e-bbdd-15ad2c3223bc,2026-05-20,36.770188,4050495a-d74a-3f1b-b29d-db93ba2a71c15767916558
7a81ce3b-6d3e-3961-8d22-eadf3f5ec0bc,2026-05-20,15.394157,d3e55948-76d9-3a03-928c-dedc44e782891389752743
7feb497b-3ee8-39fa-9cfd-72a898f4cf47,2026-05-20,29.470171,90e6638a-edc1-308e-9f27-d8a3719440025129345869
812c22d3-3843-3385-aa3b-aa8ae91b882a,2026-05-20,22.535256,e7cb4203-d63e-3d55-86b1-e2f3868974688509958032
82a48b8e-4fa5-3f42-857c-71fbe24937aa,2026-05-20,17.533317,78999b98-2dd1-3379-978c-e2474a4a43306995668347
834aa49a-5a2a-30db-8385-ad60aed26cd7,2026-05-20,137.446292,4b2f77f6-8ea8-3f4d-8688-fe485e1dd22d6927009123
84851a10-43f1-3fc8-a358-06f529f15c33,2026-05-20,27.986548,209d6b5c-3879-3f87-9eb1-228cd3cf4edd0737879839
85cb1e88-d121-35a6-a362-3cdc80917d44,2026-05-20,371.296364,1671f2df-523c-3e25-a845-e2ad655275ec3253687227
8c272368-ac0c-3bc7-9568-cfbb26f8e749,2026-05-20,19.110118,9ef76979-dca8-3c79-9b0c-a7e5b98cc4183178708115
8c2e2c06-5c7a-359a-8e69-0efdfb7e79bb,2026-05-20,33.655954,02b8249b-d351-36b0-8f66-387e9b5ecd765409838852
8ca30a12-e5f4-3017-8037-1616e9ddbb5b,2026-05-20,7.855471,d980087a-73cd-3a85-914f-0dbeb6da2ff07929331557
8ce3a609-9e37-3b54-a602-9b395e5f5a76,2026-05-20,10.166996,140ba20d-dc2d-30f1-8369-9f0fcb7417216954795985
911d2093-d19c-3f31-815c-a2815fcd3901,2026-05-20,111.403915,f08546be-1bd1-3bd9-a186-1ac364a028663840464235
92de990d-30ce-38da-ad78-86a4a56c065b,2026-05-20,3.855681,5a8242fb-5aa7-3d5b-ac68-21ea53c5f9e87894148187
9317e817-504a-35a4-b7c3-68e90b432c45,2026-05-20,17.406507,bd68d9fe-0c5e-3648-8a84-d7649dbc11df2315333603
956008d9-c7c8-3450-a799-ccd802fc2078,2026-05-20,88.885446,ac8597c6-2e0c-3fce-bd96-0eeae07b92825791469057
9661bcb6-dd62-3576-b8b0-049874fff3a1,2026-05-20,8.731031,a765656c-b5ea-38d3-b817-93751b0015257870386126
96739dc1-9e37-3b11-8e79-e0a5a57062a1,2026-05-20,88.754748,7b60b05a-7946-3efd-a3a0-0ada59de74070619321536
96be8df1-0628-3c17-acd8-50a096438ea0,2026-05-20,23.576911,7b8d6a5a-3256-3096-8208-171b7eaab4737311108557
9a736669-65a4-3b3e-a4b5-8f6ec9654a84,2026-05-20,29.848654,bd347e86-1b36-3407-80b6-78a2f2dae41e9793909208
9f556308-7e5a-375c-8130-c6284c3c5d5c,2026-05-20,20.813299,24110268-df67-321e-9581-bd29f27ea3618160468027
a0f95e73-3897-3dcc-9f5c-faad41b5219c,2026-05-20,104.780751,58b12641-aa5e-3c6d-97a0-f417dd0a469c4411625778
a5068583-4849-35ce-900f-e2ce7f309840,2026-05-20,40.00696,ccacfe15-f7bf-3c92-9308-98112a74aa440314647208
a513bb7e-87ac-35cd-b4a2-6d23427bd2fa,2026-05-20,5.285446,481dceb1-1678-3a7e-b288-d7e2bf0c062a7786339993
a8d7fd17-4556-3ba6-8223-e88d8ead8fb0,2026-05-20,8.407686,7d10e7ed-604b-3e03-a105-86eebe4f6d9d0233713485
ab5f37ff-9008-3c2a-a32b-c29632f4ea67,2026-05-20,2.178033,0d40eb23-7edb-3787-8cb8-7b09de3075fc1665666263
ac429fef-9e6b-3e26-a5ea-3122c166230c,2026-05-20,50.887561,81f224a7-cb42-3ee9-9103-e81fcc20756c3353013338
acadf00f-5359-3905-a13e-213d751bffb2,2026-05-20,10.956478,2852258a-e2bf-3b5a-ad87-7915c236685c5632583391
af15418c-707a-3e54-a465-034a3b570a96,2026-05-20,7.724414,89b93f60-7af8-31b9-aacf-45885de7f2069142372275
b095775a-2d08-336f-bccf-d2f71dc4ba3c,2026-05-20,4.967653,fb87865a-444a-3efc-ab25-247ac494cd574338526402
b20c7e06-4ac3-32d4-be1f-8d8ca043e124,2026-05-20,37.452645,650b165d-6706-35fc-bfd9-fcbb4c66d7bc6712610403
b32150f1-1acd-3990-ad31-f63fed66b1cf,2026-05-20,63.206144,27222e5f-5d35-3311-be74-7f592e6bb2553842641276
b5344373-538f-3f37-8982-c97e3158144a,2026-05-20,6.181411,2a20868d-41a0-350b-abd7-08a3f9d834063257215959
b7f8d590-1a7d-3745-82cc-9e0c966c6306,2026-05-20,19.743589,65f0ec49-73ce-37cb-a381-28e7217750090455003993
bce50849-a0e7-3f2b-b22a-24ed60440705,2026-05-20,19.743133,ecbe8abc-16bb-3af7-8cf1-b6d262d3f9915691766209
beb1d1c6-4fa9-36a8-a06f-1dc58ab74161,2026-05-20,6.93147,69be3936-f12c-34ad-b6bc-7a9f397f7d580253357983
bf5e2c07-ebd1-3aab-ae92-933140999b06,2026-05-20,38.717162,e12f9949-3428-338b-a05b-b980386cf9872350056648
c039e4c8-9c3b-3ae3-a2e7-b54c85d2cac7,2026-05-20,44.841131,ef0e0898-3920-39d5-9050-8c57b5cbcd1c9155184466
c0f8ab9f-4b7b-3f4f-b576-f80ad3cb5399,2026-05-20,25.981579,ae6fce59-c426-3691-b4cc-2e7f01a5433a0719674315
c3f4e978-22c4-3743-a4d7-8dc20df21654,2026-05-20,48.572503,08043945-b9cb-35c8-8007-ea153d9880273125348988
c41f2431-16c5-3799-9be8-561415389d5f,2026-05-20,19.049229,35f5e81a-e25c-3ff4-892f-d89a5cfb53448046832917
c4b4c934-c94d-3170-bd1b-d7737b2ab490,2026-05-20,10.282853,ddfedfb4-a197-3bc5-b5b9-3413d396c9d18520739647
c6c1b9c0-072d-3dbf-accc-4c8643cc0c4a,2026-05-20,55.43622,8e833220-412d-3626-aef6-f1d8e255b8961584029669
c7599875-d64e-3ef2-8a6a-a218c4c24bfa,2026-05-20,9.52196,4acd48f6-3379-3b71-a45f-8ba6aad527457333951563
caacaf00-76dc-3d35-955a-b0b7289c1497,2026-05-20,5.426891,5428bbad-02ec-3bbd-b559-a02cb4c2701a9853561586
cce1c127-2ff8-3ea0-a9b8-2df2cd888b5b,2026-05-20,21.445091,40fb0c0c-0006-3ab6-84ec-5dc4198294863739942525
cdcbe271-7336-35c3-a44f-1a90281b0857,2026-05-20,27.812141,cc4a0181-1f8b-3069-891f-8f8303116f410950083050
d098b8be-5fd2-3aaf-b08a-03443b43e413,2026-05-20,19.364669,ebfca532-8531-3093-b085-d9b06d8a505a5090987086
d3c48311-d8dc-3e24-95dd-6d2bca767bff,2026-05-20,20.419289,84018d69-0a55-3d24-a877-97aaa31a46cf2815442486
d3d0b6a8-f422-3af5-a62e-826c20495095,2026-05-20,9.203934,9a1ea106-1b3c-358a-b321-05d0ef5590af7934449393
d6f76560-f2a1-3ae9-ab43-eaa1f2033306,2026-05-20,38.202546,df76341f-d9c1-31f1-a511-61e0bba9ac1a9330646801
d76f0b24-1370-3b6f-81fa-de61d93e7ebe,2026-05-20,1.513004,8bb85ae4-103e-305d-9e3e-d9c85ce4b4f27606140443
d834b72d-c2cc-391e-8a0c-c3f147eeb522,2026-05-20,21.878057,62331e5f-4437-3168-b6e9-aa00c1ae49235115900219
d85f6c3e-620f-3cc3-9005-9e1beefefdc6,2026-05-20,10.187428,7a3476cf-c702-35d8-ab2c-c3c41701130b3532848987
d940c628-4e61-3954-9aee-1aa0a0b6e21f,2026-05-20,7.990919,cbf31122-ee58-37d2-a16f-5d8ff6fcc1cb8640751006
da8b7ad5-701e-38e4-af53-bcb52836386c,2026-05-20,13.505361,5a63d77e-0da6-3691-900f-f20d6593ab0a0016925614
dee4128a-2091-303c-8411-15401a64ec03,2026-05-20,91.601743,7d2de236-8dd1-333c-b3b2-c7d8bd4250cd6306917490
dfc70541-9d37-355c-af06-9bf106459cdb,2026-05-20,8.981409,8d616aa1-7ca1-3b18-a990-d3dd7b63d8ea3801525816
dfe88e46-3f0b-3bdd-bb8b-d7190cc27582,2026-05-20,54.494793,2f3787a4-af4a-33b1-9633-78e945ce9cbb0630344304
e059f4f2-66b1-346c-8a33-8c16446a8657,2026-05-20,34.343461,2a7ac4ba-1536-3186-93b2-a2c27853a79e9011911429
e0ab7ac6-23e5-3ce5-aef4-d9e2e575bb7a,2026-05-20,3.463698,36f25be1-e4a7-34ea-a4d5-d394fb2065cc2046082019
e1ec776a-9a69-3e5d-a0c5-33a9250b1f19,2026-05-20,16.178932,8dbe6882-1128-323e-98cf-6c6c8fd5be7d0079256300
e402d019-6155-3bff-9228-4911ea446777,2026-05-20,81.489354,d454160e-2dc7-3ac7-86b9-e72c34ef16312394849607
e41ed1fc-302f-351c-8dbd-1ccac5078a09,2026-05-20,37.586859,4a944e09-e32f-36d7-b5a4-e211ca471f446730403642
e6a4f012-2129-36d0-bf2f-6e3c384f5497,2026-05-20,12.33474,30a74d31-d91b-3ff9-b591-0ed7882600e46693238563
e71fe34e-9aa5-3ade-8054-a639af523373,2026-05-20,8.218284,b1e661de-87c5-37a4-b0ad-b47b375e798f8517162525
e91fcfab-7cdf-31df-8933-e788688d8288,2026-05-20,25.300551,fe28678b-e200-3a9d-a1de-effda4879d2c1615844509
ea133f80-908c-3a40-af86-f0745e517fd2,2026-05-20,50.517934,7111b6e6-9d33-3f84-ae08-89cafad819261967282058
eeaba3bd-0e65-3eff-80b8-bb415d1cdc89,2026-05-20,13.627294,6d3df8ea-2edd-3fc0-8f44-b14a5c9f858f7358431617
f02cc034-f8c6-39b7-afff-343b04ff2064,2026-05-20,8.730294,4a495ff6-34e1-3d8e-9177-445cdfd39d764430640857
f1809858-d9d7-3db3-8cc3-5793c598044c,2026-05-20,38.654856,7697f751-8371-30c0-81c8-fcc775cadf993437132586
f1ebcf2f-e51e-373c-b8af-374b6efced62,2026-05-20,20.976942,a96795c7-1ef3-330f-9a52-bd611b998fc53408195367
f2469968-f4ce-3c30-aece-76c96bba977f,2026-05-20,8.553858,c20d3ce4-526e-30be-a307-8d2e5de84a028227463090
f37b1d54-4726-3503-b093-7096160494d8,2026-05-20,12.390043,0701ba50-1c05-393a-97d1-5f4023a8749c6116792851
f6d44ec5-a47a-3937-931c-9f8412b5fa88,2026-05-20,20.661872,6197876e-4ea6-3121-8a4b-12b6efea400a0240575023
fa146ea6-61c1-3eaf-b3b7-d79bd6e503ca,2026-05-20,3.787317,31c3893f-aa84-359f-a9a7-c4d51a001df11272461817
fbb84839-d7f2-363f-a497-68b74f2449f2,2026-05-20,31.909524,76b88c0d-830b-38ed-91c8-6b3757820cc05429571885
fccc0510-f20a-3f28-bf3c-66cfe9fa99d1,2026-05-20,17.085133,218810c6-5f55-31ef-942d-6b8f7944e4a79796581507
fe5c2831-6d72-3f57-b5da-21037ecbeb2f,2026-05-20,13.877963,caac5c39-53fe-3b0e-a941-3f0559293a333871484605
030041c0-f398-3572-9c7e-3edf3d9d2ea3,2026-05-21,7.452163,123b8640-546f-3146-aac1-b5e3a45883358031893487
0388e0d9-8d10-3b74-a111-fdac480a0825,2026-05-21,32.353769,6ebc7d27-88d5-35f2-857d-fc6f145b17b60057015050
04f49ac6-5f35-3df9-b623-c026f24561e1,2026-05-21,42.946528,4ccf4637-f73f-3ea2-bd9d-89cd0876527e2011240689
06e33f1d-dda0-31b8-915e-bde6cf9b4012,2026-05-21,51.533715,5c1c68c1-feaf-3d3a-8a14-7e795d01c1ba6471737628
071015e8-3dae-3fe5-84fb-880f24672395,2026-05-21,12.642715,453d5359-3943-3fff-89a3-000f66b87f5c2508884910
0769202c-7965-32a1-8d36-1cd52b64377d,2026-05-21,7.372068,03bfca79-bd1d-3217-a8ee-b032e1a5d4279777514889
0bd9c8a1-cf25-3dfe-9380-6143b1183f53,2026-05-21,57.16554,7ff7d9b9-eb8b-35f9-9265-8dd933d6e5f40824718437
0d06916c-fc74-37b3-8630-7f2eb8b27347,2026-05-21,39.882232,56ab425a-78d4-3e53-8a5d-bee6cc2ff1583272396058
0d66e094-d57b-3221-bdb4-ff9f2a6fa6b6,2026-05-21,51.689687,a1f98fd1-522c-331e-93df-e0e3c705c1c60127744720
0f7a9277-d005-30c0-8821-910389205cba,2026-05-21,16.34854,1498339f-636a-3ba6-8eaf-f82826cfc66b1703033271
1094d4eb-2c4b-3c82-bb41-36696a775289,2026-05-21,61.330153,8348db4d-a8ba-3dc8-b03d-3f8345e1ce081137124557
1176a69b-fd42-3989-9822-360026e942a4,2026-05-21,90.814667,4b6c12aa-31db-353f-9880-bcdca16d2c971125384531
15d19e1d-74b8-3948-867f-63a4a1188539,2026-05-21,22.258408,3a0da385-e669-30df-8f17-ee93aea6a3a63054977077
15f19ccf-5f54-370e-914a-19ef0d6e7bfe,2026-05-21,193.937788,d0dca904-0a39-3f70-8f24-23b3f8543cae9283252446
176efb99-8d0f-325e-a3e0-daa08e876832,2026-05-21,28.115076,c3c60fed-2c36-3d97-8b89-35c5cbbebe232642944088
17e9c47e-62ba-33a6-96e1-95ad3c636d22,2026-05-21,58.887292,77974123-fa35-3834-90f5-d19a2e752e979650064655
18a6d5f8-3203-3934-be7c-fef235f8d5ee,2026-05-21,21.938293,d0fc809f-656e-31a8-9e5e-192c6b636f8d5430933548
18d39ce1-5a60-3a9e-9621-bfa693409e77,2026-05-21,19.621073,136386ac-0d76-3f46-b05e-ad2dc8a2fa238045910511
1c3f0a45-334a-3810-b02a-7ba9181fca95,2026-05-21,15.041247,f25a1909-b1f5-354d-9179-29694f6ccd7b0794803399
1eae9205-92f7-36a7-94c5-cb082b3e7211,2026-05-21,41.01167,dd4f2862-ad2c-38c4-98b8-9dfedc77a2173206733718
2111daa9-5dbb-36aa-b675-efab46559d5d,2026-05-21,3.97633,93fc0a2e-adf6-3b5c-a38a-8aaf0af2466c8463812397
2269fc50-2d42-3349-9d12-3bc08569d8ae,2026-05-21,9.233853,5bedbf8e-359c-38f3-981e-a44c610ee0489536718275
2331b8d4-3563-3b2b-8bf1-ee54a482c609,2026-05-21,6.735323,0c4befad-a90a-3f28-8b16-9dd39cf80ecc8123775477
28cba5c0-c834-3c34-900a-9d6772fd9c30,2026-05-21,25.538469,1233b0a6-550e-3390-88ce-2a21eefafe917625072302
29513ef6-a0f9-30aa-b2a3-e67dd9c50f2d,2026-05-21,6.817158,4763c9d2-d480-368f-84c3-63cf0c346e577347437891
2b3c346c-5f49-3232-be35-3443261527b0,2026-05-21,6.941205,e6538295-3b6e-3154-9420-ec45501d20ae5856219597
2fdf5375-31c8-3c6a-9cf3-12465dbec4a5,2026-05-21,25.122512,fd3e2044-7bf6-3813-acab-9043d4cbda0b6568880041
33a96067-0e23-3bf3-8d10-cbec5a261a65,2026-05-21,38.639201,4d63f0d2-85ca-3a28-b715-4147577bedb24364586828
363a066c-58b6-3bcf-a7b0-e9729a735ba7,2026-05-21,36.428119,29527eb9-d544-35c2-b9f1-bb262cf6b4159824252521
3ab4ce54-3bfa-3a09-8624-c69a02d77632,2026-05-21,3.502276,776a90be-9929-3c47-9f5d-5f73f58824c60497278972
41219c74-897b-3ca9-87e5-43da9041ddd3,2026-05-21,23.81218,fbfd204b-197f-3c6c-95b1-4733172f5fca0533189354
434188a4-f9da-364f-a6dc-53072f0ec1b3,2026-05-21,15.750498,e25f63b1-614b-3240-9c58-803a43e9bb435024428155
43538921-75c3-3004-917b-51c3d8e2a3a6,2026-05-21,51.593829,e213be6c-e983-37d3-b47d-03cfedb25b867590845836
48a891ca-8770-3a95-9414-af5bad034e5a,2026-05-21,19.599341,6a2b2b4f-b163-3211-9417-7ab21b779b6e4168236426
4a7af055-4d5f-39bf-b0a0-3e957abd6b60,2026-05-21,12.513534,2d350fdb-0d58-3f71-94bc-a8c8ac08ee913457245518
4b3616f0-ccf1-31e3-810e-f668c2042b23,2026-05-21,24.684752,b68e0cee-582f-3f61-89e5-ca032d2062073327596356
4c9d57d4-cc8e-3ffa-a7a2-954c71ef5235,2026-05-21,32.656658,10cf198f-ca0e-3ab3-a33e-629868eaf1657063863282
4f630062-21f6-3266-9acd-c0827dbf5c05,2026-05-21,19.131746,8f29efaf-4f24-3d15-82d5-2fc874ce981c6011993181
509c1fe7-94b1-311d-9fd0-979b350e4d61,2026-05-21,86.786018,beeb8cb8-6b14-3b16-b8ec-735f810410575059189611
50be9c42-1c4b-3493-a07c-ffe59fd8491c,2026-05-21,62.579493,edb658c0-31b6-337f-a557-ae881cfe96142560471597
5113b093-acec-3c38-870f-b61a2dd6b880,2026-05-21,49.565261,6de2df31-0e47-37b7-af92-4257cf86aa933125819112
524da203-40d7-33a6-8ab6-b21a0cef3c58,2026-05-21,23.264618,4b414f3b-b1d8-3f11-b80f-a4ce6c6d7a4c9655939769
54de7dbc-3f9b-3702-b677-fee85da6201d,2026-05-21,5.378026,d44e39e8-4f08-3623-986b-2646518072bf1207235870
55ad8c29-20dc-320f-8c21-ac3dfd7685ea,2026-05-21,63.784856,59813d11-bc16-3001-915e-9a9eff70c57f6619407622
5656dbc0-5497-3227-a829-fd8eb574450e,2026-05-21,12.06352,a203c081-9992-358a-b291-2006588558ba6822670837
56ab4ff8-d4a1-314d-82eb-cc5055b8d77c,2026-05-21,18.18059,95b986e2-fb52-3222-9a4d-94390d8daa468577144310
57437979-1053-38bc-8abf-3f9eba7ffc49,2026-05-21,18.166975,66cc36c9-6f31-3eff-8201-8a0a7f0bd59a0688159859
577fb2a5-642d-3f7e-8720-21da3c10d3d9,2026-05-21,28.654637,2275bace-3655-3145-b773-9b9320588f9f1599611388
591e07f6-72df-366d-a512-d5ee900f7c15,2026-05-21,21.780264,abb3cf38-3fad-3baa-af44-c9b4d24608456857996865
5a91fc01-e54a-36cc-b759-44260109d8b8,2026-05-21,5.474858,1356d797-66bc-3a72-b11f-7b3084dc9d272348624974
5b4c7154-ad7e-3526-aa3c-45e89d71e721,2026-05-21,119.188967,a5074e62-50d5-364b-aeef-675c60c2ee493068298762
5cb2e039-2dc8-3bad-9d23-4bfddc143afe,2026-05-21,22.133489,8a29b19a-f05e-35e9-8df7-d99b28bf8a8d3280431943
5de859d5-b06b-3878-b7f0-64c4e91191df,2026-05-21,7.461533,865e99a1-718b-338b-80ab-7bdcf6c522a91536159266
5fa5d9c4-22b7-39f7-a3b2-d521ea60b47b,2026-05-21,10.646832,ab4ba1b3-b598-3bfb-8df0-768a0df60d506177714931
6001b0b7-96fc-3fe1-aef1-329c8e2f62ce,2026-05-21,6.297679,6e29cd08-5d8b-32dd-baf0-fc5123d964c69692072979
617065f0-5c37-32d6-a3d6-dc223ac898b3,2026-05-21,11.155548,ae562d52-09ae-3863-b5f0-5ae580696f0f2844325743
68b45261-85be-3d03-a069-5aa6ffe8e8ca,2026-05-21,19.395961,b6a7cc29-e0c8-36bf-9e06-ffc155431b242084275934
6c21f96e-4015-302f-a95a-0918b22b3ad8,2026-05-21,6.75957,2083bc7f-bc65-3533-b831-de38c4ce41a85705530326
74cd4f7c-116b-3316-bf7f-eb46458694da,2026-05-21,39.064855,755c3974-2d2b-3242-8001-42f3d96983649032632994
75be5782-378c-39b7-8d80-e4225331c478,2026-05-21,20.840461,e1d9f528-91ca-3b5f-b9e2-c2bc6c32dd155877684651
781a0729-d247-332a-a718-196cd4f0844f,2026-05-21,5.725097,c926082b-f5ea-39f0-9b3a-e5bce96b47c35305695375
7825a025-23b9-3955-84e6-3a54c38e86e4,2026-05-21,29.948964,944aa6d5-032b-30c6-b177-dba1d9d44f1a2385396646
7feb497b-3ee8-39fa-9cfd-72a898f4cf47,2026-05-21,8.523354,90e6638a-edc1-308e-9f27-d8a3719440025129345869
812c22d3-3843-3385-aa3b-aa8ae91b882a,2026-05-21,5.906531,e7cb4203-d63e-3d55-86b1-e2f3868974688509958032
82a48b8e-4fa5-3f42-857c-71fbe24937aa,2026-05-21,22.79904,78999b98-2dd1-3379-978c-e2474a4a43306995668347
82b47e6e-09d7-36e6-80ab-4506629ff46b,2026-05-21,41.195732,1695d743-ff11-3262-b7c5-f109ac7b016b5800029843
83ac466b-0a2c-3b9f-bc16-cc1733598dc1,2026-05-21,28.496579,fbb1458a-bb03-3a59-81a7-c4bfa04cd8482348091600
84851a10-43f1-3fc8-a358-06f529f15c33,2026-05-21,41.470137,209d6b5c-3879-3f87-9eb1-228cd3cf4edd0737879839
84f354b1-00ae-34ba-b443-ccd2efee613c,2026-05-21,3.237059,8a14f25e-1645-3406-a19d-b9806ef569954307313451
8c272368-ac0c-3bc7-9568-cfbb26f8e749,2026-05-21,7.431047,9ef76979-dca8-3c79-9b0c-a7e5b98cc4183178708115
8c2e2c06-5c7a-359a-8e69-0efdfb7e79bb,2026-05-21,41.212404,02b8249b-d351-36b0-8f66-387e9b5ecd765409838852
8c5b1f37-b3ea-3b4a-a4dd-fad03cfd11b6,2026-05-21,26.034204,5aa0a87f-17b4-3bc7-a55a-7d422bb28fcc9200948756
8ca30a12-e5f4-3017-8037-1616e9ddbb5b,2026-05-21,15.251403,d980087a-73cd-3a85-914f-0dbeb6da2ff07929331557
8cb2a7d2-f605-3df9-981a-2c02b1d1a4e0,2026-05-21,12.686209,c8409fd1-44f6-341e-aa4a-fcdd48e1dec91197407417
92de990d-30ce-38da-ad78-86a4a56c065b,2026-05-21,13.365526,5a8242fb-5aa7-3d5b-ac68-21ea53c5f9e87894148187
9317e817-504a-35a4-b7c3-68e90b432c45,2026-05-21,38.422392,bd68d9fe-0c5e-3648-8a84-d7649dbc11df2315333603
949ebf54-2340-343d-959a-0f34372577da,2026-05-21,25.517207,181570ff-51a4-3333-82ec-c322cfc915d01750361380
956008d9-c7c8-3450-a799-ccd802fc2078,2026-05-21,41.64558,ac8597c6-2e0c-3fce-bd96-0eeae07b92825791469057
960a5c04-f3ef-340c-af8a-48e88045ac24,2026-05-21,14.438478,485a6ee1-26d8-3d41-bd32-a72421af1a296123003165
9661bcb6-dd62-3576-b8b0-049874fff3a1,2026-05-21,10.94396,a765656c-b5ea-38d3-b817-93751b0015257870386126
96be8df1-0628-3c17-acd8-50a096438ea0,2026-05-21,11.520024,7b8d6a5a-3256-3096-8208-171b7eaab4737311108557
9784049c-35d1-3534-8c4b-f4cea920d4ff,2026-05-21,7.060239,14447399-901c-34b2-b211-14fb9e9b062c7605520623
9a736669-65a4-3b3e-a4b5-8f6ec9654a84,2026-05-21,29.397824,bd347e86-1b36-3407-80b6-78a2f2dae41e9793909208
9bffe43c-9c3e-3c3f-947d-b83b096a53f5,2026-05-21,25.838248,635d1fea-f7dc-33f1-a406-2689203c6ffe1836896463
9f49149d-e042-3a1f-bcae-0628143c89c0,2026-05-21,26.929475,1511a03d-af95-32d7-82d6-670e957e819a5636652911
9f556308-7e5a-375c-8130-c6284c3c5d5c,2026-05-21,16.237377,24110268-df67-321e-9581-bd29f27ea3618160468027
a0f95e73-3897-3dcc-9f5c-faad41b5219c,2026-05-21,118.592275,58b12641-aa5e-3c6d-97a0-f417dd0a469c4411625778
a2de86e5-02cf-3c93-9b40-f9629530b7d1,2026-05-21,441.357176,bcd56054-ac31-3e6f-a2d9-f156a299929c4047783680
a3f48154-490b-350b-9f4e-74835b5aaaae,2026-05-21,12.382249,95ed8b8c-c59c-372a-b31e-6543997b82d74860620288
a4897e9b-7fc7-3e17-9b47-a254a0b85f27,2026-05-21,20.016231,304ab23b-6984-3fe6-a3fb-aa744a4d6cd05946845157
a513bb7e-87ac-35cd-b4a2-6d23427bd2fa,2026-05-21,26.865311,481dceb1-1678-3a7e-b288-d7e2bf0c062a7786339993
a8d7fd17-4556-3ba6-8223-e88d8ead8fb0,2026-05-21,3.497246,7d10e7ed-604b-3e03-a105-86eebe4f6d9d0233713485
a8e332b8-087a-38b0-8c1b-64db4efadc7a,2026-05-21,37.086072,47b681e7-c3d8-31f6-ab69-43f82db88fa66316703417
a96a11ac-c839-3a7d-8ca2-dd65ad906316,2026-05-21,110.06918,f0f3ba5d-6fb8-3960-852e-f6235a05b8309574349724
acadf00f-5359-3905-a13e-213d751bffb2,2026-05-21,5.726917,2852258a-e2bf-3b5a-ad87-7915c236685c5632583391
ae5f3d2e-f527-359d-8bcf-846f320f8e57,2026-05-21,30.41534,22f94015-ff23-3150-ae0f-9ef0bb188a207912060816
b095775a-2d08-336f-bccf-d2f71dc4ba3c,2026-05-21,6.494232,fb87865a-444a-3efc-ab25-247ac494cd574338526402
b1d22b60-1492-37de-a246-db25e91bfb1f,2026-05-21,28.076667,ba855984-6afa-3f25-82a9-033558199c9b4291338588
b5344373-538f-3f37-8982-c97e3158144a,2026-05-21,7.052208,2a20868d-41a0-350b-abd7-08a3f9d834063257215959
b7f8d590-1a7d-3745-82cc-9e0c966c6306,2026-05-21,16.319821,65f0ec49-73ce-37cb-a381-28e7217750090455003993
b8587185-2c84-31de-88cc-fe6d3eacc72b,2026-05-21,249.599579,e6e35728-813d-3acc-a33b-e74a927cf6fd8432089109
b99742c8-7da0-3e81-ab3c-eb775e9f5d24,2026-05-21,45.76587,83de6687-9540-3db3-a6d6-f036d634a1c63930926163
bce50849-a0e7-3f2b-b22a-24ed60440705,2026-05-21,19.753123,ecbe8abc-16bb-3af7-8cf1-b6d262d3f9915691766209
beb1d1c6-4fa9-36a8-a06f-1dc58ab74161,2026-05-21,9.016315,69be3936-f12c-34ad-b6bc-7a9f397f7d580253357983
c039e4c8-9c3b-3ae3-a2e7-b54c85d2cac7,2026-05-21,57.448767,ef0e0898-3920-39d5-9050-8c57b5cbcd1c9155184466
c0f8ab9f-4b7b-3f4f-b576-f80ad3cb5399,2026-05-21,32.133762,ae6fce59-c426-3691-b4cc-2e7f01a5433a0719674315
c3811eff-eb0f-3e83-943e-18b5d09919e4,2026-05-21,10.397725,b38c4c71-2ecc-3478-967b-30176508f2a82808970508
c3f4e978-22c4-3743-a4d7-8dc20df21654,2026-05-21,27.676769,08043945-b9cb-35c8-8007-ea153d9880273125348988
c4b4c934-c94d-3170-bd1b-d7737b2ab490,2026-05-21,6.452806,ddfedfb4-a197-3bc5-b5b9-3413d396c9d18520739647
c6c1b9c0-072d-3dbf-accc-4c8643cc0c4a,2026-05-21,38.455134,8e833220-412d-3626-aef6-f1d8e255b8961584029669
c7599875-d64e-3ef2-8a6a-a218c4c24bfa,2026-05-21,5.761556,4acd48f6-3379-3b71-a45f-8ba6aad527457333951563
c8c964e3-6f43-33e9-8a11-e9eaf55933ba,2026-05-21,33.289617,db1bd750-5b46-3bea-9d82-c79a18a08d0d0806001910
caacaf00-76dc-3d35-955a-b0b7289c1497,2026-05-21,7.666419,5428bbad-02ec-3bbd-b559-a02cb4c2701a9853561586
cdcbe271-7336-35c3-a44f-1a90281b0857,2026-05-21,59.308849,cc4a0181-1f8b-3069-891f-8f8303116f410950083050
ce7a22b8-f3c0-3690-acac-8b5a7bf4c798,2026-05-21,27.76154,75a3be66-cc33-35b3-aa17-355486d71eeb4926576029
d098b8be-5fd2-3aaf-b08a-03443b43e413,2026-05-21,19.539971,ebfca532-8531-3093-b085-d9b06d8a505a5090987086
d320f92f-4cc3-395c-b6c7-3cb3c7cb3efe,2026-05-21,96.059675,db719257-f1df-3420-b485-acfb0da643a10140791541
d3c48311-d8dc-3e24-95dd-6d2bca767bff,2026-05-21,17.043355,84018d69-0a55-3d24-a877-97aaa31a46cf2815442486
d3d0b6a8-f422-3af5-a62e-826c20495095,2026-05-21,28.657633,9a1ea106-1b3c-358a-b321-05d0ef5590af7934449393
d72106c4-021a-3b57-bf48-7b6f2c14df23,2026-05-21,16.358455,e7b18bc4-313f-33d3-ad46-7b5d777f74ca3565120826
d76f0b24-1370-3b6f-81fa-de61d93e7ebe,2026-05-21,2.912217,8bb85ae4-103e-305d-9e3e-d9c85ce4b4f27606140443
d834b72d-c2cc-391e-8a0c-c3f147eeb522,2026-05-21,16.917524,62331e5f-4437-3168-b6e9-aa00c1ae49235115900219
d85f6c3e-620f-3cc3-9005-9e1beefefdc6,2026-05-21,13.327284,7a3476cf-c702-35d8-ab2c-c3c41701130b3532848987
d940c628-4e61-3954-9aee-1aa0a0b6e21f,2026-05-21,10.642261,cbf31122-ee58-37d2-a16f-5d8ff6fcc1cb8640751006
da8b7ad5-701e-38e4-af53-bcb52836386c,2026-05-21,12.655024,5a63d77e-0da6-3691-900f-f20d6593ab0a0016925614
de0bc8c0-4447-382c-b7c7-ce385510a49b,2026-05-21,35.270334,8d66b14e-bf47-35e5-b800-b55ca34760cf6094204743
dee4128a-2091-303c-8411-15401a64ec03,2026-05-21,99.4302,7d2de236-8dd1-333c-b3b2-c7d8bd4250cd6306917490
dfc70541-9d37-355c-af06-9bf106459cdb,2026-05-21,11.945209,8d616aa1-7ca1-3b18-a990-d3dd7b63d8ea3801525816
dfe88e46-3f0b-3bdd-bb8b-d7190cc27582,2026-05-21,61.3729,2f3787a4-af4a-33b1-9633-78e945ce9cbb0630344304
e059f4f2-66b1-346c-8a33-8c16446a8657,2026-05-21,24.431173,2a7ac4ba-1536-3186-93b2-a2c27853a79e9011911429
e1ec776a-9a69-3e5d-a0c5-33a9250b1f19,2026-05-21,13.38897,8dbe6882-1128-323e-98cf-6c6c8fd5be7d0079256300
e402d019-6155-3bff-9228-4911ea446777,2026-05-21,96.500783,d454160e-2dc7-3ac7-86b9-e72c34ef16312394849607
e41ed1fc-302f-351c-8dbd-1ccac5078a09,2026-05-21,35.066886,4a944e09-e32f-36d7-b5a4-e211ca471f446730403642
e71fe34e-9aa5-3ade-8054-a639af523373,2026-05-21,7.375733,b1e661de-87c5-37a4-b0ad-b47b375e798f8517162525
e76bb8c7-e2ca-3a2e-96b4-7d3717dfbe06,2026-05-21,26.800228,e755d9a3-e083-3c09-8b82-e48bcb43e7f81851692813
e83f5cbe-8539-3cbd-b749-7896bd48c47e,2026-05-21,85.436203,f37ca06e-914d-302f-a8eb-903b7734c0c39455202918
ea133f80-908c-3a40-af86-f0745e517fd2,2026-05-21,55.282652,7111b6e6-9d33-3f84-ae08-89cafad819261967282058
eeaba3bd-0e65-3eff-80b8-bb415d1cdc89,2026-05-21,19.113739,6d3df8ea-2edd-3fc0-8f44-b14a5c9f858f7358431617
f02cc034-f8c6-39b7-afff-343b04ff2064,2026-05-21,9.805962,4a495ff6-34e1-3d8e-9177-445cdfd39d764430640857
f0699448-f713-378f-9e30-ac35b4b0ddbb,2026-05-21,19.314472,0fcce33d-eb23-3f5d-946b-53b6afe198987280446281
f1809858-d9d7-3db3-8cc3-5793c598044c,2026-05-21,24.434441,7697f751-8371-30c0-81c8-fcc775cadf993437132586
f37b1d54-4726-3503-b093-7096160494d8,2026-05-21,6.543374,0701ba50-1c05-393a-97d1-5f4023a8749c6116792851
f55d8d9d-5df9-32e8-a43c-40e2d30fe83e,2026-05-21,18.202736,25ce49b4-0e30-37f6-83c9-8fdba57ec8554749707383
f5c21c69-5b03-320a-ae2e-2554aefff943,2026-05-21,45.520504,1733732a-abce-3040-96d5-89e43d8b44882339867108
f6d44ec5-a47a-3937-931c-9f8412b5fa88,2026-05-21,21.918483,6197876e-4ea6-3121-8a4b-12b6efea400a0240575023
fccc0510-f20a-3f28-bf3c-66cfe9fa99d1,2026-05-21,27.894792,218810c6-5f55-31ef-942d-6b8f7944e4a79796581507
02995d49-90df-31cf-97ba-5c229a76711f,2026-05-22,165.54504,16bfeb59-c1e9-3456-891d-bdc1da0007925452020064
030041c0-f398-3572-9c7e-3edf3d9d2ea3,2026-05-22,2.585657,123b8640-546f-3146-aac1-b5e3a45883358031893487
0388e0d9-8d10-3b74-a111-fdac480a0825,2026-05-22,31.949871,6ebc7d27-88d5-35f2-857d-fc6f145b17b60057015050
04f49ac6-5f35-3df9-b623-c026f24561e1,2026-05-22,61.884657,4ccf4637-f73f-3ea2-bd9d-89cd0876527e2011240689
0594d9cc-176f-3811-b8ff-1badba391ea1,2026-05-22,9.646149,7bf9e218-5646-3380-8098-8b14d617d4eb9836650145
071015e8-3dae-3fe5-84fb-880f24672395,2026-05-22,16.470301,453d5359-3943-3fff-89a3-000f66b87f5c2508884910
0769202c-7965-32a1-8d36-1cd52b64377d,2026-05-22,10.584834,03bfca79-bd1d-3217-a8ee-b032e1a5d4279777514889
0834a8d5-db47-3f2b-8f52-89726cb486de,2026-05-22,13.192684,adb191b8-a33a-343b-b97c-1c5b503b06aa2102226204
0bd9c8a1-cf25-3dfe-9380-6143b1183f53,2026-05-22,24.880113,7ff7d9b9-eb8b-35f9-9265-8dd933d6e5f40824718437
0d27bc97-59cd-32d0-9146-960993fea8f2,2026-05-22,4.325895,2f024d4b-7d63-3f13-9c02-6541cfb6efcb8610694866
0d66e094-d57b-3221-bdb4-ff9f2a6fa6b6,2026-05-22,45.922752,a1f98fd1-522c-331e-93df-e0e3c705c1c60127744720
103be95c-0738-36fc-9aca-d07b1504909a,2026-05-22,60.890296,288d8971-0036-3b38-be44-cdab7d647fa95424134206
1094d4eb-2c4b-3c82-bb41-36696a775289,2026-05-22,50.482924,8348db4d-a8ba-3dc8-b03d-3f8345e1ce081137124557
1176a69b-fd42-3989-9822-360026e942a4,2026-05-22,67.601228,4b6c12aa-31db-353f-9880-bcdca16d2c971125384531
15d19e1d-74b8-3948-867f-63a4a1188539,2026-05-22,51.719408,3a0da385-e669-30df-8f17-ee93aea6a3a63054977077
15f19ccf-5f54-370e-914a-19ef0d6e7bfe,2026-05-22,180.212156,d0dca904-0a39-3f70-8f24-23b3f8543cae9283252446
176efb99-8d0f-325e-a3e0-daa08e876832,2026-05-22,26.238601,c3c60fed-2c36-3d97-8b89-35c5cbbebe232642944088
17e9c47e-62ba-33a6-96e1-95ad3c636d22,2026-05-22,64.248641,77974123-fa35-3834-90f5-d19a2e752e979650064655
18a6d5f8-3203-3934-be7c-fef235f8d5ee,2026-05-22,17.605375,d0fc809f-656e-31a8-9e5e-192c6b636f8d5430933548
18d39ce1-5a60-3a9e-9621-bfa693409e77,2026-05-22,14.054171,136386ac-0d76-3f46-b05e-ad2dc8a2fa238045910511
1bdab13f-7bc5-3e3d-81c9-f9179619fd90,2026-05-22,6.921241,5351c2cb-b7f7-3a9c-acd5-db63cfafda343248281033
1c3f0a45-334a-3810-b02a-7ba9181fca95,2026-05-22,17.590344,f25a1909-b1f5-354d-9179-29694f6ccd7b0794803399
1eae9205-92f7-36a7-94c5-cb082b3e7211,2026-05-22,12.337047,dd4f2862-ad2c-38c4-98b8-9dfedc77a2173206733718
2111daa9-5dbb-36aa-b675-efab46559d5d,2026-05-22,6.852377,93fc0a2e-adf6-3b5c-a38a-8aaf0af2466c8463812397
21e18788-026e-37c1-9a0a-259c58a0fc50,2026-05-22,30.185167,6825bc20-32f9-371b-b653-a8454dd0cf4e9794303102
2269fc50-2d42-3349-9d12-3bc08569d8ae,2026-05-22,12.844835,5bedbf8e-359c-38f3-981e-a44c610ee0489536718275
28cba5c0-c834-3c34-900a-9d6772fd9c30,2026-05-22,5.277205,1233b0a6-550e-3390-88ce-2a21eefafe917625072302
2b3c346c-5f49-3232-be35-3443261527b0,2026-05-22,11.882225,e6538295-3b6e-3154-9420-ec45501d20ae5856219597
2fdf5375-31c8-3c6a-9cf3-12465dbec4a5,2026-05-22,20.767716,fd3e2044-7bf6-3813-acab-9043d4cbda0b6568880041
3615a797-2def-32a3-a0ae-3a6e8eccf080,2026-05-22,28.356678,edfa21ff-76b9-3113-8d97-a175f873fb244866321730
36f0982a-ff58-3c66-9847-439d640e7d96,2026-05-22,36.117488,50b96d70-0ca5-3d4f-bdec-3c9a5b48f6100810857519
3e7f3808-bc28-36c7-8251-a028f5ff5644,2026-05-22,23.690203,18ddeade-5928-3676-ae42-029acd2d6bcb2570795136
3fe600f0-c808-3676-90fe-909ea8b83ca6,2026-05-22,2.571797,89445095-871b-3498-be52-e63f6b0e774b5355986831
423348ca-0838-3372-a616-b4cda0468666,2026-05-22,1.96901,c36a6f4f-bea8-35b0-b824-2c970e256ac26805083472
4333cd5c-141e-38a1-af2a-a7df714feddb,2026-05-22,8.834534,3c3bc593-75a7-3bce-b04f-0d15bea76c784217531826
434188a4-f9da-364f-a6dc-53072f0ec1b3,2026-05-22,31.980574,e25f63b1-614b-3240-9c58-803a43e9bb435024428155
48d69815-2eb5-3bb9-a39b-cbe1ceb52e99,2026-05-22,7.691705,6cfee349-1ef0-3fb2-815c-a8a1f54dfaf82072162601
4a7af055-4d5f-39bf-b0a0-3e957abd6b60,2026-05-22,12.612762,2d350fdb-0d58-3f71-94bc-a8c8ac08ee913457245518
4f630062-21f6-3266-9acd-c0827dbf5c05,2026-05-22,8.286277,8f29efaf-4f24-3d15-82d5-2fc874ce981c6011993181
4fbbedf8-7ea9-3ba5-8a18-f658a4f21605,2026-05-22,143.638354,0cbedb6f-5585-3d14-bb7a-52ed75958ad14113335693
5060be3d-9bbb-3f4e-955c-625e4390c6b7,2026-05-22,9.868399,2aff5a14-b04c-3fb3-98e6-5f847371e3ff9195279440
50be9c42-1c4b-3493-a07c-ffe59fd8491c,2026-05-22,48.353375,edb658c0-31b6-337f-a557-ae881cfe96142560471597
5113b093-acec-3c38-870f-b61a2dd6b880,2026-05-22,134.414621,6de2df31-0e47-37b7-af92-4257cf86aa933125819112
524da203-40d7-33a6-8ab6-b21a0cef3c58,2026-05-22,10.768647,4b414f3b-b1d8-3f11-b80f-a4ce6c6d7a4c9655939769
5498a54c-7cf2-3cbb-85d5-1078aa3be4a7,2026-05-22,35.817726,7f2eff44-b501-3d88-8b7a-bc0819c1cbd05256736696
54de7dbc-3f9b-3702-b677-fee85da6201d,2026-05-22,6.455118,d44e39e8-4f08-3623-986b-2646518072bf1207235870
55ad8c29-20dc-320f-8c21-ac3dfd7685ea,2026-05-22,84.993538,59813d11-bc16-3001-915e-9a9eff70c57f6619407622
55b0607e-f635-348a-bc83-f4e52515b7ec,2026-05-22,11.083934,118c8a35-e628-36a2-8499-91a87fa954ea9600440361
5656dbc0-5497-3227-a829-fd8eb574450e,2026-05-22,13.508482,a203c081-9992-358a-b291-2006588558ba6822670837
56ab4ff8-d4a1-314d-82eb-cc5055b8d77c,2026-05-22,25.043101,95b986e2-fb52-3222-9a4d-94390d8daa468577144310
57437979-1053-38bc-8abf-3f9eba7ffc49,2026-05-22,12.503714,66cc36c9-6f31-3eff-8201-8a0a7f0bd59a0688159859
5a91fc01-e54a-36cc-b759-44260109d8b8,2026-05-22,6.350762,1356d797-66bc-3a72-b11f-7b3084dc9d272348624974
5d21d7da-3e33-3ab4-99ef-3ca2c2ff2c69,2026-05-22,15.417773,b03fc426-da51-3e1c-aa77-6b918bff0e513877121931
5de859d5-b06b-3878-b7f0-64c4e91191df,2026-05-22,3.795788,865e99a1-718b-338b-80ab-7bdcf6c522a91536159266
5fa5d9c4-22b7-39f7-a3b2-d521ea60b47b,2026-05-22,18.725227,ab4ba1b3-b598-3bfb-8df0-768a0df60d506177714931
617065f0-5c37-32d6-a3d6-dc223ac898b3,2026-05-22,30.164399,ae562d52-09ae-3863-b5f0-5ae580696f0f2844325743
6c21f96e-4015-302f-a95a-0918b22b3ad8,2026-05-22,1.134004,2083bc7f-bc65-3533-b831-de38c4ce41a85705530326
6e8a1cb9-329d-3c5e-8d21-4c46a734d1e9,2026-05-22,37.454623,b038cfcb-9c1e-3cde-8676-1be4c1366b8b3024374020
72e3323e-cebd-3aa6-a736-9022afb37e21,2026-05-22,62.780888,dd1d2448-04ec-3dd9-9b0e-69f5e79a93407723570593
74cd4f7c-116b-3316-bf7f-eb46458694da,2026-05-22,96.354126,755c3974-2d2b-3242-8001-42f3d96983649032632994
760b65eb-45d9-332e-bbdd-15ad2c3223bc,2026-05-22,23.724207,4050495a-d74a-3f1b-b29d-db93ba2a71c15767916558
79874361-3477-38db-9fbd-fc39d1713d69,2026-05-22,18.736932,241900d5-f58b-3b3f-8abc-638d1ad78e024760008737
7feb497b-3ee8-39fa-9cfd-72a898f4cf47,2026-05-22,17.015292,90e6638a-edc1-308e-9f27-d8a3719440025129345869
812c22d3-3843-3385-aa3b-aa8ae91b882a,2026-05-22,32.193326,e7cb4203-d63e-3d55-86b1-e2f3868974688509958032
82b47e6e-09d7-36e6-80ab-4506629ff46b,2026-05-22,63.029241,1695d743-ff11-3262-b7c5-f109ac7b016b5800029843
834aa49a-5a2a-30db-8385-ad60aed26cd7,2026-05-22,55.39056,4b2f77f6-8ea8-3f4d-8688-fe485e1dd22d6927009123
84851a10-43f1-3fc8-a358-06f529f15c33,2026-05-22,50.251144,209d6b5c-3879-3f87-9eb1-228cd3cf4edd0737879839
84f354b1-00ae-34ba-b443-ccd2efee613c,2026-05-22,4.324397,8a14f25e-1645-3406-a19d-b9806ef569954307313451
85cb1e88-d121-35a6-a362-3cdc80917d44,2026-05-22,301.814891,1671f2df-523c-3e25-a845-e2ad655275ec3253687227
86a53618-ee86-3705-9b6b-f5372a406e5d,2026-05-22,28.020558,31eb179f-ca40-3562-abbc-7ab5302343cf3567482943
8c272368-ac0c-3bc7-9568-cfbb26f8e749,2026-05-22,8.52128,9ef76979-dca8-3c79-9b0c-a7e5b98cc4183178708115
8c2e2c06-5c7a-359a-8e69-0efdfb7e79bb,2026-05-22,20.93362,02b8249b-d351-36b0-8f66-387e9b5ecd765409838852
8ca30a12-e5f4-3017-8037-1616e9ddbb5b,2026-05-22,11.119191,d980087a-73cd-3a85-914f-0dbeb6da2ff07929331557
8cb2a7d2-f605-3df9-981a-2c02b1d1a4e0,2026-05-22,22.266014,c8409fd1-44f6-341e-aa4a-fcdd48e1dec91197407417
92de990d-30ce-38da-ad78-86a4a56c065b,2026-05-22,12.120318,5a8242fb-5aa7-3d5b-ac68-21ea53c5f9e87894148187
9317e817-504a-35a4-b7c3-68e90b432c45,2026-05-22,26.747863,bd68d9fe-0c5e-3648-8a84-d7649dbc11df2315333603
956008d9-c7c8-3450-a799-ccd802fc2078,2026-05-22,69.3893,ac8597c6-2e0c-3fce-bd96-0eeae07b92825791469057
960a5c04-f3ef-340c-af8a-48e88045ac24,2026-05-22,13.443042,485a6ee1-26d8-3d41-bd32-a72421af1a296123003165
96739dc1-9e37-3b11-8e79-e0a5a57062a1,2026-05-22,81.848254,7b60b05a-7946-3efd-a3a0-0ada59de74070619321536
96be8df1-0628-3c17-acd8-50a096438ea0,2026-05-22,36.820714,7b8d6a5a-3256-3096-8208-171b7eaab4737311108557
9a736669-65a4-3b3e-a4b5-8f6ec9654a84,2026-05-22,22.761215,bd347e86-1b36-3407-80b6-78a2f2dae41e9793909208
9b195b8e-28d6-386e-8990-1a5bb4dd1bdb,2026-05-22,21.716359,193afc72-4494-30b1-beb3-cd4156f1c97d7901017989
9bddd6f0-dd41-333e-aac7-f757b18ea2aa,2026-05-22,47.269418,c6545cb9-33df-373c-8ac9-ce43225c9d986458695776
9bffe43c-9c3e-3c3f-947d-b83b096a53f5,2026-05-22,31.277282,635d1fea-f7dc-33f1-a406-2689203c6ffe1836896463
9d35e9c7-555b-37b7-adda-1a942e3c3655,2026-05-22,27.587367,44b79b38-40a9-3593-b0cd-9c7e4aec43216874733631
9d4e9d75-07dc-3cf6-999a-9fb34aad5110,2026-05-22,76.348912,6bd3f0f6-7367-36c5-809c-f71a18ab552d5196745345
9f49149d-e042-3a1f-bcae-0628143c89c0,2026-05-22,33.166034,1511a03d-af95-32d7-82d6-670e957e819a5636652911
9f556308-7e5a-375c-8130-c6284c3c5d5c,2026-05-22,14.91334,24110268-df67-321e-9581-bd29f27ea3618160468027
a0f95e73-3897-3dcc-9f5c-faad41b5219c,2026-05-22,100.01722,58b12641-aa5e-3c6d-97a0-f417dd0a469c4411625778
a12779cf-ff75-376e-9cb4-73e937a3c164,2026-05-22,21.231457,ba19c2fb-8246-3ab8-b894-67973ae2268a8549866658
a5068583-4849-35ce-900f-e2ce7f309840,2026-05-22,19.29093,ccacfe15-f7bf-3c92-9308-98112a74aa440314647208
a8e332b8-087a-38b0-8c1b-64db4efadc7a,2026-05-22,28.019369,47b681e7-c3d8-31f6-ab69-43f82db88fa66316703417
ab0c7a3d-b6a3-3c71-a9f6-6f5167fbf2d9,2026-05-22,15.914649,6e8c3bb5-37b6-3aa6-a40a-2cf1d71e64fa4807837875
acadf00f-5359-3905-a13e-213d751bffb2,2026-05-22,4.92257,2852258a-e2bf-3b5a-ad87-7915c236685c5632583391
ae5f3d2e-f527-359d-8bcf-846f320f8e57,2026-05-22,5.159945,22f94015-ff23-3150-ae0f-9ef0bb188a207912060816
af15418c-707a-3e54-a465-034a3b570a96,2026-05-22,24.992293,89b93f60-7af8-31b9-aacf-45885de7f2069142372275
b08b0516-052f-31ca-baee-415f1e9f6c1d,2026-05-22,15.490822,8eb78258-dbd8-30ca-8e2f-f57e8806b9340333593055
b095775a-2d08-336f-bccf-d2f71dc4ba3c,2026-05-22,4.653817,fb87865a-444a-3efc-ab25-247ac494cd574338526402
b1d22b60-1492-37de-a246-db25e91bfb1f,2026-05-22,20.344611,ba855984-6afa-3f25-82a9-033558199c9b4291338588
b32150f1-1acd-3990-ad31-f63fed66b1cf,2026-05-22,27.682655,27222e5f-5d35-3311-be74-7f592e6bb2553842641276
b516e127-e0a8-3444-a387-7ee0a83c2029,2026-05-22,5.326335,cc30fb51-7115-329e-acbb-6cf3b4f138c85952469832
b5344373-538f-3f37-8982-c97e3158144a,2026-05-22,11.036723,2a20868d-41a0-350b-abd7-08a3f9d834063257215959
b571b5d8-c91f-3776-86bd-22c88c5580c2,2026-05-22,43.032868,afafa873-61a8-38e0-8977-cd70cd270f449777286253
b8587185-2c84-31de-88cc-fe6d3eacc72b,2026-05-22,138.288384,e6e35728-813d-3acc-a33b-e74a927cf6fd8432089109
bce50849-a0e7-3f2b-b22a-24ed60440705,2026-05-22,23.540971,ecbe8abc-16bb-3af7-8cf1-b6d262d3f9915691766209
beac6842-6d1c-39f8-bd3d-f2cbddfe2e23,2026-05-22,19.38608,71933d57-e488-3aa3-b364-7c195cfded299062716503
beb1d1c6-4fa9-36a8-a06f-1dc58ab74161,2026-05-22,3.976302,69be3936-f12c-34ad-b6bc-7a9f397f7d580253357983
bf5e2c07-ebd1-3aab-ae92-933140999b06,2026-05-22,24.803738,e12f9949-3428-338b-a05b-b980386cf9872350056648
c0f8ab9f-4b7b-3f4f-b576-f80ad3cb5399,2026-05-22,21.808009,ae6fce59-c426-3691-b4cc-2e7f01a5433a0719674315
c3811eff-eb0f-3e83-943e-18b5d09919e4,2026-05-22,21.938755,b38c4c71-2ecc-3478-967b-30176508f2a82808970508
c4b4c934-c94d-3170-bd1b-d7737b2ab490,2026-05-22,8.794879,ddfedfb4-a197-3bc5-b5b9-3413d396c9d18520739647
c6c1b9c0-072d-3dbf-accc-4c8643cc0c4a,2026-05-22,23.348542,8e833220-412d-3626-aef6-f1d8e255b8961584029669
c8c964e3-6f43-33e9-8a11-e9eaf55933ba,2026-05-22,32.536365,db1bd750-5b46-3bea-9d82-c79a18a08d0d0806001910
cce1c127-2ff8-3ea0-a9b8-2df2cd888b5b,2026-05-22,43.655259,40fb0c0c-0006-3ab6-84ec-5dc4198294863739942525
ce7a22b8-f3c0-3690-acac-8b5a7bf4c798,2026-05-22,21.421312,75a3be66-cc33-35b3-aa17-355486d71eeb4926576029
d098b8be-5fd2-3aaf-b08a-03443b43e413,2026-05-22,23.831179,ebfca532-8531-3093-b085-d9b06d8a505a5090987086
d16b7d90-92be-3869-95a7-7d511669811b,2026-05-22,17.24992,760b5b15-f871-3327-a1ef-e07e6f4cc11c2795438507
d320f92f-4cc3-395c-b6c7-3cb3c7cb3efe,2026-05-22,79.030988,db719257-f1df-3420-b485-acfb0da643a10140791541
d3c48311-d8dc-3e24-95dd-6d2bca767bff,2026-05-22,11.929756,84018d69-0a55-3d24-a877-97aaa31a46cf2815442486
d72106c4-021a-3b57-bf48-7b6f2c14df23,2026-05-22,2.744926,e7b18bc4-313f-33d3-ad46-7b5d777f74ca3565120826
d834b72d-c2cc-391e-8a0c-c3f147eeb522,2026-05-22,31.461307,62331e5f-4437-3168-b6e9-aa00c1ae49235115900219
d85f6c3e-620f-3cc3-9005-9e1beefefdc6,2026-05-22,12.641172,7a3476cf-c702-35d8-ab2c-c3c41701130b3532848987
d86225ec-57c8-3039-9b73-5067e9668517,2026-05-22,2.517897,9befbbd8-c5ed-3abc-9d19-377736924de73675696583
e059f4f2-66b1-346c-8a33-8c16446a8657,2026-05-22,31.666967,2a7ac4ba-1536-3186-93b2-a2c27853a79e9011911429
e0ab7ac6-23e5-3ce5-aef4-d9e2e575bb7a,2026-05-22,4.616209,36f25be1-e4a7-34ea-a4d5-d394fb2065cc2046082019
e1ec776a-9a69-3e5d-a0c5-33a9250b1f19,2026-05-22,9.244634,8dbe6882-1128-323e-98cf-6c6c8fd5be7d0079256300
e402d019-6155-3bff-9228-4911ea446777,2026-05-22,103.826109,d454160e-2dc7-3ac7-86b9-e72c34ef16312394849607
e71fe34e-9aa5-3ade-8054-a639af523373,2026-05-22,5.62738,b1e661de-87c5-37a4-b0ad-b47b375e798f8517162525
e76bb8c7-e2ca-3a2e-96b4-7d3717dfbe06,2026-05-22,35.408686,e755d9a3-e083-3c09-8b82-e48bcb43e7f81851692813
e83f5cbe-8539-3cbd-b749-7896bd48c47e,2026-05-22,82.574618,f37ca06e-914d-302f-a8eb-903b7734c0c39455202918
ea133f80-908c-3a40-af86-f0745e517fd2,2026-05-22,62.205645,7111b6e6-9d33-3f84-ae08-89cafad819261967282058
eeaba3bd-0e65-3eff-80b8-bb415d1cdc89,2026-05-22,16.693451,6d3df8ea-2edd-3fc0-8f44-b14a5c9f858f7358431617
f02cc034-f8c6-39b7-afff-343b04ff2064,2026-05-22,23.036077,4a495ff6-34e1-3d8e-9177-445cdfd39d764430640857
f1809858-d9d7-3db3-8cc3-5793c598044c,2026-05-22,46.791759,7697f751-8371-30c0-81c8-fcc775cadf993437132586
f28c27e1-116f-3bfa-87a3-a4aec05ef6ed,2026-05-22,22.156643,06747886-3cd5-3df7-b4e3-5300fd43ba8b6993791108
f37b1d54-4726-3503-b093-7096160494d8,2026-05-22,11.502768,0701ba50-1c05-393a-97d1-5f4023a8749c6116792851
f5a2ffe8-63a0-3fe0-82d0-e2780d9d29dc,2026-05-22,19.216367,33dd9c10-10b1-32fe-be4f-7be1047c9ed36643760194
f5c21c69-5b03-320a-ae2e-2554aefff943,2026-05-22,79.27725,1733732a-abce-3040-96d5-89e43d8b44882339867108
fccc0510-f20a-3f28-bf3c-66cfe9fa99d1,2026-05-22,29.687136,218810c6-5f55-31ef-942d-6b8f7944e4a79796581507
fe5c2831-6d72-3f57-b5da-21037ecbeb2f,2026-05-22,26.884546,caac5c39-53fe-3b0e-a941-3f0559293a333871484605
030041c0-f398-3572-9c7e-3edf3d9d2ea3,2026-05-25,1.915149,123b8640-546f-3146-aac1-b5e3a45883358031893487
0388e0d9-8d10-3b74-a111-fdac480a0825,2026-05-25,27.949083,6ebc7d27-88d5-35f2-857d-fc6f145b17b60057015050
04f49ac6-5f35-3df9-b623-c026f24561e1,2026-05-25,42.985741,4ccf4637-f73f-3ea2-bd9d-89cd0876527e2011240689
0555042a-3841-3dc5-bc85-aea0ba8074f5,2026-05-25,8.034844,e4722a68-3a43-3fc0-ba7e-3bdb1f764af04140082808
0769202c-7965-32a1-8d36-1cd52b64377d,2026-05-25,11.399425,03bfca79-bd1d-3217-a8ee-b032e1a5d4279777514889
0834a8d5-db47-3f2b-8f52-89726cb486de,2026-05-25,19.260989,adb191b8-a33a-343b-b97c-1c5b503b06aa2102226204
0bd9c8a1-cf25-3dfe-9380-6143b1183f53,2026-05-25,78.531922,7ff7d9b9-eb8b-35f9-9265-8dd933d6e5f40824718437
0d06916c-fc74-37b3-8630-7f2eb8b27347,2026-05-25,43.447602,56ab425a-78d4-3e53-8a5d-bee6cc2ff1583272396058
0d66e094-d57b-3221-bdb4-ff9f2a6fa6b6,2026-05-25,67.823033,a1f98fd1-522c-331e-93df-e0e3c705c1c60127744720
0f7a9277-d005-30c0-8821-910389205cba,2026-05-25,19.104653,1498339f-636a-3ba6-8eaf-f82826cfc66b1703033271
1094d4eb-2c4b-3c82-bb41-36696a775289,2026-05-25,88.480122,8348db4d-a8ba-3dc8-b03d-3f8345e1ce081137124557
1176a69b-fd42-3989-9822-360026e942a4,2026-05-25,38.154542,4b6c12aa-31db-353f-9880-bcdca16d2c971125384531
15d19e1d-74b8-3948-867f-63a4a1188539,2026-05-25,32.669394,3a0da385-e669-30df-8f17-ee93aea6a3a63054977077
15f19ccf-5f54-370e-914a-19ef0d6e7bfe,2026-05-25,81.416549,d0dca904-0a39-3f70-8f24-23b3f8543cae9283252446
176efb99-8d0f-325e-a3e0-daa08e876832,2026-05-25,44.071361,c3c60fed-2c36-3d97-8b89-35c5cbbebe232642944088
17e9c47e-62ba-33a6-96e1-95ad3c636d22,2026-05-25,64.657498,77974123-fa35-3834-90f5-d19a2e752e979650064655
18a6d5f8-3203-3934-be7c-fef235f8d5ee,2026-05-25,8.953201,d0fc809f-656e-31a8-9e5e-192c6b636f8d5430933548
19008d6d-be6f-38f0-8a72-4525e9b98022,2026-05-25,74.735891,4201befe-1bec-3dec-bd92-ac10a986017a9798478753
1bdab13f-7bc5-3e3d-81c9-f9179619fd90,2026-05-25,7.602505,5351c2cb-b7f7-3a9c-acd5-db63cfafda343248281033
1c3f0a45-334a-3810-b02a-7ba9181fca95,2026-05-25,13.414632,f25a1909-b1f5-354d-9179-29694f6ccd7b0794803399
1eae9205-92f7-36a7-94c5-cb082b3e7211,2026-05-25,23.479499,dd4f2862-ad2c-38c4-98b8-9dfedc77a2173206733718
28cba5c0-c834-3c34-900a-9d6772fd9c30,2026-05-25,11.506701,1233b0a6-550e-3390-88ce-2a21eefafe917625072302
29513ef6-a0f9-30aa-b2a3-e67dd9c50f2d,2026-05-25,16.49126,4763c9d2-d480-368f-84c3-63cf0c346e577347437891
2b3c346c-5f49-3232-be35-3443261527b0,2026-05-25,7.353398,e6538295-3b6e-3154-9420-ec45501d20ae5856219597
2fd79494-a377-3a29-a882-b11802cfee0c,2026-05-25,6.993483,e50f86b5-d7cd-3a80-a5b4-78c659980b001758781599
33a96067-0e23-3bf3-8d10-cbec5a261a65,2026-05-25,30.837026,4d63f0d2-85ca-3a28-b715-4147577bedb24364586828
363a066c-58b6-3bcf-a7b0-e9729a735ba7,2026-05-25,28.291406,29527eb9-d544-35c2-b9f1-bb262cf6b4159824252521
3a95c147-b6b0-329f-88ad-464e73046bbe,2026-05-25,6.844703,a645382c-6cb6-3873-a916-6298b8109de48651485340
3c828a67-8a44-3a18-a2db-213948c73e01,2026-05-25,23.636343,4b9e8129-de42-3612-a62a-b99391f3a1c36185507295
3e7f3808-bc28-36c7-8251-a028f5ff5644,2026-05-25,18.000032,18ddeade-5928-3676-ae42-029acd2d6bcb2570795136
3f3adad3-22df-3188-a572-bab43c8f0258,2026-05-25,87.959557,b2628cd8-ae87-339b-8a4a-eb87332124ab1738661597
3fe600f0-c808-3676-90fe-909ea8b83ca6,2026-05-25,4.699364,89445095-871b-3498-be52-e63f6b0e774b5355986831
41219c74-897b-3ca9-87e5-43da9041ddd3,2026-05-25,53.09434,fbfd204b-197f-3c6c-95b1-4733172f5fca0533189354
423348ca-0838-3372-a616-b4cda0468666,2026-05-25,6.016402,c36a6f4f-bea8-35b0-b824-2c970e256ac26805083472
4333cd5c-141e-38a1-af2a-a7df714feddb,2026-05-25,15.699368,3c3bc593-75a7-3bce-b04f-0d15bea76c784217531826
434188a4-f9da-364f-a6dc-53072f0ec1b3,2026-05-25,15.07247,e25f63b1-614b-3240-9c58-803a43e9bb435024428155
43cc96db-6d25-3ad3-9163-10247bdd66bf,2026-05-25,12.199395,9eddeeed-8808-33dc-9ba2-905a79c87f321161343299
48d69815-2eb5-3bb9-a39b-cbe1ceb52e99,2026-05-25,9.22058,6cfee349-1ef0-3fb2-815c-a8a1f54dfaf82072162601
4a7af055-4d5f-39bf-b0a0-3e957abd6b60,2026-05-25,9.605351,2d350fdb-0d58-3f71-94bc-a8c8ac08ee913457245518
4b3616f0-ccf1-31e3-810e-f668c2042b23,2026-05-25,16.192857,b68e0cee-582f-3f61-89e5-ca032d2062073327596356
4c8688bb-e063-39d5-af44-f884b8b1b22f,2026-05-25,79.396293,74ba4416-00a1-3f9b-8c10-30d3118fa7ce7583046913
4c9d57d4-cc8e-3ffa-a7a2-954c71ef5235,2026-05-25,43.0816,10cf198f-ca0e-3ab3-a33e-629868eaf1657063863282
4d8e0306-9402-312c-8735-520e75542ddf,2026-05-25,13.173999,fc890f93-7094-3cdc-9c17-a9bca9d2149d3600693627
5060be3d-9bbb-3f4e-955c-625e4390c6b7,2026-05-25,20.815321,2aff5a14-b04c-3fb3-98e6-5f847371e3ff9195279440
509c1fe7-94b1-311d-9fd0-979b350e4d61,2026-05-25,44.119636,beeb8cb8-6b14-3b16-b8ec-735f810410575059189611
50be9c42-1c4b-3493-a07c-ffe59fd8491c,2026-05-25,76.569981,edb658c0-31b6-337f-a557-ae881cfe96142560471597
5113b093-acec-3c38-870f-b61a2dd6b880,2026-05-25,49.443224,6de2df31-0e47-37b7-af92-4257cf86aa933125819112
5498a54c-7cf2-3cbb-85d5-1078aa3be4a7,2026-05-25,14.396657,7f2eff44-b501-3d88-8b7a-bc0819c1cbd05256736696
54de7dbc-3f9b-3702-b677-fee85da6201d,2026-05-25,5.774589,d44e39e8-4f08-3623-986b-2646518072bf1207235870
55ad8c29-20dc-320f-8c21-ac3dfd7685ea,2026-05-25,41.034694,59813d11-bc16-3001-915e-9a9eff70c57f6619407622
5656dbc0-5497-3227-a829-fd8eb574450e,2026-05-25,52.835274,a203c081-9992-358a-b291-2006588558ba6822670837
57437979-1053-38bc-8abf-3f9eba7ffc49,2026-05-25,17.19421,66cc36c9-6f31-3eff-8201-8a0a7f0bd59a0688159859
57d3f142-33f4-308b-ae84-b183cc99db1b,2026-05-25,17.163671,3347c53c-2e52-3fd7-91f9-f73a7872e66a1890146135
591e07f6-72df-366d-a512-d5ee900f7c15,2026-05-25,22.564265,abb3cf38-3fad-3baa-af44-c9b4d24608456857996865
5a91fc01-e54a-36cc-b759-44260109d8b8,2026-05-25,1.62593,1356d797-66bc-3a72-b11f-7b3084dc9d272348624974
5b4c7154-ad7e-3526-aa3c-45e89d71e721,2026-05-25,80.53203,a5074e62-50d5-364b-aeef-675c60c2ee493068298762
5d6ffe35-085b-3fc0-abf7-9f02a5c4fb33,2026-05-25,11.522995,03ffa46d-2a01-3d1e-b2b7-afc51d9158352243231721
5de859d5-b06b-3878-b7f0-64c4e91191df,2026-05-25,7.609806,865e99a1-718b-338b-80ab-7bdcf6c522a91536159266
5f76ba6d-1bf0-3e51-b2e4-3a6d19bc39b9,2026-05-25,24.555412,c708bc56-c900-3691-a10c-994bfde2114d0282457351
6a620372-f31e-349c-b6c6-0e040a3edb64,2026-05-25,19.754306,5585108c-6e05-3453-8c97-d5a03ce4ee0a5269991336
6e8a1cb9-329d-3c5e-8d21-4c46a734d1e9,2026-05-25,11.013028,b038cfcb-9c1e-3cde-8676-1be4c1366b8b3024374020
72e3323e-cebd-3aa6-a736-9022afb37e21,2026-05-25,43.050039,dd1d2448-04ec-3dd9-9b0e-69f5e79a93407723570593
75be5782-378c-39b7-8d80-e4225331c478,2026-05-25,27.16363,e1d9f528-91ca-3b5f-b9e2-c2bc6c32dd155877684651
760b65eb-45d9-332e-bbdd-15ad2c3223bc,2026-05-25,39.341585,4050495a-d74a-3f1b-b29d-db93ba2a71c15767916558
781a0729-d247-332a-a718-196cd4f0844f,2026-05-25,3.507886,c926082b-f5ea-39f0-9b3a-e5bce96b47c35305695375
7825a025-23b9-3955-84e6-3a54c38e86e4,2026-05-25,14.846274,944aa6d5-032b-30c6-b177-dba1d9d44f1a2385396646
79874361-3477-38db-9fbd-fc39d1713d69,2026-05-25,14.76667,241900d5-f58b-3b3f-8abc-638d1ad78e024760008737
7a81ce3b-6d3e-3961-8d22-eadf3f5ec0bc,2026-05-25,27.579011,d3e55948-76d9-3a03-928c-dedc44e782891389752743
7fb6ff11-be82-30ff-ad1d-e44ada4f46db,2026-05-25,61.736622,44965c11-796e-3e8c-b92a-222141e2d34e4076630863
7feb497b-3ee8-39fa-9cfd-72a898f4cf47,2026-05-25,17.916989,90e6638a-edc1-308e-9f27-d8a3719440025129345869
812c22d3-3843-3385-aa3b-aa8ae91b882a,2026-05-25,24.69999,e7cb4203-d63e-3d55-86b1-e2f3868974688509958032
82b47e6e-09d7-36e6-80ab-4506629ff46b,2026-05-25,23.826519,1695d743-ff11-3262-b7c5-f109ac7b016b5800029843
84851a10-43f1-3fc8-a358-06f529f15c33,2026-05-25,69.196831,209d6b5c-3879-3f87-9eb1-228cd3cf4edd0737879839
84f354b1-00ae-34ba-b443-ccd2efee613c,2026-05-25,4.11611,8a14f25e-1645-3406-a19d-b9806ef569954307313451
85cb1e88-d121-35a6-a362-3cdc80917d44,2026-05-25,319.561229,1671f2df-523c-3e25-a845-e2ad655275ec3253687227
8c272368-ac0c-3bc7-9568-cfbb26f8e749,2026-05-25,8.953572,9ef76979-dca8-3c79-9b0c-a7e5b98cc4183178708115
8ca30a12-e5f4-3017-8037-1616e9ddbb5b,2026-05-25,8.90422,d980087a-73cd-3a85-914f-0dbeb6da2ff07929331557
8ce3a609-9e37-3b54-a602-9b395e5f5a76,2026-05-25,15.902303,140ba20d-dc2d-30f1-8369-9f0fcb7417216954795985
8dc72d59-3896-3d24-a51b-3a8a9e1c6713,2026-05-25,24.585136,2bb55a33-fdd0-39b0-8fa8-bf8f9e9997f59421453150
92de990d-30ce-38da-ad78-86a4a56c065b,2026-05-25,8.852974,5a8242fb-5aa7-3d5b-ac68-21ea53c5f9e87894148187
9317e817-504a-35a4-b7c3-68e90b432c45,2026-05-25,39.737139,bd68d9fe-0c5e-3648-8a84-d7649dbc11df2315333603
956008d9-c7c8-3450-a799-ccd802fc2078,2026-05-25,58.343431,ac8597c6-2e0c-3fce-bd96-0eeae07b92825791469057
960a5c04-f3ef-340c-af8a-48e88045ac24,2026-05-25,18.173758,485a6ee1-26d8-3d41-bd32-a72421af1a296123003165
9661bcb6-dd62-3576-b8b0-049874fff3a1,2026-05-25,9.435732,a765656c-b5ea-38d3-b817-93751b0015257870386126
96739dc1-9e37-3b11-8e79-e0a5a57062a1,2026-05-25,73.298607,7b60b05a-7946-3efd-a3a0-0ada59de74070619321536
96be8df1-0628-3c17-acd8-50a096438ea0,2026-05-25,15.007669,7b8d6a5a-3256-3096-8208-171b7eaab4737311108557
9a736669-65a4-3b3e-a4b5-8f6ec9654a84,2026-05-25,22.710147,bd347e86-1b36-3407-80b6-78a2f2dae41e9793909208
9b195b8e-28d6-386e-8990-1a5bb4dd1bdb,2026-05-25,45.213531,193afc72-4494-30b1-beb3-cd4156f1c97d7901017989
9c2b569e-d3f4-3c78-a57e-4d73687d2dc2,2026-05-25,58.726966,bcf6894a-0424-3665-b520-2c34eeac116f1861409402
9f49149d-e042-3a1f-bcae-0628143c89c0,2026-05-25,16.554997,1511a03d-af95-32d7-82d6-670e957e819a5636652911
9f556308-7e5a-375c-8130-c6284c3c5d5c,2026-05-25,17.225393,24110268-df67-321e-9581-bd29f27ea3618160468027
a0f95e73-3897-3dcc-9f5c-faad41b5219c,2026-05-25,107.347148,58b12641-aa5e-3c6d-97a0-f417dd0a469c4411625778
a2de86e5-02cf-3c93-9b40-f9629530b7d1,2026-05-25,570.703576,bcd56054-ac31-3e6f-a2d9-f156a299929c4047783680
a4897e9b-7fc7-3e17-9b47-a254a0b85f27,2026-05-25,20.043204,304ab23b-6984-3fe6-a3fb-aa744a4d6cd05946845157
a5068583-4849-35ce-900f-e2ce7f309840,2026-05-25,34.71706,ccacfe15-f7bf-3c92-9308-98112a74aa440314647208
a513bb7e-87ac-35cd-b4a2-6d23427bd2fa,2026-05-25,20.312609,481dceb1-1678-3a7e-b288-d7e2bf0c062a7786339993
a8e332b8-087a-38b0-8c1b-64db4efadc7a,2026-05-25,13.557952,47b681e7-c3d8-31f6-ab69-43f82db88fa66316703417
a96a11ac-c839-3a7d-8ca2-dd65ad906316,2026-05-25,50.113677,f0f3ba5d-6fb8-3960-852e-f6235a05b8309574349724
ab0c7a3d-b6a3-3c71-a9f6-6f5167fbf2d9,2026-05-25,3.52103,6e8c3bb5-37b6-3aa6-a40a-2cf1d71e64fa4807837875
ac429fef-9e6b-3e26-a5ea-3122c166230c,2026-05-25,62.991416,81f224a7-cb42-3ee9-9103-e81fcc20756c3353013338
acadf00f-5359-3905-a13e-213d751bffb2,2026-05-25,9.457358,2852258a-e2bf-3b5a-ad87-7915c236685c5632583391
ae5f3d2e-f527-359d-8bcf-846f320f8e57,2026-05-25,16.039575,22f94015-ff23-3150-ae0f-9ef0bb188a207912060816
af15418c-707a-3e54-a465-034a3b570a96,2026-05-25,16.123874,89b93f60-7af8-31b9-aacf-45885de7f2069142372275
b08b0516-052f-31ca-baee-415f1e9f6c1d,2026-05-25,9.423953,8eb78258-dbd8-30ca-8e2f-f57e8806b9340333593055
b095775a-2d08-336f-bccf-d2f71dc4ba3c,2026-05-25,7.471115,fb87865a-444a-3efc-ab25-247ac494cd574338526402
b32150f1-1acd-3990-ad31-f63fed66b1cf,2026-05-25,43.762007,27222e5f-5d35-3311-be74-7f592e6bb2553842641276
b516e127-e0a8-3444-a387-7ee0a83c2029,2026-05-25,5.48257,cc30fb51-7115-329e-acbb-6cf3b4f138c85952469832
b5344373-538f-3f37-8982-c97e3158144a,2026-05-25,1.99154,2a20868d-41a0-350b-abd7-08a3f9d834063257215959
b7f8d590-1a7d-3745-82cc-9e0c966c6306,2026-05-25,23.73081,65f0ec49-73ce-37cb-a381-28e7217750090455003993
b8587185-2c84-31de-88cc-fe6d3eacc72b,2026-05-25,137.714204,e6e35728-813d-3acc-a33b-e74a927cf6fd8432089109
bce50849-a0e7-3f2b-b22a-24ed60440705,2026-05-25,18.980345,ecbe8abc-16bb-3af7-8cf1-b6d262d3f9915691766209
bde82a06-b2ee-3309-b4b0-d268a38e4c2c,2026-05-25,124.572189,37f054fc-a7a4-3b27-aefa-23a338a7e9b08878786853
beb1d1c6-4fa9-36a8-a06f-1dc58ab74161,2026-05-25,8.524451,69be3936-f12c-34ad-b6bc-7a9f397f7d580253357983
c039e4c8-9c3b-3ae3-a2e7-b54c85d2cac7,2026-05-25,45.376853,ef0e0898-3920-39d5-9050-8c57b5cbcd1c9155184466
c0f8ab9f-4b7b-3f4f-b576-f80ad3cb5399,2026-05-25,14.12214,ae6fce59-c426-3691-b4cc-2e7f01a5433a0719674315
c3811eff-eb0f-3e83-943e-18b5d09919e4,2026-05-25,18.394381,b38c4c71-2ecc-3478-967b-30176508f2a82808970508
c4ec5436-0c6f-389c-b83d-e1f34b408946,2026-05-25,9.652969,6d73a170-b659-36fe-bc67-1faa907dd4b49647063385
c7599875-d64e-3ef2-8a6a-a218c4c24bfa,2026-05-25,6.150296,4acd48f6-3379-3b71-a45f-8ba6aad527457333951563
cce1c127-2ff8-3ea0-a9b8-2df2cd888b5b,2026-05-25,51.094354,40fb0c0c-0006-3ab6-84ec-5dc4198294863739942525
cdcbe271-7336-35c3-a44f-1a90281b0857,2026-05-25,27.634533,cc4a0181-1f8b-3069-891f-8f8303116f410950083050
cecfcbcc-77a8-37e8-9f55-f57834a00b36,2026-05-25,14.612632,383152ad-bbd4-3d70-acd0-208cf7dee4e52442247114
cf27b977-c8ad-3737-8228-b9db85767415,2026-05-25,16.262609,965ec600-1385-330f-93d4-ad865cba71d79472619031
d098b8be-5fd2-3aaf-b08a-03443b43e413,2026-05-25,14.361515,ebfca532-8531-3093-b085-d9b06d8a505a5090987086
d3c48311-d8dc-3e24-95dd-6d2bca767bff,2026-05-25,16.289917,84018d69-0a55-3d24-a877-97aaa31a46cf2815442486
d6f76560-f2a1-3ae9-ab43-eaa1f2033306,2026-05-25,57.278505,df76341f-d9c1-31f1-a511-61e0bba9ac1a9330646801
d72106c4-021a-3b57-bf48-7b6f2c14df23,2026-05-25,11.075712,e7b18bc4-313f-33d3-ad46-7b5d777f74ca3565120826
d834b72d-c2cc-391e-8a0c-c3f147eeb522,2026-05-25,25.931022,62331e5f-4437-3168-b6e9-aa00c1ae49235115900219
d85f6c3e-620f-3cc3-9005-9e1beefefdc6,2026-05-25,12.147084,7a3476cf-c702-35d8-ab2c-c3c41701130b3532848987
de0bc8c0-4447-382c-b7c7-ce385510a49b,2026-05-25,41.018316,8d66b14e-bf47-35e5-b800-b55ca34760cf6094204743
dee4128a-2091-303c-8411-15401a64ec03,2026-05-25,122.707119,7d2de236-8dd1-333c-b3b2-c7d8bd4250cd6306917490
dfe88e46-3f0b-3bdd-bb8b-d7190cc27582,2026-05-25,30.568501,2f3787a4-af4a-33b1-9633-78e945ce9cbb0630344304
e059f4f2-66b1-346c-8a33-8c16446a8657,2026-05-25,13.261506,2a7ac4ba-1536-3186-93b2-a2c27853a79e9011911429
e0ab7ac6-23e5-3ce5-aef4-d9e2e575bb7a,2026-05-25,6.709332,36f25be1-e4a7-34ea-a4d5-d394fb2065cc2046082019
e1ec776a-9a69-3e5d-a0c5-33a9250b1f19,2026-05-25,9.430141,8dbe6882-1128-323e-98cf-6c6c8fd5be7d0079256300
e6a4f012-2129-36d0-bf2f-6e3c384f5497,2026-05-25,10.137591,30a74d31-d91b-3ff9-b591-0ed7882600e46693238563
ea133f80-908c-3a40-af86-f0745e517fd2,2026-05-25,48.677422,7111b6e6-9d33-3f84-ae08-89cafad819261967282058
eeaba3bd-0e65-3eff-80b8-bb415d1cdc89,2026-05-25,13.767331,6d3df8ea-2edd-3fc0-8f44-b14a5c9f858f7358431617
f02cc034-f8c6-39b7-afff-343b04ff2064,2026-05-25,15.479257,4a495ff6-34e1-3d8e-9177-445cdfd39d764430640857
f0699448-f713-378f-9e30-ac35b4b0ddbb,2026-05-25,19.10458,0fcce33d-eb23-3f5d-946b-53b6afe198987280446281
f1ebcf2f-e51e-373c-b8af-374b6efced62,2026-05-25,45.730442,a96795c7-1ef3-330f-9a52-bd611b998fc53408195367
f28c27e1-116f-3bfa-87a3-a4aec05ef6ed,2026-05-25,21.840409,06747886-3cd5-3df7-b4e3-5300fd43ba8b6993791108
f55d8d9d-5df9-32e8-a43c-40e2d30fe83e,2026-05-25,25.143991,25ce49b4-0e30-37f6-83c9-8fdba57ec8554749707383
f5a2ffe8-63a0-3fe0-82d0-e2780d9d29dc,2026-05-25,6.554877,33dd9c10-10b1-32fe-be4f-7be1047c9ed36643760194
f5b7af0b-6fd8-3576-b8bd-8c423699ee6f,2026-05-25,101.905754,15949980-3818-36c1-9d61-edd82fe29e369124103931
f5c21c69-5b03-320a-ae2e-2554aefff943,2026-05-25,52.721863,1733732a-abce-3040-96d5-89e43d8b44882339867108
fbb84839-d7f2-363f-a497-68b74f2449f2,2026-05-25,28.088873,76b88c0d-830b-38ed-91c8-6b3757820cc05429571885
fccc0510-f20a-3f28-bf3c-66cfe9fa99d1,2026-05-25,10.040515,218810c6-5f55-31ef-942d-6b8f7944e4a79796581507
fe5c2831-6d72-3f57-b5da-21037ecbeb2f,2026-05-25,4.800792,caac5c39-53fe-3b0e-a941-3f0559293a333871484605
030041c0-f398-3572-9c7e-3edf3d9d2ea3,2026-05-26,2.845355,123b8640-546f-3146-aac1-b5e3a45883358031893487
04f49ac6-5f35-3df9-b623-c026f24561e1,2026-05-26,66.517096,4ccf4637-f73f-3ea2-bd9d-89cd0876527e2011240689
0594d9cc-176f-3811-b8ff-1badba391ea1,2026-05-26,12.455259,7bf9e218-5646-3380-8098-8b14d617d4eb9836650145
0769202c-7965-32a1-8d36-1cd52b64377d,2026-05-26,3.986099,03bfca79-bd1d-3217-a8ee-b032e1a5d4279777514889
0bd9c8a1-cf25-3dfe-9380-6143b1183f53,2026-05-26,75.208464,7ff7d9b9-eb8b-35f9-9265-8dd933d6e5f40824718437
0d06916c-fc74-37b3-8630-7f2eb8b27347,2026-05-26,42.292857,56ab425a-78d4-3e53-8a5d-bee6cc2ff1583272396058
0f7a9277-d005-30c0-8821-910389205cba,2026-05-26,9.303186,1498339f-636a-3ba6-8eaf-f82826cfc66b1703033271
1094d4eb-2c4b-3c82-bb41-36696a775289,2026-05-26,63.20823,8348db4d-a8ba-3dc8-b03d-3f8345e1ce081137124557
1176a69b-fd42-3989-9822-360026e942a4,2026-05-26,134.095941,4b6c12aa-31db-353f-9880-bcdca16d2c971125384531
15d19e1d-74b8-3948-867f-63a4a1188539,2026-05-26,40.136316,3a0da385-e669-30df-8f17-ee93aea6a3a63054977077
176efb99-8d0f-325e-a3e0-daa08e876832,2026-05-26,13.271202,c3c60fed-2c36-3d97-8b89-35c5cbbebe232642944088
18a6d5f8-3203-3934-be7c-fef235f8d5ee,2026-05-26,18.784125,d0fc809f-656e-31a8-9e5e-192c6b636f8d5430933548
18d39ce1-5a60-3a9e-9621-bfa693409e77,2026-05-26,8.699966,136386ac-0d76-3f46-b05e-ad2dc8a2fa238045910511
1bdab13f-7bc5-3e3d-81c9-f9179619fd90,2026-05-26,4.577778,5351c2cb-b7f7-3a9c-acd5-db63cfafda343248281033
1c3f0a45-334a-3810-b02a-7ba9181fca95,2026-05-26,16.89383,f25a1909-b1f5-354d-9179-29694f6ccd7b0794803399
1eae9205-92f7-36a7-94c5-cb082b3e7211,2026-05-26,26.600376,dd4f2862-ad2c-38c4-98b8-9dfedc77a2173206733718
2111daa9-5dbb-36aa-b675-efab46559d5d,2026-05-26,7.570225,93fc0a2e-adf6-3b5c-a38a-8aaf0af2466c8463812397
28cba5c0-c834-3c34-900a-9d6772fd9c30,2026-05-26,9.877227,1233b0a6-550e-3390-88ce-2a21eefafe917625072302
29513ef6-a0f9-30aa-b2a3-e67dd9c50f2d,2026-05-26,14.429421,4763c9d2-d480-368f-84c3-63cf0c346e577347437891
2b3c346c-5f49-3232-be35-3443261527b0,2026-05-26,6.563921,e6538295-3b6e-3154-9420-ec45501d20ae5856219597
2bf4e90b-5fb4-3eb6-92bd-c21ab46e7639,2026-05-26,6.293995,4835e147-ad32-3a9a-b1c1-4116ab8c15bf1573038869
3980a3b0-7169-37c1-ba12-f7547a8e9e3b,2026-05-26,0.625787,12d66d5c-7532-38c8-893b-c6806919a6290164081510
3ab4ce54-3bfa-3a09-8624-c69a02d77632,2026-05-26,3.930059,776a90be-9929-3c47-9f5d-5f73f58824c60497278972
3e7f3808-bc28-36c7-8251-a028f5ff5644,2026-05-26,17.570121,18ddeade-5928-3676-ae42-029acd2d6bcb2570795136
3ec4aa61-73df-37f5-af33-ac50b24f1ab5,2026-05-26,42.243898,5530820d-9691-3c0b-895b-b218aa4b299c0225945614
3fe600f0-c808-3676-90fe-909ea8b83ca6,2026-05-26,9.661128,89445095-871b-3498-be52-e63f6b0e774b5355986831
41219c74-897b-3ca9-87e5-43da9041ddd3,2026-05-26,40.82554,fbfd204b-197f-3c6c-95b1-4733172f5fca0533189354
4333cd5c-141e-38a1-af2a-a7df714feddb,2026-05-26,8.793085,3c3bc593-75a7-3bce-b04f-0d15bea76c784217531826
434188a4-f9da-364f-a6dc-53072f0ec1b3,2026-05-26,24.66351,e25f63b1-614b-3240-9c58-803a43e9bb435024428155
43538921-75c3-3004-917b-51c3d8e2a3a6,2026-05-26,24.444252,e213be6c-e983-37d3-b47d-03cfedb25b867590845836
48d69815-2eb5-3bb9-a39b-cbe1ceb52e99,2026-05-26,5.177297,6cfee349-1ef0-3fb2-815c-a8a1f54dfaf82072162601
4a7af055-4d5f-39bf-b0a0-3e957abd6b60,2026-05-26,30.724156,2d350fdb-0d58-3f71-94bc-a8c8ac08ee913457245518
4b3616f0-ccf1-31e3-810e-f668c2042b23,2026-05-26,30.553802,b68e0cee-582f-3f61-89e5-ca032d2062073327596356
4c8688bb-e063-39d5-af44-f884b8b1b22f,2026-05-26,119.169643,74ba4416-00a1-3f9b-8c10-30d3118fa7ce7583046913
4c9d57d4-cc8e-3ffa-a7a2-954c71ef5235,2026-05-26,28.039617,10cf198f-ca0e-3ab3-a33e-629868eaf1657063863282
4d8e0306-9402-312c-8735-520e75542ddf,2026-05-26,8.099209,fc890f93-7094-3cdc-9c17-a9bca9d2149d3600693627
4f630062-21f6-3266-9acd-c0827dbf5c05,2026-05-26,21.967246,8f29efaf-4f24-3d15-82d5-2fc874ce981c6011993181
509c1fe7-94b1-311d-9fd0-979b350e4d61,2026-05-26,79.503664,beeb8cb8-6b14-3b16-b8ec-735f810410575059189611
50be9c42-1c4b-3493-a07c-ffe59fd8491c,2026-05-26,35.778626,edb658c0-31b6-337f-a557-ae881cfe96142560471597
5113b093-acec-3c38-870f-b61a2dd6b880,2026-05-26,66.910991,6de2df31-0e47-37b7-af92-4257cf86aa933125819112
52412506-0a36-3bbc-b4ff-9579aa41f9b1,2026-05-26,4.110611,258df3e5-7e26-3a3f-9326-aace208da4a32337603841
524da203-40d7-33a6-8ab6-b21a0cef3c58,2026-05-26,28.248625,4b414f3b-b1d8-3f11-b80f-a4ce6c6d7a4c9655939769
54de7dbc-3f9b-3702-b677-fee85da6201d,2026-05-26,6.855647,d44e39e8-4f08-3623-986b-2646518072bf1207235870
55ad8c29-20dc-320f-8c21-ac3dfd7685ea,2026-05-26,72.561164,59813d11-bc16-3001-915e-9a9eff70c57f6619407622
5656dbc0-5497-3227-a829-fd8eb574450e,2026-05-26,6.280025,a203c081-9992-358a-b291-2006588558ba6822670837
56ab4ff8-d4a1-314d-82eb-cc5055b8d77c,2026-05-26,15.748086,95b986e2-fb52-3222-9a4d-94390d8daa468577144310
57437979-1053-38bc-8abf-3f9eba7ffc49,2026-05-26,27.714768,66cc36c9-6f31-3eff-8201-8a0a7f0bd59a0688159859
591e07f6-72df-366d-a512-d5ee900f7c15,2026-05-26,32.650346,abb3cf38-3fad-3baa-af44-c9b4d24608456857996865
5a91fc01-e54a-36cc-b759-44260109d8b8,2026-05-26,4.233608,1356d797-66bc-3a72-b11f-7b3084dc9d272348624974
5b4c7154-ad7e-3526-aa3c-45e89d71e721,2026-05-26,74.953174,a5074e62-50d5-364b-aeef-675c60c2ee493068298762
5d21d7da-3e33-3ab4-99ef-3ca2c2ff2c69,2026-05-26,7.288691,b03fc426-da51-3e1c-aa77-6b918bff0e513877121931
5d6ffe35-085b-3fc0-abf7-9f02a5c4fb33,2026-05-26,18.977824,03ffa46d-2a01-3d1e-b2b7-afc51d9158352243231721
5fa5d9c4-22b7-39f7-a3b2-d521ea60b47b,2026-05-26,12.98408,ab4ba1b3-b598-3bfb-8df0-768a0df60d506177714931
6001b0b7-96fc-3fe1-aef1-329c8e2f62ce,2026-05-26,11.176103,6e29cd08-5d8b-32dd-baf0-fc5123d964c69692072979
64b0ba20-1b28-3b6c-9ffc-402714ee0245,2026-05-26,15.965445,358bf36d-7dae-3d60-9132-32bf3090f2f25850796649
67039b27-800b-3a58-9a33-f99a6beae237,2026-05-26,9.92968,32a35d9f-d35e-32e9-9ab5-42a5e891929f6307601904
6a620372-f31e-349c-b6c6-0e040a3edb64,2026-05-26,22.33883,5585108c-6e05-3453-8c97-d5a03ce4ee0a5269991336
6e8a1cb9-329d-3c5e-8d21-4c46a734d1e9,2026-05-26,19.660463,b038cfcb-9c1e-3cde-8676-1be4c1366b8b3024374020
7254494c-fbeb-3dc4-80ee-30c6f6c22599,2026-05-26,21.593128,64848290-d9fb-3103-b306-a0129738ec0d3937403775
72e3323e-cebd-3aa6-a736-9022afb37e21,2026-05-26,37.533652,dd1d2448-04ec-3dd9-9b0e-69f5e79a93407723570593
75b45819-0131-3505-a67e-213e6e87963f,2026-05-26,27.800012,8d74f7a3-14d2-3523-8682-8ea7628de4e11118376498
75be5782-378c-39b7-8d80-e4225331c478,2026-05-26,7.782527,e1d9f528-91ca-3b5f-b9e2-c2bc6c32dd155877684651
760b65eb-45d9-332e-bbdd-15ad2c3223bc,2026-05-26,28.011724,4050495a-d74a-3f1b-b29d-db93ba2a71c15767916558
779e581c-a821-3108-9ebe-a92f9dcfc74c,2026-05-26,42.212195,3a13c3b6-0485-353a-a580-ed21741647e41076187335
7825a025-23b9-3955-84e6-3a54c38e86e4,2026-05-26,18.681688,944aa6d5-032b-30c6-b177-dba1d9d44f1a2385396646
7a81ce3b-6d3e-3961-8d22-eadf3f5ec0bc,2026-05-26,17.741721,d3e55948-76d9-3a03-928c-dedc44e782891389752743
82a48b8e-4fa5-3f42-857c-71fbe24937aa,2026-05-26,27.42599,78999b98-2dd1-3379-978c-e2474a4a43306995668347
834aa49a-5a2a-30db-8385-ad60aed26cd7,2026-05-26,42.38258,4b2f77f6-8ea8-3f4d-8688-fe485e1dd22d6927009123
83ac466b-0a2c-3b9f-bc16-cc1733598dc1,2026-05-26,48.237289,fbb1458a-bb03-3a59-81a7-c4bfa04cd8482348091600
87ab0257-a9f6-3705-89f8-f63b9b8f2b0c,2026-05-26,15.394029,dd1dde98-5502-3952-90fe-dc66f816ed747906535428
8c272368-ac0c-3bc7-9568-cfbb26f8e749,2026-05-26,8.432477,9ef76979-dca8-3c79-9b0c-a7e5b98cc4183178708115
8c5b1f37-b3ea-3b4a-a4dd-fad03cfd11b6,2026-05-26,29.131696,5aa0a87f-17b4-3bc7-a55a-7d422bb28fcc9200948756
8ca30a12-e5f4-3017-8037-1616e9ddbb5b,2026-05-26,10.680455,d980087a-73cd-3a85-914f-0dbeb6da2ff07929331557
8cb2a7d2-f605-3df9-981a-2c02b1d1a4e0,2026-05-26,24.279501,c8409fd1-44f6-341e-aa4a-fcdd48e1dec91197407417
911d2093-d19c-3f31-815c-a2815fcd3901,2026-05-26,136.724377,f08546be-1bd1-3bd9-a186-1ac364a028663840464235
9317e817-504a-35a4-b7c3-68e90b432c45,2026-05-26,30.651314,bd68d9fe-0c5e-3648-8a84-d7649dbc11df2315333603
949ebf54-2340-343d-959a-0f34372577da,2026-05-26,60.738514,181570ff-51a4-3333-82ec-c322cfc915d01750361380
9661bcb6-dd62-3576-b8b0-049874fff3a1,2026-05-26,11.906249,a765656c-b5ea-38d3-b817-93751b0015257870386126
96739dc1-9e37-3b11-8e79-e0a5a57062a1,2026-05-26,62.01951,7b60b05a-7946-3efd-a3a0-0ada59de74070619321536
96be8df1-0628-3c17-acd8-50a096438ea0,2026-05-26,20.71084,7b8d6a5a-3256-3096-8208-171b7eaab4737311108557
9c2b569e-d3f4-3c78-a57e-4d73687d2dc2,2026-05-26,42.148734,bcf6894a-0424-3665-b520-2c34eeac116f1861409402
9f49149d-e042-3a1f-bcae-0628143c89c0,2026-05-26,10.250502,1511a03d-af95-32d7-82d6-670e957e819a5636652911
9f556308-7e5a-375c-8130-c6284c3c5d5c,2026-05-26,14.878211,24110268-df67-321e-9581-bd29f27ea3618160468027
a06461db-ef00-3481-9827-c829471e7245,2026-05-26,9.551922,5511d59c-db31-37fb-8790-ae49b8ec4ba25737611269
a0f95e73-3897-3dcc-9f5c-faad41b5219c,2026-05-26,104.676995,58b12641-aa5e-3c6d-97a0-f417dd0a469c4411625778
a12779cf-ff75-376e-9cb4-73e937a3c164,2026-05-26,29.766436,ba19c2fb-8246-3ab8-b894-67973ae2268a8549866658
a2de86e5-02cf-3c93-9b40-f9629530b7d1,2026-05-26,410.436857,bcd56054-ac31-3e6f-a2d9-f156a299929c4047783680
a5068583-4849-35ce-900f-e2ce7f309840,2026-05-26,30.184889,ccacfe15-f7bf-3c92-9308-98112a74aa440314647208
a513bb7e-87ac-35cd-b4a2-6d23427bd2fa,2026-05-26,11.093029,481dceb1-1678-3a7e-b288-d7e2bf0c062a7786339993
a8d7fd17-4556-3ba6-8223-e88d8ead8fb0,2026-05-26,11.455331,7d10e7ed-604b-3e03-a105-86eebe4f6d9d0233713485
a8e332b8-087a-38b0-8c1b-64db4efadc7a,2026-05-26,21.802982,47b681e7-c3d8-31f6-ab69-43f82db88fa66316703417
acadf00f-5359-3905-a13e-213d751bffb2,2026-05-26,4.218026,2852258a-e2bf-3b5a-ad87-7915c236685c5632583391
ad759908-6038-3c75-a6b2-7fd42a8a03f7,2026-05-26,37.028798,2ad373ae-0c89-3393-8c68-e3126543594f3130901658
ae5f3d2e-f527-359d-8bcf-846f320f8e57,2026-05-26,7.741936,22f94015-ff23-3150-ae0f-9ef0bb188a207912060816
af753398-35e3-3c49-a7bb-31e2830197f3,2026-05-26,15.424409,b00ef48c-948b-3854-a6bb-ed2ca37487540169593901
b08b0516-052f-31ca-baee-415f1e9f6c1d,2026-05-26,29.355987,8eb78258-dbd8-30ca-8e2f-f57e8806b9340333593055
b1d22b60-1492-37de-a246-db25e91bfb1f,2026-05-26,28.227048,ba855984-6afa-3f25-82a9-033558199c9b4291338588
b32150f1-1acd-3990-ad31-f63fed66b1cf,2026-05-26,35.400562,27222e5f-5d35-3311-be74-7f592e6bb2553842641276
b5344373-538f-3f37-8982-c97e3158144a,2026-05-26,8.598765,2a20868d-41a0-350b-abd7-08a3f9d834063257215959
b571b5d8-c91f-3776-86bd-22c88c5580c2,2026-05-26,20.681573,afafa873-61a8-38e0-8977-cd70cd270f449777286253
b7f8d590-1a7d-3745-82cc-9e0c966c6306,2026-05-26,14.392463,65f0ec49-73ce-37cb-a381-28e7217750090455003993
bce50849-a0e7-3f2b-b22a-24ed60440705,2026-05-26,21.408343,ecbe8abc-16bb-3af7-8cf1-b6d262d3f9915691766209
beb1d1c6-4fa9-36a8-a06f-1dc58ab74161,2026-05-26,4.22835,69be3936-f12c-34ad-b6bc-7a9f397f7d580253357983
bf5e2c07-ebd1-3aab-ae92-933140999b06,2026-05-26,17.975556,e12f9949-3428-338b-a05b-b980386cf9872350056648
c039e4c8-9c3b-3ae3-a2e7-b54c85d2cac7,2026-05-26,39.82039,ef0e0898-3920-39d5-9050-8c57b5cbcd1c9155184466
c41f2431-16c5-3799-9be8-561415389d5f,2026-05-26,30.922854,35f5e81a-e25c-3ff4-892f-d89a5cfb53448046832917
c4b4c934-c94d-3170-bd1b-d7737b2ab490,2026-05-26,7.003464,ddfedfb4-a197-3bc5-b5b9-3413d396c9d18520739647
c4ec5436-0c6f-389c-b83d-e1f34b408946,2026-05-26,3.612973,6d73a170-b659-36fe-bc67-1faa907dd4b49647063385
c7599875-d64e-3ef2-8a6a-a218c4c24bfa,2026-05-26,10.180713,4acd48f6-3379-3b71-a45f-8ba6aad527457333951563
c8c964e3-6f43-33e9-8a11-e9eaf55933ba,2026-05-26,46.941676,db1bd750-5b46-3bea-9d82-c79a18a08d0d0806001910
caacaf00-76dc-3d35-955a-b0b7289c1497,2026-05-26,2.019723,5428bbad-02ec-3bbd-b559-a02cb4c2701a9853561586
cdcbe271-7336-35c3-a44f-1a90281b0857,2026-05-26,26.780383,cc4a0181-1f8b-3069-891f-8f8303116f410950083050
ce7a22b8-f3c0-3690-acac-8b5a7bf4c798,2026-05-26,37.663848,75a3be66-cc33-35b3-aa17-355486d71eeb4926576029
d320f92f-4cc3-395c-b6c7-3cb3c7cb3efe,2026-05-26,110.950331,db719257-f1df-3420-b485-acfb0da643a10140791541
d3c48311-d8dc-3e24-95dd-6d2bca767bff,2026-05-26,19.975837,84018d69-0a55-3d24-a877-97aaa31a46cf2815442486
d72106c4-021a-3b57-bf48-7b6f2c14df23,2026-05-26,15.159283,e7b18bc4-313f-33d3-ad46-7b5d777f74ca3565120826
d76f0b24-1370-3b6f-81fa-de61d93e7ebe,2026-05-26,4.197544,8bb85ae4-103e-305d-9e3e-d9c85ce4b4f27606140443
d834b72d-c2cc-391e-8a0c-c3f147eeb522,2026-05-26,33.860739,62331e5f-4437-3168-b6e9-aa00c1ae49235115900219
d85f6c3e-620f-3cc3-9005-9e1beefefdc6,2026-05-26,18.602913,7a3476cf-c702-35d8-ab2c-c3c41701130b3532848987
d86225ec-57c8-3039-9b73-5067e9668517,2026-05-26,4.406198,9befbbd8-c5ed-3abc-9d19-377736924de73675696583
d940c628-4e61-3954-9aee-1aa0a0b6e21f,2026-05-26,12.663695,cbf31122-ee58-37d2-a16f-5d8ff6fcc1cb8640751006
da8b7ad5-701e-38e4-af53-bcb52836386c,2026-05-26,12.838952,5a63d77e-0da6-3691-900f-f20d6593ab0a0016925614
dee4128a-2091-303c-8411-15401a64ec03,2026-05-26,69.149981,7d2de236-8dd1-333c-b3b2-c7d8bd4250cd6306917490
df67f363-d186-3899-9341-ca1c650419d1,2026-05-26,15.267948,8f271568-d100-3079-ac64-5fcbae00111d2230071949
dfe88e46-3f0b-3bdd-bb8b-d7190cc27582,2026-05-26,35.504164,2f3787a4-af4a-33b1-9633-78e945ce9cbb0630344304
e0ab7ac6-23e5-3ce5-aef4-d9e2e575bb7a,2026-05-26,3.024552,36f25be1-e4a7-34ea-a4d5-d394fb2065cc2046082019
e1ec776a-9a69-3e5d-a0c5-33a9250b1f19,2026-05-26,20.462001,8dbe6882-1128-323e-98cf-6c6c8fd5be7d0079256300
e41ed1fc-302f-351c-8dbd-1ccac5078a09,2026-05-26,54.688858,4a944e09-e32f-36d7-b5a4-e211ca471f446730403642
e69f5e43-374e-3577-a194-03eca473eb86,2026-05-26,38.645997,b994cb0e-9aaf-3dbd-a0ab-315cc16c435c1107868581
e6a4f012-2129-36d0-bf2f-6e3c384f5497,2026-05-26,20.02103,30a74d31-d91b-3ff9-b591-0ed7882600e46693238563
e71fe34e-9aa5-3ade-8054-a639af523373,2026-05-26,9.117847,b1e661de-87c5-37a4-b0ad-b47b375e798f8517162525
e76bb8c7-e2ca-3a2e-96b4-7d3717dfbe06,2026-05-26,23.545019,e755d9a3-e083-3c09-8b82-e48bcb43e7f81851692813
ea133f80-908c-3a40-af86-f0745e517fd2,2026-05-26,56.18354,7111b6e6-9d33-3f84-ae08-89cafad819261967282058
eeaba3bd-0e65-3eff-80b8-bb415d1cdc89,2026-05-26,6.743293,6d3df8ea-2edd-3fc0-8f44-b14a5c9f858f7358431617
f02cc034-f8c6-39b7-afff-343b04ff2064,2026-05-26,29.154447,4a495ff6-34e1-3d8e-9177-445cdfd39d764430640857
f1809858-d9d7-3db3-8cc3-5793c598044c,2026-05-26,30.858902,7697f751-8371-30c0-81c8-fcc775cadf993437132586
f28c27e1-116f-3bfa-87a3-a4aec05ef6ed,2026-05-26,27.972063,06747886-3cd5-3df7-b4e3-5300fd43ba8b6993791108
f37b1d54-4726-3503-b093-7096160494d8,2026-05-26,4.567699,0701ba50-1c05-393a-97d1-5f4023a8749c6116792851
f5a2ffe8-63a0-3fe0-82d0-e2780d9d29dc,2026-05-26,22.50731,33dd9c10-10b1-32fe-be4f-7be1047c9ed36643760194
f5c21c69-5b03-320a-ae2e-2554aefff943,2026-05-26,43.121597,1733732a-abce-3040-96d5-89e43d8b44882339867108
f6d44ec5-a47a-3937-931c-9f8412b5fa88,2026-05-26,12.131049,6197876e-4ea6-3121-8a4b-12b6efea400a0240575023
fccc0510-f20a-3f28-bf3c-66cfe9fa99d1,2026-05-26,19.543891,218810c6-5f55-31ef-942d-6b8f7944e4a79796581507
030041c0-f398-3572-9c7e-3edf3d9d2ea3,2026-05-27,14.035221,123b8640-546f-3146-aac1-b5e3a45883358031893487
04f49ac6-5f35-3df9-b623-c026f24561e1,2026-05-27,31.815158,4ccf4637-f73f-3ea2-bd9d-89cd0876527e2011240689
0594d9cc-176f-3811-b8ff-1badba391ea1,2026-05-27,15.833408,7bf9e218-5646-3380-8098-8b14d617d4eb9836650145
06e33f1d-dda0-31b8-915e-bde6cf9b4012,2026-05-27,15.7131,5c1c68c1-feaf-3d3a-8a14-7e795d01c1ba6471737628
0bd9c8a1-cf25-3dfe-9380-6143b1183f53,2026-05-27,45.866613,7ff7d9b9-eb8b-35f9-9265-8dd933d6e5f40824718437
1094d4eb-2c4b-3c82-bb41-36696a775289,2026-05-27,67.149154,8348db4d-a8ba-3dc8-b03d-3f8345e1ce081137124557
110fff46-fb0b-3e9a-9353-b15cf434f1b7,2026-05-27,7.910932,8266cc0f-826e-3c10-b1b7-12f6215fa3d12909001108
1176a69b-fd42-3989-9822-360026e942a4,2026-05-27,169.206568,4b6c12aa-31db-353f-9880-bcdca16d2c971125384531
15f19ccf-5f54-370e-914a-19ef0d6e7bfe,2026-05-27,112.839712,d0dca904-0a39-3f70-8f24-23b3f8543cae9283252446
18a6d5f8-3203-3934-be7c-fef235f8d5ee,2026-05-27,14.271353,d0fc809f-656e-31a8-9e5e-192c6b636f8d5430933548
1bdab13f-7bc5-3e3d-81c9-f9179619fd90,2026-05-27,8.221825,5351c2cb-b7f7-3a9c-acd5-db63cfafda343248281033
1c3f0a45-334a-3810-b02a-7ba9181fca95,2026-05-27,15.793103,f25a1909-b1f5-354d-9179-29694f6ccd7b0794803399
1eae9205-92f7-36a7-94c5-cb082b3e7211,2026-05-27,16.317734,dd4f2862-ad2c-38c4-98b8-9dfedc77a2173206733718
21e18788-026e-37c1-9a0a-259c58a0fc50,2026-05-27,33.837593,6825bc20-32f9-371b-b653-a8454dd0cf4e9794303102
28cba5c0-c834-3c34-900a-9d6772fd9c30,2026-05-27,12.323665,1233b0a6-550e-3390-88ce-2a21eefafe917625072302
29513ef6-a0f9-30aa-b2a3-e67dd9c50f2d,2026-05-27,3.914743,4763c9d2-d480-368f-84c3-63cf0c346e577347437891
29768e10-7435-3d69-8503-a6f77e57bdcd,2026-05-27,12.273927,103d1a25-7f36-33f7-97c6-656f5dff4f1c8078021025
2fe9cfc5-7b82-3db6-a301-cee9e440ba85,2026-05-27,24.578508,45e41d94-342b-3297-9fa8-278d1ca209178357185713
3615a797-2def-32a3-a0ae-3a6e8eccf080,2026-05-27,40.443708,edfa21ff-76b9-3113-8d97-a175f873fb244866321730
363a066c-58b6-3bcf-a7b0-e9729a735ba7,2026-05-27,38.432506,29527eb9-d544-35c2-b9f1-bb262cf6b4159824252521
3a95c147-b6b0-329f-88ad-464e73046bbe,2026-05-27,2.319406,a645382c-6cb6-3873-a916-6298b8109de48651485340
3c828a67-8a44-3a18-a2db-213948c73e01,2026-05-27,38.053588,4b9e8129-de42-3612-a62a-b99391f3a1c36185507295
3e7f3808-bc28-36c7-8251-a028f5ff5644,2026-05-27,18.87822,18ddeade-5928-3676-ae42-029acd2d6bcb2570795136
434188a4-f9da-364f-a6dc-53072f0ec1b3,2026-05-27,26.104347,e25f63b1-614b-3240-9c58-803a43e9bb435024428155
43cc96db-6d25-3ad3-9163-10247bdd66bf,2026-05-27,15.941297,9eddeeed-8808-33dc-9ba2-905a79c87f321161343299
48d69815-2eb5-3bb9-a39b-cbe1ceb52e99,2026-05-27,24.262058,6cfee349-1ef0-3fb2-815c-a8a1f54dfaf82072162601
4c8688bb-e063-39d5-af44-f884b8b1b22f,2026-05-27,60.16316,74ba4416-00a1-3f9b-8c10-30d3118fa7ce7583046913
4c9d57d4-cc8e-3ffa-a7a2-954c71ef5235,2026-05-27,61.278069,10cf198f-ca0e-3ab3-a33e-629868eaf1657063863282
509c1fe7-94b1-311d-9fd0-979b350e4d61,2026-05-27,62.174207,beeb8cb8-6b14-3b16-b8ec-735f810410575059189611
50be9c42-1c4b-3493-a07c-ffe59fd8491c,2026-05-27,26.015449,edb658c0-31b6-337f-a557-ae881cfe96142560471597
5113b093-acec-3c38-870f-b61a2dd6b880,2026-05-27,81.72763,6de2df31-0e47-37b7-af92-4257cf86aa933125819112
524da203-40d7-33a6-8ab6-b21a0cef3c58,2026-05-27,40.75776,4b414f3b-b1d8-3f11-b80f-a4ce6c6d7a4c9655939769
5498a54c-7cf2-3cbb-85d5-1078aa3be4a7,2026-05-27,15.304713,7f2eff44-b501-3d88-8b7a-bc0819c1cbd05256736696
54de7dbc-3f9b-3702-b677-fee85da6201d,2026-05-27,13.731,d44e39e8-4f08-3623-986b-2646518072bf1207235870
55ad8c29-20dc-320f-8c21-ac3dfd7685ea,2026-05-27,33.841317,59813d11-bc16-3001-915e-9a9eff70c57f6619407622
57437979-1053-38bc-8abf-3f9eba7ffc49,2026-05-27,21.975925,66cc36c9-6f31-3eff-8201-8a0a7f0bd59a0688159859
5a91fc01-e54a-36cc-b759-44260109d8b8,2026-05-27,7.525558,1356d797-66bc-3a72-b11f-7b3084dc9d272348624974
5d21d7da-3e33-3ab4-99ef-3ca2c2ff2c69,2026-05-27,9.193371,b03fc426-da51-3e1c-aa77-6b918bff0e513877121931
5de859d5-b06b-3878-b7f0-64c4e91191df,2026-05-27,9.658373,865e99a1-718b-338b-80ab-7bdcf6c522a91536159266
5fa5d9c4-22b7-39f7-a3b2-d521ea60b47b,2026-05-27,14.004997,ab4ba1b3-b598-3bfb-8df0-768a0df60d506177714931
6001b0b7-96fc-3fe1-aef1-329c8e2f62ce,2026-05-27,6.507121,6e29cd08-5d8b-32dd-baf0-fc5123d964c69692072979
64b0ba20-1b28-3b6c-9ffc-402714ee0245,2026-05-27,18.269714,358bf36d-7dae-3d60-9132-32bf3090f2f25850796649
6c21f96e-4015-302f-a95a-0918b22b3ad8,2026-05-27,15.154973,2083bc7f-bc65-3533-b831-de38c4ce41a85705530326
7254494c-fbeb-3dc4-80ee-30c6f6c22599,2026-05-27,19.045189,64848290-d9fb-3103-b306-a0129738ec0d3937403775
72e3323e-cebd-3aa6-a736-9022afb37e21,2026-05-27,27.10379,dd1d2448-04ec-3dd9-9b0e-69f5e79a93407723570593
745d78f2-7f7a-3cdd-af4f-c4c3f0a18dbb,2026-05-27,43.927369,f1df5283-191c-30dd-b238-da858232e5d08985022611
75c008ab-9d95-3b45-b06c-1ba571bc7895,2026-05-27,10.041899,ec573df9-2361-3e56-a35c-cf369728a6f02624538703
760b65eb-45d9-332e-bbdd-15ad2c3223bc,2026-05-27,24.630029,4050495a-d74a-3f1b-b29d-db93ba2a71c15767916558
79874361-3477-38db-9fbd-fc39d1713d69,2026-05-27,16.604027,241900d5-f58b-3b3f-8abc-638d1ad78e024760008737
7a81ce3b-6d3e-3961-8d22-eadf3f5ec0bc,2026-05-27,3.72307,d3e55948-76d9-3a03-928c-dedc44e782891389752743
812c22d3-3843-3385-aa3b-aa8ae91b882a,2026-05-27,23.153243,e7cb4203-d63e-3d55-86b1-e2f3868974688509958032
82a48b8e-4fa5-3f42-857c-71fbe24937aa,2026-05-27,14.19654,78999b98-2dd1-3379-978c-e2474a4a43306995668347
834aa49a-5a2a-30db-8385-ad60aed26cd7,2026-05-27,113.054125,4b2f77f6-8ea8-3f4d-8688-fe485e1dd22d6927009123
84851a10-43f1-3fc8-a358-06f529f15c33,2026-05-27,48.550622,209d6b5c-3879-3f87-9eb1-228cd3cf4edd0737879839
84f354b1-00ae-34ba-b443-ccd2efee613c,2026-05-27,5.056689,8a14f25e-1645-3406-a19d-b9806ef569954307313451
87ab0257-a9f6-3705-89f8-f63b9b8f2b0c,2026-05-27,33.077666,dd1dde98-5502-3952-90fe-dc66f816ed747906535428
8c272368-ac0c-3bc7-9568-cfbb26f8e749,2026-05-27,8.507952,9ef76979-dca8-3c79-9b0c-a7e5b98cc4183178708115
8c2e2c06-5c7a-359a-8e69-0efdfb7e79bb,2026-05-27,17.950229,02b8249b-d351-36b0-8f66-387e9b5ecd765409838852
8ca30a12-e5f4-3017-8037-1616e9ddbb5b,2026-05-27,7.615384,d980087a-73cd-3a85-914f-0dbeb6da2ff07929331557
8dc72d59-3896-3d24-a51b-3a8a9e1c6713,2026-05-27,24.665196,2bb55a33-fdd0-39b0-8fa8-bf8f9e9997f59421453150
9317e817-504a-35a4-b7c3-68e90b432c45,2026-05-27,27.061445,bd68d9fe-0c5e-3648-8a84-d7649dbc11df2315333603
956008d9-c7c8-3450-a799-ccd802fc2078,2026-05-27,61.355077,ac8597c6-2e0c-3fce-bd96-0eeae07b92825791469057
960a5c04-f3ef-340c-af8a-48e88045ac24,2026-05-27,16.30086,485a6ee1-26d8-3d41-bd32-a72421af1a296123003165
9661bcb6-dd62-3576-b8b0-049874fff3a1,2026-05-27,1.836085,a765656c-b5ea-38d3-b817-93751b0015257870386126
96739dc1-9e37-3b11-8e79-e0a5a57062a1,2026-05-27,34.752257,7b60b05a-7946-3efd-a3a0-0ada59de74070619321536
96be8df1-0628-3c17-acd8-50a096438ea0,2026-05-27,26.407502,7b8d6a5a-3256-3096-8208-171b7eaab4737311108557
98b357c6-e458-3b53-bc66-c80eb105e3cf,2026-05-27,19.301859,6b5a4bec-b45d-3f6f-a9b0-769861cf16bd1539781265
9b195b8e-28d6-386e-8990-1a5bb4dd1bdb,2026-05-27,25.313032,193afc72-4494-30b1-beb3-cd4156f1c97d7901017989
9bddd6f0-dd41-333e-aac7-f757b18ea2aa,2026-05-27,40.787541,c6545cb9-33df-373c-8ac9-ce43225c9d986458695776
9f556308-7e5a-375c-8130-c6284c3c5d5c,2026-05-27,13.486782,24110268-df67-321e-9581-bd29f27ea3618160468027
a06461db-ef00-3481-9827-c829471e7245,2026-05-27,4.730334,5511d59c-db31-37fb-8790-ae49b8ec4ba25737611269
a3f48154-490b-350b-9f4e-74835b5aaaae,2026-05-27,6.008579,95ed8b8c-c59c-372a-b31e-6543997b82d74860620288
a5068583-4849-35ce-900f-e2ce7f309840,2026-05-27,26.3951,ccacfe15-f7bf-3c92-9308-98112a74aa440314647208
a513bb7e-87ac-35cd-b4a2-6d23427bd2fa,2026-05-27,8.937183,481dceb1-1678-3a7e-b288-d7e2bf0c062a7786339993
a8d7fd17-4556-3ba6-8223-e88d8ead8fb0,2026-05-27,7.0205,7d10e7ed-604b-3e03-a105-86eebe4f6d9d0233713485
a8e332b8-087a-38b0-8c1b-64db4efadc7a,2026-05-27,24.844777,47b681e7-c3d8-31f6-ab69-43f82db88fa66316703417
ac429fef-9e6b-3e26-a5ea-3122c166230c,2026-05-27,55.318085,81f224a7-cb42-3ee9-9103-e81fcc20756c3353013338
ae5f3d2e-f527-359d-8bcf-846f320f8e57,2026-05-27,8.524919,22f94015-ff23-3150-ae0f-9ef0bb188a207912060816
af753398-35e3-3c49-a7bb-31e2830197f3,2026-05-27,12.459691,b00ef48c-948b-3854-a6bb-ed2ca37487540169593901
b095775a-2d08-336f-bccf-d2f71dc4ba3c,2026-05-27,3.57353,fb87865a-444a-3efc-ab25-247ac494cd574338526402
b1d22b60-1492-37de-a246-db25e91bfb1f,2026-05-27,12.613895,ba855984-6afa-3f25-82a9-033558199c9b4291338588
b32150f1-1acd-3990-ad31-f63fed66b1cf,2026-05-27,46.012951,27222e5f-5d35-3311-be74-7f592e6bb2553842641276
b5344373-538f-3f37-8982-c97e3158144a,2026-05-27,5.691583,2a20868d-41a0-350b-abd7-08a3f9d834063257215959
b571b5d8-c91f-3776-86bd-22c88c5580c2,2026-05-27,39.436953,afafa873-61a8-38e0-8977-cd70cd270f449777286253
b99742c8-7da0-3e81-ab3c-eb775e9f5d24,2026-05-27,69.29309,83de6687-9540-3db3-a6d6-f036d634a1c63930926163
bce50849-a0e7-3f2b-b22a-24ed60440705,2026-05-27,19.315422,ecbe8abc-16bb-3af7-8cf1-b6d262d3f9915691766209
beac6842-6d1c-39f8-bd3d-f2cbddfe2e23,2026-05-27,18.913624,71933d57-e488-3aa3-b364-7c195cfded299062716503
c3811eff-eb0f-3e83-943e-18b5d09919e4,2026-05-27,11.664355,b38c4c71-2ecc-3478-967b-30176508f2a82808970508
c3f4e978-22c4-3743-a4d7-8dc20df21654,2026-05-27,19.052879,08043945-b9cb-35c8-8007-ea153d9880273125348988
c4ec5436-0c6f-389c-b83d-e1f34b408946,2026-05-27,15.548509,6d73a170-b659-36fe-bc67-1faa907dd4b49647063385
c7599875-d64e-3ef2-8a6a-a218c4c24bfa,2026-05-27,3.613198,4acd48f6-3379-3b71-a45f-8ba6aad527457333951563
caacaf00-76dc-3d35-955a-b0b7289c1497,2026-05-27,7.055095,5428bbad-02ec-3bbd-b559-a02cb4c2701a9853561586
cdcbe271-7336-35c3-a44f-1a90281b0857,2026-05-27,25.623289,cc4a0181-1f8b-3069-891f-8f8303116f410950083050
d320f92f-4cc3-395c-b6c7-3cb3c7cb3efe,2026-05-27,70.360114,db719257-f1df-3420-b485-acfb0da643a10140791541
d3c48311-d8dc-3e24-95dd-6d2bca767bff,2026-05-27,23.415763,84018d69-0a55-3d24-a877-97aaa31a46cf2815442486
d6f76560-f2a1-3ae9-ab43-eaa1f2033306,2026-05-27,53.632025,df76341f-d9c1-31f1-a511-61e0bba9ac1a9330646801
d76f0b24-1370-3b6f-81fa-de61d93e7ebe,2026-05-27,2.958742,8bb85ae4-103e-305d-9e3e-d9c85ce4b4f27606140443
d834b72d-c2cc-391e-8a0c-c3f147eeb522,2026-05-27,34.447845,62331e5f-4437-3168-b6e9-aa00c1ae49235115900219
d86225ec-57c8-3039-9b73-5067e9668517,2026-05-27,4.068071,9befbbd8-c5ed-3abc-9d19-377736924de73675696583
d940c628-4e61-3954-9aee-1aa0a0b6e21f,2026-05-27,11.782908,cbf31122-ee58-37d2-a16f-5d8ff6fcc1cb8640751006
dee4128a-2091-303c-8411-15401a64ec03,2026-05-27,119.473962,7d2de236-8dd1-333c-b3b2-c7d8bd4250cd6306917490
e1ec776a-9a69-3e5d-a0c5-33a9250b1f19,2026-05-27,9.226864,8dbe6882-1128-323e-98cf-6c6c8fd5be7d0079256300
e402d019-6155-3bff-9228-4911ea446777,2026-05-27,58.204554,d454160e-2dc7-3ac7-86b9-e72c34ef16312394849607
e41ed1fc-302f-351c-8dbd-1ccac5078a09,2026-05-27,44.488214,4a944e09-e32f-36d7-b5a4-e211ca471f446730403642
e69f5e43-374e-3577-a194-03eca473eb86,2026-05-27,48.015408,b994cb0e-9aaf-3dbd-a0ab-315cc16c435c1107868581
e76bb8c7-e2ca-3a2e-96b4-7d3717dfbe06,2026-05-27,17.423786,e755d9a3-e083-3c09-8b82-e48bcb43e7f81851692813
eeaba3bd-0e65-3eff-80b8-bb415d1cdc89,2026-05-27,18.101656,6d3df8ea-2edd-3fc0-8f44-b14a5c9f858f7358431617
f0699448-f713-378f-9e30-ac35b4b0ddbb,2026-05-27,19.240022,0fcce33d-eb23-3f5d-946b-53b6afe198987280446281
f166b497-832f-3b26-8149-b36820a1aebe,2026-05-27,9.30269,a7ce6c88-3186-35ed-a793-f40dc624f2bc4233811371
f28c27e1-116f-3bfa-87a3-a4aec05ef6ed,2026-05-27,19.906622,06747886-3cd5-3df7-b4e3-5300fd43ba8b6993791108
f37b1d54-4726-3503-b093-7096160494d8,2026-05-27,13.178051,0701ba50-1c05-393a-97d1-5f4023a8749c6116792851
f55d8d9d-5df9-32e8-a43c-40e2d30fe83e,2026-05-27,15.872837,25ce49b4-0e30-37f6-83c9-8fdba57ec8554749707383
f5c21c69-5b03-320a-ae2e-2554aefff943,2026-05-27,36.442491,1733732a-abce-3040-96d5-89e43d8b44882339867108
f6d44ec5-a47a-3937-931c-9f8412b5fa88,2026-05-27,16.374657,6197876e-4ea6-3121-8a4b-12b6efea400a0240575023
fa146ea6-61c1-3eaf-b3b7-d79bd6e503ca,2026-05-27,7.408355,31c3893f-aa84-359f-a9a7-c4d51a001df11272461817
fbb84839-d7f2-363f-a497-68b74f2449f2,2026-05-27,26.819273,76b88c0d-830b-38ed-91c8-6b3757820cc05429571885
fccc0510-f20a-3f28-bf3c-66cfe9fa99d1,2026-05-27,23.546121,218810c6-5f55-31ef-942d-6b8f7944e4a79796581507
04f49ac6-5f35-3df9-b623-c026f24561e1,2026-05-28,42.752616,4ccf4637-f73f-3ea2-bd9d-89cd0876527e2011240689
0594d9cc-176f-3811-b8ff-1badba391ea1,2026-05-28,14.806387,7bf9e218-5646-3380-8098-8b14d617d4eb9836650145
0769202c-7965-32a1-8d36-1cd52b64377d,2026-05-28,2.084079,03bfca79-bd1d-3217-a8ee-b032e1a5d4279777514889
0834a8d5-db47-3f2b-8f52-89726cb486de,2026-05-28,23.388451,adb191b8-a33a-343b-b97c-1c5b503b06aa2102226204
0d06916c-fc74-37b3-8630-7f2eb8b27347,2026-05-28,59.057758,56ab425a-78d4-3e53-8a5d-bee6cc2ff1583272396058
0d27bc97-59cd-32d0-9146-960993fea8f2,2026-05-28,9.396475,2f024d4b-7d63-3f13-9c02-6541cfb6efcb8610694866
1094d4eb-2c4b-3c82-bb41-36696a775289,2026-05-28,51.857359,8348db4d-a8ba-3dc8-b03d-3f8345e1ce081137124557
1176a69b-fd42-3989-9822-360026e942a4,2026-05-28,89.147875,4b6c12aa-31db-353f-9880-bcdca16d2c971125384531
15d19e1d-74b8-3948-867f-63a4a1188539,2026-05-28,42.493992,3a0da385-e669-30df-8f17-ee93aea6a3a63054977077
15f19ccf-5f54-370e-914a-19ef0d6e7bfe,2026-05-28,134.713046,d0dca904-0a39-3f70-8f24-23b3f8543cae9283252446
176efb99-8d0f-325e-a3e0-daa08e876832,2026-05-28,15.600735,c3c60fed-2c36-3d97-8b89-35c5cbbebe232642944088
18a6d5f8-3203-3934-be7c-fef235f8d5ee,2026-05-28,4.438321,d0fc809f-656e-31a8-9e5e-192c6b636f8d5430933548
19fa59d6-c1b5-3e11-ba74-ad111de5584f,2026-05-28,255.899765,fc4e8c60-faee-3c94-be88-2bedfd49a32f0411781020
1bdab13f-7bc5-3e3d-81c9-f9179619fd90,2026-05-28,2.942477,5351c2cb-b7f7-3a9c-acd5-db63cfafda343248281033
1c3f0a45-334a-3810-b02a-7ba9181fca95,2026-05-28,16.563416,f25a1909-b1f5-354d-9179-29694f6ccd7b0794803399
1eae9205-92f7-36a7-94c5-cb082b3e7211,2026-05-28,12.196267,dd4f2862-ad2c-38c4-98b8-9dfedc77a2173206733718
2111daa9-5dbb-36aa-b675-efab46559d5d,2026-05-28,4.249983,93fc0a2e-adf6-3b5c-a38a-8aaf0af2466c8463812397
28cba5c0-c834-3c34-900a-9d6772fd9c30,2026-05-28,14.508468,1233b0a6-550e-3390-88ce-2a21eefafe917625072302
2fd79494-a377-3a29-a882-b11802cfee0c,2026-05-28,8.956028,e50f86b5-d7cd-3a80-a5b4-78c659980b001758781599
2fdf5375-31c8-3c6a-9cf3-12465dbec4a5,2026-05-28,13.514452,fd3e2044-7bf6-3813-acab-9043d4cbda0b6568880041
33a96067-0e23-3bf3-8d10-cbec5a261a65,2026-05-28,39.447396,4d63f0d2-85ca-3a28-b715-4147577bedb24364586828
3615a797-2def-32a3-a0ae-3a6e8eccf080,2026-05-28,40.105159,edfa21ff-76b9-3113-8d97-a175f873fb244866321730
363a066c-58b6-3bcf-a7b0-e9729a735ba7,2026-05-28,21.130691,29527eb9-d544-35c2-b9f1-bb262cf6b4159824252521
3ab4ce54-3bfa-3a09-8624-c69a02d77632,2026-05-28,1.306387,776a90be-9929-3c47-9f5d-5f73f58824c60497278972
3c828a67-8a44-3a18-a2db-213948c73e01,2026-05-28,38.369068,4b9e8129-de42-3612-a62a-b99391f3a1c36185507295
3fe600f0-c808-3676-90fe-909ea8b83ca6,2026-05-28,10.229507,89445095-871b-3498-be52-e63f6b0e774b5355986831
41219c74-897b-3ca9-87e5-43da9041ddd3,2026-05-28,28.813223,fbfd204b-197f-3c6c-95b1-4733172f5fca0533189354
423348ca-0838-3372-a616-b4cda0468666,2026-05-28,6.335198,c36a6f4f-bea8-35b0-b824-2c970e256ac26805083472
4333cd5c-141e-38a1-af2a-a7df714feddb,2026-05-28,15.47202,3c3bc593-75a7-3bce-b04f-0d15bea76c784217531826
434188a4-f9da-364f-a6dc-53072f0ec1b3,2026-05-28,25.460399,e25f63b1-614b-3240-9c58-803a43e9bb435024428155
458e61b5-010d-3520-8683-4ea9ccc7bf9a,2026-05-28,11.819595,95cfc947-103d-376e-ac8e-6b4da75421917390253262
48a891ca-8770-3a95-9414-af5bad034e5a,2026-05-28,8.570198,6a2b2b4f-b163-3211-9417-7ab21b779b6e4168236426
48d69815-2eb5-3bb9-a39b-cbe1ceb52e99,2026-05-28,12.483348,6cfee349-1ef0-3fb2-815c-a8a1f54dfaf82072162601
4a7af055-4d5f-39bf-b0a0-3e957abd6b60,2026-05-28,14.833115,2d350fdb-0d58-3f71-94bc-a8c8ac08ee913457245518
4b3616f0-ccf1-31e3-810e-f668c2042b23,2026-05-28,25.468521,b68e0cee-582f-3f61-89e5-ca032d2062073327596356
4c8688bb-e063-39d5-af44-f884b8b1b22f,2026-05-28,53.691267,74ba4416-00a1-3f9b-8c10-30d3118fa7ce7583046913
4c9d57d4-cc8e-3ffa-a7a2-954c71ef5235,2026-05-28,55.038793,10cf198f-ca0e-3ab3-a33e-629868eaf1657063863282
4d62a2a6-a8bb-3084-8568-8b0c0e6c53f9,2026-05-28,6.034948,30709a03-df76-3a99-9f2c-8ccec86cb09e5850066452
4d8e0306-9402-312c-8735-520e75542ddf,2026-05-28,8.68478,fc890f93-7094-3cdc-9c17-a9bca9d2149d3600693627
5060be3d-9bbb-3f4e-955c-625e4390c6b7,2026-05-28,14.1153,2aff5a14-b04c-3fb3-98e6-5f847371e3ff9195279440
509c1fe7-94b1-311d-9fd0-979b350e4d61,2026-05-28,73.980082,beeb8cb8-6b14-3b16-b8ec-735f810410575059189611
5113b093-acec-3c38-870f-b61a2dd6b880,2026-05-28,78.081041,6de2df31-0e47-37b7-af92-4257cf86aa933125819112
524da203-40d7-33a6-8ab6-b21a0cef3c58,2026-05-28,45.851484,4b414f3b-b1d8-3f11-b80f-a4ce6c6d7a4c9655939769
5498a54c-7cf2-3cbb-85d5-1078aa3be4a7,2026-05-28,6.858419,7f2eff44-b501-3d88-8b7a-bc0819c1cbd05256736696
54de7dbc-3f9b-3702-b677-fee85da6201d,2026-05-28,7.983149,d44e39e8-4f08-3623-986b-2646518072bf1207235870
55ad8c29-20dc-320f-8c21-ac3dfd7685ea,2026-05-28,50.177687,59813d11-bc16-3001-915e-9a9eff70c57f6619407622
55b0607e-f635-348a-bc83-f4e52515b7ec,2026-05-28,6.604422,118c8a35-e628-36a2-8499-91a87fa954ea9600440361
56ab4ff8-d4a1-314d-82eb-cc5055b8d77c,2026-05-28,19.381907,95b986e2-fb52-3222-9a4d-94390d8daa468577144310
57437979-1053-38bc-8abf-3f9eba7ffc49,2026-05-28,18.22603,66cc36c9-6f31-3eff-8201-8a0a7f0bd59a0688159859
591e07f6-72df-366d-a512-d5ee900f7c15,2026-05-28,19.044755,abb3cf38-3fad-3baa-af44-c9b4d24608456857996865
5b4c7154-ad7e-3526-aa3c-45e89d71e721,2026-05-28,106.106918,a5074e62-50d5-364b-aeef-675c60c2ee493068298762
5cb2e039-2dc8-3bad-9d23-4bfddc143afe,2026-05-28,82.270678,8a29b19a-f05e-35e9-8df7-d99b28bf8a8d3280431943
5d21d7da-3e33-3ab4-99ef-3ca2c2ff2c69,2026-05-28,13.303353,b03fc426-da51-3e1c-aa77-6b918bff0e513877121931
5de859d5-b06b-3878-b7f0-64c4e91191df,2026-05-28,12.103904,865e99a1-718b-338b-80ab-7bdcf6c522a91536159266
5fa5d9c4-22b7-39f7-a3b2-d521ea60b47b,2026-05-28,15.021365,ab4ba1b3-b598-3bfb-8df0-768a0df60d506177714931
6001b0b7-96fc-3fe1-aef1-329c8e2f62ce,2026-05-28,7.918151,6e29cd08-5d8b-32dd-baf0-fc5123d964c69692072979
617065f0-5c37-32d6-a3d6-dc223ac898b3,2026-05-28,27.872776,ae562d52-09ae-3863-b5f0-5ae580696f0f2844325743
72e3323e-cebd-3aa6-a736-9022afb37e21,2026-05-28,28.581479,dd1d2448-04ec-3dd9-9b0e-69f5e79a93407723570593
745d78f2-7f7a-3cdd-af4f-c4c3f0a18dbb,2026-05-28,44.940317,f1df5283-191c-30dd-b238-da858232e5d08985022611
75c008ab-9d95-3b45-b06c-1ba571bc7895,2026-05-28,10.97203,ec573df9-2361-3e56-a35c-cf369728a6f02624538703
7825a025-23b9-3955-84e6-3a54c38e86e4,2026-05-28,33.043866,944aa6d5-032b-30c6-b177-dba1d9d44f1a2385396646
79874361-3477-38db-9fbd-fc39d1713d69,2026-05-28,31.000058,241900d5-f58b-3b3f-8abc-638d1ad78e024760008737
812c22d3-3843-3385-aa3b-aa8ae91b882a,2026-05-28,26.585699,e7cb4203-d63e-3d55-86b1-e2f3868974688509958032
82a48b8e-4fa5-3f42-857c-71fbe24937aa,2026-05-28,9.914309,78999b98-2dd1-3379-978c-e2474a4a43306995668347
82b47e6e-09d7-36e6-80ab-4506629ff46b,2026-05-28,53.84914,1695d743-ff11-3262-b7c5-f109ac7b016b5800029843
834aa49a-5a2a-30db-8385-ad60aed26cd7,2026-05-28,119.067147,4b2f77f6-8ea8-3f4d-8688-fe485e1dd22d6927009123
83ac466b-0a2c-3b9f-bc16-cc1733598dc1,2026-05-28,28.394821,fbb1458a-bb03-3a59-81a7-c4bfa04cd8482348091600
84851a10-43f1-3fc8-a358-06f529f15c33,2026-05-28,37.487597,209d6b5c-3879-3f87-9eb1-228cd3cf4edd0737879839
84f354b1-00ae-34ba-b443-ccd2efee613c,2026-05-28,3.758424,8a14f25e-1645-3406-a19d-b9806ef569954307313451
8c2e2c06-5c7a-359a-8e69-0efdfb7e79bb,2026-05-28,10.981989,02b8249b-d351-36b0-8f66-387e9b5ecd765409838852
8c414798-333c-3663-bac9-84c120ae29fb,2026-05-28,19.425454,133fdc4d-6e75-37dd-b2c2-56e9f865f1cf1329192191
8c5b1f37-b3ea-3b4a-a4dd-fad03cfd11b6,2026-05-28,58.078446,5aa0a87f-17b4-3bc7-a55a-7d422bb28fcc9200948756
8ca30a12-e5f4-3017-8037-1616e9ddbb5b,2026-05-28,16.149812,d980087a-73cd-3a85-914f-0dbeb6da2ff07929331557
8cb2a7d2-f605-3df9-981a-2c02b1d1a4e0,2026-05-28,14.859666,c8409fd1-44f6-341e-aa4a-fcdd48e1dec91197407417
8dc72d59-3896-3d24-a51b-3a8a9e1c6713,2026-05-28,31.118755,2bb55a33-fdd0-39b0-8fa8-bf8f9e9997f59421453150
8e914a83-9f14-3c6e-8220-79cebd75eda8,2026-05-28,16.402389,561fc8fa-c73c-3cf0-a4da-ce7cc8fda80f4105333844
911d2093-d19c-3f31-815c-a2815fcd3901,2026-05-28,150.957906,f08546be-1bd1-3bd9-a186-1ac364a028663840464235
9317e817-504a-35a4-b7c3-68e90b432c45,2026-05-28,34.229151,bd68d9fe-0c5e-3648-8a84-d7649dbc11df2315333603
9661bcb6-dd62-3576-b8b0-049874fff3a1,2026-05-28,2.183861,a765656c-b5ea-38d3-b817-93751b0015257870386126
96739dc1-9e37-3b11-8e79-e0a5a57062a1,2026-05-28,111.798754,7b60b05a-7946-3efd-a3a0-0ada59de74070619321536
96be8df1-0628-3c17-acd8-50a096438ea0,2026-05-28,21.590527,7b8d6a5a-3256-3096-8208-171b7eaab4737311108557
9784049c-35d1-3534-8c4b-f4cea920d4ff,2026-05-28,9.447631,14447399-901c-34b2-b211-14fb9e9b062c7605520623
9b195b8e-28d6-386e-8990-1a5bb4dd1bdb,2026-05-28,27.308829,193afc72-4494-30b1-beb3-cd4156f1c97d7901017989
9f556308-7e5a-375c-8130-c6284c3c5d5c,2026-05-28,27.234895,24110268-df67-321e-9581-bd29f27ea3618160468027
a0f95e73-3897-3dcc-9f5c-faad41b5219c,2026-05-28,158.245202,58b12641-aa5e-3c6d-97a0-f417dd0a469c4411625778
a2de86e5-02cf-3c93-9b40-f9629530b7d1,2026-05-28,609.217013,bcd56054-ac31-3e6f-a2d9-f156a299929c4047783680
a5068583-4849-35ce-900f-e2ce7f309840,2026-05-28,42.133854,ccacfe15-f7bf-3c92-9308-98112a74aa440314647208
a513bb7e-87ac-35cd-b4a2-6d23427bd2fa,2026-05-28,8.138707,481dceb1-1678-3a7e-b288-d7e2bf0c062a7786339993
a67cec0f-eda0-3d47-af0e-2bd3262a8cf9,2026-05-28,51.493613,edd1002d-960d-3956-8ea2-8ffafe4e3f780323661523
acadf00f-5359-3905-a13e-213d751bffb2,2026-05-28,10.031023,2852258a-e2bf-3b5a-ad87-7915c236685c5632583391
ae5f3d2e-f527-359d-8bcf-846f320f8e57,2026-05-28,7.70944,22f94015-ff23-3150-ae0f-9ef0bb188a207912060816
af15418c-707a-3e54-a465-034a3b570a96,2026-05-28,10.998937,89b93f60-7af8-31b9-aacf-45885de7f2069142372275
b32150f1-1acd-3990-ad31-f63fed66b1cf,2026-05-28,59.387976,27222e5f-5d35-3311-be74-7f592e6bb2553842641276
b571b5d8-c91f-3776-86bd-22c88c5580c2,2026-05-28,15.65438,afafa873-61a8-38e0-8977-cd70cd270f449777286253
b9f874e5-bbd8-332a-9f2e-a024bb815cf9,2026-05-28,98.476234,0183e024-3556-38ab-8f83-a2397dc1c7ff0961989030
beb1d1c6-4fa9-36a8-a06f-1dc58ab74161,2026-05-28,3.06789,69be3936-f12c-34ad-b6bc-7a9f397f7d580253357983
c039e4c8-9c3b-3ae3-a2e7-b54c85d2cac7,2026-05-28,64.587148,ef0e0898-3920-39d5-9050-8c57b5cbcd1c9155184466
c0f8ab9f-4b7b-3f4f-b576-f80ad3cb5399,2026-05-28,17.957845,ae6fce59-c426-3691-b4cc-2e7f01a5433a0719674315
c4b4c934-c94d-3170-bd1b-d7737b2ab490,2026-05-28,12.75047,ddfedfb4-a197-3bc5-b5b9-3413d396c9d18520739647
c6c1b9c0-072d-3dbf-accc-4c8643cc0c4a,2026-05-28,6.156553,8e833220-412d-3626-aef6-f1d8e255b8961584029669
c7599875-d64e-3ef2-8a6a-a218c4c24bfa,2026-05-28,4.307332,4acd48f6-3379-3b71-a45f-8ba6aad527457333951563
cdcbe271-7336-35c3-a44f-1a90281b0857,2026-05-28,19.585896,cc4a0181-1f8b-3069-891f-8f8303116f410950083050
d3c48311-d8dc-3e24-95dd-6d2bca767bff,2026-05-28,27.313907,84018d69-0a55-3d24-a877-97aaa31a46cf2815442486
d3d0b6a8-f422-3af5-a62e-826c20495095,2026-05-28,11.032479,9a1ea106-1b3c-358a-b321-05d0ef5590af7934449393
d6f76560-f2a1-3ae9-ab43-eaa1f2033306,2026-05-28,30.754737,df76341f-d9c1-31f1-a511-61e0bba9ac1a9330646801
d72106c4-021a-3b57-bf48-7b6f2c14df23,2026-05-28,7.878159,e7b18bc4-313f-33d3-ad46-7b5d777f74ca3565120826
d76f0b24-1370-3b6f-81fa-de61d93e7ebe,2026-05-28,2.9988,8bb85ae4-103e-305d-9e3e-d9c85ce4b4f27606140443
d834b72d-c2cc-391e-8a0c-c3f147eeb522,2026-05-28,41.770898,62331e5f-4437-3168-b6e9-aa00c1ae49235115900219
d86225ec-57c8-3039-9b73-5067e9668517,2026-05-28,4.036718,9befbbd8-c5ed-3abc-9d19-377736924de73675696583
d940c628-4e61-3954-9aee-1aa0a0b6e21f,2026-05-28,13.7273,cbf31122-ee58-37d2-a16f-5d8ff6fcc1cb8640751006
da8b7ad5-701e-38e4-af53-bcb52836386c,2026-05-28,11.022073,5a63d77e-0da6-3691-900f-f20d6593ab0a0016925614
de0bc8c0-4447-382c-b7c7-ce385510a49b,2026-05-28,42.543074,8d66b14e-bf47-35e5-b800-b55ca34760cf6094204743
dee4128a-2091-303c-8411-15401a64ec03,2026-05-28,85.240937,7d2de236-8dd1-333c-b3b2-c7d8bd4250cd6306917490
df67f363-d186-3899-9341-ca1c650419d1,2026-05-28,12.827776,8f271568-d100-3079-ac64-5fcbae00111d2230071949
e059f4f2-66b1-346c-8a33-8c16446a8657,2026-05-28,28.811395,2a7ac4ba-1536-3186-93b2-a2c27853a79e9011911429
e0ab7ac6-23e5-3ce5-aef4-d9e2e575bb7a,2026-05-28,4.426972,36f25be1-e4a7-34ea-a4d5-d394fb2065cc2046082019
e1ec776a-9a69-3e5d-a0c5-33a9250b1f19,2026-05-28,11.573434,8dbe6882-1128-323e-98cf-6c6c8fd5be7d0079256300
e402d019-6155-3bff-9228-4911ea446777,2026-05-28,87.467346,d454160e-2dc7-3ac7-86b9-e72c34ef16312394849607
e69f5e43-374e-3577-a194-03eca473eb86,2026-05-28,54.794129,b994cb0e-9aaf-3dbd-a0ab-315cc16c435c1107868581
e6a4f012-2129-36d0-bf2f-6e3c384f5497,2026-05-28,13.264428,30a74d31-d91b-3ff9-b591-0ed7882600e46693238563
e76bb8c7-e2ca-3a2e-96b4-7d3717dfbe06,2026-05-28,61.934382,e755d9a3-e083-3c09-8b82-e48bcb43e7f81851692813
ea133f80-908c-3a40-af86-f0745e517fd2,2026-05-28,57.222694,7111b6e6-9d33-3f84-ae08-89cafad819261967282058
ed0a8ed8-2282-3fec-82db-fafd297cdb61,2026-05-28,8.295475,4e3099ad-3bc5-3b23-837d-8c897adc8c894362553996
eeaba3bd-0e65-3eff-80b8-bb415d1cdc89,2026-05-28,13.838237,6d3df8ea-2edd-3fc0-8f44-b14a5c9f858f7358431617
f02cc034-f8c6-39b7-afff-343b04ff2064,2026-05-28,17.746353,4a495ff6-34e1-3d8e-9177-445cdfd39d764430640857
f166b497-832f-3b26-8149-b36820a1aebe,2026-05-28,0.637213,a7ce6c88-3186-35ed-a793-f40dc624f2bc4233811371
f1809858-d9d7-3db3-8cc3-5793c598044c,2026-05-28,75.474438,7697f751-8371-30c0-81c8-fcc775cadf993437132586
f1ebcf2f-e51e-373c-b8af-374b6efced62,2026-05-28,33.140252,a96795c7-1ef3-330f-9a52-bd611b998fc53408195367
f37b1d54-4726-3503-b093-7096160494d8,2026-05-28,18.545395,0701ba50-1c05-393a-97d1-5f4023a8749c6116792851
f5a2ffe8-63a0-3fe0-82d0-e2780d9d29dc,2026-05-28,11.230093,33dd9c10-10b1-32fe-be4f-7be1047c9ed36643760194
f6d44ec5-a47a-3937-931c-9f8412b5fa88,2026-05-28,16.62927,6197876e-4ea6-3121-8a4b-12b6efea400a0240575023
fbb84839-d7f2-363f-a497-68b74f2449f2,2026-05-28,17.112425,76b88c0d-830b-38ed-91c8-6b3757820cc05429571885
fccc0510-f20a-3f28-bf3c-66cfe9fa99d1,2026-05-28,26.158584,218810c6-5f55-31ef-942d-6b8f7944e4a79796581507
fe5c2831-6d72-3f57-b5da-21037ecbeb2f,2026-05-28,7.481052,caac5c39-53fe-3b0e-a941-3f0559293a333871484605
030041c0-f398-3572-9c7e-3edf3d9d2ea3,2026-05-29,14.301409,123b8640-546f-3146-aac1-b5e3a45883358031893487
04f49ac6-5f35-3df9-b623-c026f24561e1,2026-05-29,50.693363,4ccf4637-f73f-3ea2-bd9d-89cd0876527e2011240689
06e33f1d-dda0-31b8-915e-bde6cf9b4012,2026-05-29,30.816495,5c1c68c1-feaf-3d3a-8a14-7e795d01c1ba6471737628
0769202c-7965-32a1-8d36-1cd52b64377d,2026-05-29,10.018743,03bfca79-bd1d-3217-a8ee-b032e1a5d4279777514889
0d06916c-fc74-37b3-8630-7f2eb8b27347,2026-05-29,16.006617,56ab425a-78d4-3e53-8a5d-bee6cc2ff1583272396058
103be95c-0738-36fc-9aca-d07b1504909a,2026-05-29,50.576735,288d8971-0036-3b38-be44-cdab7d647fa95424134206
1094d4eb-2c4b-3c82-bb41-36696a775289,2026-05-29,98.962321,8348db4d-a8ba-3dc8-b03d-3f8345e1ce081137124557
1176a69b-fd42-3989-9822-360026e942a4,2026-05-29,111.962614,4b6c12aa-31db-353f-9880-bcdca16d2c971125384531
15d19e1d-74b8-3948-867f-63a4a1188539,2026-05-29,58.386006,3a0da385-e669-30df-8f17-ee93aea6a3a63054977077
176efb99-8d0f-325e-a3e0-daa08e876832,2026-05-29,15.303818,c3c60fed-2c36-3d97-8b89-35c5cbbebe232642944088
17e9c47e-62ba-33a6-96e1-95ad3c636d22,2026-05-29,80.891657,77974123-fa35-3834-90f5-d19a2e752e979650064655
18a6d5f8-3203-3934-be7c-fef235f8d5ee,2026-05-29,14.527209,d0fc809f-656e-31a8-9e5e-192c6b636f8d5430933548
1c3f0a45-334a-3810-b02a-7ba9181fca95,2026-05-29,34.206138,f25a1909-b1f5-354d-9179-29694f6ccd7b0794803399
1eae9205-92f7-36a7-94c5-cb082b3e7211,2026-05-29,4.672823,dd4f2862-ad2c-38c4-98b8-9dfedc77a2173206733718
21e18788-026e-37c1-9a0a-259c58a0fc50,2026-05-29,44.033145,6825bc20-32f9-371b-b653-a8454dd0cf4e9794303102
28cba5c0-c834-3c34-900a-9d6772fd9c30,2026-05-29,13.78618,1233b0a6-550e-3390-88ce-2a21eefafe917625072302
29768e10-7435-3d69-8503-a6f77e57bdcd,2026-05-29,9.812766,103d1a25-7f36-33f7-97c6-656f5dff4f1c8078021025
2b3c346c-5f49-3232-be35-3443261527b0,2026-05-29,8.400857,e6538295-3b6e-3154-9420-ec45501d20ae5856219597
2bf4e90b-5fb4-3eb6-92bd-c21ab46e7639,2026-05-29,2.987886,4835e147-ad32-3a9a-b1c1-4116ab8c15bf1573038869
2fd79494-a377-3a29-a882-b11802cfee0c,2026-05-29,17.295199,e50f86b5-d7cd-3a80-a5b4-78c659980b001758781599
363a066c-58b6-3bcf-a7b0-e9729a735ba7,2026-05-29,39.975748,29527eb9-d544-35c2-b9f1-bb262cf6b4159824252521
3e7f3808-bc28-36c7-8251-a028f5ff5644,2026-05-29,13.00269,18ddeade-5928-3676-ae42-029acd2d6bcb2570795136
3ec4aa61-73df-37f5-af33-ac50b24f1ab5,2026-05-29,48.257363,5530820d-9691-3c0b-895b-b218aa4b299c0225945614
41219c74-897b-3ca9-87e5-43da9041ddd3,2026-05-29,29.14575,fbfd204b-197f-3c6c-95b1-4733172f5fca0533189354
423348ca-0838-3372-a616-b4cda0468666,2026-05-29,18.459303,c36a6f4f-bea8-35b0-b824-2c970e256ac26805083472
434188a4-f9da-364f-a6dc-53072f0ec1b3,2026-05-29,47.012662,e25f63b1-614b-3240-9c58-803a43e9bb435024428155
43538921-75c3-3004-917b-51c3d8e2a3a6,2026-05-29,32.898689,e213be6c-e983-37d3-b47d-03cfedb25b867590845836
48d69815-2eb5-3bb9-a39b-cbe1ceb52e99,2026-05-29,12.489026,6cfee349-1ef0-3fb2-815c-a8a1f54dfaf82072162601
4a7af055-4d5f-39bf-b0a0-3e957abd6b60,2026-05-29,9.801951,2d350fdb-0d58-3f71-94bc-a8c8ac08ee913457245518
4b3616f0-ccf1-31e3-810e-f668c2042b23,2026-05-29,18.602367,b68e0cee-582f-3f61-89e5-ca032d2062073327596356
4c8688bb-e063-39d5-af44-f884b8b1b22f,2026-05-29,76.017563,74ba4416-00a1-3f9b-8c10-30d3118fa7ce7583046913
4c9d57d4-cc8e-3ffa-a7a2-954c71ef5235,2026-05-29,44.487241,10cf198f-ca0e-3ab3-a33e-629868eaf1657063863282
4d8e0306-9402-312c-8735-520e75542ddf,2026-05-29,6.475639,fc890f93-7094-3cdc-9c17-a9bca9d2149d3600693627
4f630062-21f6-3266-9acd-c0827dbf5c05,2026-05-29,13.15824,8f29efaf-4f24-3d15-82d5-2fc874ce981c6011993181
4fbbedf8-7ea9-3ba5-8a18-f658a4f21605,2026-05-29,75.383425,0cbedb6f-5585-3d14-bb7a-52ed75958ad14113335693
5060be3d-9bbb-3f4e-955c-625e4390c6b7,2026-05-29,11.655059,2aff5a14-b04c-3fb3-98e6-5f847371e3ff9195279440
509c1fe7-94b1-311d-9fd0-979b350e4d61,2026-05-29,118.719807,beeb8cb8-6b14-3b16-b8ec-735f810410575059189611
50be9c42-1c4b-3493-a07c-ffe59fd8491c,2026-05-29,45.725414,edb658c0-31b6-337f-a557-ae881cfe96142560471597
524da203-40d7-33a6-8ab6-b21a0cef3c58,2026-05-29,21.352999,4b414f3b-b1d8-3f11-b80f-a4ce6c6d7a4c9655939769
5498a54c-7cf2-3cbb-85d5-1078aa3be4a7,2026-05-29,36.200048,7f2eff44-b501-3d88-8b7a-bc0819c1cbd05256736696
54de7dbc-3f9b-3702-b677-fee85da6201d,2026-05-29,4.318448,d44e39e8-4f08-3623-986b-2646518072bf1207235870
55ad8c29-20dc-320f-8c21-ac3dfd7685ea,2026-05-29,35.423225,59813d11-bc16-3001-915e-9a9eff70c57f6619407622
5656dbc0-5497-3227-a829-fd8eb574450e,2026-05-29,18.094706,a203c081-9992-358a-b291-2006588558ba6822670837
56ab4ff8-d4a1-314d-82eb-cc5055b8d77c,2026-05-29,15.23377,95b986e2-fb52-3222-9a4d-94390d8daa468577144310
57437979-1053-38bc-8abf-3f9eba7ffc49,2026-05-29,35.472962,66cc36c9-6f31-3eff-8201-8a0a7f0bd59a0688159859
5a91fc01-e54a-36cc-b759-44260109d8b8,2026-05-29,6.780737,1356d797-66bc-3a72-b11f-7b3084dc9d272348624974
5cb2e039-2dc8-3bad-9d23-4bfddc143afe,2026-05-29,28.883543,8a29b19a-f05e-35e9-8df7-d99b28bf8a8d3280431943
5d21d7da-3e33-3ab4-99ef-3ca2c2ff2c69,2026-05-29,10.746641,b03fc426-da51-3e1c-aa77-6b918bff0e513877121931
5de859d5-b06b-3878-b7f0-64c4e91191df,2026-05-29,2.871817,865e99a1-718b-338b-80ab-7bdcf6c522a91536159266
5f76ba6d-1bf0-3e51-b2e4-3a6d19bc39b9,2026-05-29,33.300987,c708bc56-c900-3691-a10c-994bfde2114d0282457351
5fa5d9c4-22b7-39f7-a3b2-d521ea60b47b,2026-05-29,12.433275,ab4ba1b3-b598-3bfb-8df0-768a0df60d506177714931
6001b0b7-96fc-3fe1-aef1-329c8e2f62ce,2026-05-29,18.102881,6e29cd08-5d8b-32dd-baf0-fc5123d964c69692072979
617065f0-5c37-32d6-a3d6-dc223ac898b3,2026-05-29,30.21227,ae562d52-09ae-3863-b5f0-5ae580696f0f2844325743
64b0ba20-1b28-3b6c-9ffc-402714ee0245,2026-05-29,16.498874,358bf36d-7dae-3d60-9132-32bf3090f2f25850796649
6a620372-f31e-349c-b6c6-0e040a3edb64,2026-05-29,20.467909,5585108c-6e05-3453-8c97-d5a03ce4ee0a5269991336
75be5782-378c-39b7-8d80-e4225331c478,2026-05-29,13.556157,e1d9f528-91ca-3b5f-b9e2-c2bc6c32dd155877684651
75c008ab-9d95-3b45-b06c-1ba571bc7895,2026-05-29,9.439125,ec573df9-2361-3e56-a35c-cf369728a6f02624538703
760b65eb-45d9-332e-bbdd-15ad2c3223bc,2026-05-29,36.459514,4050495a-d74a-3f1b-b29d-db93ba2a71c15767916558
7f426754-4ea5-368b-9dba-da1364040455,2026-05-29,9.453793,cd02aa00-f588-3d6d-9bb6-d1cb464046df4699798471
7fb6ff11-be82-30ff-ad1d-e44ada4f46db,2026-05-29,28.053366,44965c11-796e-3e8c-b92a-222141e2d34e4076630863
7feb497b-3ee8-39fa-9cfd-72a898f4cf47,2026-05-29,13.975701,90e6638a-edc1-308e-9f27-d8a3719440025129345869
812c22d3-3843-3385-aa3b-aa8ae91b882a,2026-05-29,9.919073,e7cb4203-d63e-3d55-86b1-e2f3868974688509958032
82b47e6e-09d7-36e6-80ab-4506629ff46b,2026-05-29,35.65476,1695d743-ff11-3262-b7c5-f109ac7b016b5800029843
834aa49a-5a2a-30db-8385-ad60aed26cd7,2026-05-29,97.394829,4b2f77f6-8ea8-3f4d-8688-fe485e1dd22d6927009123
84f354b1-00ae-34ba-b443-ccd2efee613c,2026-05-29,6.009583,8a14f25e-1645-3406-a19d-b9806ef569954307313451
85cb1e88-d121-35a6-a362-3cdc80917d44,2026-05-29,362.770398,1671f2df-523c-3e25-a845-e2ad655275ec3253687227
8c272368-ac0c-3bc7-9568-cfbb26f8e749,2026-05-29,8.857482,9ef76979-dca8-3c79-9b0c-a7e5b98cc4183178708115
8ca30a12-e5f4-3017-8037-1616e9ddbb5b,2026-05-29,8.083913,d980087a-73cd-3a85-914f-0dbeb6da2ff07929331557
8cb2a7d2-f605-3df9-981a-2c02b1d1a4e0,2026-05-29,22.562152,c8409fd1-44f6-341e-aa4a-fcdd48e1dec91197407417
8ce3a609-9e37-3b54-a602-9b395e5f5a76,2026-05-29,35.089195,140ba20d-dc2d-30f1-8369-9f0fcb7417216954795985
8e914a83-9f14-3c6e-8220-79cebd75eda8,2026-05-29,8.795183,561fc8fa-c73c-3cf0-a4da-ce7cc8fda80f4105333844
92de990d-30ce-38da-ad78-86a4a56c065b,2026-05-29,20.953413,5a8242fb-5aa7-3d5b-ac68-21ea53c5f9e87894148187
9317e817-504a-35a4-b7c3-68e90b432c45,2026-05-29,26.871121,bd68d9fe-0c5e-3648-8a84-d7649dbc11df2315333603
949ebf54-2340-343d-959a-0f34372577da,2026-05-29,82.000753,181570ff-51a4-3333-82ec-c322cfc915d01750361380
956008d9-c7c8-3450-a799-ccd802fc2078,2026-05-29,61.892234,ac8597c6-2e0c-3fce-bd96-0eeae07b92825791469057
960a5c04-f3ef-340c-af8a-48e88045ac24,2026-05-29,19.793695,485a6ee1-26d8-3d41-bd32-a72421af1a296123003165
9661bcb6-dd62-3576-b8b0-049874fff3a1,2026-05-29,1.273769,a765656c-b5ea-38d3-b817-93751b0015257870386126
96739dc1-9e37-3b11-8e79-e0a5a57062a1,2026-05-29,109.334282,7b60b05a-7946-3efd-a3a0-0ada59de74070619321536
96be8df1-0628-3c17-acd8-50a096438ea0,2026-05-29,19.342211,7b8d6a5a-3256-3096-8208-171b7eaab4737311108557
9a736669-65a4-3b3e-a4b5-8f6ec9654a84,2026-05-29,34.811778,bd347e86-1b36-3407-80b6-78a2f2dae41e9793909208
9b195b8e-28d6-386e-8990-1a5bb4dd1bdb,2026-05-29,37.91671,193afc72-4494-30b1-beb3-cd4156f1c97d7901017989
9f49149d-e042-3a1f-bcae-0628143c89c0,2026-05-29,15.823802,1511a03d-af95-32d7-82d6-670e957e819a5636652911
9f556308-7e5a-375c-8130-c6284c3c5d5c,2026-05-29,24.761555,24110268-df67-321e-9581-bd29f27ea3618160468027
a06461db-ef00-3481-9827-c829471e7245,2026-05-29,10.884493,5511d59c-db31-37fb-8790-ae49b8ec4ba25737611269
a5068583-4849-35ce-900f-e2ce7f309840,2026-05-29,19.27983,ccacfe15-f7bf-3c92-9308-98112a74aa440314647208
a513bb7e-87ac-35cd-b4a2-6d23427bd2fa,2026-05-29,13.379418,481dceb1-1678-3a7e-b288-d7e2bf0c062a7786339993
a67cec0f-eda0-3d47-af0e-2bd3262a8cf9,2026-05-29,48.886804,edd1002d-960d-3956-8ea2-8ffafe4e3f780323661523
ac429fef-9e6b-3e26-a5ea-3122c166230c,2026-05-29,48.199134,81f224a7-cb42-3ee9-9103-e81fcc20756c3353013338
acadf00f-5359-3905-a13e-213d751bffb2,2026-05-29,6.035663,2852258a-e2bf-3b5a-ad87-7915c236685c5632583391
ae5f3d2e-f527-359d-8bcf-846f320f8e57,2026-05-29,14.858415,22f94015-ff23-3150-ae0f-9ef0bb188a207912060816
af15418c-707a-3e54-a465-034a3b570a96,2026-05-29,34.03508,89b93f60-7af8-31b9-aacf-45885de7f2069142372275
af753398-35e3-3c49-a7bb-31e2830197f3,2026-05-29,22.479151,b00ef48c-948b-3854-a6bb-ed2ca37487540169593901
b08b0516-052f-31ca-baee-415f1e9f6c1d,2026-05-29,21.986699,8eb78258-dbd8-30ca-8e2f-f57e8806b9340333593055
b5344373-538f-3f37-8982-c97e3158144a,2026-05-29,6.230509,2a20868d-41a0-350b-abd7-08a3f9d834063257215959
b571b5d8-c91f-3776-86bd-22c88c5580c2,2026-05-29,28.503215,afafa873-61a8-38e0-8977-cd70cd270f449777286253
b7f8d590-1a7d-3745-82cc-9e0c966c6306,2026-05-29,23.680258,65f0ec49-73ce-37cb-a381-28e7217750090455003993
b99742c8-7da0-3e81-ab3c-eb775e9f5d24,2026-05-29,53.330325,83de6687-9540-3db3-a6d6-f036d634a1c63930926163
b9f874e5-bbd8-332a-9f2e-a024bb815cf9,2026-05-29,99.268176,0183e024-3556-38ab-8f83-a2397dc1c7ff0961989030
bce50849-a0e7-3f2b-b22a-24ed60440705,2026-05-29,16.113494,ecbe8abc-16bb-3af7-8cf1-b6d262d3f9915691766209
bde82a06-b2ee-3309-b4b0-d268a38e4c2c,2026-05-29,47.631833,37f054fc-a7a4-3b27-aefa-23a338a7e9b08878786853
beb1d1c6-4fa9-36a8-a06f-1dc58ab74161,2026-05-29,4.59902,69be3936-f12c-34ad-b6bc-7a9f397f7d580253357983
c039e4c8-9c3b-3ae3-a2e7-b54c85d2cac7,2026-05-29,98.220468,ef0e0898-3920-39d5-9050-8c57b5cbcd1c9155184466
c0f8ab9f-4b7b-3f4f-b576-f80ad3cb5399,2026-05-29,13.288497,ae6fce59-c426-3691-b4cc-2e7f01a5433a0719674315
c3811eff-eb0f-3e83-943e-18b5d09919e4,2026-05-29,19.802491,b38c4c71-2ecc-3478-967b-30176508f2a82808970508
c41f2431-16c5-3799-9be8-561415389d5f,2026-05-29,7.271337,35f5e81a-e25c-3ff4-892f-d89a5cfb53448046832917
c4b4c934-c94d-3170-bd1b-d7737b2ab490,2026-05-29,29.162967,ddfedfb4-a197-3bc5-b5b9-3413d396c9d18520739647
c4ec5436-0c6f-389c-b83d-e1f34b408946,2026-05-29,3.71916,6d73a170-b659-36fe-bc67-1faa907dd4b49647063385
c6c1b9c0-072d-3dbf-accc-4c8643cc0c4a,2026-05-29,12.661931,8e833220-412d-3626-aef6-f1d8e255b8961584029669
c8c964e3-6f43-33e9-8a11-e9eaf55933ba,2026-05-29,49.855154,db1bd750-5b46-3bea-9d82-c79a18a08d0d0806001910
cdcbe271-7336-35c3-a44f-1a90281b0857,2026-05-29,50.980498,cc4a0181-1f8b-3069-891f-8f8303116f410950083050
ce7a22b8-f3c0-3690-acac-8b5a7bf4c798,2026-05-29,20.08471,75a3be66-cc33-35b3-aa17-355486d71eeb4926576029
d098b8be-5fd2-3aaf-b08a-03443b43e413,2026-05-29,24.002872,ebfca532-8531-3093-b085-d9b06d8a505a5090987086
d3c48311-d8dc-3e24-95dd-6d2bca767bff,2026-05-29,10.258016,84018d69-0a55-3d24-a877-97aaa31a46cf2815442486
d3d0b6a8-f422-3af5-a62e-826c20495095,2026-05-29,15.92992,9a1ea106-1b3c-358a-b321-05d0ef5590af7934449393
d6f76560-f2a1-3ae9-ab43-eaa1f2033306,2026-05-29,52.650229,df76341f-d9c1-31f1-a511-61e0bba9ac1a9330646801
d72106c4-021a-3b57-bf48-7b6f2c14df23,2026-05-29,13.380737,e7b18bc4-313f-33d3-ad46-7b5d777f74ca3565120826
d76f0b24-1370-3b6f-81fa-de61d93e7ebe,2026-05-29,3.254864,8bb85ae4-103e-305d-9e3e-d9c85ce4b4f27606140443
da8b7ad5-701e-38e4-af53-bcb52836386c,2026-05-29,13.230508,5a63d77e-0da6-3691-900f-f20d6593ab0a0016925614
dee4128a-2091-303c-8411-15401a64ec03,2026-05-29,137.135694,7d2de236-8dd1-333c-b3b2-c7d8bd4250cd6306917490
e0ab7ac6-23e5-3ce5-aef4-d9e2e575bb7a,2026-05-29,2.827499,36f25be1-e4a7-34ea-a4d5-d394fb2065cc2046082019
e41ed1fc-302f-351c-8dbd-1ccac5078a09,2026-05-29,31.016663,4a944e09-e32f-36d7-b5a4-e211ca471f446730403642
e69f5e43-374e-3577-a194-03eca473eb86,2026-05-29,28.9821,b994cb0e-9aaf-3dbd-a0ab-315cc16c435c1107868581
e71fe34e-9aa5-3ade-8054-a639af523373,2026-05-29,4.526052,b1e661de-87c5-37a4-b0ad-b47b375e798f8517162525
e76bb8c7-e2ca-3a2e-96b4-7d3717dfbe06,2026-05-29,17.916712,e755d9a3-e083-3c09-8b82-e48bcb43e7f81851692813
e91fcfab-7cdf-31df-8933-e788688d8288,2026-05-29,23.413736,fe28678b-e200-3a9d-a1de-effda4879d2c1615844509
ed0a8ed8-2282-3fec-82db-fafd297cdb61,2026-05-29,2.505127,4e3099ad-3bc5-3b23-837d-8c897adc8c894362553996
eeaba3bd-0e65-3eff-80b8-bb415d1cdc89,2026-05-29,30.768455,6d3df8ea-2edd-3fc0-8f44-b14a5c9f858f7358431617
f02cc034-f8c6-39b7-afff-343b04ff2064,2026-05-29,20.699567,4a495ff6-34e1-3d8e-9177-445cdfd39d764430640857
f0699448-f713-378f-9e30-ac35b4b0ddbb,2026-05-29,26.727503,0fcce33d-eb23-3f5d-946b-53b6afe198987280446281
f1809858-d9d7-3db3-8cc3-5793c598044c,2026-05-29,57.734418,7697f751-8371-30c0-81c8-fcc775cadf993437132586
f1ebcf2f-e51e-373c-b8af-374b6efced62,2026-05-29,49.182021,a96795c7-1ef3-330f-9a52-bd611b998fc53408195367
f2469968-f4ce-3c30-aece-76c96bba977f,2026-05-29,11.480154,c20d3ce4-526e-30be-a307-8d2e5de84a028227463090
f37b1d54-4726-3503-b093-7096160494d8,2026-05-29,9.722767,0701ba50-1c05-393a-97d1-5f4023a8749c6116792851
f55d8d9d-5df9-32e8-a43c-40e2d30fe83e,2026-05-29,10.872917,25ce49b4-0e30-37f6-83c9-8fdba57ec8554749707383
f5c21c69-5b03-320a-ae2e-2554aefff943,2026-05-29,42.290885,1733732a-abce-3040-96d5-89e43d8b44882339867108
fa146ea6-61c1-3eaf-b3b7-d79bd6e503ca,2026-05-29,3.027931,31c3893f-aa84-359f-a9a7-c4d51a001df11272461817
fbb84839-d7f2-363f-a497-68b74f2449f2,2026-05-29,11.402921,76b88c0d-830b-38ed-91c8-6b3757820cc05429571885
fccc0510-f20a-3f28-bf3c-66cfe9fa99d1,2026-05-29,19.06448,218810c6-5f55-31ef-942d-6b8f7944e4a79796581507
02995d49-90df-31cf-97ba-5c229a76711f,2026-06-01,170.821844,16bfeb59-c1e9-3456-891d-bdc1da0007925452020064
030041c0-f398-3572-9c7e-3edf3d9d2ea3,2026-06-01,5.102227,123b8640-546f-3146-aac1-b5e3a45883358031893487
04f49ac6-5f35-3df9-b623-c026f24561e1,2026-06-01,44.317906,4ccf4637-f73f-3ea2-bd9d-89cd0876527e2011240689
0769202c-7965-32a1-8d36-1cd52b64377d,2026-06-01,4.55337,03bfca79-bd1d-3217-a8ee-b032e1a5d4279777514889
0d27bc97-59cd-32d0-9146-960993fea8f2,2026-06-01,8.072201,2f024d4b-7d63-3f13-9c02-6541cfb6efcb8610694866
0f7a9277-d005-30c0-8821-910389205cba,2026-06-01,20.7006,1498339f-636a-3ba6-8eaf-f82826cfc66b1703033271
103be95c-0738-36fc-9aca-d07b1504909a,2026-06-01,95.529457,288d8971-0036-3b38-be44-cdab7d647fa95424134206
1094d4eb-2c4b-3c82-bb41-36696a775289,2026-06-01,95.16331,8348db4d-a8ba-3dc8-b03d-3f8345e1ce081137124557
1176a69b-fd42-3989-9822-360026e942a4,2026-06-01,32.433813,4b6c12aa-31db-353f-9880-bcdca16d2c971125384531
15d19e1d-74b8-3948-867f-63a4a1188539,2026-06-01,45.700363,3a0da385-e669-30df-8f17-ee93aea6a3a63054977077
176efb99-8d0f-325e-a3e0-daa08e876832,2026-06-01,6.359207,c3c60fed-2c36-3d97-8b89-35c5cbbebe232642944088
17e9c47e-62ba-33a6-96e1-95ad3c636d22,2026-06-01,65.22513,77974123-fa35-3834-90f5-d19a2e752e979650064655
18a6d5f8-3203-3934-be7c-fef235f8d5ee,2026-06-01,16.31698,d0fc809f-656e-31a8-9e5e-192c6b636f8d5430933548
1c3f0a45-334a-3810-b02a-7ba9181fca95,2026-06-01,15.01098,f25a1909-b1f5-354d-9179-29694f6ccd7b0794803399
21e18788-026e-37c1-9a0a-259c58a0fc50,2026-06-01,13.971088,6825bc20-32f9-371b-b653-a8454dd0cf4e9794303102
2331b8d4-3563-3b2b-8bf1-ee54a482c609,2026-06-01,3.798729,0c4befad-a90a-3f28-8b16-9dd39cf80ecc8123775477
28cba5c0-c834-3c34-900a-9d6772fd9c30,2026-06-01,36.061069,1233b0a6-550e-3390-88ce-2a21eefafe917625072302
2fd79494-a377-3a29-a882-b11802cfee0c,2026-06-01,8.475594,e50f86b5-d7cd-3a80-a5b4-78c659980b001758781599
323a2cac-7231-3d1b-90b0-babcb0cf55ba,2026-06-01,28.82483,6110ae57-4fb0-3294-9c39-0fdab85c823b7854159322
33a96067-0e23-3bf3-8d10-cbec5a261a65,2026-06-01,49.175853,4d63f0d2-85ca-3a28-b715-4147577bedb24364586828
363a066c-58b6-3bcf-a7b0-e9729a735ba7,2026-06-01,21.451544,29527eb9-d544-35c2-b9f1-bb262cf6b4159824252521
3ab4ce54-3bfa-3a09-8624-c69a02d77632,2026-06-01,0.780018,776a90be-9929-3c47-9f5d-5f73f58824c60497278972
3f3adad3-22df-3188-a572-bab43c8f0258,2026-06-01,72.603387,b2628cd8-ae87-339b-8a4a-eb87332124ab1738661597
3fe600f0-c808-3676-90fe-909ea8b83ca6,2026-06-01,4.767981,89445095-871b-3498-be52-e63f6b0e774b5355986831
41219c74-897b-3ca9-87e5-43da9041ddd3,2026-06-01,47.20035,fbfd204b-197f-3c6c-95b1-4733172f5fca0533189354
434188a4-f9da-364f-a6dc-53072f0ec1b3,2026-06-01,25.643469,e25f63b1-614b-3240-9c58-803a43e9bb435024428155
43538921-75c3-3004-917b-51c3d8e2a3a6,2026-06-01,23.46965,e213be6c-e983-37d3-b47d-03cfedb25b867590845836
4a7af055-4d5f-39bf-b0a0-3e957abd6b60,2026-06-01,19.535855,2d350fdb-0d58-3f71-94bc-a8c8ac08ee913457245518
4c8688bb-e063-39d5-af44-f884b8b1b22f,2026-06-01,76.58493,74ba4416-00a1-3f9b-8c10-30d3118fa7ce7583046913
4c9d57d4-cc8e-3ffa-a7a2-954c71ef5235,2026-06-01,46.196732,10cf198f-ca0e-3ab3-a33e-629868eaf1657063863282
4f630062-21f6-3266-9acd-c0827dbf5c05,2026-06-01,6.468063,8f29efaf-4f24-3d15-82d5-2fc874ce981c6011993181
509c1fe7-94b1-311d-9fd0-979b350e4d61,2026-06-01,69.219529,beeb8cb8-6b14-3b16-b8ec-735f810410575059189611
50be9c42-1c4b-3493-a07c-ffe59fd8491c,2026-06-01,39.593379,edb658c0-31b6-337f-a557-ae881cfe96142560471597
52412506-0a36-3bbc-b4ff-9579aa41f9b1,2026-06-01,6.701338,258df3e5-7e26-3a3f-9326-aace208da4a32337603841
524da203-40d7-33a6-8ab6-b21a0cef3c58,2026-06-01,33.076032,4b414f3b-b1d8-3f11-b80f-a4ce6c6d7a4c9655939769
5498a54c-7cf2-3cbb-85d5-1078aa3be4a7,2026-06-01,18.248581,7f2eff44-b501-3d88-8b7a-bc0819c1cbd05256736696
54de7dbc-3f9b-3702-b677-fee85da6201d,2026-06-01,9.811183,d44e39e8-4f08-3623-986b-2646518072bf1207235870
55ad8c29-20dc-320f-8c21-ac3dfd7685ea,2026-06-01,50.99375,59813d11-bc16-3001-915e-9a9eff70c57f6619407622
55b0607e-f635-348a-bc83-f4e52515b7ec,2026-06-01,19.138195,118c8a35-e628-36a2-8499-91a87fa954ea9600440361
57437979-1053-38bc-8abf-3f9eba7ffc49,2026-06-01,16.716612,66cc36c9-6f31-3eff-8201-8a0a7f0bd59a0688159859
5a91fc01-e54a-36cc-b759-44260109d8b8,2026-06-01,3.04123,1356d797-66bc-3a72-b11f-7b3084dc9d272348624974
5b4c7154-ad7e-3526-aa3c-45e89d71e721,2026-06-01,121.022539,a5074e62-50d5-364b-aeef-675c60c2ee493068298762
5cb2e039-2dc8-3bad-9d23-4bfddc143afe,2026-06-01,101.812292,8a29b19a-f05e-35e9-8df7-d99b28bf8a8d3280431943
5d21d7da-3e33-3ab4-99ef-3ca2c2ff2c69,2026-06-01,14.446549,b03fc426-da51-3e1c-aa77-6b918bff0e513877121931
5fa5d9c4-22b7-39f7-a3b2-d521ea60b47b,2026-06-01,20.156805,ab4ba1b3-b598-3bfb-8df0-768a0df60d506177714931
6001b0b7-96fc-3fe1-aef1-329c8e2f62ce,2026-06-01,12.582824,6e29cd08-5d8b-32dd-baf0-fc5123d964c69692072979
68b45261-85be-3d03-a069-5aa6ffe8e8ca,2026-06-01,59.244024,b6a7cc29-e0c8-36bf-9e06-ffc155431b242084275934
760b65eb-45d9-332e-bbdd-15ad2c3223bc,2026-06-01,20.422442,4050495a-d74a-3f1b-b29d-db93ba2a71c15767916558
7fb6ff11-be82-30ff-ad1d-e44ada4f46db,2026-06-01,26.683892,44965c11-796e-3e8c-b92a-222141e2d34e4076630863
812c22d3-3843-3385-aa3b-aa8ae91b882a,2026-06-01,13.259639,e7cb4203-d63e-3d55-86b1-e2f3868974688509958032
834aa49a-5a2a-30db-8385-ad60aed26cd7,2026-06-01,115.302284,4b2f77f6-8ea8-3f4d-8688-fe485e1dd22d6927009123
84851a10-43f1-3fc8-a358-06f529f15c33,2026-06-01,44.165156,209d6b5c-3879-3f87-9eb1-228cd3cf4edd0737879839
84f354b1-00ae-34ba-b443-ccd2efee613c,2026-06-01,6.946746,8a14f25e-1645-3406-a19d-b9806ef569954307313451
87ab0257-a9f6-3705-89f8-f63b9b8f2b0c,2026-06-01,33.67522,dd1dde98-5502-3952-90fe-dc66f816ed747906535428
8c2e2c06-5c7a-359a-8e69-0efdfb7e79bb,2026-06-01,23.879029,02b8249b-d351-36b0-8f66-387e9b5ecd765409838852
8c414798-333c-3663-bac9-84c120ae29fb,2026-06-01,34.724343,133fdc4d-6e75-37dd-b2c2-56e9f865f1cf1329192191
8cb2a7d2-f605-3df9-981a-2c02b1d1a4e0,2026-06-01,13.311871,c8409fd1-44f6-341e-aa4a-fcdd48e1dec91197407417
911d2093-d19c-3f31-815c-a2815fcd3901,2026-06-01,138.470084,f08546be-1bd1-3bd9-a186-1ac364a028663840464235
929f777a-b8ac-3e16-8d77-e8ac77fd282c,2026-06-01,12.795263,1ffd69db-4324-35d3-bc6b-b90daffa00c05540448447
92de990d-30ce-38da-ad78-86a4a56c065b,2026-06-01,26.337595,5a8242fb-5aa7-3d5b-ac68-21ea53c5f9e87894148187
9317e817-504a-35a4-b7c3-68e90b432c45,2026-06-01,30.217611,bd68d9fe-0c5e-3648-8a84-d7649dbc11df2315333603
956008d9-c7c8-3450-a799-ccd802fc2078,2026-06-01,31.354027,ac8597c6-2e0c-3fce-bd96-0eeae07b92825791469057
960a5c04-f3ef-340c-af8a-48e88045ac24,2026-06-01,16.070894,485a6ee1-26d8-3d41-bd32-a72421af1a296123003165
9661bcb6-dd62-3576-b8b0-049874fff3a1,2026-06-01,2.931335,a765656c-b5ea-38d3-b817-93751b0015257870386126
96739dc1-9e37-3b11-8e79-e0a5a57062a1,2026-06-01,48.636023,7b60b05a-7946-3efd-a3a0-0ada59de74070619321536
9b195b8e-28d6-386e-8990-1a5bb4dd1bdb,2026-06-01,20.645229,193afc72-4494-30b1-beb3-cd4156f1c97d7901017989
9bddd6f0-dd41-333e-aac7-f757b18ea2aa,2026-06-01,27.575921,c6545cb9-33df-373c-8ac9-ce43225c9d986458695776
9bffe43c-9c3e-3c3f-947d-b83b096a53f5,2026-06-01,16.17683,635d1fea-f7dc-33f1-a406-2689203c6ffe1836896463
9f49149d-e042-3a1f-bcae-0628143c89c0,2026-06-01,19.229506,1511a03d-af95-32d7-82d6-670e957e819a5636652911
9f556308-7e5a-375c-8130-c6284c3c5d5c,2026-06-01,12.962131,24110268-df67-321e-9581-bd29f27ea3618160468027
a06461db-ef00-3481-9827-c829471e7245,2026-06-01,2.266301,5511d59c-db31-37fb-8790-ae49b8ec4ba25737611269
a4897e9b-7fc7-3e17-9b47-a254a0b85f27,2026-06-01,10.205925,304ab23b-6984-3fe6-a3fb-aa744a4d6cd05946845157
a5068583-4849-35ce-900f-e2ce7f309840,2026-06-01,35.555413,ccacfe15-f7bf-3c92-9308-98112a74aa440314647208
a513bb7e-87ac-35cd-b4a2-6d23427bd2fa,2026-06-01,13.920978,481dceb1-1678-3a7e-b288-d7e2bf0c062a7786339993
a8e332b8-087a-38b0-8c1b-64db4efadc7a,2026-06-01,41.685463,47b681e7-c3d8-31f6-ab69-43f82db88fa66316703417
ac429fef-9e6b-3e26-a5ea-3122c166230c,2026-06-01,56.24598,81f224a7-cb42-3ee9-9103-e81fcc20756c3353013338
acadf00f-5359-3905-a13e-213d751bffb2,2026-06-01,12.371496,2852258a-e2bf-3b5a-ad87-7915c236685c5632583391
b32150f1-1acd-3990-ad31-f63fed66b1cf,2026-06-01,48.402838,27222e5f-5d35-3311-be74-7f592e6bb2553842641276
b5344373-538f-3f37-8982-c97e3158144a,2026-06-01,10.279282,2a20868d-41a0-350b-abd7-08a3f9d834063257215959
b571b5d8-c91f-3776-86bd-22c88c5580c2,2026-06-01,49.251938,afafa873-61a8-38e0-8977-cd70cd270f449777286253
b7f8d590-1a7d-3745-82cc-9e0c966c6306,2026-06-01,15.200338,65f0ec49-73ce-37cb-a381-28e7217750090455003993
bce50849-a0e7-3f2b-b22a-24ed60440705,2026-06-01,29.52998,ecbe8abc-16bb-3af7-8cf1-b6d262d3f9915691766209
beac6842-6d1c-39f8-bd3d-f2cbddfe2e23,2026-06-01,26.526963,71933d57-e488-3aa3-b364-7c195cfded299062716503
beb1d1c6-4fa9-36a8-a06f-1dc58ab74161,2026-06-01,4.795012,69be3936-f12c-34ad-b6bc-7a9f397f7d580253357983
c0f8ab9f-4b7b-3f4f-b576-f80ad3cb5399,2026-06-01,15.761235,ae6fce59-c426-3691-b4cc-2e7f01a5433a0719674315
c4b4c934-c94d-3170-bd1b-d7737b2ab490,2026-06-01,8.438452,ddfedfb4-a197-3bc5-b5b9-3413d396c9d18520739647
c4ec5436-0c6f-389c-b83d-e1f34b408946,2026-06-01,3.061463,6d73a170-b659-36fe-bc67-1faa907dd4b49647063385
c6c1b9c0-072d-3dbf-accc-4c8643cc0c4a,2026-06-01,31.51179,8e833220-412d-3626-aef6-f1d8e255b8961584029669
caacaf00-76dc-3d35-955a-b0b7289c1497,2026-06-01,3.445765,5428bbad-02ec-3bbd-b559-a02cb4c2701a9853561586
d098b8be-5fd2-3aaf-b08a-03443b43e413,2026-06-01,15.593938,ebfca532-8531-3093-b085-d9b06d8a505a5090987086
d320f92f-4cc3-395c-b6c7-3cb3c7cb3efe,2026-06-01,88.775513,db719257-f1df-3420-b485-acfb0da643a10140791541
d3c48311-d8dc-3e24-95dd-6d2bca767bff,2026-06-01,20.535737,84018d69-0a55-3d24-a877-97aaa31a46cf2815442486
d3d0b6a8-f422-3af5-a62e-826c20495095,2026-06-01,4.411316,9a1ea106-1b3c-358a-b321-05d0ef5590af7934449393
d76f0b24-1370-3b6f-81fa-de61d93e7ebe,2026-06-01,4.936993,8bb85ae4-103e-305d-9e3e-d9c85ce4b4f27606140443
d834b72d-c2cc-391e-8a0c-c3f147eeb522,2026-06-01,23.107917,62331e5f-4437-3168-b6e9-aa00c1ae49235115900219
d85f6c3e-620f-3cc3-9005-9e1beefefdc6,2026-06-01,11.995871,7a3476cf-c702-35d8-ab2c-c3c41701130b3532848987
da8b7ad5-701e-38e4-af53-bcb52836386c,2026-06-01,9.015789,5a63d77e-0da6-3691-900f-f20d6593ab0a0016925614
dfc70541-9d37-355c-af06-9bf106459cdb,2026-06-01,8.695099,8d616aa1-7ca1-3b18-a990-d3dd7b63d8ea3801525816
e0ab7ac6-23e5-3ce5-aef4-d9e2e575bb7a,2026-06-01,2.441788,36f25be1-e4a7-34ea-a4d5-d394fb2065cc2046082019
e1ec776a-9a69-3e5d-a0c5-33a9250b1f19,2026-06-01,17.568122,8dbe6882-1128-323e-98cf-6c6c8fd5be7d0079256300
e402d019-6155-3bff-9228-4911ea446777,2026-06-01,86.767787,d454160e-2dc7-3ac7-86b9-e72c34ef16312394849607
e41ed1fc-302f-351c-8dbd-1ccac5078a09,2026-06-01,18.980568,4a944e09-e32f-36d7-b5a4-e211ca471f446730403642
e69f5e43-374e-3577-a194-03eca473eb86,2026-06-01,41.400355,b994cb0e-9aaf-3dbd-a0ab-315cc16c435c1107868581
e71fe34e-9aa5-3ade-8054-a639af523373,2026-06-01,6.725026,b1e661de-87c5-37a4-b0ad-b47b375e798f8517162525
e76bb8c7-e2ca-3a2e-96b4-7d3717dfbe06,2026-06-01,31.007267,e755d9a3-e083-3c09-8b82-e48bcb43e7f81851692813
ea133f80-908c-3a40-af86-f0745e517fd2,2026-06-01,32.784811,7111b6e6-9d33-3f84-ae08-89cafad819261967282058
ed0a8ed8-2282-3fec-82db-fafd297cdb61,2026-06-01,7.540714,4e3099ad-3bc5-3b23-837d-8c897adc8c894362553996
eeaba3bd-0e65-3eff-80b8-bb415d1cdc89,2026-06-01,24.664753,6d3df8ea-2edd-3fc0-8f44-b14a5c9f858f7358431617
f02cc034-f8c6-39b7-afff-343b04ff2064,2026-06-01,6.157765,4a495ff6-34e1-3d8e-9177-445cdfd39d764430640857
f1809858-d9d7-3db3-8cc3-5793c598044c,2026-06-01,40.83162,7697f751-8371-30c0-81c8-fcc775cadf993437132586
f28c27e1-116f-3bfa-87a3-a4aec05ef6ed,2026-06-01,46.870766,06747886-3cd5-3df7-b4e3-5300fd43ba8b6993791108
f55d8d9d-5df9-32e8-a43c-40e2d30fe83e,2026-06-01,31.802111,25ce49b4-0e30-37f6-83c9-8fdba57ec8554749707383
f6d44ec5-a47a-3937-931c-9f8412b5fa88,2026-06-01,15.869456,6197876e-4ea6-3121-8a4b-12b6efea400a0240575023
fa146ea6-61c1-3eaf-b3b7-d79bd6e503ca,2026-06-01,5.682362,31c3893f-aa84-359f-a9a7-c4d51a001df11272461817
fbb84839-d7f2-363f-a497-68b74f2449f2,2026-06-01,25.540446,76b88c0d-830b-38ed-91c8-6b3757820cc05429571885
fccc0510-f20a-3f28-bf3c-66cfe9fa99d1,2026-06-01,34.436581,218810c6-5f55-31ef-942d-6b8f7944e4a79796581507
fe5c2831-6d72-3f57-b5da-21037ecbeb2f,2026-06-01,8.313147,caac5c39-53fe-3b0e-a941-3f0559293a333871484605
030041c0-f398-3572-9c7e-3edf3d9d2ea3,2026-06-02,6.074485,123b8640-546f-3146-aac1-b5e3a45883358031893487
04f49ac6-5f35-3df9-b623-c026f24561e1,2026-06-02,40.008694,4ccf4637-f73f-3ea2-bd9d-89cd0876527e2011240689
0594d9cc-176f-3811-b8ff-1badba391ea1,2026-06-02,19.972008,7bf9e218-5646-3380-8098-8b14d617d4eb9836650145
06e33f1d-dda0-31b8-915e-bde6cf9b4012,2026-06-02,50.798471,5c1c68c1-feaf-3d3a-8a14-7e795d01c1ba6471737628
0834a8d5-db47-3f2b-8f52-89726cb486de,2026-06-02,24.386779,adb191b8-a33a-343b-b97c-1c5b503b06aa2102226204
0bd9c8a1-cf25-3dfe-9380-6143b1183f53,2026-06-02,31.265764,7ff7d9b9-eb8b-35f9-9265-8dd933d6e5f40824718437
0d06916c-fc74-37b3-8630-7f2eb8b27347,2026-06-02,57.791646,56ab425a-78d4-3e53-8a5d-bee6cc2ff1583272396058
103be95c-0738-36fc-9aca-d07b1504909a,2026-06-02,92.363521,288d8971-0036-3b38-be44-cdab7d647fa95424134206
1094d4eb-2c4b-3c82-bb41-36696a775289,2026-06-02,64.307985,8348db4d-a8ba-3dc8-b03d-3f8345e1ce081137124557
1176a69b-fd42-3989-9822-360026e942a4,2026-06-02,40.484291,4b6c12aa-31db-353f-9880-bcdca16d2c971125384531
176efb99-8d0f-325e-a3e0-daa08e876832,2026-06-02,15.466495,c3c60fed-2c36-3d97-8b89-35c5cbbebe232642944088
17e9c47e-62ba-33a6-96e1-95ad3c636d22,2026-06-02,58.355781,77974123-fa35-3834-90f5-d19a2e752e979650064655
19008d6d-be6f-38f0-8a72-4525e9b98022,2026-06-02,72.702285,4201befe-1bec-3dec-bd92-ac10a986017a9798478753
1c3f0a45-334a-3810-b02a-7ba9181fca95,2026-06-02,15.069901,f25a1909-b1f5-354d-9179-29694f6ccd7b0794803399
1f7e14b9-0bb8-3674-9af2-eeacd8638c48,2026-06-02,2.038925,1b760fbb-2f64-3588-8527-fe66c114f51f5277162348
21e18788-026e-37c1-9a0a-259c58a0fc50,2026-06-02,56.79939,6825bc20-32f9-371b-b653-a8454dd0cf4e9794303102
226055f6-f55e-381a-9363-c4f462e58856,2026-06-02,20.858957,758f87b4-c782-37fb-911f-42b481be57aa2005558548
2269fc50-2d42-3349-9d12-3bc08569d8ae,2026-06-02,12.834198,5bedbf8e-359c-38f3-981e-a44c610ee0489536718275
2331b8d4-3563-3b2b-8bf1-ee54a482c609,2026-06-02,12.458384,0c4befad-a90a-3f28-8b16-9dd39cf80ecc8123775477
29768e10-7435-3d69-8503-a6f77e57bdcd,2026-06-02,8.15938,103d1a25-7f36-33f7-97c6-656f5dff4f1c8078021025
2b3c346c-5f49-3232-be35-3443261527b0,2026-06-02,10.405162,e6538295-3b6e-3154-9420-ec45501d20ae5856219597
2bf4e90b-5fb4-3eb6-92bd-c21ab46e7639,2026-06-02,8.822272,4835e147-ad32-3a9a-b1c1-4116ab8c15bf1573038869
2fdf5375-31c8-3c6a-9cf3-12465dbec4a5,2026-06-02,15.047966,fd3e2044-7bf6-3813-acab-9043d4cbda0b6568880041
2fe9cfc5-7b82-3db6-a301-cee9e440ba85,2026-06-02,24.379852,45e41d94-342b-3297-9fa8-278d1ca209178357185713
363a066c-58b6-3bcf-a7b0-e9729a735ba7,2026-06-02,46.446933,29527eb9-d544-35c2-b9f1-bb262cf6b4159824252521
3980a3b0-7169-37c1-ba12-f7547a8e9e3b,2026-06-02,2.268964,12d66d5c-7532-38c8-893b-c6806919a6290164081510
3a95c147-b6b0-329f-88ad-464e73046bbe,2026-06-02,2.261361,a645382c-6cb6-3873-a916-6298b8109de48651485340
3c828a67-8a44-3a18-a2db-213948c73e01,2026-06-02,27.614225,4b9e8129-de42-3612-a62a-b99391f3a1c36185507295
3e7f3808-bc28-36c7-8251-a028f5ff5644,2026-06-02,8.750451,18ddeade-5928-3676-ae42-029acd2d6bcb2570795136
423348ca-0838-3372-a616-b4cda0468666,2026-06-02,10.416732,c36a6f4f-bea8-35b0-b824-2c970e256ac26805083472
434188a4-f9da-364f-a6dc-53072f0ec1b3,2026-06-02,24.72482,e25f63b1-614b-3240-9c58-803a43e9bb435024428155
48d69815-2eb5-3bb9-a39b-cbe1ceb52e99,2026-06-02,8.075598,6cfee349-1ef0-3fb2-815c-a8a1f54dfaf82072162601
4c9d57d4-cc8e-3ffa-a7a2-954c71ef5235,2026-06-02,46.4576,10cf198f-ca0e-3ab3-a33e-629868eaf1657063863282
4d62a2a6-a8bb-3084-8568-8b0c0e6c53f9,2026-06-02,7.168153,30709a03-df76-3a99-9f2c-8ccec86cb09e5850066452
4d8e0306-9402-312c-8735-520e75542ddf,2026-06-02,11.234004,fc890f93-7094-3cdc-9c17-a9bca9d2149d3600693627
4f630062-21f6-3266-9acd-c0827dbf5c05,2026-06-02,11.529798,8f29efaf-4f24-3d15-82d5-2fc874ce981c6011993181
509c1fe7-94b1-311d-9fd0-979b350e4d61,2026-06-02,96.038537,beeb8cb8-6b14-3b16-b8ec-735f810410575059189611
50be9c42-1c4b-3493-a07c-ffe59fd8491c,2026-06-02,53.946372,edb658c0-31b6-337f-a557-ae881cfe96142560471597
52412506-0a36-3bbc-b4ff-9579aa41f9b1,2026-06-02,10.961522,258df3e5-7e26-3a3f-9326-aace208da4a32337603841
54de7dbc-3f9b-3702-b677-fee85da6201d,2026-06-02,8.950591,d44e39e8-4f08-3623-986b-2646518072bf1207235870
56ab4ff8-d4a1-314d-82eb-cc5055b8d77c,2026-06-02,15.069076,95b986e2-fb52-3222-9a4d-94390d8daa468577144310
591e07f6-72df-366d-a512-d5ee900f7c15,2026-06-02,31.84275,abb3cf38-3fad-3baa-af44-c9b4d24608456857996865
5a91fc01-e54a-36cc-b759-44260109d8b8,2026-06-02,8.161634,1356d797-66bc-3a72-b11f-7b3084dc9d272348624974
5cb2e039-2dc8-3bad-9d23-4bfddc143afe,2026-06-02,71.399258,8a29b19a-f05e-35e9-8df7-d99b28bf8a8d3280431943
5d21d7da-3e33-3ab4-99ef-3ca2c2ff2c69,2026-06-02,6.96351,b03fc426-da51-3e1c-aa77-6b918bff0e513877121931
5d6ffe35-085b-3fc0-abf7-9f02a5c4fb33,2026-06-02,28.338318,03ffa46d-2a01-3d1e-b2b7-afc51d9158352243231721
5de859d5-b06b-3878-b7f0-64c4e91191df,2026-06-02,11.128766,865e99a1-718b-338b-80ab-7bdcf6c522a91536159266
5fa5d9c4-22b7-39f7-a3b2-d521ea60b47b,2026-06-02,20.575626,ab4ba1b3-b598-3bfb-8df0-768a0df60d506177714931
617065f0-5c37-32d6-a3d6-dc223ac898b3,2026-06-02,9.804514,ae562d52-09ae-3863-b5f0-5ae580696f0f2844325743
68b45261-85be-3d03-a069-5aa6ffe8e8ca,2026-06-02,48.558124,b6a7cc29-e0c8-36bf-9e06-ffc155431b242084275934
6c21f96e-4015-302f-a95a-0918b22b3ad8,2026-06-02,4.675016,2083bc7f-bc65-3533-b831-de38c4ce41a85705530326
6e8a1cb9-329d-3c5e-8d21-4c46a734d1e9,2026-06-02,23.112421,b038cfcb-9c1e-3cde-8676-1be4c1366b8b3024374020
7254494c-fbeb-3dc4-80ee-30c6f6c22599,2026-06-02,17.433816,64848290-d9fb-3103-b306-a0129738ec0d3937403775
72e3323e-cebd-3aa6-a736-9022afb37e21,2026-06-02,45.061607,dd1d2448-04ec-3dd9-9b0e-69f5e79a93407723570593
760b65eb-45d9-332e-bbdd-15ad2c3223bc,2026-06-02,38.521218,4050495a-d74a-3f1b-b29d-db93ba2a71c15767916558
779e581c-a821-3108-9ebe-a92f9dcfc74c,2026-06-02,49.813474,3a13c3b6-0485-353a-a580-ed21741647e41076187335
7f426754-4ea5-368b-9dba-da1364040455,2026-06-02,12.275035,cd02aa00-f588-3d6d-9bb6-d1cb464046df4699798471
7feb497b-3ee8-39fa-9cfd-72a898f4cf47,2026-06-02,16.136098,90e6638a-edc1-308e-9f27-d8a3719440025129345869
812c22d3-3843-3385-aa3b-aa8ae91b882a,2026-06-02,23.698866,e7cb4203-d63e-3d55-86b1-e2f3868974688509958032
82a48b8e-4fa5-3f42-857c-71fbe24937aa,2026-06-02,20.863399,78999b98-2dd1-3379-978c-e2474a4a43306995668347
82b47e6e-09d7-36e6-80ab-4506629ff46b,2026-06-02,56.701798,1695d743-ff11-3262-b7c5-f109ac7b016b5800029843
834aa49a-5a2a-30db-8385-ad60aed26cd7,2026-06-02,140.328677,4b2f77f6-8ea8-3f4d-8688-fe485e1dd22d6927009123
83ac466b-0a2c-3b9f-bc16-cc1733598dc1,2026-06-02,73.236188,fbb1458a-bb03-3a59-81a7-c4bfa04cd8482348091600
84851a10-43f1-3fc8-a358-06f529f15c33,2026-06-02,47.487074,209d6b5c-3879-3f87-9eb1-228cd3cf4edd0737879839
84f354b1-00ae-34ba-b443-ccd2efee613c,2026-06-02,5.560137,8a14f25e-1645-3406-a19d-b9806ef569954307313451
87ab0257-a9f6-3705-89f8-f63b9b8f2b0c,2026-06-02,34.009653,dd1dde98-5502-3952-90fe-dc66f816ed747906535428
8c272368-ac0c-3bc7-9568-cfbb26f8e749,2026-06-02,7.259371,9ef76979-dca8-3c79-9b0c-a7e5b98cc4183178708115
8c2e2c06-5c7a-359a-8e69-0efdfb7e79bb,2026-06-02,28.089507,02b8249b-d351-36b0-8f66-387e9b5ecd765409838852
8c5b1f37-b3ea-3b4a-a4dd-fad03cfd11b6,2026-06-02,78.284702,5aa0a87f-17b4-3bc7-a55a-7d422bb28fcc9200948756
8ca30a12-e5f4-3017-8037-1616e9ddbb5b,2026-06-02,6.116207,d980087a-73cd-3a85-914f-0dbeb6da2ff07929331557
8cb2a7d2-f605-3df9-981a-2c02b1d1a4e0,2026-06-02,14.646096,c8409fd1-44f6-341e-aa4a-fcdd48e1dec91197407417
8ce3a609-9e37-3b54-a602-9b395e5f5a76,2026-06-02,13.779917,140ba20d-dc2d-30f1-8369-9f0fcb7417216954795985
8dc72d59-3896-3d24-a51b-3a8a9e1c6713,2026-06-02,19.708731,2bb55a33-fdd0-39b0-8fa8-bf8f9e9997f59421453150
8e914a83-9f14-3c6e-8220-79cebd75eda8,2026-06-02,14.230256,561fc8fa-c73c-3cf0-a4da-ce7cc8fda80f4105333844
92de990d-30ce-38da-ad78-86a4a56c065b,2026-06-02,11.724312,5a8242fb-5aa7-3d5b-ac68-21ea53c5f9e87894148187
956008d9-c7c8-3450-a799-ccd802fc2078,2026-06-02,45.153967,ac8597c6-2e0c-3fce-bd96-0eeae07b92825791469057
9661bcb6-dd62-3576-b8b0-049874fff3a1,2026-06-02,7.488455,a765656c-b5ea-38d3-b817-93751b0015257870386126
96739dc1-9e37-3b11-8e79-e0a5a57062a1,2026-06-02,134.254496,7b60b05a-7946-3efd-a3a0-0ada59de74070619321536
96be8df1-0628-3c17-acd8-50a096438ea0,2026-06-02,13.854595,7b8d6a5a-3256-3096-8208-171b7eaab4737311108557
9a736669-65a4-3b3e-a4b5-8f6ec9654a84,2026-06-02,14.729336,bd347e86-1b36-3407-80b6-78a2f2dae41e9793909208
9bddd6f0-dd41-333e-aac7-f757b18ea2aa,2026-06-02,36.438496,c6545cb9-33df-373c-8ac9-ce43225c9d986458695776
9c2b569e-d3f4-3c78-a57e-4d73687d2dc2,2026-06-02,60.681615,bcf6894a-0424-3665-b520-2c34eeac116f1861409402
9f556308-7e5a-375c-8130-c6284c3c5d5c,2026-06-02,9.992494,24110268-df67-321e-9581-bd29f27ea3618160468027
a2de86e5-02cf-3c93-9b40-f9629530b7d1,2026-06-02,538.959838,bcd56054-ac31-3e6f-a2d9-f156a299929c4047783680
a5068583-4849-35ce-900f-e2ce7f309840,2026-06-02,26.653456,ccacfe15-f7bf-3c92-9308-98112a74aa440314647208
a513bb7e-87ac-35cd-b4a2-6d23427bd2fa,2026-06-02,7.017598,481dceb1-1678-3a7e-b288-d7e2bf0c062a7786339993
a67cec0f-eda0-3d47-af0e-2bd3262a8cf9,2026-06-02,40.484037,edd1002d-960d-3956-8ea2-8ffafe4e3f780323661523
ac429fef-9e6b-3e26-a5ea-3122c166230c,2026-06-02,38.149317,81f224a7-cb42-3ee9-9103-e81fcc20756c3353013338
ad759908-6038-3c75-a6b2-7fd42a8a03f7,2026-06-02,14.610072,2ad373ae-0c89-3393-8c68-e3126543594f3130901658
ae5f3d2e-f527-359d-8bcf-846f320f8e57,2026-06-02,17.669481,22f94015-ff23-3150-ae0f-9ef0bb188a207912060816
b095775a-2d08-336f-bccf-d2f71dc4ba3c,2026-06-02,6.536135,fb87865a-444a-3efc-ab25-247ac494cd574338526402
b1d22b60-1492-37de-a246-db25e91bfb1f,2026-06-02,24.795018,ba855984-6afa-3f25-82a9-033558199c9b4291338588
b571b5d8-c91f-3776-86bd-22c88c5580c2,2026-06-02,25.87542,afafa873-61a8-38e0-8977-cd70cd270f449777286253
b5b7bbb0-1312-34a4-8934-10fe49cea8ed,2026-06-02,43.459699,c1179ffe-16b5-3808-a61b-c697ad5655cd0958447347
bce50849-a0e7-3f2b-b22a-24ed60440705,2026-06-02,14.200224,ecbe8abc-16bb-3af7-8cf1-b6d262d3f9915691766209
beac6842-6d1c-39f8-bd3d-f2cbddfe2e23,2026-06-02,34.127465,71933d57-e488-3aa3-b364-7c195cfded299062716503
bf5e2c07-ebd1-3aab-ae92-933140999b06,2026-06-02,26.282088,e12f9949-3428-338b-a05b-b980386cf9872350056648
c039e4c8-9c3b-3ae3-a2e7-b54c85d2cac7,2026-06-02,72.410635,ef0e0898-3920-39d5-9050-8c57b5cbcd1c9155184466
c0f8ab9f-4b7b-3f4f-b576-f80ad3cb5399,2026-06-02,25.216386,ae6fce59-c426-3691-b4cc-2e7f01a5433a0719674315
c3f4e978-22c4-3743-a4d7-8dc20df21654,2026-06-02,27.726771,08043945-b9cb-35c8-8007-ea153d9880273125348988
c41f2431-16c5-3799-9be8-561415389d5f,2026-06-02,28.937337,35f5e81a-e25c-3ff4-892f-d89a5cfb53448046832917
c4b4c934-c94d-3170-bd1b-d7737b2ab490,2026-06-02,9.681487,ddfedfb4-a197-3bc5-b5b9-3413d396c9d18520739647
c4ec5436-0c6f-389c-b83d-e1f34b408946,2026-06-02,14.860134,6d73a170-b659-36fe-bc67-1faa907dd4b49647063385
cce1c127-2ff8-3ea0-a9b8-2df2cd888b5b,2026-06-02,29.091678,40fb0c0c-0006-3ab6-84ec-5dc4198294863739942525
d098b8be-5fd2-3aaf-b08a-03443b43e413,2026-06-02,13.991721,ebfca532-8531-3093-b085-d9b06d8a505a5090987086
d16b7d90-92be-3869-95a7-7d511669811b,2026-06-02,16.964152,760b5b15-f871-3327-a1ef-e07e6f4cc11c2795438507
d3c48311-d8dc-3e24-95dd-6d2bca767bff,2026-06-02,11.024754,84018d69-0a55-3d24-a877-97aaa31a46cf2815442486
d3d0b6a8-f422-3af5-a62e-826c20495095,2026-06-02,5.850391,9a1ea106-1b3c-358a-b321-05d0ef5590af7934449393
d6f76560-f2a1-3ae9-ab43-eaa1f2033306,2026-06-02,40.053943,df76341f-d9c1-31f1-a511-61e0bba9ac1a9330646801
d834b72d-c2cc-391e-8a0c-c3f147eeb522,2026-06-02,16.258185,62331e5f-4437-3168-b6e9-aa00c1ae49235115900219
d86225ec-57c8-3039-9b73-5067e9668517,2026-06-02,4.314716,9befbbd8-c5ed-3abc-9d19-377736924de73675696583
d940c628-4e61-3954-9aee-1aa0a0b6e21f,2026-06-02,13.369432,cbf31122-ee58-37d2-a16f-5d8ff6fcc1cb8640751006
de0bc8c0-4447-382c-b7c7-ce385510a49b,2026-06-02,36.630323,8d66b14e-bf47-35e5-b800-b55ca34760cf6094204743
dee4128a-2091-303c-8411-15401a64ec03,2026-06-02,73.523332,7d2de236-8dd1-333c-b3b2-c7d8bd4250cd6306917490
dfe88e46-3f0b-3bdd-bb8b-d7190cc27582,2026-06-02,51.038717,2f3787a4-af4a-33b1-9633-78e945ce9cbb0630344304
e059f4f2-66b1-346c-8a33-8c16446a8657,2026-06-02,31.900584,2a7ac4ba-1536-3186-93b2-a2c27853a79e9011911429
e402d019-6155-3bff-9228-4911ea446777,2026-06-02,54.328139,d454160e-2dc7-3ac7-86b9-e72c34ef16312394849607
e69f5e43-374e-3577-a194-03eca473eb86,2026-06-02,47.505283,b994cb0e-9aaf-3dbd-a0ab-315cc16c435c1107868581
e6a4f012-2129-36d0-bf2f-6e3c384f5497,2026-06-02,9.622954,30a74d31-d91b-3ff9-b591-0ed7882600e46693238563
ea133f80-908c-3a40-af86-f0745e517fd2,2026-06-02,35.481959,7111b6e6-9d33-3f84-ae08-89cafad819261967282058
ed0a8ed8-2282-3fec-82db-fafd297cdb61,2026-06-02,11.609899,4e3099ad-3bc5-3b23-837d-8c897adc8c894362553996
eeaba3bd-0e65-3eff-80b8-bb415d1cdc89,2026-06-02,19.958802,6d3df8ea-2edd-3fc0-8f44-b14a5c9f858f7358431617
f02cc034-f8c6-39b7-afff-343b04ff2064,2026-06-02,11.103834,4a495ff6-34e1-3d8e-9177-445cdfd39d764430640857
f28c27e1-116f-3bfa-87a3-a4aec05ef6ed,2026-06-02,17.53352,06747886-3cd5-3df7-b4e3-5300fd43ba8b6993791108
f55d8d9d-5df9-32e8-a43c-40e2d30fe83e,2026-06-02,37.568376,25ce49b4-0e30-37f6-83c9-8fdba57ec8554749707383
f5b7af0b-6fd8-3576-b8bd-8c423699ee6f,2026-06-02,66.801366,15949980-3818-36c1-9d61-edd82fe29e369124103931
f6d44ec5-a47a-3937-931c-9f8412b5fa88,2026-06-02,19.643587,6197876e-4ea6-3121-8a4b-12b6efea400a0240575023
fbb84839-d7f2-363f-a497-68b74f2449f2,2026-06-02,28.560568,76b88c0d-830b-38ed-91c8-6b3757820cc05429571885
fccc0510-f20a-3f28-bf3c-66cfe9fa99d1,2026-06-02,13.130372,218810c6-5f55-31ef-942d-6b8f7944e4a79796581507
fe5c2831-6d72-3f57-b5da-21037ecbeb2f,2026-06-02,12.036768,caac5c39-53fe-3b0e-a941-3f0559293a333871484605
030041c0-f398-3572-9c7e-3edf3d9d2ea3,2026-06-03,5.514797,123b8640-546f-3146-aac1-b5e3a45883358031893487
0388e0d9-8d10-3b74-a111-fdac480a0825,2026-06-03,22.370335,6ebc7d27-88d5-35f2-857d-fc6f145b17b60057015050
04f49ac6-5f35-3df9-b623-c026f24561e1,2026-06-03,49.057114,4ccf4637-f73f-3ea2-bd9d-89cd0876527e2011240689
0769202c-7965-32a1-8d36-1cd52b64377d,2026-06-03,14.539541,03bfca79-bd1d-3217-a8ee-b032e1a5d4279777514889
0bd9c8a1-cf25-3dfe-9380-6143b1183f53,2026-06-03,33.231147,7ff7d9b9-eb8b-35f9-9265-8dd933d6e5f40824718437
0d06916c-fc74-37b3-8630-7f2eb8b27347,2026-06-03,37.78374,56ab425a-78d4-3e53-8a5d-bee6cc2ff1583272396058
0f7a9277-d005-30c0-8821-910389205cba,2026-06-03,15.953661,1498339f-636a-3ba6-8eaf-f82826cfc66b1703033271
1094d4eb-2c4b-3c82-bb41-36696a775289,2026-06-03,97.310545,8348db4d-a8ba-3dc8-b03d-3f8345e1ce081137124557
1176a69b-fd42-3989-9822-360026e942a4,2026-06-03,64.353546,4b6c12aa-31db-353f-9880-bcdca16d2c971125384531
17e9c47e-62ba-33a6-96e1-95ad3c636d22,2026-06-03,55.426268,77974123-fa35-3834-90f5-d19a2e752e979650064655
19008d6d-be6f-38f0-8a72-4525e9b98022,2026-06-03,116.928,4201befe-1bec-3dec-bd92-ac10a986017a9798478753
1b3fb613-cf66-3fd2-9f95-ff50109c0acd,2026-06-03,70.142282,1fa2f8d6-f706-3946-b03f-934a353439d71816307632
1c3f0a45-334a-3810-b02a-7ba9181fca95,2026-06-03,12.356532,f25a1909-b1f5-354d-9179-29694f6ccd7b0794803399
1eae9205-92f7-36a7-94c5-cb082b3e7211,2026-06-03,26.170695,dd4f2862-ad2c-38c4-98b8-9dfedc77a2173206733718
21e18788-026e-37c1-9a0a-259c58a0fc50,2026-06-03,41.295851,6825bc20-32f9-371b-b653-a8454dd0cf4e9794303102
2269fc50-2d42-3349-9d12-3bc08569d8ae,2026-06-03,15.22078,5bedbf8e-359c-38f3-981e-a44c610ee0489536718275
2331b8d4-3563-3b2b-8bf1-ee54a482c609,2026-06-03,1.698403,0c4befad-a90a-3f28-8b16-9dd39cf80ecc8123775477
28cba5c0-c834-3c34-900a-9d6772fd9c30,2026-06-03,19.095869,1233b0a6-550e-3390-88ce-2a21eefafe917625072302
29513ef6-a0f9-30aa-b2a3-e67dd9c50f2d,2026-06-03,16.682831,4763c9d2-d480-368f-84c3-63cf0c346e577347437891
2bf4e90b-5fb4-3eb6-92bd-c21ab46e7639,2026-06-03,18.176624,4835e147-ad32-3a9a-b1c1-4116ab8c15bf1573038869
33a96067-0e23-3bf3-8d10-cbec5a261a65,2026-06-03,23.68293,4d63f0d2-85ca-3a28-b715-4147577bedb24364586828
363a066c-58b6-3bcf-a7b0-e9729a735ba7,2026-06-03,34.623639,29527eb9-d544-35c2-b9f1-bb262cf6b4159824252521
3980a3b0-7169-37c1-ba12-f7547a8e9e3b,2026-06-03,4.007477,12d66d5c-7532-38c8-893b-c6806919a6290164081510
3c828a67-8a44-3a18-a2db-213948c73e01,2026-06-03,19.227396,4b9e8129-de42-3612-a62a-b99391f3a1c36185507295
423348ca-0838-3372-a616-b4cda0468666,2026-06-03,9.85076,c36a6f4f-bea8-35b0-b824-2c970e256ac26805083472
434188a4-f9da-364f-a6dc-53072f0ec1b3,2026-06-03,30.415573,e25f63b1-614b-3240-9c58-803a43e9bb435024428155
43cc96db-6d25-3ad3-9163-10247bdd66bf,2026-06-03,24.89025,9eddeeed-8808-33dc-9ba2-905a79c87f321161343299
48a891ca-8770-3a95-9414-af5bad034e5a,2026-06-03,11.520207,6a2b2b4f-b163-3211-9417-7ab21b779b6e4168236426
48d69815-2eb5-3bb9-a39b-cbe1ceb52e99,2026-06-03,4.306633,6cfee349-1ef0-3fb2-815c-a8a1f54dfaf82072162601
4a7af055-4d5f-39bf-b0a0-3e957abd6b60,2026-06-03,42.842911,2d350fdb-0d58-3f71-94bc-a8c8ac08ee913457245518
4b3616f0-ccf1-31e3-810e-f668c2042b23,2026-06-03,32.079424,b68e0cee-582f-3f61-89e5-ca032d2062073327596356
4c9d57d4-cc8e-3ffa-a7a2-954c71ef5235,2026-06-03,60.474309,10cf198f-ca0e-3ab3-a33e-629868eaf1657063863282
4d8e0306-9402-312c-8735-520e75542ddf,2026-06-03,14.731632,fc890f93-7094-3cdc-9c17-a9bca9d2149d3600693627
4f630062-21f6-3266-9acd-c0827dbf5c05,2026-06-03,7.92231,8f29efaf-4f24-3d15-82d5-2fc874ce981c6011993181
509c1fe7-94b1-311d-9fd0-979b350e4d61,2026-06-03,67.490347,beeb8cb8-6b14-3b16-b8ec-735f810410575059189611
50be9c42-1c4b-3493-a07c-ffe59fd8491c,2026-06-03,49.684692,edb658c0-31b6-337f-a557-ae881cfe96142560471597
5113b093-acec-3c38-870f-b61a2dd6b880,2026-06-03,64.899519,6de2df31-0e47-37b7-af92-4257cf86aa933125819112
52412506-0a36-3bbc-b4ff-9579aa41f9b1,2026-06-03,8.741888,258df3e5-7e26-3a3f-9326-aace208da4a32337603841
5498a54c-7cf2-3cbb-85d5-1078aa3be4a7,2026-06-03,42.093836,7f2eff44-b501-3d88-8b7a-bc0819c1cbd05256736696
54de7dbc-3f9b-3702-b677-fee85da6201d,2026-06-03,5.992336,d44e39e8-4f08-3623-986b-2646518072bf1207235870
55ad8c29-20dc-320f-8c21-ac3dfd7685ea,2026-06-03,26.552384,59813d11-bc16-3001-915e-9a9eff70c57f6619407622
55b0607e-f635-348a-bc83-f4e52515b7ec,2026-06-03,8.295064,118c8a35-e628-36a2-8499-91a87fa954ea9600440361
5656dbc0-5497-3227-a829-fd8eb574450e,2026-06-03,22.596387,a203c081-9992-358a-b291-2006588558ba6822670837
57437979-1053-38bc-8abf-3f9eba7ffc49,2026-06-03,15.476954,66cc36c9-6f31-3eff-8201-8a0a7f0bd59a0688159859
5a91fc01-e54a-36cc-b759-44260109d8b8,2026-06-03,4.194741,1356d797-66bc-3a72-b11f-7b3084dc9d272348624974
5b4c7154-ad7e-3526-aa3c-45e89d71e721,2026-06-03,177.61957,a5074e62-50d5-364b-aeef-675c60c2ee493068298762
5cb2e039-2dc8-3bad-9d23-4bfddc143afe,2026-06-03,94.756293,8a29b19a-f05e-35e9-8df7-d99b28bf8a8d3280431943
5d21d7da-3e33-3ab4-99ef-3ca2c2ff2c69,2026-06-03,13.056746,b03fc426-da51-3e1c-aa77-6b918bff0e513877121931
5de859d5-b06b-3878-b7f0-64c4e91191df,2026-06-03,3.930017,865e99a1-718b-338b-80ab-7bdcf6c522a91536159266
617065f0-5c37-32d6-a3d6-dc223ac898b3,2026-06-03,20.835896,ae562d52-09ae-3863-b5f0-5ae580696f0f2844325743
6a5b5baa-1f05-3d64-a1f4-6971499443c4,2026-06-03,17.759939,b0d9179b-e6c5-3e83-8c9b-5e28ab8ba0868396215767
6e8a1cb9-329d-3c5e-8d21-4c46a734d1e9,2026-06-03,34.242557,b038cfcb-9c1e-3cde-8676-1be4c1366b8b3024374020
75be5782-378c-39b7-8d80-e4225331c478,2026-06-03,4.929713,e1d9f528-91ca-3b5f-b9e2-c2bc6c32dd155877684651
75c008ab-9d95-3b45-b06c-1ba571bc7895,2026-06-03,10.004689,ec573df9-2361-3e56-a35c-cf369728a6f02624538703
781a0729-d247-332a-a718-196cd4f0844f,2026-06-03,2.263809,c926082b-f5ea-39f0-9b3a-e5bce96b47c35305695375
79874361-3477-38db-9fbd-fc39d1713d69,2026-06-03,13.506271,241900d5-f58b-3b3f-8abc-638d1ad78e024760008737
812c22d3-3843-3385-aa3b-aa8ae91b882a,2026-06-03,28.014309,e7cb4203-d63e-3d55-86b1-e2f3868974688509958032
834aa49a-5a2a-30db-8385-ad60aed26cd7,2026-06-03,91.126775,4b2f77f6-8ea8-3f4d-8688-fe485e1dd22d6927009123
83ac466b-0a2c-3b9f-bc16-cc1733598dc1,2026-06-03,23.021541,fbb1458a-bb03-3a59-81a7-c4bfa04cd8482348091600
84851a10-43f1-3fc8-a358-06f529f15c33,2026-06-03,46.011555,209d6b5c-3879-3f87-9eb1-228cd3cf4edd0737879839
84dcbd6d-e273-316b-8912-4ed74ff8a9be,2026-06-03,17.105697,a26b9066-44c7-31c3-b9fa-04e255b439490462824831
84f354b1-00ae-34ba-b443-ccd2efee613c,2026-06-03,8.992021,8a14f25e-1645-3406-a19d-b9806ef569954307313451
8c272368-ac0c-3bc7-9568-cfbb26f8e749,2026-06-03,16.440206,9ef76979-dca8-3c79-9b0c-a7e5b98cc4183178708115
8c2e2c06-5c7a-359a-8e69-0efdfb7e79bb,2026-06-03,35.616076,02b8249b-d351-36b0-8f66-387e9b5ecd765409838852
8e914a83-9f14-3c6e-8220-79cebd75eda8,2026-06-03,10.87895,561fc8fa-c73c-3cf0-a4da-ce7cc8fda80f4105333844
929f777a-b8ac-3e16-8d77-e8ac77fd282c,2026-06-03,10.411594,1ffd69db-4324-35d3-bc6b-b90daffa00c05540448447
92de990d-30ce-38da-ad78-86a4a56c065b,2026-06-03,11.799442,5a8242fb-5aa7-3d5b-ac68-21ea53c5f9e87894148187
9317e817-504a-35a4-b7c3-68e90b432c45,2026-06-03,20.972599,bd68d9fe-0c5e-3648-8a84-d7649dbc11df2315333603
960a5c04-f3ef-340c-af8a-48e88045ac24,2026-06-03,21.309459,485a6ee1-26d8-3d41-bd32-a72421af1a296123003165
9661bcb6-dd62-3576-b8b0-049874fff3a1,2026-06-03,3.646444,a765656c-b5ea-38d3-b817-93751b0015257870386126
9b195b8e-28d6-386e-8990-1a5bb4dd1bdb,2026-06-03,17.420243,193afc72-4494-30b1-beb3-cd4156f1c97d7901017989
a0f95e73-3897-3dcc-9f5c-faad41b5219c,2026-06-03,103.859637,58b12641-aa5e-3c6d-97a0-f417dd0a469c4411625778
a5068583-4849-35ce-900f-e2ce7f309840,2026-06-03,19.328498,ccacfe15-f7bf-3c92-9308-98112a74aa440314647208
a513bb7e-87ac-35cd-b4a2-6d23427bd2fa,2026-06-03,7.715648,481dceb1-1678-3a7e-b288-d7e2bf0c062a7786339993
a67cec0f-eda0-3d47-af0e-2bd3262a8cf9,2026-06-03,36.164305,edd1002d-960d-3956-8ea2-8ffafe4e3f780323661523
a8d7fd17-4556-3ba6-8223-e88d8ead8fb0,2026-06-03,13.885477,7d10e7ed-604b-3e03-a105-86eebe4f6d9d0233713485
a8e332b8-087a-38b0-8c1b-64db4efadc7a,2026-06-03,29.568659,47b681e7-c3d8-31f6-ab69-43f82db88fa66316703417
ac429fef-9e6b-3e26-a5ea-3122c166230c,2026-06-03,82.938393,81f224a7-cb42-3ee9-9103-e81fcc20756c3353013338
acadf00f-5359-3905-a13e-213d751bffb2,2026-06-03,9.69987,2852258a-e2bf-3b5a-ad87-7915c236685c5632583391
ae5f3d2e-f527-359d-8bcf-846f320f8e57,2026-06-03,8.161126,22f94015-ff23-3150-ae0f-9ef0bb188a207912060816
af753398-35e3-3c49-a7bb-31e2830197f3,2026-06-03,6.815425,b00ef48c-948b-3854-a6bb-ed2ca37487540169593901
b08b0516-052f-31ca-baee-415f1e9f6c1d,2026-06-03,16.427231,8eb78258-dbd8-30ca-8e2f-f57e8806b9340333593055
b095775a-2d08-336f-bccf-d2f71dc4ba3c,2026-06-03,3.978684,fb87865a-444a-3efc-ab25-247ac494cd574338526402
b5344373-538f-3f37-8982-c97e3158144a,2026-06-03,8.294048,2a20868d-41a0-350b-abd7-08a3f9d834063257215959
b571b5d8-c91f-3776-86bd-22c88c5580c2,2026-06-03,37.430372,afafa873-61a8-38e0-8977-cd70cd270f449777286253
b7f8d590-1a7d-3745-82cc-9e0c966c6306,2026-06-03,6.943526,65f0ec49-73ce-37cb-a381-28e7217750090455003993
bce50849-a0e7-3f2b-b22a-24ed60440705,2026-06-03,29.110085,ecbe8abc-16bb-3af7-8cf1-b6d262d3f9915691766209
bf5e2c07-ebd1-3aab-ae92-933140999b06,2026-06-03,19.442155,e12f9949-3428-338b-a05b-b980386cf9872350056648
c10aa2a4-9710-3c19-a603-5595b7214357,2026-06-03,54.998984,1b9ae923-d5d3-3622-a874-ae484c1dba772258873463
c41f2431-16c5-3799-9be8-561415389d5f,2026-06-03,11.23121,35f5e81a-e25c-3ff4-892f-d89a5cfb53448046832917
c4b4c934-c94d-3170-bd1b-d7737b2ab490,2026-06-03,12.091197,ddfedfb4-a197-3bc5-b5b9-3413d396c9d18520739647
c4ec5436-0c6f-389c-b83d-e1f34b408946,2026-06-03,8.065101,6d73a170-b659-36fe-bc67-1faa907dd4b49647063385
c6c1b9c0-072d-3dbf-accc-4c8643cc0c4a,2026-06-03,27.97728,8e833220-412d-3626-aef6-f1d8e255b8961584029669
c7599875-d64e-3ef2-8a6a-a218c4c24bfa,2026-06-03,3.565811,4acd48f6-3379-3b71-a45f-8ba6aad527457333951563
cce1c127-2ff8-3ea0-a9b8-2df2cd888b5b,2026-06-03,33.961906,40fb0c0c-0006-3ab6-84ec-5dc4198294863739942525
cdcbe271-7336-35c3-a44f-1a90281b0857,2026-06-03,23.68458,cc4a0181-1f8b-3069-891f-8f8303116f410950083050
d098b8be-5fd2-3aaf-b08a-03443b43e413,2026-06-03,18.015361,ebfca532-8531-3093-b085-d9b06d8a505a5090987086
d320f92f-4cc3-395c-b6c7-3cb3c7cb3efe,2026-06-03,84.973403,db719257-f1df-3420-b485-acfb0da643a10140791541
d3c48311-d8dc-3e24-95dd-6d2bca767bff,2026-06-03,12.53847,84018d69-0a55-3d24-a877-97aaa31a46cf2815442486
d3d0b6a8-f422-3af5-a62e-826c20495095,2026-06-03,20.558544,9a1ea106-1b3c-358a-b321-05d0ef5590af7934449393
d6f76560-f2a1-3ae9-ab43-eaa1f2033306,2026-06-03,44.418514,df76341f-d9c1-31f1-a511-61e0bba9ac1a9330646801
d76f0b24-1370-3b6f-81fa-de61d93e7ebe,2026-06-03,2.604507,8bb85ae4-103e-305d-9e3e-d9c85ce4b4f27606140443
d85f6c3e-620f-3cc3-9005-9e1beefefdc6,2026-06-03,12.540782,7a3476cf-c702-35d8-ab2c-c3c41701130b3532848987
d86225ec-57c8-3039-9b73-5067e9668517,2026-06-03,2.481926,9befbbd8-c5ed-3abc-9d19-377736924de73675696583
d940c628-4e61-3954-9aee-1aa0a0b6e21f,2026-06-03,12.536544,cbf31122-ee58-37d2-a16f-5d8ff6fcc1cb8640751006
da8b7ad5-701e-38e4-af53-bcb52836386c,2026-06-03,11.974204,5a63d77e-0da6-3691-900f-f20d6593ab0a0016925614
de0bc8c0-4447-382c-b7c7-ce385510a49b,2026-06-03,30.690233,8d66b14e-bf47-35e5-b800-b55ca34760cf6094204743
deb966b3-92f7-329d-905e-7f1df6d16ae7,2026-06-03,40.134946,ebdd5f8a-cc8c-3634-9ae7-5961a431b3824253389532
dfe88e46-3f0b-3bdd-bb8b-d7190cc27582,2026-06-03,37.430467,2f3787a4-af4a-33b1-9633-78e945ce9cbb0630344304
e059f4f2-66b1-346c-8a33-8c16446a8657,2026-06-03,16.101826,2a7ac4ba-1536-3186-93b2-a2c27853a79e9011911429
e1ec776a-9a69-3e5d-a0c5-33a9250b1f19,2026-06-03,11.534223,8dbe6882-1128-323e-98cf-6c6c8fd5be7d0079256300
e402d019-6155-3bff-9228-4911ea446777,2026-06-03,62.358562,d454160e-2dc7-3ac7-86b9-e72c34ef16312394849607
e69f5e43-374e-3577-a194-03eca473eb86,2026-06-03,59.908828,b994cb0e-9aaf-3dbd-a0ab-315cc16c435c1107868581
e71fe34e-9aa5-3ade-8054-a639af523373,2026-06-03,19.228237,b1e661de-87c5-37a4-b0ad-b47b375e798f8517162525
e76bb8c7-e2ca-3a2e-96b4-7d3717dfbe06,2026-06-03,28.060534,e755d9a3-e083-3c09-8b82-e48bcb43e7f81851692813
e83f5cbe-8539-3cbd-b749-7896bd48c47e,2026-06-03,63.163314,f37ca06e-914d-302f-a8eb-903b7734c0c39455202918
ea2319a1-87a9-39c7-978a-631828711569,2026-06-03,29.546614,aa7cd5d3-2fa7-342d-b330-88ea3eded8c73712328503
eeaba3bd-0e65-3eff-80b8-bb415d1cdc89,2026-06-03,20.625648,6d3df8ea-2edd-3fc0-8f44-b14a5c9f858f7358431617
f02cc034-f8c6-39b7-afff-343b04ff2064,2026-06-03,14.746439,4a495ff6-34e1-3d8e-9177-445cdfd39d764430640857
f0699448-f713-378f-9e30-ac35b4b0ddbb,2026-06-03,29.307782,0fcce33d-eb23-3f5d-946b-53b6afe198987280446281
f1809858-d9d7-3db3-8cc3-5793c598044c,2026-06-03,39.987158,7697f751-8371-30c0-81c8-fcc775cadf993437132586
f1ebcf2f-e51e-373c-b8af-374b6efced62,2026-06-03,37.72177,a96795c7-1ef3-330f-9a52-bd611b998fc53408195367
f55d8d9d-5df9-32e8-a43c-40e2d30fe83e,2026-06-03,19.367245,25ce49b4-0e30-37f6-83c9-8fdba57ec8554749707383
f5a2ffe8-63a0-3fe0-82d0-e2780d9d29dc,2026-06-03,12.750515,33dd9c10-10b1-32fe-be4f-7be1047c9ed36643760194
f5c21c69-5b03-320a-ae2e-2554aefff943,2026-06-03,50.756132,1733732a-abce-3040-96d5-89e43d8b44882339867108
f6d44ec5-a47a-3937-931c-9f8412b5fa88,2026-06-03,22.332866,6197876e-4ea6-3121-8a4b-12b6efea400a0240575023
fbb84839-d7f2-363f-a497-68b74f2449f2,2026-06-03,12.86857,76b88c0d-830b-38ed-91c8-6b3757820cc05429571885
fccc0510-f20a-3f28-bf3c-66cfe9fa99d1,2026-06-03,18.123155,218810c6-5f55-31ef-942d-6b8f7944e4a79796581507
fe5c2831-6d72-3f57-b5da-21037ecbeb2f,2026-06-03,16.199746,caac5c39-53fe-3b0e-a941-3f0559293a333871484605
030041c0-f398-3572-9c7e-3edf3d9d2ea3,2026-06-04,12.859384,123b8640-546f-3146-aac1-b5e3a45883358031893487
04f49ac6-5f35-3df9-b623-c026f24561e1,2026-06-04,57.569183,4ccf4637-f73f-3ea2-bd9d-89cd0876527e2011240689
0594d9cc-176f-3811-b8ff-1badba391ea1,2026-06-04,24.51075,7bf9e218-5646-3380-8098-8b14d617d4eb9836650145
06e33f1d-dda0-31b8-915e-bde6cf9b4012,2026-06-04,41.923621,5c1c68c1-feaf-3d3a-8a14-7e795d01c1ba6471737628
0769202c-7965-32a1-8d36-1cd52b64377d,2026-06-04,9.334177,03bfca79-bd1d-3217-a8ee-b032e1a5d4279777514889
0bd9c8a1-cf25-3dfe-9380-6143b1183f53,2026-06-04,18.779302,7ff7d9b9-eb8b-35f9-9265-8dd933d6e5f40824718437
1094d4eb-2c4b-3c82-bb41-36696a775289,2026-06-04,56.038821,8348db4d-a8ba-3dc8-b03d-3f8345e1ce081137124557
1176a69b-fd42-3989-9822-360026e942a4,2026-06-04,96.833919,4b6c12aa-31db-353f-9880-bcdca16d2c971125384531
18a6d5f8-3203-3934-be7c-fef235f8d5ee,2026-06-04,34.025956,d0fc809f-656e-31a8-9e5e-192c6b636f8d5430933548
1bdab13f-7bc5-3e3d-81c9-f9179619fd90,2026-06-04,2.632539,5351c2cb-b7f7-3a9c-acd5-db63cfafda343248281033
1c3f0a45-334a-3810-b02a-7ba9181fca95,2026-06-04,24.313766,f25a1909-b1f5-354d-9179-29694f6ccd7b0794803399
1eae9205-92f7-36a7-94c5-cb082b3e7211,2026-06-04,9.069076,dd4f2862-ad2c-38c4-98b8-9dfedc77a2173206733718
28cba5c0-c834-3c34-900a-9d6772fd9c30,2026-06-04,28.16535,1233b0a6-550e-3390-88ce-2a21eefafe917625072302
29513ef6-a0f9-30aa-b2a3-e67dd9c50f2d,2026-06-04,14.38081,4763c9d2-d480-368f-84c3-63cf0c346e577347437891
32da1b1b-0d42-3b01-a03e-3891e0cc9afd,2026-06-04,10.810962,0caf4254-2a36-3012-a39e-da6c7dc35c289481483767
3615a797-2def-32a3-a0ae-3a6e8eccf080,2026-06-04,45.407977,edfa21ff-76b9-3113-8d97-a175f873fb244866321730
363a066c-58b6-3bcf-a7b0-e9729a735ba7,2026-06-04,35.625293,29527eb9-d544-35c2-b9f1-bb262cf6b4159824252521
3e7f3808-bc28-36c7-8251-a028f5ff5644,2026-06-04,12.41389,18ddeade-5928-3676-ae42-029acd2d6bcb2570795136
3ec4aa61-73df-37f5-af33-ac50b24f1ab5,2026-06-04,26.533323,5530820d-9691-3c0b-895b-b218aa4b299c0225945614
3fe600f0-c808-3676-90fe-909ea8b83ca6,2026-06-04,5.241997,89445095-871b-3498-be52-e63f6b0e774b5355986831
434188a4-f9da-364f-a6dc-53072f0ec1b3,2026-06-04,12.829992,e25f63b1-614b-3240-9c58-803a43e9bb435024428155
43538921-75c3-3004-917b-51c3d8e2a3a6,2026-06-04,27.52604,e213be6c-e983-37d3-b47d-03cfedb25b867590845836
43cc96db-6d25-3ad3-9163-10247bdd66bf,2026-06-04,10.145509,9eddeeed-8808-33dc-9ba2-905a79c87f321161343299
4a7af055-4d5f-39bf-b0a0-3e957abd6b60,2026-06-04,10.266833,2d350fdb-0d58-3f71-94bc-a8c8ac08ee913457245518
4b3616f0-ccf1-31e3-810e-f668c2042b23,2026-06-04,17.24906,b68e0cee-582f-3f61-89e5-ca032d2062073327596356
4c8688bb-e063-39d5-af44-f884b8b1b22f,2026-06-04,60.323457,74ba4416-00a1-3f9b-8c10-30d3118fa7ce7583046913
4c9d57d4-cc8e-3ffa-a7a2-954c71ef5235,2026-06-04,109.192054,10cf198f-ca0e-3ab3-a33e-629868eaf1657063863282
4d62a2a6-a8bb-3084-8568-8b0c0e6c53f9,2026-06-04,9.611536,30709a03-df76-3a99-9f2c-8ccec86cb09e5850066452
4f630062-21f6-3266-9acd-c0827dbf5c05,2026-06-04,16.945814,8f29efaf-4f24-3d15-82d5-2fc874ce981c6011993181
5060be3d-9bbb-3f4e-955c-625e4390c6b7,2026-06-04,16.89048,2aff5a14-b04c-3fb3-98e6-5f847371e3ff9195279440
509c1fe7-94b1-311d-9fd0-979b350e4d61,2026-06-04,71.798155,beeb8cb8-6b14-3b16-b8ec-735f810410575059189611
50be9c42-1c4b-3493-a07c-ffe59fd8491c,2026-06-04,71.096383,edb658c0-31b6-337f-a557-ae881cfe96142560471597
52412506-0a36-3bbc-b4ff-9579aa41f9b1,2026-06-04,10.53523,258df3e5-7e26-3a3f-9326-aace208da4a32337603841
524da203-40d7-33a6-8ab6-b21a0cef3c58,2026-06-04,12.562323,4b414f3b-b1d8-3f11-b80f-a4ce6c6d7a4c9655939769
5498a54c-7cf2-3cbb-85d5-1078aa3be4a7,2026-06-04,26.80564,7f2eff44-b501-3d88-8b7a-bc0819c1cbd05256736696
54de7dbc-3f9b-3702-b677-fee85da6201d,2026-06-04,4.035145,d44e39e8-4f08-3623-986b-2646518072bf1207235870
5656dbc0-5497-3227-a829-fd8eb574450e,2026-06-04,39.558304,a203c081-9992-358a-b291-2006588558ba6822670837
56ab4ff8-d4a1-314d-82eb-cc5055b8d77c,2026-06-04,17.188746,95b986e2-fb52-3222-9a4d-94390d8daa468577144310
57437979-1053-38bc-8abf-3f9eba7ffc49,2026-06-04,26.185649,66cc36c9-6f31-3eff-8201-8a0a7f0bd59a0688159859
57d3f142-33f4-308b-ae84-b183cc99db1b,2026-06-04,13.54862,3347c53c-2e52-3fd7-91f9-f73a7872e66a1890146135
59a3ba74-8a6d-3bac-b0c5-c986595ef898,2026-06-04,78.266903,ca17a29b-11b3-3b00-8787-f6f2b5b82c543974612136
5a91fc01-e54a-36cc-b759-44260109d8b8,2026-06-04,5.256661,1356d797-66bc-3a72-b11f-7b3084dc9d272348624974
5b4c7154-ad7e-3526-aa3c-45e89d71e721,2026-06-04,121.239675,a5074e62-50d5-364b-aeef-675c60c2ee493068298762
5cb2e039-2dc8-3bad-9d23-4bfddc143afe,2026-06-04,67.549918,8a29b19a-f05e-35e9-8df7-d99b28bf8a8d3280431943
5de859d5-b06b-3878-b7f0-64c4e91191df,2026-06-04,2.260626,865e99a1-718b-338b-80ab-7bdcf6c522a91536159266
5f76ba6d-1bf0-3e51-b2e4-3a6d19bc39b9,2026-06-04,30.483804,c708bc56-c900-3691-a10c-994bfde2114d0282457351
64b0ba20-1b28-3b6c-9ffc-402714ee0245,2026-06-04,4.9612,358bf36d-7dae-3d60-9132-32bf3090f2f25850796649
67039b27-800b-3a58-9a33-f99a6beae237,2026-06-04,15.442683,32a35d9f-d35e-32e9-9ab5-42a5e891929f6307601904
68b45261-85be-3d03-a069-5aa6ffe8e8ca,2026-06-04,32.235507,b6a7cc29-e0c8-36bf-9e06-ffc155431b242084275934
6e8a1cb9-329d-3c5e-8d21-4c46a734d1e9,2026-06-04,24.158018,b038cfcb-9c1e-3cde-8676-1be4c1366b8b3024374020
745d78f2-7f7a-3cdd-af4f-c4c3f0a18dbb,2026-06-04,49.38266,f1df5283-191c-30dd-b238-da858232e5d08985022611
74cd4f7c-116b-3316-bf7f-eb46458694da,2026-06-04,59.956798,755c3974-2d2b-3242-8001-42f3d96983649032632994
75be5782-378c-39b7-8d80-e4225331c478,2026-06-04,2.633262,e1d9f528-91ca-3b5f-b9e2-c2bc6c32dd155877684651
760b65eb-45d9-332e-bbdd-15ad2c3223bc,2026-06-04,17.691759,4050495a-d74a-3f1b-b29d-db93ba2a71c15767916558
779e581c-a821-3108-9ebe-a92f9dcfc74c,2026-06-04,70.850649,3a13c3b6-0485-353a-a580-ed21741647e41076187335
781a0729-d247-332a-a718-196cd4f0844f,2026-06-04,9.872268,c926082b-f5ea-39f0-9b3a-e5bce96b47c35305695375
7feb497b-3ee8-39fa-9cfd-72a898f4cf47,2026-06-04,18.052953,90e6638a-edc1-308e-9f27-d8a3719440025129345869
812c22d3-3843-3385-aa3b-aa8ae91b882a,2026-06-04,16.907553,e7cb4203-d63e-3d55-86b1-e2f3868974688509958032
82b47e6e-09d7-36e6-80ab-4506629ff46b,2026-06-04,38.538938,1695d743-ff11-3262-b7c5-f109ac7b016b5800029843
83ac466b-0a2c-3b9f-bc16-cc1733598dc1,2026-06-04,26.994512,fbb1458a-bb03-3a59-81a7-c4bfa04cd8482348091600
84851a10-43f1-3fc8-a358-06f529f15c33,2026-06-04,48.412478,209d6b5c-3879-3f87-9eb1-228cd3cf4edd0737879839
86a53618-ee86-3705-9b6b-f5372a406e5d,2026-06-04,28.019943,31eb179f-ca40-3562-abbc-7ab5302343cf3567482943
87ab0257-a9f6-3705-89f8-f63b9b8f2b0c,2026-06-04,25.935179,dd1dde98-5502-3952-90fe-dc66f816ed747906535428
8c272368-ac0c-3bc7-9568-cfbb26f8e749,2026-06-04,12.563815,9ef76979-dca8-3c79-9b0c-a7e5b98cc4183178708115
8c5b1f37-b3ea-3b4a-a4dd-fad03cfd11b6,2026-06-04,30.540501,5aa0a87f-17b4-3bc7-a55a-7d422bb28fcc9200948756
8ca30a12-e5f4-3017-8037-1616e9ddbb5b,2026-06-04,5.321173,d980087a-73cd-3a85-914f-0dbeb6da2ff07929331557
8cb2a7d2-f605-3df9-981a-2c02b1d1a4e0,2026-06-04,22.406834,c8409fd1-44f6-341e-aa4a-fcdd48e1dec91197407417
8dc72d59-3896-3d24-a51b-3a8a9e1c6713,2026-06-04,19.704111,2bb55a33-fdd0-39b0-8fa8-bf8f9e9997f59421453150
929f777a-b8ac-3e16-8d77-e8ac77fd282c,2026-06-04,5.354147,1ffd69db-4324-35d3-bc6b-b90daffa00c05540448447
92de990d-30ce-38da-ad78-86a4a56c065b,2026-06-04,17.638658,5a8242fb-5aa7-3d5b-ac68-21ea53c5f9e87894148187
9317e817-504a-35a4-b7c3-68e90b432c45,2026-06-04,26.968846,bd68d9fe-0c5e-3648-8a84-d7649dbc11df2315333603
96739dc1-9e37-3b11-8e79-e0a5a57062a1,2026-06-04,78.818058,7b60b05a-7946-3efd-a3a0-0ada59de74070619321536
96be8df1-0628-3c17-acd8-50a096438ea0,2026-06-04,14.105283,7b8d6a5a-3256-3096-8208-171b7eaab4737311108557
9b195b8e-28d6-386e-8990-1a5bb4dd1bdb,2026-06-04,29.510333,193afc72-4494-30b1-beb3-cd4156f1c97d7901017989
9bffe43c-9c3e-3c3f-947d-b83b096a53f5,2026-06-04,7.430367,635d1fea-f7dc-33f1-a406-2689203c6ffe1836896463
9f49149d-e042-3a1f-bcae-0628143c89c0,2026-06-04,24.644183,1511a03d-af95-32d7-82d6-670e957e819a5636652911
9f556308-7e5a-375c-8130-c6284c3c5d5c,2026-06-04,22.678933,24110268-df67-321e-9581-bd29f27ea3618160468027
a06461db-ef00-3481-9827-c829471e7245,2026-06-04,3.711519,5511d59c-db31-37fb-8790-ae49b8ec4ba25737611269
a0f95e73-3897-3dcc-9f5c-faad41b5219c,2026-06-04,135.706334,58b12641-aa5e-3c6d-97a0-f417dd0a469c4411625778
a12779cf-ff75-376e-9cb4-73e937a3c164,2026-06-04,35.170507,ba19c2fb-8246-3ab8-b894-67973ae2268a8549866658
a3f48154-490b-350b-9f4e-74835b5aaaae,2026-06-04,14.140532,95ed8b8c-c59c-372a-b31e-6543997b82d74860620288
a5068583-4849-35ce-900f-e2ce7f309840,2026-06-04,29.382307,ccacfe15-f7bf-3c92-9308-98112a74aa440314647208
a513bb7e-87ac-35cd-b4a2-6d23427bd2fa,2026-06-04,18.383853,481dceb1-1678-3a7e-b288-d7e2bf0c062a7786339993
ab0c7a3d-b6a3-3c71-a9f6-6f5167fbf2d9,2026-06-04,8.452053,6e8c3bb5-37b6-3aa6-a40a-2cf1d71e64fa4807837875
ab5f37ff-9008-3c2a-a32b-c29632f4ea67,2026-06-04,5.195867,0d40eb23-7edb-3787-8cb8-7b09de3075fc1665666263
acadf00f-5359-3905-a13e-213d751bffb2,2026-06-04,6.384549,2852258a-e2bf-3b5a-ad87-7915c236685c5632583391
af15418c-707a-3e54-a465-034a3b570a96,2026-06-04,21.262602,89b93f60-7af8-31b9-aacf-45885de7f2069142372275
b095775a-2d08-336f-bccf-d2f71dc4ba3c,2026-06-04,6.116287,fb87865a-444a-3efc-ab25-247ac494cd574338526402
b1d22b60-1492-37de-a246-db25e91bfb1f,2026-06-04,35.192331,ba855984-6afa-3f25-82a9-033558199c9b4291338588
b20c7e06-4ac3-32d4-be1f-8d8ca043e124,2026-06-04,19.415235,650b165d-6706-35fc-bfd9-fcbb4c66d7bc6712610403
b32150f1-1acd-3990-ad31-f63fed66b1cf,2026-06-04,48.911128,27222e5f-5d35-3311-be74-7f592e6bb2553842641276
b516e127-e0a8-3444-a387-7ee0a83c2029,2026-06-04,1.243605,cc30fb51-7115-329e-acbb-6cf3b4f138c85952469832
b5344373-538f-3f37-8982-c97e3158144a,2026-06-04,8.788558,2a20868d-41a0-350b-abd7-08a3f9d834063257215959
b7f8d590-1a7d-3745-82cc-9e0c966c6306,2026-06-04,14.025947,65f0ec49-73ce-37cb-a381-28e7217750090455003993
b8587185-2c84-31de-88cc-fe6d3eacc72b,2026-06-04,132.999006,e6e35728-813d-3acc-a33b-e74a927cf6fd8432089109
b99742c8-7da0-3e81-ab3c-eb775e9f5d24,2026-06-04,56.949931,83de6687-9540-3db3-a6d6-f036d634a1c63930926163
b9f874e5-bbd8-332a-9f2e-a024bb815cf9,2026-06-04,85.597074,0183e024-3556-38ab-8f83-a2397dc1c7ff0961989030
bce50849-a0e7-3f2b-b22a-24ed60440705,2026-06-04,10.98563,ecbe8abc-16bb-3af7-8cf1-b6d262d3f9915691766209
beac6842-6d1c-39f8-bd3d-f2cbddfe2e23,2026-06-04,26.567686,71933d57-e488-3aa3-b364-7c195cfded299062716503
beb1d1c6-4fa9-36a8-a06f-1dc58ab74161,2026-06-04,5.388325,69be3936-f12c-34ad-b6bc-7a9f397f7d580253357983
c0f8ab9f-4b7b-3f4f-b576-f80ad3cb5399,2026-06-04,9.009667,ae6fce59-c426-3691-b4cc-2e7f01a5433a0719674315
c4b4c934-c94d-3170-bd1b-d7737b2ab490,2026-06-04,8.510264,ddfedfb4-a197-3bc5-b5b9-3413d396c9d18520739647
c4ec5436-0c6f-389c-b83d-e1f34b408946,2026-06-04,10.595622,6d73a170-b659-36fe-bc67-1faa907dd4b49647063385
c6c1b9c0-072d-3dbf-accc-4c8643cc0c4a,2026-06-04,39.641448,8e833220-412d-3626-aef6-f1d8e255b8961584029669
c7599875-d64e-3ef2-8a6a-a218c4c24bfa,2026-06-04,12.714035,4acd48f6-3379-3b71-a45f-8ba6aad527457333951563
c8c964e3-6f43-33e9-8a11-e9eaf55933ba,2026-06-04,68.403364,db1bd750-5b46-3bea-9d82-c79a18a08d0d0806001910
caacaf00-76dc-3d35-955a-b0b7289c1497,2026-06-04,4.836662,5428bbad-02ec-3bbd-b559-a02cb4c2701a9853561586
cce1c127-2ff8-3ea0-a9b8-2df2cd888b5b,2026-06-04,45.58383,40fb0c0c-0006-3ab6-84ec-5dc4198294863739942525
cdcbe271-7336-35c3-a44f-1a90281b0857,2026-06-04,21.590291,cc4a0181-1f8b-3069-891f-8f8303116f410950083050
ce7a22b8-f3c0-3690-acac-8b5a7bf4c798,2026-06-04,45.703567,75a3be66-cc33-35b3-aa17-355486d71eeb4926576029
d3c48311-d8dc-3e24-95dd-6d2bca767bff,2026-06-04,27.845614,84018d69-0a55-3d24-a877-97aaa31a46cf2815442486
d3d0b6a8-f422-3af5-a62e-826c20495095,2026-06-04,5.856944,9a1ea106-1b3c-358a-b321-05d0ef5590af7934449393
d6f76560-f2a1-3ae9-ab43-eaa1f2033306,2026-06-04,31.181551,df76341f-d9c1-31f1-a511-61e0bba9ac1a9330646801
d72106c4-021a-3b57-bf48-7b6f2c14df23,2026-06-04,5.715635,e7b18bc4-313f-33d3-ad46-7b5d777f74ca3565120826
d76f0b24-1370-3b6f-81fa-de61d93e7ebe,2026-06-04,1.429205,8bb85ae4-103e-305d-9e3e-d9c85ce4b4f27606140443
d834b72d-c2cc-391e-8a0c-c3f147eeb522,2026-06-04,26.238394,62331e5f-4437-3168-b6e9-aa00c1ae49235115900219
d85f6c3e-620f-3cc3-9005-9e1beefefdc6,2026-06-04,16.483373,7a3476cf-c702-35d8-ab2c-c3c41701130b3532848987
d940c628-4e61-3954-9aee-1aa0a0b6e21f,2026-06-04,15.816549,cbf31122-ee58-37d2-a16f-5d8ff6fcc1cb8640751006
da8b7ad5-701e-38e4-af53-bcb52836386c,2026-06-04,8.969731,5a63d77e-0da6-3691-900f-f20d6593ab0a0016925614
de0bc8c0-4447-382c-b7c7-ce385510a49b,2026-06-04,45.44239,8d66b14e-bf47-35e5-b800-b55ca34760cf6094204743
dee4128a-2091-303c-8411-15401a64ec03,2026-06-04,103.854573,7d2de236-8dd1-333c-b3b2-c7d8bd4250cd6306917490
dfc70541-9d37-355c-af06-9bf106459cdb,2026-06-04,12.797587,8d616aa1-7ca1-3b18-a990-d3dd7b63d8ea3801525816
e0ab7ac6-23e5-3ce5-aef4-d9e2e575bb7a,2026-06-04,3.010962,36f25be1-e4a7-34ea-a4d5-d394fb2065cc2046082019
e1ec776a-9a69-3e5d-a0c5-33a9250b1f19,2026-06-04,7.455691,8dbe6882-1128-323e-98cf-6c6c8fd5be7d0079256300
e402d019-6155-3bff-9228-4911ea446777,2026-06-04,107.491461,d454160e-2dc7-3ac7-86b9-e72c34ef16312394849607
e41ed1fc-302f-351c-8dbd-1ccac5078a09,2026-06-04,22.530996,4a944e09-e32f-36d7-b5a4-e211ca471f446730403642
e69f5e43-374e-3577-a194-03eca473eb86,2026-06-04,24.064961,b994cb0e-9aaf-3dbd-a0ab-315cc16c435c1107868581
e6a4f012-2129-36d0-bf2f-6e3c384f5497,2026-06-04,19.4802,30a74d31-d91b-3ff9-b591-0ed7882600e46693238563
e71fe34e-9aa5-3ade-8054-a639af523373,2026-06-04,17.6299,b1e661de-87c5-37a4-b0ad-b47b375e798f8517162525
e83f5cbe-8539-3cbd-b749-7896bd48c47e,2026-06-04,88.540738,f37ca06e-914d-302f-a8eb-903b7734c0c39455202918
e91fcfab-7cdf-31df-8933-e788688d8288,2026-06-04,26.42237,fe28678b-e200-3a9d-a1de-effda4879d2c1615844509
ebbf605d-a94c-3f16-9ae0-5449c87f4002,2026-06-04,44.515547,c01d7453-03eb-38be-bc95-24391aa315144796657446
ed0a8ed8-2282-3fec-82db-fafd297cdb61,2026-06-04,16.086526,4e3099ad-3bc5-3b23-837d-8c897adc8c894362553996
eeaba3bd-0e65-3eff-80b8-bb415d1cdc89,2026-06-04,20.986616,6d3df8ea-2edd-3fc0-8f44-b14a5c9f858f7358431617
f02cc034-f8c6-39b7-afff-343b04ff2064,2026-06-04,15.878097,4a495ff6-34e1-3d8e-9177-445cdfd39d764430640857
f0699448-f713-378f-9e30-ac35b4b0ddbb,2026-06-04,19.057161,0fcce33d-eb23-3f5d-946b-53b6afe198987280446281
f1809858-d9d7-3db3-8cc3-5793c598044c,2026-06-04,38.127487,7697f751-8371-30c0-81c8-fcc775cadf993437132586
f1ebcf2f-e51e-373c-b8af-374b6efced62,2026-06-04,24.254394,a96795c7-1ef3-330f-9a52-bd611b998fc53408195367
f28c27e1-116f-3bfa-87a3-a4aec05ef6ed,2026-06-04,28.299822,06747886-3cd5-3df7-b4e3-5300fd43ba8b6993791108
f55d8d9d-5df9-32e8-a43c-40e2d30fe83e,2026-06-04,18.631486,25ce49b4-0e30-37f6-83c9-8fdba57ec8554749707383
f5c21c69-5b03-320a-ae2e-2554aefff943,2026-06-04,64.75063,1733732a-abce-3040-96d5-89e43d8b44882339867108
f6d44ec5-a47a-3937-931c-9f8412b5fa88,2026-06-04,13.453215,6197876e-4ea6-3121-8a4b-12b6efea400a0240575023
fbb84839-d7f2-363f-a497-68b74f2449f2,2026-06-04,13.06966,76b88c0d-830b-38ed-91c8-6b3757820cc05429571885
fccc0510-f20a-3f28-bf3c-66cfe9fa99d1,2026-06-04,15.717466,218810c6-5f55-31ef-942d-6b8f7944e4a79796581507
fe5c2831-6d72-3f57-b5da-21037ecbeb2f,2026-06-04,14.597476,caac5c39-53fe-3b0e-a941-3f0559293a333871484605
030041c0-f398-3572-9c7e-3edf3d9d2ea3,2026-06-05,7.071257,123b8640-546f-3146-aac1-b5e3a45883358031893487
0388e0d9-8d10-3b74-a111-fdac480a0825,2026-06-05,19.01522,6ebc7d27-88d5-35f2-857d-fc6f145b17b60057015050
04f49ac6-5f35-3df9-b623-c026f24561e1,2026-06-05,70.268215,4ccf4637-f73f-3ea2-bd9d-89cd0876527e2011240689
0594d9cc-176f-3811-b8ff-1badba391ea1,2026-06-05,23.704123,7bf9e218-5646-3380-8098-8b14d617d4eb9836650145
0834a8d5-db47-3f2b-8f52-89726cb486de,2026-06-05,17.241476,adb191b8-a33a-343b-b97c-1c5b503b06aa2102226204
0bd9c8a1-cf25-3dfe-9380-6143b1183f53,2026-06-05,33.423124,7ff7d9b9-eb8b-35f9-9265-8dd933d6e5f40824718437
0d06916c-fc74-37b3-8630-7f2eb8b27347,2026-06-05,60.564812,56ab425a-78d4-3e53-8a5d-bee6cc2ff1583272396058
0d66e094-d57b-3221-bdb4-ff9f2a6fa6b6,2026-06-05,57.381931,a1f98fd1-522c-331e-93df-e0e3c705c1c60127744720
0f7a9277-d005-30c0-8821-910389205cba,2026-06-05,12.202643,1498339f-636a-3ba6-8eaf-f82826cfc66b1703033271
1094d4eb-2c4b-3c82-bb41-36696a775289,2026-06-05,92.332868,8348db4d-a8ba-3dc8-b03d-3f8345e1ce081137124557
1176a69b-fd42-3989-9822-360026e942a4,2026-06-05,64.523637,4b6c12aa-31db-353f-9880-bcdca16d2c971125384531
15d19e1d-74b8-3948-867f-63a4a1188539,2026-06-05,40.094338,3a0da385-e669-30df-8f17-ee93aea6a3a63054977077
15f19ccf-5f54-370e-914a-19ef0d6e7bfe,2026-06-05,72.719282,d0dca904-0a39-3f70-8f24-23b3f8543cae9283252446
17e9c47e-62ba-33a6-96e1-95ad3c636d22,2026-06-05,59.99742,77974123-fa35-3834-90f5-d19a2e752e979650064655
18a6d5f8-3203-3934-be7c-fef235f8d5ee,2026-06-05,19.364431,d0fc809f-656e-31a8-9e5e-192c6b636f8d5430933548
18d39ce1-5a60-3a9e-9621-bfa693409e77,2026-06-05,25.164449,136386ac-0d76-3f46-b05e-ad2dc8a2fa238045910511
19008d6d-be6f-38f0-8a72-4525e9b98022,2026-06-05,53.135831,4201befe-1bec-3dec-bd92-ac10a986017a9798478753
1bdab13f-7bc5-3e3d-81c9-f9179619fd90,2026-06-05,5.236524,5351c2cb-b7f7-3a9c-acd5-db63cfafda343248281033
1c3f0a45-334a-3810-b02a-7ba9181fca95,2026-06-05,34.047073,f25a1909-b1f5-354d-9179-29694f6ccd7b0794803399
2111daa9-5dbb-36aa-b675-efab46559d5d,2026-06-05,2.388221,93fc0a2e-adf6-3b5c-a38a-8aaf0af2466c8463812397
28cba5c0-c834-3c34-900a-9d6772fd9c30,2026-06-05,23.58899,1233b0a6-550e-3390-88ce-2a21eefafe917625072302
29513ef6-a0f9-30aa-b2a3-e67dd9c50f2d,2026-06-05,14.766443,4763c9d2-d480-368f-84c3-63cf0c346e577347437891
29768e10-7435-3d69-8503-a6f77e57bdcd,2026-06-05,16.872306,103d1a25-7f36-33f7-97c6-656f5dff4f1c8078021025
2fd79494-a377-3a29-a882-b11802cfee0c,2026-06-05,12.000336,e50f86b5-d7cd-3a80-a5b4-78c659980b001758781599
323a2cac-7231-3d1b-90b0-babcb0cf55ba,2026-06-05,13.63638,6110ae57-4fb0-3294-9c39-0fdab85c823b7854159322
33a96067-0e23-3bf3-8d10-cbec5a261a65,2026-06-05,41.461146,4d63f0d2-85ca-3a28-b715-4147577bedb24364586828
363a066c-58b6-3bcf-a7b0-e9729a735ba7,2026-06-05,35.786902,29527eb9-d544-35c2-b9f1-bb262cf6b4159824252521
3980a3b0-7169-37c1-ba12-f7547a8e9e3b,2026-06-05,2.950642,12d66d5c-7532-38c8-893b-c6806919a6290164081510
3e7f3808-bc28-36c7-8251-a028f5ff5644,2026-06-05,36.65642,18ddeade-5928-3676-ae42-029acd2d6bcb2570795136
3ec4aa61-73df-37f5-af33-ac50b24f1ab5,2026-06-05,26.73068,5530820d-9691-3c0b-895b-b218aa4b299c0225945614
3f3adad3-22df-3188-a572-bab43c8f0258,2026-06-05,53.831433,b2628cd8-ae87-339b-8a4a-eb87332124ab1738661597
3fe600f0-c808-3676-90fe-909ea8b83ca6,2026-06-05,6.332263,89445095-871b-3498-be52-e63f6b0e774b5355986831
423348ca-0838-3372-a616-b4cda0468666,2026-06-05,9.941621,c36a6f4f-bea8-35b0-b824-2c970e256ac26805083472
434188a4-f9da-364f-a6dc-53072f0ec1b3,2026-06-05,27.359143,e25f63b1-614b-3240-9c58-803a43e9bb435024428155
43538921-75c3-3004-917b-51c3d8e2a3a6,2026-06-05,35.92978,e213be6c-e983-37d3-b47d-03cfedb25b867590845836
460c19ec-738f-33e2-84b8-3a300f8ee989,2026-06-05,23.228686,96b09d04-ac8f-311f-bac8-ca0a14edd5799345959495
48d69815-2eb5-3bb9-a39b-cbe1ceb52e99,2026-06-05,10.525083,6cfee349-1ef0-3fb2-815c-a8a1f54dfaf82072162601
4a7af055-4d5f-39bf-b0a0-3e957abd6b60,2026-06-05,39.352331,2d350fdb-0d58-3f71-94bc-a8c8ac08ee913457245518
4b3616f0-ccf1-31e3-810e-f668c2042b23,2026-06-05,20.200888,b68e0cee-582f-3f61-89e5-ca032d2062073327596356
4c9d57d4-cc8e-3ffa-a7a2-954c71ef5235,2026-06-05,68.765697,10cf198f-ca0e-3ab3-a33e-629868eaf1657063863282
4d8e0306-9402-312c-8735-520e75542ddf,2026-06-05,18.06703,fc890f93-7094-3cdc-9c17-a9bca9d2149d3600693627
4f630062-21f6-3266-9acd-c0827dbf5c05,2026-06-05,21.114918,8f29efaf-4f24-3d15-82d5-2fc874ce981c6011993181
509c1fe7-94b1-311d-9fd0-979b350e4d61,2026-06-05,47.969983,beeb8cb8-6b14-3b16-b8ec-735f810410575059189611
50be9c42-1c4b-3493-a07c-ffe59fd8491c,2026-06-05,72.319544,edb658c0-31b6-337f-a557-ae881cfe96142560471597
524da203-40d7-33a6-8ab6-b21a0cef3c58,2026-06-05,31.295939,4b414f3b-b1d8-3f11-b80f-a4ce6c6d7a4c9655939769
5498a54c-7cf2-3cbb-85d5-1078aa3be4a7,2026-06-05,27.668606,7f2eff44-b501-3d88-8b7a-bc0819c1cbd05256736696
54de7dbc-3f9b-3702-b677-fee85da6201d,2026-06-05,6.832254,d44e39e8-4f08-3623-986b-2646518072bf1207235870
55ad8c29-20dc-320f-8c21-ac3dfd7685ea,2026-06-05,35.176668,59813d11-bc16-3001-915e-9a9eff70c57f6619407622
5656dbc0-5497-3227-a829-fd8eb574450e,2026-06-05,37.343377,a203c081-9992-358a-b291-2006588558ba6822670837
56ab4ff8-d4a1-314d-82eb-cc5055b8d77c,2026-06-05,17.122247,95b986e2-fb52-3222-9a4d-94390d8daa468577144310
57437979-1053-38bc-8abf-3f9eba7ffc49,2026-06-05,21.76777,66cc36c9-6f31-3eff-8201-8a0a7f0bd59a0688159859
577fb2a5-642d-3f7e-8720-21da3c10d3d9,2026-06-05,17.583155,2275bace-3655-3145-b773-9b9320588f9f1599611388
591e07f6-72df-366d-a512-d5ee900f7c15,2026-06-05,29.135054,abb3cf38-3fad-3baa-af44-c9b4d24608456857996865
5d21d7da-3e33-3ab4-99ef-3ca2c2ff2c69,2026-06-05,23.525757,b03fc426-da51-3e1c-aa77-6b918bff0e513877121931
5fa5d9c4-22b7-39f7-a3b2-d521ea60b47b,2026-06-05,15.926361,ab4ba1b3-b598-3bfb-8df0-768a0df60d506177714931
6001b0b7-96fc-3fe1-aef1-329c8e2f62ce,2026-06-05,11.733614,6e29cd08-5d8b-32dd-baf0-fc5123d964c69692072979
64b0ba20-1b28-3b6c-9ffc-402714ee0245,2026-06-05,15.236423,358bf36d-7dae-3d60-9132-32bf3090f2f25850796649
6c21f96e-4015-302f-a95a-0918b22b3ad8,2026-06-05,6.389921,2083bc7f-bc65-3533-b831-de38c4ce41a85705530326
72e3323e-cebd-3aa6-a736-9022afb37e21,2026-06-05,40.390456,dd1d2448-04ec-3dd9-9b0e-69f5e79a93407723570593
745d78f2-7f7a-3cdd-af4f-c4c3f0a18dbb,2026-06-05,53.25978,f1df5283-191c-30dd-b238-da858232e5d08985022611
74cd4f7c-116b-3316-bf7f-eb46458694da,2026-06-05,100.520067,755c3974-2d2b-3242-8001-42f3d96983649032632994
75be5782-378c-39b7-8d80-e4225331c478,2026-06-05,5.130143,e1d9f528-91ca-3b5f-b9e2-c2bc6c32dd155877684651
760b65eb-45d9-332e-bbdd-15ad2c3223bc,2026-06-05,23.130141,4050495a-d74a-3f1b-b29d-db93ba2a71c15767916558
812c22d3-3843-3385-aa3b-aa8ae91b882a,2026-06-05,6.360306,e7cb4203-d63e-3d55-86b1-e2f3868974688509958032
82a48b8e-4fa5-3f42-857c-71fbe24937aa,2026-06-05,20.509709,78999b98-2dd1-3379-978c-e2474a4a43306995668347
834aa49a-5a2a-30db-8385-ad60aed26cd7,2026-06-05,121.029626,4b2f77f6-8ea8-3f4d-8688-fe485e1dd22d6927009123
84f354b1-00ae-34ba-b443-ccd2efee613c,2026-06-05,3.095966,8a14f25e-1645-3406-a19d-b9806ef569954307313451
85cb1e88-d121-35a6-a362-3cdc80917d44,2026-06-05,532.723557,1671f2df-523c-3e25-a845-e2ad655275ec3253687227
929f777a-b8ac-3e16-8d77-e8ac77fd282c,2026-06-05,9.827506,1ffd69db-4324-35d3-bc6b-b90daffa00c05540448447
92de990d-30ce-38da-ad78-86a4a56c065b,2026-06-05,14.837647,5a8242fb-5aa7-3d5b-ac68-21ea53c5f9e87894148187
9317e817-504a-35a4-b7c3-68e90b432c45,2026-06-05,20.360648,bd68d9fe-0c5e-3648-8a84-d7649dbc11df2315333603
949ebf54-2340-343d-959a-0f34372577da,2026-06-05,54.057265,181570ff-51a4-3333-82ec-c322cfc915d01750361380
956008d9-c7c8-3450-a799-ccd802fc2078,2026-06-05,56.958669,ac8597c6-2e0c-3fce-bd96-0eeae07b92825791469057
960a5c04-f3ef-340c-af8a-48e88045ac24,2026-06-05,18.331995,485a6ee1-26d8-3d41-bd32-a72421af1a296123003165
96739dc1-9e37-3b11-8e79-e0a5a57062a1,2026-06-05,104.615605,7b60b05a-7946-3efd-a3a0-0ada59de74070619321536
9784049c-35d1-3534-8c4b-f4cea920d4ff,2026-06-05,9.220471,14447399-901c-34b2-b211-14fb9e9b062c7605520623
9a736669-65a4-3b3e-a4b5-8f6ec9654a84,2026-06-05,18.634905,bd347e86-1b36-3407-80b6-78a2f2dae41e9793909208
9b195b8e-28d6-386e-8990-1a5bb4dd1bdb,2026-06-05,23.689091,193afc72-4494-30b1-beb3-cd4156f1c97d7901017989
9bddd6f0-dd41-333e-aac7-f757b18ea2aa,2026-06-05,17.775445,c6545cb9-33df-373c-8ac9-ce43225c9d986458695776
9bffe43c-9c3e-3c3f-947d-b83b096a53f5,2026-06-05,23.956715,635d1fea-f7dc-33f1-a406-2689203c6ffe1836896463
9f49149d-e042-3a1f-bcae-0628143c89c0,2026-06-05,15.059859,1511a03d-af95-32d7-82d6-670e957e819a5636652911
9f556308-7e5a-375c-8130-c6284c3c5d5c,2026-06-05,9.5441,24110268-df67-321e-9581-bd29f27ea3618160468027
a06461db-ef00-3481-9827-c829471e7245,2026-06-05,4.827415,5511d59c-db31-37fb-8790-ae49b8ec4ba25737611269
a0f95e73-3897-3dcc-9f5c-faad41b5219c,2026-06-05,93.732305,58b12641-aa5e-3c6d-97a0-f417dd0a469c4411625778
a12779cf-ff75-376e-9cb4-73e937a3c164,2026-06-05,28.47861,ba19c2fb-8246-3ab8-b894-67973ae2268a8549866658
a5068583-4849-35ce-900f-e2ce7f309840,2026-06-05,21.381449,ccacfe15-f7bf-3c92-9308-98112a74aa440314647208
a513bb7e-87ac-35cd-b4a2-6d23427bd2fa,2026-06-05,18.408131,481dceb1-1678-3a7e-b288-d7e2bf0c062a7786339993
ab0c7a3d-b6a3-3c71-a9f6-6f5167fbf2d9,2026-06-05,20.706266,6e8c3bb5-37b6-3aa6-a40a-2cf1d71e64fa4807837875
ab5f37ff-9008-3c2a-a32b-c29632f4ea67,2026-06-05,5.344641,0d40eb23-7edb-3787-8cb8-7b09de3075fc1665666263
ac429fef-9e6b-3e26-a5ea-3122c166230c,2026-06-05,61.079773,81f224a7-cb42-3ee9-9103-e81fcc20756c3353013338
acadf00f-5359-3905-a13e-213d751bffb2,2026-06-05,6.705621,2852258a-e2bf-3b5a-ad87-7915c236685c5632583391
b095775a-2d08-336f-bccf-d2f71dc4ba3c,2026-06-05,2.062687,fb87865a-444a-3efc-ab25-247ac494cd574338526402
b1d22b60-1492-37de-a246-db25e91bfb1f,2026-06-05,23.468086,ba855984-6afa-3f25-82a9-033558199c9b4291338588
b5344373-538f-3f37-8982-c97e3158144a,2026-06-05,4.849101,2a20868d-41a0-350b-abd7-08a3f9d834063257215959
b5709237-397b-3941-956e-9aae6c3073df,2026-06-05,28.384307,40661a1d-730c-3401-ac95-404ff28d00c85125452721
b571b5d8-c91f-3776-86bd-22c88c5580c2,2026-06-05,40.705423,afafa873-61a8-38e0-8977-cd70cd270f449777286253
b5b7bbb0-1312-34a4-8934-10fe49cea8ed,2026-06-05,37.822076,c1179ffe-16b5-3808-a61b-c697ad5655cd0958447347
b7f8d590-1a7d-3745-82cc-9e0c966c6306,2026-06-05,26.984725,65f0ec49-73ce-37cb-a381-28e7217750090455003993
b99742c8-7da0-3e81-ab3c-eb775e9f5d24,2026-06-05,32.39705,83de6687-9540-3db3-a6d6-f036d634a1c63930926163
b9f874e5-bbd8-332a-9f2e-a024bb815cf9,2026-06-05,78.345949,0183e024-3556-38ab-8f83-a2397dc1c7ff0961989030
bce50849-a0e7-3f2b-b22a-24ed60440705,2026-06-05,14.679958,ecbe8abc-16bb-3af7-8cf1-b6d262d3f9915691766209
bde82a06-b2ee-3309-b4b0-d268a38e4c2c,2026-06-05,126.365072,37f054fc-a7a4-3b27-aefa-23a338a7e9b08878786853
beb1d1c6-4fa9-36a8-a06f-1dc58ab74161,2026-06-05,7.032032,69be3936-f12c-34ad-b6bc-7a9f397f7d580253357983
bf5e2c07-ebd1-3aab-ae92-933140999b06,2026-06-05,28.94968,e12f9949-3428-338b-a05b-b980386cf9872350056648
c0f8ab9f-4b7b-3f4f-b576-f80ad3cb5399,2026-06-05,18.869093,ae6fce59-c426-3691-b4cc-2e7f01a5433a0719674315
c3811eff-eb0f-3e83-943e-18b5d09919e4,2026-06-05,15.048763,b38c4c71-2ecc-3478-967b-30176508f2a82808970508
c3f4e978-22c4-3743-a4d7-8dc20df21654,2026-06-05,29.441602,08043945-b9cb-35c8-8007-ea153d9880273125348988
c4b4c934-c94d-3170-bd1b-d7737b2ab490,2026-06-05,14.820278,ddfedfb4-a197-3bc5-b5b9-3413d396c9d18520739647
c4ec5436-0c6f-389c-b83d-e1f34b408946,2026-06-05,2.613144,6d73a170-b659-36fe-bc67-1faa907dd4b49647063385
c7599875-d64e-3ef2-8a6a-a218c4c24bfa,2026-06-05,12.760239,4acd48f6-3379-3b71-a45f-8ba6aad527457333951563
c822da7e-5c87-391a-9bd0-9180e6eec541,2026-06-05,10.550952,daee146e-20b0-3b20-ac57-2cfa4b2a76189741106172
c8c964e3-6f43-33e9-8a11-e9eaf55933ba,2026-06-05,96.062335,db1bd750-5b46-3bea-9d82-c79a18a08d0d0806001910
caacaf00-76dc-3d35-955a-b0b7289c1497,2026-06-05,14.445442,5428bbad-02ec-3bbd-b559-a02cb4c2701a9853561586
cdcbe271-7336-35c3-a44f-1a90281b0857,2026-06-05,26.77066,cc4a0181-1f8b-3069-891f-8f8303116f410950083050
ce7a22b8-f3c0-3690-acac-8b5a7bf4c798,2026-06-05,32.027881,75a3be66-cc33-35b3-aa17-355486d71eeb4926576029
d0d4b259-ec1f-3b6a-8049-3806591baaaa,2026-06-05,43.658236,5efd1e53-68c5-3d64-985e-f3832ec8f9a12264182398
d320f92f-4cc3-395c-b6c7-3cb3c7cb3efe,2026-06-05,58.320984,db719257-f1df-3420-b485-acfb0da643a10140791541
d3c48311-d8dc-3e24-95dd-6d2bca767bff,2026-06-05,19.415915,84018d69-0a55-3d24-a877-97aaa31a46cf2815442486
d3d0b6a8-f422-3af5-a62e-826c20495095,2026-06-05,8.044491,9a1ea106-1b3c-358a-b321-05d0ef5590af7934449393
d834b72d-c2cc-391e-8a0c-c3f147eeb522,2026-06-05,24.762554,62331e5f-4437-3168-b6e9-aa00c1ae49235115900219
d85f6c3e-620f-3cc3-9005-9e1beefefdc6,2026-06-05,8.431069,7a3476cf-c702-35d8-ab2c-c3c41701130b3532848987
d86225ec-57c8-3039-9b73-5067e9668517,2026-06-05,0.856089,9befbbd8-c5ed-3abc-9d19-377736924de73675696583
da8b7ad5-701e-38e4-af53-bcb52836386c,2026-06-05,23.576173,5a63d77e-0da6-3691-900f-f20d6593ab0a0016925614
e0ab7ac6-23e5-3ce5-aef4-d9e2e575bb7a,2026-06-05,4.097284,36f25be1-e4a7-34ea-a4d5-d394fb2065cc2046082019
e1ec776a-9a69-3e5d-a0c5-33a9250b1f19,2026-06-05,15.486416,8dbe6882-1128-323e-98cf-6c6c8fd5be7d0079256300
e402d019-6155-3bff-9228-4911ea446777,2026-06-05,55.307205,d454160e-2dc7-3ac7-86b9-e72c34ef16312394849607
e41ed1fc-302f-351c-8dbd-1ccac5078a09,2026-06-05,32.713354,4a944e09-e32f-36d7-b5a4-e211ca471f446730403642
e69f5e43-374e-3577-a194-03eca473eb86,2026-06-05,26.670696,b994cb0e-9aaf-3dbd-a0ab-315cc16c435c1107868581
e76bb8c7-e2ca-3a2e-96b4-7d3717dfbe06,2026-06-05,28.798357,e755d9a3-e083-3c09-8b82-e48bcb43e7f81851692813
ed0a8ed8-2282-3fec-82db-fafd297cdb61,2026-06-05,10.99584,4e3099ad-3bc5-3b23-837d-8c897adc8c894362553996
eeaba3bd-0e65-3eff-80b8-bb415d1cdc89,2026-06-05,21.791189,6d3df8ea-2edd-3fc0-8f44-b14a5c9f858f7358431617
f02cc034-f8c6-39b7-afff-343b04ff2064,2026-06-05,20.744643,4a495ff6-34e1-3d8e-9177-445cdfd39d764430640857
f1809858-d9d7-3db3-8cc3-5793c598044c,2026-06-05,37.857573,7697f751-8371-30c0-81c8-fcc775cadf993437132586
f37b1d54-4726-3503-b093-7096160494d8,2026-06-05,10.759186,0701ba50-1c05-393a-97d1-5f4023a8749c6116792851
f6d44ec5-a47a-3937-931c-9f8412b5fa88,2026-06-05,15.173853,6197876e-4ea6-3121-8a4b-12b6efea400a0240575023
fa146ea6-61c1-3eaf-b3b7-d79bd6e503ca,2026-06-05,6.741486,31c3893f-aa84-359f-a9a7-c4d51a001df11272461817
fbb84839-d7f2-363f-a497-68b74f2449f2,2026-06-05,22.265858,76b88c0d-830b-38ed-91c8-6b3757820cc05429571885
fccc0510-f20a-3f28-bf3c-66cfe9fa99d1,2026-06-05,22.298094,218810c6-5f55-31ef-942d-6b8f7944e4a79796581507
fe5c2831-6d72-3f57-b5da-21037ecbeb2f,2026-06-05,6.836209,caac5c39-53fe-3b0e-a941-3f0559293a333871484605
02995d49-90df-31cf-97ba-5c229a76711f,2026-06-08,95.711598,16bfeb59-c1e9-3456-891d-bdc1da0007925452020064
030041c0-f398-3572-9c7e-3edf3d9d2ea3,2026-06-08,11.568747,123b8640-546f-3146-aac1-b5e3a45883358031893487
0769202c-7965-32a1-8d36-1cd52b64377d,2026-06-08,14.60335,03bfca79-bd1d-3217-a8ee-b032e1a5d4279777514889
0bd9c8a1-cf25-3dfe-9380-6143b1183f53,2026-06-08,35.245881,7ff7d9b9-eb8b-35f9-9265-8dd933d6e5f40824718437
0d27bc97-59cd-32d0-9146-960993fea8f2,2026-06-08,13.146821,2f024d4b-7d63-3f13-9c02-6541cfb6efcb8610694866
0d66e094-d57b-3221-bdb4-ff9f2a6fa6b6,2026-06-08,25.547899,a1f98fd1-522c-331e-93df-e0e3c705c1c60127744720
1094d4eb-2c4b-3c82-bb41-36696a775289,2026-06-08,37.760682,8348db4d-a8ba-3dc8-b03d-3f8345e1ce081137124557
1176a69b-fd42-3989-9822-360026e942a4,2026-06-08,75.552875,4b6c12aa-31db-353f-9880-bcdca16d2c971125384531
15f19ccf-5f54-370e-914a-19ef0d6e7bfe,2026-06-08,228.558431,d0dca904-0a39-3f70-8f24-23b3f8543cae9283252446
176efb99-8d0f-325e-a3e0-daa08e876832,2026-06-08,21.322836,c3c60fed-2c36-3d97-8b89-35c5cbbebe232642944088
18a6d5f8-3203-3934-be7c-fef235f8d5ee,2026-06-08,9.001913,d0fc809f-656e-31a8-9e5e-192c6b636f8d5430933548
1c3f0a45-334a-3810-b02a-7ba9181fca95,2026-06-08,16.969027,f25a1909-b1f5-354d-9179-29694f6ccd7b0794803399
1eae9205-92f7-36a7-94c5-cb082b3e7211,2026-06-08,26.454277,dd4f2862-ad2c-38c4-98b8-9dfedc77a2173206733718
1f7e14b9-0bb8-3674-9af2-eeacd8638c48,2026-06-08,5.849583,1b760fbb-2f64-3588-8527-fe66c114f51f5277162348
21e18788-026e-37c1-9a0a-259c58a0fc50,2026-06-08,39.356688,6825bc20-32f9-371b-b653-a8454dd0cf4e9794303102
2269fc50-2d42-3349-9d12-3bc08569d8ae,2026-06-08,9.881443,5bedbf8e-359c-38f3-981e-a44c610ee0489536718275
2331b8d4-3563-3b2b-8bf1-ee54a482c609,2026-06-08,4.882438,0c4befad-a90a-3f28-8b16-9dd39cf80ecc8123775477
28cba5c0-c834-3c34-900a-9d6772fd9c30,2026-06-08,39.146258,1233b0a6-550e-3390-88ce-2a21eefafe917625072302
32da1b1b-0d42-3b01-a03e-3891e0cc9afd,2026-06-08,15.314717,0caf4254-2a36-3012-a39e-da6c7dc35c289481483767
33a96067-0e23-3bf3-8d10-cbec5a261a65,2026-06-08,29.822649,4d63f0d2-85ca-3a28-b715-4147577bedb24364586828
3615a797-2def-32a3-a0ae-3a6e8eccf080,2026-06-08,38.264952,edfa21ff-76b9-3113-8d97-a175f873fb244866321730
363a066c-58b6-3bcf-a7b0-e9729a735ba7,2026-06-08,30.272653,29527eb9-d544-35c2-b9f1-bb262cf6b4159824252521
3980a3b0-7169-37c1-ba12-f7547a8e9e3b,2026-06-08,6.155379,12d66d5c-7532-38c8-893b-c6806919a6290164081510
3c828a67-8a44-3a18-a2db-213948c73e01,2026-06-08,41.809526,4b9e8129-de42-3612-a62a-b99391f3a1c36185507295
3fe600f0-c808-3676-90fe-909ea8b83ca6,2026-06-08,5.689118,89445095-871b-3498-be52-e63f6b0e774b5355986831
434188a4-f9da-364f-a6dc-53072f0ec1b3,2026-06-08,25.953161,e25f63b1-614b-3240-9c58-803a43e9bb435024428155
43cc96db-6d25-3ad3-9163-10247bdd66bf,2026-06-08,9.497983,9eddeeed-8808-33dc-9ba2-905a79c87f321161343299
48a891ca-8770-3a95-9414-af5bad034e5a,2026-06-08,6.287494,6a2b2b4f-b163-3211-9417-7ab21b779b6e4168236426
48d69815-2eb5-3bb9-a39b-cbe1ceb52e99,2026-06-08,14.449762,6cfee349-1ef0-3fb2-815c-a8a1f54dfaf82072162601
4a7af055-4d5f-39bf-b0a0-3e957abd6b60,2026-06-08,17.80048,2d350fdb-0d58-3f71-94bc-a8c8ac08ee913457245518
4b3616f0-ccf1-31e3-810e-f668c2042b23,2026-06-08,14.237322,b68e0cee-582f-3f61-89e5-ca032d2062073327596356
4c8688bb-e063-39d5-af44-f884b8b1b22f,2026-06-08,127.814092,74ba4416-00a1-3f9b-8c10-30d3118fa7ce7583046913
4c9d57d4-cc8e-3ffa-a7a2-954c71ef5235,2026-06-08,55.249739,10cf198f-ca0e-3ab3-a33e-629868eaf1657063863282
4d8e0306-9402-312c-8735-520e75542ddf,2026-06-08,8.998464,fc890f93-7094-3cdc-9c17-a9bca9d2149d3600693627
4f630062-21f6-3266-9acd-c0827dbf5c05,2026-06-08,11.524995,8f29efaf-4f24-3d15-82d5-2fc874ce981c6011993181
509c1fe7-94b1-311d-9fd0-979b350e4d61,2026-06-08,101.662581,beeb8cb8-6b14-3b16-b8ec-735f810410575059189611
50be9c42-1c4b-3493-a07c-ffe59fd8491c,2026-06-08,38.955353,edb658c0-31b6-337f-a557-ae881cfe96142560471597
5113b093-acec-3c38-870f-b61a2dd6b880,2026-06-08,104.882176,6de2df31-0e47-37b7-af92-4257cf86aa933125819112
54de7dbc-3f9b-3702-b677-fee85da6201d,2026-06-08,8.970796,d44e39e8-4f08-3623-986b-2646518072bf1207235870
5656dbc0-5497-3227-a829-fd8eb574450e,2026-06-08,25.056449,a203c081-9992-358a-b291-2006588558ba6822670837
56ab4ff8-d4a1-314d-82eb-cc5055b8d77c,2026-06-08,34.623176,95b986e2-fb52-3222-9a4d-94390d8daa468577144310
57437979-1053-38bc-8abf-3f9eba7ffc49,2026-06-08,28.248209,66cc36c9-6f31-3eff-8201-8a0a7f0bd59a0688159859
591e07f6-72df-366d-a512-d5ee900f7c15,2026-06-08,26.207958,abb3cf38-3fad-3baa-af44-c9b4d24608456857996865
5a91fc01-e54a-36cc-b759-44260109d8b8,2026-06-08,4.474537,1356d797-66bc-3a72-b11f-7b3084dc9d272348624974
5d21d7da-3e33-3ab4-99ef-3ca2c2ff2c69,2026-06-08,11.390309,b03fc426-da51-3e1c-aa77-6b918bff0e513877121931
5de859d5-b06b-3878-b7f0-64c4e91191df,2026-06-08,8.500222,865e99a1-718b-338b-80ab-7bdcf6c522a91536159266
5fa5d9c4-22b7-39f7-a3b2-d521ea60b47b,2026-06-08,13.586975,ab4ba1b3-b598-3bfb-8df0-768a0df60d506177714931
64b0ba20-1b28-3b6c-9ffc-402714ee0245,2026-06-08,9.943259,358bf36d-7dae-3d60-9132-32bf3090f2f25850796649
6a620372-f31e-349c-b6c6-0e040a3edb64,2026-06-08,23.429993,5585108c-6e05-3453-8c97-d5a03ce4ee0a5269991336
6e8a1cb9-329d-3c5e-8d21-4c46a734d1e9,2026-06-08,48.920559,b038cfcb-9c1e-3cde-8676-1be4c1366b8b3024374020
72e3323e-cebd-3aa6-a736-9022afb37e21,2026-06-08,33.996445,dd1d2448-04ec-3dd9-9b0e-69f5e79a93407723570593
745d78f2-7f7a-3cdd-af4f-c4c3f0a18dbb,2026-06-08,46.481074,f1df5283-191c-30dd-b238-da858232e5d08985022611
74cd4f7c-116b-3316-bf7f-eb46458694da,2026-06-08,62.063572,755c3974-2d2b-3242-8001-42f3d96983649032632994
75b45819-0131-3505-a67e-213e6e87963f,2026-06-08,8.645001,8d74f7a3-14d2-3523-8682-8ea7628de4e11118376498
75be5782-378c-39b7-8d80-e4225331c478,2026-06-08,14.158027,e1d9f528-91ca-3b5f-b9e2-c2bc6c32dd155877684651
760b65eb-45d9-332e-bbdd-15ad2c3223bc,2026-06-08,33.618313,4050495a-d74a-3f1b-b29d-db93ba2a71c15767916558
7825a025-23b9-3955-84e6-3a54c38e86e4,2026-06-08,27.6783,944aa6d5-032b-30c6-b177-dba1d9d44f1a2385396646
7feb497b-3ee8-39fa-9cfd-72a898f4cf47,2026-06-08,10.931467,90e6638a-edc1-308e-9f27-d8a3719440025129345869
812c22d3-3843-3385-aa3b-aa8ae91b882a,2026-06-08,19.517866,e7cb4203-d63e-3d55-86b1-e2f3868974688509958032
82a48b8e-4fa5-3f42-857c-71fbe24937aa,2026-06-08,31.278548,78999b98-2dd1-3379-978c-e2474a4a43306995668347
82b47e6e-09d7-36e6-80ab-4506629ff46b,2026-06-08,48.238543,1695d743-ff11-3262-b7c5-f109ac7b016b5800029843
84851a10-43f1-3fc8-a358-06f529f15c33,2026-06-08,34.488575,209d6b5c-3879-3f87-9eb1-228cd3cf4edd0737879839
86a53618-ee86-3705-9b6b-f5372a406e5d,2026-06-08,11.833135,31eb179f-ca40-3562-abbc-7ab5302343cf3567482943
87ab0257-a9f6-3705-89f8-f63b9b8f2b0c,2026-06-08,5.536747,dd1dde98-5502-3952-90fe-dc66f816ed747906535428
8c2e2c06-5c7a-359a-8e69-0efdfb7e79bb,2026-06-08,48.66412,02b8249b-d351-36b0-8f66-387e9b5ecd765409838852
8cb2a7d2-f605-3df9-981a-2c02b1d1a4e0,2026-06-08,22.973802,c8409fd1-44f6-341e-aa4a-fcdd48e1dec91197407417
8e914a83-9f14-3c6e-8220-79cebd75eda8,2026-06-08,14.976178,561fc8fa-c73c-3cf0-a4da-ce7cc8fda80f4105333844
92de990d-30ce-38da-ad78-86a4a56c065b,2026-06-08,13.313988,5a8242fb-5aa7-3d5b-ac68-21ea53c5f9e87894148187
9317e817-504a-35a4-b7c3-68e90b432c45,2026-06-08,18.292519,bd68d9fe-0c5e-3648-8a84-d7649dbc11df2315333603
960a5c04-f3ef-340c-af8a-48e88045ac24,2026-06-08,27.837649,485a6ee1-26d8-3d41-bd32-a72421af1a296123003165
9661bcb6-dd62-3576-b8b0-049874fff3a1,2026-06-08,10.805669,a765656c-b5ea-38d3-b817-93751b0015257870386126
96739dc1-9e37-3b11-8e79-e0a5a57062a1,2026-06-08,65.234781,7b60b05a-7946-3efd-a3a0-0ada59de74070619321536
9c2b569e-d3f4-3c78-a57e-4d73687d2dc2,2026-06-08,78.643002,bcf6894a-0424-3665-b520-2c34eeac116f1861409402
9f556308-7e5a-375c-8130-c6284c3c5d5c,2026-06-08,22.562403,24110268-df67-321e-9581-bd29f27ea3618160468027
a0f95e73-3897-3dcc-9f5c-faad41b5219c,2026-06-08,132.172437,58b12641-aa5e-3c6d-97a0-f417dd0a469c4411625778
a12779cf-ff75-376e-9cb4-73e937a3c164,2026-06-08,46.005007,ba19c2fb-8246-3ab8-b894-67973ae2268a8549866658
a2de86e5-02cf-3c93-9b40-f9629530b7d1,2026-06-08,372.970164,bcd56054-ac31-3e6f-a2d9-f156a299929c4047783680
a3f48154-490b-350b-9f4e-74835b5aaaae,2026-06-08,13.399608,95ed8b8c-c59c-372a-b31e-6543997b82d74860620288
a5068583-4849-35ce-900f-e2ce7f309840,2026-06-08,25.870611,ccacfe15-f7bf-3c92-9308-98112a74aa440314647208
a513bb7e-87ac-35cd-b4a2-6d23427bd2fa,2026-06-08,13.586012,481dceb1-1678-3a7e-b288-d7e2bf0c062a7786339993
a67cec0f-eda0-3d47-af0e-2bd3262a8cf9,2026-06-08,24.561841,edd1002d-960d-3956-8ea2-8ffafe4e3f780323661523
acadf00f-5359-3905-a13e-213d751bffb2,2026-06-08,5.536023,2852258a-e2bf-3b5a-ad87-7915c236685c5632583391
ae5f3d2e-f527-359d-8bcf-846f320f8e57,2026-06-08,4.773951,22f94015-ff23-3150-ae0f-9ef0bb188a207912060816
af753398-35e3-3c49-a7bb-31e2830197f3,2026-06-08,12.224387,b00ef48c-948b-3854-a6bb-ed2ca37487540169593901
b1d22b60-1492-37de-a246-db25e91bfb1f,2026-06-08,19.370884,ba855984-6afa-3f25-82a9-033558199c9b4291338588
b32150f1-1acd-3990-ad31-f63fed66b1cf,2026-06-08,47.153123,27222e5f-5d35-3311-be74-7f592e6bb2553842641276
b5344373-538f-3f37-8982-c97e3158144a,2026-06-08,8.392313,2a20868d-41a0-350b-abd7-08a3f9d834063257215959
b571b5d8-c91f-3776-86bd-22c88c5580c2,2026-06-08,35.617758,afafa873-61a8-38e0-8977-cd70cd270f449777286253
b8587185-2c84-31de-88cc-fe6d3eacc72b,2026-06-08,205.290393,e6e35728-813d-3acc-a33b-e74a927cf6fd8432089109
b99742c8-7da0-3e81-ab3c-eb775e9f5d24,2026-06-08,52.007485,83de6687-9540-3db3-a6d6-f036d634a1c63930926163
beac6842-6d1c-39f8-bd3d-f2cbddfe2e23,2026-06-08,16.243827,71933d57-e488-3aa3-b364-7c195cfded299062716503
beb1d1c6-4fa9-36a8-a06f-1dc58ab74161,2026-06-08,5.78293,69be3936-f12c-34ad-b6bc-7a9f397f7d580253357983
c0f8ab9f-4b7b-3f4f-b576-f80ad3cb5399,2026-06-08,17.16121,ae6fce59-c426-3691-b4cc-2e7f01a5433a0719674315
c3811eff-eb0f-3e83-943e-18b5d09919e4,2026-06-08,18.749535,b38c4c71-2ecc-3478-967b-30176508f2a82808970508
c4b4c934-c94d-3170-bd1b-d7737b2ab490,2026-06-08,5.702444,ddfedfb4-a197-3bc5-b5b9-3413d396c9d18520739647
c6c1b9c0-072d-3dbf-accc-4c8643cc0c4a,2026-06-08,18.544212,8e833220-412d-3626-aef6-f1d8e255b8961584029669
c7599875-d64e-3ef2-8a6a-a218c4c24bfa,2026-06-08,5.042128,4acd48f6-3379-3b71-a45f-8ba6aad527457333951563
c8c964e3-6f43-33e9-8a11-e9eaf55933ba,2026-06-08,41.180334,db1bd750-5b46-3bea-9d82-c79a18a08d0d0806001910
cce1c127-2ff8-3ea0-a9b8-2df2cd888b5b,2026-06-08,34.287783,40fb0c0c-0006-3ab6-84ec-5dc4198294863739942525
cdcbe271-7336-35c3-a44f-1a90281b0857,2026-06-08,30.225611,cc4a0181-1f8b-3069-891f-8f8303116f410950083050
d320f92f-4cc3-395c-b6c7-3cb3c7cb3efe,2026-06-08,92.709674,db719257-f1df-3420-b485-acfb0da643a10140791541
d3c48311-d8dc-3e24-95dd-6d2bca767bff,2026-06-08,23.32908,84018d69-0a55-3d24-a877-97aaa31a46cf2815442486
d3d0b6a8-f422-3af5-a62e-826c20495095,2026-06-08,10.647924,9a1ea106-1b3c-358a-b321-05d0ef5590af7934449393
d72106c4-021a-3b57-bf48-7b6f2c14df23,2026-06-08,11.219174,e7b18bc4-313f-33d3-ad46-7b5d777f74ca3565120826
d76f0b24-1370-3b6f-81fa-de61d93e7ebe,2026-06-08,10.775204,8bb85ae4-103e-305d-9e3e-d9c85ce4b4f27606140443
d834b72d-c2cc-391e-8a0c-c3f147eeb522,2026-06-08,36.513763,62331e5f-4437-3168-b6e9-aa00c1ae49235115900219
d85f6c3e-620f-3cc3-9005-9e1beefefdc6,2026-06-08,14.961544,7a3476cf-c702-35d8-ab2c-c3c41701130b3532848987
d940c628-4e61-3954-9aee-1aa0a0b6e21f,2026-06-08,8.056908,cbf31122-ee58-37d2-a16f-5d8ff6fcc1cb8640751006
da8b7ad5-701e-38e4-af53-bcb52836386c,2026-06-08,12.34774,5a63d77e-0da6-3691-900f-f20d6593ab0a0016925614
de0bc8c0-4447-382c-b7c7-ce385510a49b,2026-06-08,32.280922,8d66b14e-bf47-35e5-b800-b55ca34760cf6094204743
dee4128a-2091-303c-8411-15401a64ec03,2026-06-08,124.358014,7d2de236-8dd1-333c-b3b2-c7d8bd4250cd6306917490
dfc70541-9d37-355c-af06-9bf106459cdb,2026-06-08,24.150193,8d616aa1-7ca1-3b18-a990-d3dd7b63d8ea3801525816
e0ab7ac6-23e5-3ce5-aef4-d9e2e575bb7a,2026-06-08,4.819286,36f25be1-e4a7-34ea-a4d5-d394fb2065cc2046082019
e1ec776a-9a69-3e5d-a0c5-33a9250b1f19,2026-06-08,15.645106,8dbe6882-1128-323e-98cf-6c6c8fd5be7d0079256300
e402d019-6155-3bff-9228-4911ea446777,2026-06-08,74.49125,d454160e-2dc7-3ac7-86b9-e72c34ef16312394849607
e41ed1fc-302f-351c-8dbd-1ccac5078a09,2026-06-08,43.875903,4a944e09-e32f-36d7-b5a4-e211ca471f446730403642
e69f5e43-374e-3577-a194-03eca473eb86,2026-06-08,45.052276,b994cb0e-9aaf-3dbd-a0ab-315cc16c435c1107868581
e6a4f012-2129-36d0-bf2f-6e3c384f5497,2026-06-08,23.661256,30a74d31-d91b-3ff9-b591-0ed7882600e46693238563
e76bb8c7-e2ca-3a2e-96b4-7d3717dfbe06,2026-06-08,21.988924,e755d9a3-e083-3c09-8b82-e48bcb43e7f81851692813
ebbf605d-a94c-3f16-9ae0-5449c87f4002,2026-06-08,86.968203,c01d7453-03eb-38be-bc95-24391aa315144796657446
ed0a8ed8-2282-3fec-82db-fafd297cdb61,2026-06-08,8.195692,4e3099ad-3bc5-3b23-837d-8c897adc8c894362553996
eeaba3bd-0e65-3eff-80b8-bb415d1cdc89,2026-06-08,17.308593,6d3df8ea-2edd-3fc0-8f44-b14a5c9f858f7358431617
f02cc034-f8c6-39b7-afff-343b04ff2064,2026-06-08,23.607232,4a495ff6-34e1-3d8e-9177-445cdfd39d764430640857
f166b497-832f-3b26-8149-b36820a1aebe,2026-06-08,4.213811,a7ce6c88-3186-35ed-a793-f40dc624f2bc4233811371
f1809858-d9d7-3db3-8cc3-5793c598044c,2026-06-08,38.343078,7697f751-8371-30c0-81c8-fcc775cadf993437132586
f28c27e1-116f-3bfa-87a3-a4aec05ef6ed,2026-06-08,39.796905,06747886-3cd5-3df7-b4e3-5300fd43ba8b6993791108
f37b1d54-4726-3503-b093-7096160494d8,2026-06-08,10.911279,0701ba50-1c05-393a-97d1-5f4023a8749c6116792851
f55d8d9d-5df9-32e8-a43c-40e2d30fe83e,2026-06-08,15.204439,25ce49b4-0e30-37f6-83c9-8fdba57ec8554749707383
f5c21c69-5b03-320a-ae2e-2554aefff943,2026-06-08,49.32271,1733732a-abce-3040-96d5-89e43d8b44882339867108
f6d44ec5-a47a-3937-931c-9f8412b5fa88,2026-06-08,20.275795,6197876e-4ea6-3121-8a4b-12b6efea400a0240575023
fbb84839-d7f2-363f-a497-68b74f2449f2,2026-06-08,27.305082,76b88c0d-830b-38ed-91c8-6b3757820cc05429571885
fccc0510-f20a-3f28-bf3c-66cfe9fa99d1,2026-06-08,21.787396,218810c6-5f55-31ef-942d-6b8f7944e4a79796581507
fe5c2831-6d72-3f57-b5da-21037ecbeb2f,2026-06-08,12.213201,caac5c39-53fe-3b0e-a941-3f0559293a333871484605
030041c0-f398-3572-9c7e-3edf3d9d2ea3,2026-06-09,11.626277,123b8640-546f-3146-aac1-b5e3a45883358031893487
04f49ac6-5f35-3df9-b623-c026f24561e1,2026-06-09,38.971724,4ccf4637-f73f-3ea2-bd9d-89cd0876527e2011240689
0594d9cc-176f-3811-b8ff-1badba391ea1,2026-06-09,28.134381,7bf9e218-5646-3380-8098-8b14d617d4eb9836650145
06e33f1d-dda0-31b8-915e-bde6cf9b4012,2026-06-09,47.409021,5c1c68c1-feaf-3d3a-8a14-7e795d01c1ba6471737628
071015e8-3dae-3fe5-84fb-880f24672395,2026-06-09,20.407849,453d5359-3943-3fff-89a3-000f66b87f5c2508884910
0769202c-7965-32a1-8d36-1cd52b64377d,2026-06-09,6.694236,03bfca79-bd1d-3217-a8ee-b032e1a5d4279777514889
0d66e094-d57b-3221-bdb4-ff9f2a6fa6b6,2026-06-09,47.626809,a1f98fd1-522c-331e-93df-e0e3c705c1c60127744720
1094d4eb-2c4b-3c82-bb41-36696a775289,2026-06-09,69.022864,8348db4d-a8ba-3dc8-b03d-3f8345e1ce081137124557
1176a69b-fd42-3989-9822-360026e942a4,2026-06-09,92.245508,4b6c12aa-31db-353f-9880-bcdca16d2c971125384531
15d19e1d-74b8-3948-867f-63a4a1188539,2026-06-09,73.752258,3a0da385-e669-30df-8f17-ee93aea6a3a63054977077
15f19ccf-5f54-370e-914a-19ef0d6e7bfe,2026-06-09,89.010936,d0dca904-0a39-3f70-8f24-23b3f8543cae9283252446
176efb99-8d0f-325e-a3e0-daa08e876832,2026-06-09,26.151522,c3c60fed-2c36-3d97-8b89-35c5cbbebe232642944088
17e9c47e-62ba-33a6-96e1-95ad3c636d22,2026-06-09,59.289899,77974123-fa35-3834-90f5-d19a2e752e979650064655
18a6d5f8-3203-3934-be7c-fef235f8d5ee,2026-06-09,14.505617,d0fc809f-656e-31a8-9e5e-192c6b636f8d5430933548
1c3f0a45-334a-3810-b02a-7ba9181fca95,2026-06-09,4.935268,f25a1909-b1f5-354d-9179-29694f6ccd7b0794803399
21e18788-026e-37c1-9a0a-259c58a0fc50,2026-06-09,34.774381,6825bc20-32f9-371b-b653-a8454dd0cf4e9794303102
226055f6-f55e-381a-9363-c4f462e58856,2026-06-09,36.148166,758f87b4-c782-37fb-911f-42b481be57aa2005558548
2269fc50-2d42-3349-9d12-3bc08569d8ae,2026-06-09,12.240089,5bedbf8e-359c-38f3-981e-a44c610ee0489536718275
28cba5c0-c834-3c34-900a-9d6772fd9c30,2026-06-09,17.026263,1233b0a6-550e-3390-88ce-2a21eefafe917625072302
29768e10-7435-3d69-8503-a6f77e57bdcd,2026-06-09,6.159609,103d1a25-7f36-33f7-97c6-656f5dff4f1c8078021025
2fd79494-a377-3a29-a882-b11802cfee0c,2026-06-09,10.869729,e50f86b5-d7cd-3a80-a5b4-78c659980b001758781599
32da1b1b-0d42-3b01-a03e-3891e0cc9afd,2026-06-09,14.340243,0caf4254-2a36-3012-a39e-da6c7dc35c289481483767
33a96067-0e23-3bf3-8d10-cbec5a261a65,2026-06-09,67.478371,4d63f0d2-85ca-3a28-b715-4147577bedb24364586828
3615a797-2def-32a3-a0ae-3a6e8eccf080,2026-06-09,24.663336,edfa21ff-76b9-3113-8d97-a175f873fb244866321730
363a066c-58b6-3bcf-a7b0-e9729a735ba7,2026-06-09,35.384513,29527eb9-d544-35c2-b9f1-bb262cf6b4159824252521
36f0982a-ff58-3c66-9847-439d640e7d96,2026-06-09,68.700735,50b96d70-0ca5-3d4f-bdec-3c9a5b48f6100810857519
3e7f3808-bc28-36c7-8251-a028f5ff5644,2026-06-09,17.792035,18ddeade-5928-3676-ae42-029acd2d6bcb2570795136
4333cd5c-141e-38a1-af2a-a7df714feddb,2026-06-09,19.379969,3c3bc593-75a7-3bce-b04f-0d15bea76c784217531826
434188a4-f9da-364f-a6dc-53072f0ec1b3,2026-06-09,32.157421,e25f63b1-614b-3240-9c58-803a43e9bb435024428155
43538921-75c3-3004-917b-51c3d8e2a3a6,2026-06-09,29.113524,e213be6c-e983-37d3-b47d-03cfedb25b867590845836
48d69815-2eb5-3bb9-a39b-cbe1ceb52e99,2026-06-09,13.576652,6cfee349-1ef0-3fb2-815c-a8a1f54dfaf82072162601
4b3616f0-ccf1-31e3-810e-f668c2042b23,2026-06-09,22.406167,b68e0cee-582f-3f61-89e5-ca032d2062073327596356
4c9d57d4-cc8e-3ffa-a7a2-954c71ef5235,2026-06-09,51.936213,10cf198f-ca0e-3ab3-a33e-629868eaf1657063863282
4d8e0306-9402-312c-8735-520e75542ddf,2026-06-09,7.582234,fc890f93-7094-3cdc-9c17-a9bca9d2149d3600693627
4f630062-21f6-3266-9acd-c0827dbf5c05,2026-06-09,5.333551,8f29efaf-4f24-3d15-82d5-2fc874ce981c6011993181
4fbbedf8-7ea9-3ba5-8a18-f658a4f21605,2026-06-09,127.23702,0cbedb6f-5585-3d14-bb7a-52ed75958ad14113335693
5060be3d-9bbb-3f4e-955c-625e4390c6b7,2026-06-09,10.628566,2aff5a14-b04c-3fb3-98e6-5f847371e3ff9195279440
509c1fe7-94b1-311d-9fd0-979b350e4d61,2026-06-09,63.405596,beeb8cb8-6b14-3b16-b8ec-735f810410575059189611
50be9c42-1c4b-3493-a07c-ffe59fd8491c,2026-06-09,74.887413,edb658c0-31b6-337f-a557-ae881cfe96142560471597
5113b093-acec-3c38-870f-b61a2dd6b880,2026-06-09,123.416358,6de2df31-0e47-37b7-af92-4257cf86aa933125819112
524da203-40d7-33a6-8ab6-b21a0cef3c58,2026-06-09,17.253148,4b414f3b-b1d8-3f11-b80f-a4ce6c6d7a4c9655939769
5498a54c-7cf2-3cbb-85d5-1078aa3be4a7,2026-06-09,19.793789,7f2eff44-b501-3d88-8b7a-bc0819c1cbd05256736696
54de7dbc-3f9b-3702-b677-fee85da6201d,2026-06-09,7.530673,d44e39e8-4f08-3623-986b-2646518072bf1207235870
55ad8c29-20dc-320f-8c21-ac3dfd7685ea,2026-06-09,17.256881,59813d11-bc16-3001-915e-9a9eff70c57f6619407622
56ab4ff8-d4a1-314d-82eb-cc5055b8d77c,2026-06-09,11.488368,95b986e2-fb52-3222-9a4d-94390d8daa468577144310
57d3f142-33f4-308b-ae84-b183cc99db1b,2026-06-09,22.324245,3347c53c-2e52-3fd7-91f9-f73a7872e66a1890146135
591e07f6-72df-366d-a512-d5ee900f7c15,2026-06-09,21.386415,abb3cf38-3fad-3baa-af44-c9b4d24608456857996865
5a91fc01-e54a-36cc-b759-44260109d8b8,2026-06-09,4.409088,1356d797-66bc-3a72-b11f-7b3084dc9d272348624974
5cb2e039-2dc8-3bad-9d23-4bfddc143afe,2026-06-09,95.310294,8a29b19a-f05e-35e9-8df7-d99b28bf8a8d3280431943
5d6ffe35-085b-3fc0-abf7-9f02a5c4fb33,2026-06-09,16.47933,03ffa46d-2a01-3d1e-b2b7-afc51d9158352243231721
5de859d5-b06b-3878-b7f0-64c4e91191df,2026-06-09,13.709996,865e99a1-718b-338b-80ab-7bdcf6c522a91536159266
5f76ba6d-1bf0-3e51-b2e4-3a6d19bc39b9,2026-06-09,25.152038,c708bc56-c900-3691-a10c-994bfde2114d0282457351
5fa5d9c4-22b7-39f7-a3b2-d521ea60b47b,2026-06-09,11.244009,ab4ba1b3-b598-3bfb-8df0-768a0df60d506177714931
64b0ba20-1b28-3b6c-9ffc-402714ee0245,2026-06-09,22.834796,358bf36d-7dae-3d60-9132-32bf3090f2f25850796649
6a620372-f31e-349c-b6c6-0e040a3edb64,2026-06-09,30.783802,5585108c-6e05-3453-8c97-d5a03ce4ee0a5269991336
6c21f96e-4015-302f-a95a-0918b22b3ad8,2026-06-09,8.404023,2083bc7f-bc65-3533-b831-de38c4ce41a85705530326
6e8a1cb9-329d-3c5e-8d21-4c46a734d1e9,2026-06-09,33.254734,b038cfcb-9c1e-3cde-8676-1be4c1366b8b3024374020
74cd4f7c-116b-3316-bf7f-eb46458694da,2026-06-09,48.298434,755c3974-2d2b-3242-8001-42f3d96983649032632994
760b65eb-45d9-332e-bbdd-15ad2c3223bc,2026-06-09,42.606734,4050495a-d74a-3f1b-b29d-db93ba2a71c15767916558
7feb497b-3ee8-39fa-9cfd-72a898f4cf47,2026-06-09,8.736048,90e6638a-edc1-308e-9f27-d8a3719440025129345869
812c22d3-3843-3385-aa3b-aa8ae91b882a,2026-06-09,16.636171,e7cb4203-d63e-3d55-86b1-e2f3868974688509958032
834aa49a-5a2a-30db-8385-ad60aed26cd7,2026-06-09,103.748093,4b2f77f6-8ea8-3f4d-8688-fe485e1dd22d6927009123
83ac466b-0a2c-3b9f-bc16-cc1733598dc1,2026-06-09,31.864007,fbb1458a-bb03-3a59-81a7-c4bfa04cd8482348091600
84851a10-43f1-3fc8-a358-06f529f15c33,2026-06-09,39.522006,209d6b5c-3879-3f87-9eb1-228cd3cf4edd0737879839
84f354b1-00ae-34ba-b443-ccd2efee613c,2026-06-09,3.239204,8a14f25e-1645-3406-a19d-b9806ef569954307313451
85cb1e88-d121-35a6-a362-3cdc80917d44,2026-06-09,599.945667,1671f2df-523c-3e25-a845-e2ad655275ec3253687227
86a53618-ee86-3705-9b6b-f5372a406e5d,2026-06-09,9.265819,31eb179f-ca40-3562-abbc-7ab5302343cf3567482943
87ab0257-a9f6-3705-89f8-f63b9b8f2b0c,2026-06-09,10.690874,dd1dde98-5502-3952-90fe-dc66f816ed747906535428
8c272368-ac0c-3bc7-9568-cfbb26f8e749,2026-06-09,9.513001,9ef76979-dca8-3c79-9b0c-a7e5b98cc4183178708115
8c5b1f37-b3ea-3b4a-a4dd-fad03cfd11b6,2026-06-09,31.813885,5aa0a87f-17b4-3bc7-a55a-7d422bb28fcc9200948756
8ca30a12-e5f4-3017-8037-1616e9ddbb5b,2026-06-09,11.534942,d980087a-73cd-3a85-914f-0dbeb6da2ff07929331557
8cb2a7d2-f605-3df9-981a-2c02b1d1a4e0,2026-06-09,21.458758,c8409fd1-44f6-341e-aa4a-fcdd48e1dec91197407417
8dc72d59-3896-3d24-a51b-3a8a9e1c6713,2026-06-09,35.027586,2bb55a33-fdd0-39b0-8fa8-bf8f9e9997f59421453150
8e914a83-9f14-3c6e-8220-79cebd75eda8,2026-06-09,5.55933,561fc8fa-c73c-3cf0-a4da-ce7cc8fda80f4105333844
929f777a-b8ac-3e16-8d77-e8ac77fd282c,2026-06-09,7.513437,1ffd69db-4324-35d3-bc6b-b90daffa00c05540448447
92de990d-30ce-38da-ad78-86a4a56c065b,2026-06-09,12.347658,5a8242fb-5aa7-3d5b-ac68-21ea53c5f9e87894148187
9317e817-504a-35a4-b7c3-68e90b432c45,2026-06-09,35.800993,bd68d9fe-0c5e-3648-8a84-d7649dbc11df2315333603
9661bcb6-dd62-3576-b8b0-049874fff3a1,2026-06-09,3.886902,a765656c-b5ea-38d3-b817-93751b0015257870386126
96739dc1-9e37-3b11-8e79-e0a5a57062a1,2026-06-09,127.926939,7b60b05a-7946-3efd-a3a0-0ada59de74070619321536
98b357c6-e458-3b53-bc66-c80eb105e3cf,2026-06-09,14.439371,6b5a4bec-b45d-3f6f-a9b0-769861cf16bd1539781265
9a736669-65a4-3b3e-a4b5-8f6ec9654a84,2026-06-09,10.567275,bd347e86-1b36-3407-80b6-78a2f2dae41e9793909208
9bddd6f0-dd41-333e-aac7-f757b18ea2aa,2026-06-09,33.367595,c6545cb9-33df-373c-8ac9-ce43225c9d986458695776
9c2b569e-d3f4-3c78-a57e-4d73687d2dc2,2026-06-09,56.896973,bcf6894a-0424-3665-b520-2c34eeac116f1861409402
9f49149d-e042-3a1f-bcae-0628143c89c0,2026-06-09,17.855261,1511a03d-af95-32d7-82d6-670e957e819a5636652911
9f556308-7e5a-375c-8130-c6284c3c5d5c,2026-06-09,15.491174,24110268-df67-321e-9581-bd29f27ea3618160468027
a0f95e73-3897-3dcc-9f5c-faad41b5219c,2026-06-09,103.034745,58b12641-aa5e-3c6d-97a0-f417dd0a469c4411625778
a2de86e5-02cf-3c93-9b40-f9629530b7d1,2026-06-09,399.987467,bcd56054-ac31-3e6f-a2d9-f156a299929c4047783680
a5068583-4849-35ce-900f-e2ce7f309840,2026-06-09,27.852295,ccacfe15-f7bf-3c92-9308-98112a74aa440314647208
a513bb7e-87ac-35cd-b4a2-6d23427bd2fa,2026-06-09,7.072184,481dceb1-1678-3a7e-b288-d7e2bf0c062a7786339993
a67cec0f-eda0-3d47-af0e-2bd3262a8cf9,2026-06-09,37.869563,edd1002d-960d-3956-8ea2-8ffafe4e3f780323661523
ab5f37ff-9008-3c2a-a32b-c29632f4ea67,2026-06-09,1.998831,0d40eb23-7edb-3787-8cb8-7b09de3075fc1665666263
ac429fef-9e6b-3e26-a5ea-3122c166230c,2026-06-09,102.462827,81f224a7-cb42-3ee9-9103-e81fcc20756c3353013338
acadf00f-5359-3905-a13e-213d751bffb2,2026-06-09,7.986551,2852258a-e2bf-3b5a-ad87-7915c236685c5632583391
ae5f3d2e-f527-359d-8bcf-846f320f8e57,2026-06-09,14.578788,22f94015-ff23-3150-ae0f-9ef0bb188a207912060816
af753398-35e3-3c49-a7bb-31e2830197f3,2026-06-09,12.975663,b00ef48c-948b-3854-a6bb-ed2ca37487540169593901
b32150f1-1acd-3990-ad31-f63fed66b1cf,2026-06-09,33.244975,27222e5f-5d35-3311-be74-7f592e6bb2553842641276
b571b5d8-c91f-3776-86bd-22c88c5580c2,2026-06-09,29.883485,afafa873-61a8-38e0-8977-cd70cd270f449777286253
b5b7bbb0-1312-34a4-8934-10fe49cea8ed,2026-06-09,43.166796,c1179ffe-16b5-3808-a61b-c697ad5655cd0958447347
b7f8d590-1a7d-3745-82cc-9e0c966c6306,2026-06-09,12.93146,65f0ec49-73ce-37cb-a381-28e7217750090455003993
bce50849-a0e7-3f2b-b22a-24ed60440705,2026-06-09,19.786852,ecbe8abc-16bb-3af7-8cf1-b6d262d3f9915691766209
beb1d1c6-4fa9-36a8-a06f-1dc58ab74161,2026-06-09,2.992891,69be3936-f12c-34ad-b6bc-7a9f397f7d580253357983
bf5e2c07-ebd1-3aab-ae92-933140999b06,2026-06-09,22.243894,e12f9949-3428-338b-a05b-b980386cf9872350056648
c039e4c8-9c3b-3ae3-a2e7-b54c85d2cac7,2026-06-09,46.679612,ef0e0898-3920-39d5-9050-8c57b5cbcd1c9155184466
c0f8ab9f-4b7b-3f4f-b576-f80ad3cb5399,2026-06-09,14.546159,ae6fce59-c426-3691-b4cc-2e7f01a5433a0719674315
c3811eff-eb0f-3e83-943e-18b5d09919e4,2026-06-09,1.847424,b38c4c71-2ecc-3478-967b-30176508f2a82808970508
c41f2431-16c5-3799-9be8-561415389d5f,2026-06-09,28.317754,35f5e81a-e25c-3ff4-892f-d89a5cfb53448046832917
c4b4c934-c94d-3170-bd1b-d7737b2ab490,2026-06-09,9.46832,ddfedfb4-a197-3bc5-b5b9-3413d396c9d18520739647
c7599875-d64e-3ef2-8a6a-a218c4c24bfa,2026-06-09,2.814206,4acd48f6-3379-3b71-a45f-8ba6aad527457333951563
c8c964e3-6f43-33e9-8a11-e9eaf55933ba,2026-06-09,67.448516,db1bd750-5b46-3bea-9d82-c79a18a08d0d0806001910
caacaf00-76dc-3d35-955a-b0b7289c1497,2026-06-09,2.5536,5428bbad-02ec-3bbd-b559-a02cb4c2701a9853561586
cdcbe271-7336-35c3-a44f-1a90281b0857,2026-06-09,17.514438,cc4a0181-1f8b-3069-891f-8f8303116f410950083050
ce7a22b8-f3c0-3690-acac-8b5a7bf4c798,2026-06-09,37.458783,75a3be66-cc33-35b3-aa17-355486d71eeb4926576029
d098b8be-5fd2-3aaf-b08a-03443b43e413,2026-06-09,8.144739,ebfca532-8531-3093-b085-d9b06d8a505a5090987086
d3c48311-d8dc-3e24-95dd-6d2bca767bff,2026-06-09,23.970053,84018d69-0a55-3d24-a877-97aaa31a46cf2815442486
d3d0b6a8-f422-3af5-a62e-826c20495095,2026-06-09,12.509599,9a1ea106-1b3c-358a-b321-05d0ef5590af7934449393
d6f76560-f2a1-3ae9-ab43-eaa1f2033306,2026-06-09,31.458022,df76341f-d9c1-31f1-a511-61e0bba9ac1a9330646801
d72106c4-021a-3b57-bf48-7b6f2c14df23,2026-06-09,12.360526,e7b18bc4-313f-33d3-ad46-7b5d777f74ca3565120826
d86225ec-57c8-3039-9b73-5067e9668517,2026-06-09,3.282705,9befbbd8-c5ed-3abc-9d19-377736924de73675696583
da8b7ad5-701e-38e4-af53-bcb52836386c,2026-06-09,2.527009,5a63d77e-0da6-3691-900f-f20d6593ab0a0016925614
de0bc8c0-4447-382c-b7c7-ce385510a49b,2026-06-09,22.458234,8d66b14e-bf47-35e5-b800-b55ca34760cf6094204743
deb966b3-92f7-329d-905e-7f1df6d16ae7,2026-06-09,56.931482,ebdd5f8a-cc8c-3634-9ae7-5961a431b3824253389532
dee4128a-2091-303c-8411-15401a64ec03,2026-06-09,97.828546,7d2de236-8dd1-333c-b3b2-c7d8bd4250cd6306917490
dfe88e46-3f0b-3bdd-bb8b-d7190cc27582,2026-06-09,78.291637,2f3787a4-af4a-33b1-9633-78e945ce9cbb0630344304
e059f4f2-66b1-346c-8a33-8c16446a8657,2026-06-09,30.088316,2a7ac4ba-1536-3186-93b2-a2c27853a79e9011911429
e0ab7ac6-23e5-3ce5-aef4-d9e2e575bb7a,2026-06-09,10.243432,36f25be1-e4a7-34ea-a4d5-d394fb2065cc2046082019
e1ec776a-9a69-3e5d-a0c5-33a9250b1f19,2026-06-09,11.919955,8dbe6882-1128-323e-98cf-6c6c8fd5be7d0079256300
e41ed1fc-302f-351c-8dbd-1ccac5078a09,2026-06-09,34.194086,4a944e09-e32f-36d7-b5a4-e211ca471f446730403642
e69f5e43-374e-3577-a194-03eca473eb86,2026-06-09,49.4188,b994cb0e-9aaf-3dbd-a0ab-315cc16c435c1107868581
e71fe34e-9aa5-3ade-8054-a639af523373,2026-06-09,5.80455,b1e661de-87c5-37a4-b0ad-b47b375e798f8517162525
e76bb8c7-e2ca-3a2e-96b4-7d3717dfbe06,2026-06-09,25.438204,e755d9a3-e083-3c09-8b82-e48bcb43e7f81851692813
e83f5cbe-8539-3cbd-b749-7896bd48c47e,2026-06-09,66.333037,f37ca06e-914d-302f-a8eb-903b7734c0c39455202918
e91fcfab-7cdf-31df-8933-e788688d8288,2026-06-09,5.873524,fe28678b-e200-3a9d-a1de-effda4879d2c1615844509
ea133f80-908c-3a40-af86-f0745e517fd2,2026-06-09,30.328163,7111b6e6-9d33-3f84-ae08-89cafad819261967282058
ebbf605d-a94c-3f16-9ae0-5449c87f4002,2026-06-09,67.987861,c01d7453-03eb-38be-bc95-24391aa315144796657446
eeaba3bd-0e65-3eff-80b8-bb415d1cdc89,2026-06-09,18.087174,6d3df8ea-2edd-3fc0-8f44-b14a5c9f858f7358431617
f02cc034-f8c6-39b7-afff-343b04ff2064,2026-06-09,10.81154,4a495ff6-34e1-3d8e-9177-445cdfd39d764430640857
f166b497-832f-3b26-8149-b36820a1aebe,2026-06-09,3.379885,a7ce6c88-3186-35ed-a793-f40dc624f2bc4233811371
f1809858-d9d7-3db3-8cc3-5793c598044c,2026-06-09,59.846656,7697f751-8371-30c0-81c8-fcc775cadf993437132586
f55d8d9d-5df9-32e8-a43c-40e2d30fe83e,2026-06-09,15.653589,25ce49b4-0e30-37f6-83c9-8fdba57ec8554749707383
f5a2ffe8-63a0-3fe0-82d0-e2780d9d29dc,2026-06-09,25.579369,33dd9c10-10b1-32fe-be4f-7be1047c9ed36643760194
f5c21c69-5b03-320a-ae2e-2554aefff943,2026-06-09,41.804109,1733732a-abce-3040-96d5-89e43d8b44882339867108
fa146ea6-61c1-3eaf-b3b7-d79bd6e503ca,2026-06-09,8.213951,31c3893f-aa84-359f-a9a7-c4d51a001df11272461817
fbb84839-d7f2-363f-a497-68b74f2449f2,2026-06-09,37.137568,76b88c0d-830b-38ed-91c8-6b3757820cc05429571885
fccc0510-f20a-3f28-bf3c-66cfe9fa99d1,2026-06-09,13.543812,218810c6-5f55-31ef-942d-6b8f7944e4a79796581507
fe5c2831-6d72-3f57-b5da-21037ecbeb2f,2026-06-09,8.997101,caac5c39-53fe-3b0e-a941-3f0559293a333871484605
030041c0-f398-3572-9c7e-3edf3d9d2ea3,2026-06-10,4.246856,123b8640-546f-3146-aac1-b5e3a45883358031893487
0bd9c8a1-cf25-3dfe-9380-6143b1183f53,2026-06-10,36.614374,7ff7d9b9-eb8b-35f9-9265-8dd933d6e5f40824718437
0d27bc97-59cd-32d0-9146-960993fea8f2,2026-06-10,7.266072,2f024d4b-7d63-3f13-9c02-6541cfb6efcb8610694866
0d66e094-d57b-3221-bdb4-ff9f2a6fa6b6,2026-06-10,39.660599,a1f98fd1-522c-331e-93df-e0e3c705c1c60127744720
0f7a9277-d005-30c0-8821-910389205cba,2026-06-10,27.598734,1498339f-636a-3ba6-8eaf-f82826cfc66b1703033271
103be95c-0738-36fc-9aca-d07b1504909a,2026-06-10,53.262071,288d8971-0036-3b38-be44-cdab7d647fa95424134206
1094d4eb-2c4b-3c82-bb41-36696a775289,2026-06-10,101.07693,8348db4d-a8ba-3dc8-b03d-3f8345e1ce081137124557
1176a69b-fd42-3989-9822-360026e942a4,2026-06-10,62.338496,4b6c12aa-31db-353f-9880-bcdca16d2c971125384531
15d19e1d-74b8-3948-867f-63a4a1188539,2026-06-10,58.405505,3a0da385-e669-30df-8f17-ee93aea6a3a63054977077
176efb99-8d0f-325e-a3e0-daa08e876832,2026-06-10,8.718973,c3c60fed-2c36-3d97-8b89-35c5cbbebe232642944088
18a6d5f8-3203-3934-be7c-fef235f8d5ee,2026-06-10,15.73598,d0fc809f-656e-31a8-9e5e-192c6b636f8d5430933548
1c3f0a45-334a-3810-b02a-7ba9181fca95,2026-06-10,23.75755,f25a1909-b1f5-354d-9179-29694f6ccd7b0794803399
1eae9205-92f7-36a7-94c5-cb082b3e7211,2026-06-10,18.344104,dd4f2862-ad2c-38c4-98b8-9dfedc77a2173206733718
2111daa9-5dbb-36aa-b675-efab46559d5d,2026-06-10,9.278097,93fc0a2e-adf6-3b5c-a38a-8aaf0af2466c8463812397
226055f6-f55e-381a-9363-c4f462e58856,2026-06-10,29.041565,758f87b4-c782-37fb-911f-42b481be57aa2005558548
28cba5c0-c834-3c34-900a-9d6772fd9c30,2026-06-10,12.006842,1233b0a6-550e-3390-88ce-2a21eefafe917625072302
29768e10-7435-3d69-8503-a6f77e57bdcd,2026-06-10,11.87572,103d1a25-7f36-33f7-97c6-656f5dff4f1c8078021025
2b3c346c-5f49-3232-be35-3443261527b0,2026-06-10,5.879544,e6538295-3b6e-3154-9420-ec45501d20ae5856219597
33a96067-0e23-3bf3-8d10-cbec5a261a65,2026-06-10,34.26391,4d63f0d2-85ca-3a28-b715-4147577bedb24364586828
3615a797-2def-32a3-a0ae-3a6e8eccf080,2026-06-10,27.336189,edfa21ff-76b9-3113-8d97-a175f873fb244866321730
363a066c-58b6-3bcf-a7b0-e9729a735ba7,2026-06-10,57.172704,29527eb9-d544-35c2-b9f1-bb262cf6b4159824252521
36f0982a-ff58-3c66-9847-439d640e7d96,2026-06-10,51.813651,50b96d70-0ca5-3d4f-bdec-3c9a5b48f6100810857519
3ab4ce54-3bfa-3a09-8624-c69a02d77632,2026-06-10,1.316689,776a90be-9929-3c47-9f5d-5f73f58824c60497278972
3c828a67-8a44-3a18-a2db-213948c73e01,2026-06-10,32.672979,4b9e8129-de42-3612-a62a-b99391f3a1c36185507295
3e7f3808-bc28-36c7-8251-a028f5ff5644,2026-06-10,16.90414,18ddeade-5928-3676-ae42-029acd2d6bcb2570795136
41219c74-897b-3ca9-87e5-43da9041ddd3,2026-06-10,52.482417,fbfd204b-197f-3c6c-95b1-4733172f5fca0533189354
423348ca-0838-3372-a616-b4cda0468666,2026-06-10,4.678881,c36a6f4f-bea8-35b0-b824-2c970e256ac26805083472
43538921-75c3-3004-917b-51c3d8e2a3a6,2026-06-10,24.311284,e213be6c-e983-37d3-b47d-03cfedb25b867590845836
43cc96db-6d25-3ad3-9163-10247bdd66bf,2026-06-10,15.659532,9eddeeed-8808-33dc-9ba2-905a79c87f321161343299
48d69815-2eb5-3bb9-a39b-cbe1ceb52e99,2026-06-10,8.270196,6cfee349-1ef0-3fb2-815c-a8a1f54dfaf82072162601
4a7af055-4d5f-39bf-b0a0-3e957abd6b60,2026-06-10,34.964483,2d350fdb-0d58-3f71-94bc-a8c8ac08ee913457245518
4c8688bb-e063-39d5-af44-f884b8b1b22f,2026-06-10,50.426759,74ba4416-00a1-3f9b-8c10-30d3118fa7ce7583046913
4c9d57d4-cc8e-3ffa-a7a2-954c71ef5235,2026-06-10,62.934171,10cf198f-ca0e-3ab3-a33e-629868eaf1657063863282
4d62a2a6-a8bb-3084-8568-8b0c0e6c53f9,2026-06-10,4.044842,30709a03-df76-3a99-9f2c-8ccec86cb09e5850066452
4f630062-21f6-3266-9acd-c0827dbf5c05,2026-06-10,14.360723,8f29efaf-4f24-3d15-82d5-2fc874ce981c6011993181
509c1fe7-94b1-311d-9fd0-979b350e4d61,2026-06-10,92.560275,beeb8cb8-6b14-3b16-b8ec-735f810410575059189611
50be9c42-1c4b-3493-a07c-ffe59fd8491c,2026-06-10,36.18767,edb658c0-31b6-337f-a557-ae881cfe96142560471597
5113b093-acec-3c38-870f-b61a2dd6b880,2026-06-10,74.699969,6de2df31-0e47-37b7-af92-4257cf86aa933125819112
54de7dbc-3f9b-3702-b677-fee85da6201d,2026-06-10,7.482928,d44e39e8-4f08-3623-986b-2646518072bf1207235870
56ab4ff8-d4a1-314d-82eb-cc5055b8d77c,2026-06-10,11.805238,95b986e2-fb52-3222-9a4d-94390d8daa468577144310
57437979-1053-38bc-8abf-3f9eba7ffc49,2026-06-10,17.745434,66cc36c9-6f31-3eff-8201-8a0a7f0bd59a0688159859
5cb2e039-2dc8-3bad-9d23-4bfddc143afe,2026-06-10,54.178575,8a29b19a-f05e-35e9-8df7-d99b28bf8a8d3280431943
5d21d7da-3e33-3ab4-99ef-3ca2c2ff2c69,2026-06-10,22.203455,b03fc426-da51-3e1c-aa77-6b918bff0e513877121931
5d6ffe35-085b-3fc0-abf7-9f02a5c4fb33,2026-06-10,36.785446,03ffa46d-2a01-3d1e-b2b7-afc51d9158352243231721
5de859d5-b06b-3878-b7f0-64c4e91191df,2026-06-10,10.068657,865e99a1-718b-338b-80ab-7bdcf6c522a91536159266
5f76ba6d-1bf0-3e51-b2e4-3a6d19bc39b9,2026-06-10,47.94378,c708bc56-c900-3691-a10c-994bfde2114d0282457351
5fa5d9c4-22b7-39f7-a3b2-d521ea60b47b,2026-06-10,21.323544,ab4ba1b3-b598-3bfb-8df0-768a0df60d506177714931
6001b0b7-96fc-3fe1-aef1-329c8e2f62ce,2026-06-10,10.94529,6e29cd08-5d8b-32dd-baf0-fc5123d964c69692072979
6a620372-f31e-349c-b6c6-0e040a3edb64,2026-06-10,14.603995,5585108c-6e05-3453-8c97-d5a03ce4ee0a5269991336
6c21f96e-4015-302f-a95a-0918b22b3ad8,2026-06-10,8.032773,2083bc7f-bc65-3533-b831-de38c4ce41a85705530326
6e8a1cb9-329d-3c5e-8d21-4c46a734d1e9,2026-06-10,31.254841,b038cfcb-9c1e-3cde-8676-1be4c1366b8b3024374020
7254494c-fbeb-3dc4-80ee-30c6f6c22599,2026-06-10,29.176378,64848290-d9fb-3103-b306-a0129738ec0d3937403775
72e3323e-cebd-3aa6-a736-9022afb37e21,2026-06-10,69.823733,dd1d2448-04ec-3dd9-9b0e-69f5e79a93407723570593
745d78f2-7f7a-3cdd-af4f-c4c3f0a18dbb,2026-06-10,54.453609,f1df5283-191c-30dd-b238-da858232e5d08985022611
75c008ab-9d95-3b45-b06c-1ba571bc7895,2026-06-10,15.09691,ec573df9-2361-3e56-a35c-cf369728a6f02624538703
760b65eb-45d9-332e-bbdd-15ad2c3223bc,2026-06-10,47.738212,4050495a-d74a-3f1b-b29d-db93ba2a71c15767916558
7825a025-23b9-3955-84e6-3a54c38e86e4,2026-06-10,25.083536,944aa6d5-032b-30c6-b177-dba1d9d44f1a2385396646
79874361-3477-38db-9fbd-fc39d1713d69,2026-06-10,24.058833,241900d5-f58b-3b3f-8abc-638d1ad78e024760008737
7a7af6a0-86f2-31f0-bb17-7e3d8de4ba8a,2026-06-10,9.494401,122c429d-4933-3ed3-8c02-852801f2503e6499333998
7feb497b-3ee8-39fa-9cfd-72a898f4cf47,2026-06-10,11.967081,90e6638a-edc1-308e-9f27-d8a3719440025129345869
812c22d3-3843-3385-aa3b-aa8ae91b882a,2026-06-10,5.811892,e7cb4203-d63e-3d55-86b1-e2f3868974688509958032
82a48b8e-4fa5-3f42-857c-71fbe24937aa,2026-06-10,20.271118,78999b98-2dd1-3379-978c-e2474a4a43306995668347
82b47e6e-09d7-36e6-80ab-4506629ff46b,2026-06-10,21.747065,1695d743-ff11-3262-b7c5-f109ac7b016b5800029843
834aa49a-5a2a-30db-8385-ad60aed26cd7,2026-06-10,79.280501,4b2f77f6-8ea8-3f4d-8688-fe485e1dd22d6927009123
83ac466b-0a2c-3b9f-bc16-cc1733598dc1,2026-06-10,28.427883,fbb1458a-bb03-3a59-81a7-c4bfa04cd8482348091600
84f354b1-00ae-34ba-b443-ccd2efee613c,2026-06-10,6.567204,8a14f25e-1645-3406-a19d-b9806ef569954307313451
86a53618-ee86-3705-9b6b-f5372a406e5d,2026-06-10,14.787166,31eb179f-ca40-3562-abbc-7ab5302343cf3567482943
87ab0257-a9f6-3705-89f8-f63b9b8f2b0c,2026-06-10,26.755257,dd1dde98-5502-3952-90fe-dc66f816ed747906535428
8c272368-ac0c-3bc7-9568-cfbb26f8e749,2026-06-10,16.785418,9ef76979-dca8-3c79-9b0c-a7e5b98cc4183178708115
8c2e2c06-5c7a-359a-8e69-0efdfb7e79bb,2026-06-10,13.344659,02b8249b-d351-36b0-8f66-387e9b5ecd765409838852
8ca30a12-e5f4-3017-8037-1616e9ddbb5b,2026-06-10,11.878322,d980087a-73cd-3a85-914f-0dbeb6da2ff07929331557
8cb2a7d2-f605-3df9-981a-2c02b1d1a4e0,2026-06-10,16.915278,c8409fd1-44f6-341e-aa4a-fcdd48e1dec91197407417
8ce3a609-9e37-3b54-a602-9b395e5f5a76,2026-06-10,21.42601,140ba20d-dc2d-30f1-8369-9f0fcb7417216954795985
8dc72d59-3896-3d24-a51b-3a8a9e1c6713,2026-06-10,23.139256,2bb55a33-fdd0-39b0-8fa8-bf8f9e9997f59421453150
911d2093-d19c-3f31-815c-a2815fcd3901,2026-06-10,160.530809,f08546be-1bd1-3bd9-a186-1ac364a028663840464235
92de990d-30ce-38da-ad78-86a4a56c065b,2026-06-10,17.287649,5a8242fb-5aa7-3d5b-ac68-21ea53c5f9e87894148187
9317e817-504a-35a4-b7c3-68e90b432c45,2026-06-10,25.650982,bd68d9fe-0c5e-3648-8a84-d7649dbc11df2315333603
949ebf54-2340-343d-959a-0f34372577da,2026-06-10,48.695671,181570ff-51a4-3333-82ec-c322cfc915d01750361380
96739dc1-9e37-3b11-8e79-e0a5a57062a1,2026-06-10,119.894902,7b60b05a-7946-3efd-a3a0-0ada59de74070619321536
96be8df1-0628-3c17-acd8-50a096438ea0,2026-06-10,26.050483,7b8d6a5a-3256-3096-8208-171b7eaab4737311108557
9a736669-65a4-3b3e-a4b5-8f6ec9654a84,2026-06-10,18.178946,bd347e86-1b36-3407-80b6-78a2f2dae41e9793909208
9bddd6f0-dd41-333e-aac7-f757b18ea2aa,2026-06-10,24.0232,c6545cb9-33df-373c-8ac9-ce43225c9d986458695776
9d4e9d75-07dc-3cf6-999a-9fb34aad5110,2026-06-10,68.936774,6bd3f0f6-7367-36c5-809c-f71a18ab552d5196745345
9f556308-7e5a-375c-8130-c6284c3c5d5c,2026-06-10,20.281014,24110268-df67-321e-9581-bd29f27ea3618160468027
a06461db-ef00-3481-9827-c829471e7245,2026-06-10,3.142709,5511d59c-db31-37fb-8790-ae49b8ec4ba25737611269
a0f95e73-3897-3dcc-9f5c-faad41b5219c,2026-06-10,93.886717,58b12641-aa5e-3c6d-97a0-f417dd0a469c4411625778
a2de86e5-02cf-3c93-9b40-f9629530b7d1,2026-06-10,522.056593,bcd56054-ac31-3e6f-a2d9-f156a299929c4047783680
a3f48154-490b-350b-9f4e-74835b5aaaae,2026-06-10,10.951082,95ed8b8c-c59c-372a-b31e-6543997b82d74860620288
a5068583-4849-35ce-900f-e2ce7f309840,2026-06-10,22.555664,ccacfe15-f7bf-3c92-9308-98112a74aa440314647208
a513bb7e-87ac-35cd-b4a2-6d23427bd2fa,2026-06-10,26.510506,481dceb1-1678-3a7e-b288-d7e2bf0c062a7786339993
a8d7fd17-4556-3ba6-8223-e88d8ead8fb0,2026-06-10,11.057796,7d10e7ed-604b-3e03-a105-86eebe4f6d9d0233713485
a8e332b8-087a-38b0-8c1b-64db4efadc7a,2026-06-10,21.316537,47b681e7-c3d8-31f6-ab69-43f82db88fa66316703417
acadf00f-5359-3905-a13e-213d751bffb2,2026-06-10,5.193486,2852258a-e2bf-3b5a-ad87-7915c236685c5632583391
af753398-35e3-3c49-a7bb-31e2830197f3,2026-06-10,6.211106,b00ef48c-948b-3854-a6bb-ed2ca37487540169593901
b08b0516-052f-31ca-baee-415f1e9f6c1d,2026-06-10,24.862353,8eb78258-dbd8-30ca-8e2f-f57e8806b9340333593055
b20c7e06-4ac3-32d4-be1f-8d8ca043e124,2026-06-10,24.061189,650b165d-6706-35fc-bfd9-fcbb4c66d7bc6712610403
b32150f1-1acd-3990-ad31-f63fed66b1cf,2026-06-10,35.985438,27222e5f-5d35-3311-be74-7f592e6bb2553842641276
b516e127-e0a8-3444-a387-7ee0a83c2029,2026-06-10,1.850606,cc30fb51-7115-329e-acbb-6cf3b4f138c85952469832
b571b5d8-c91f-3776-86bd-22c88c5580c2,2026-06-10,38.792121,afafa873-61a8-38e0-8977-cd70cd270f449777286253
b5b7bbb0-1312-34a4-8934-10fe49cea8ed,2026-06-10,36.661545,c1179ffe-16b5-3808-a61b-c697ad5655cd0958447347
b8587185-2c84-31de-88cc-fe6d3eacc72b,2026-06-10,180.510569,e6e35728-813d-3acc-a33b-e74a927cf6fd8432089109
b99742c8-7da0-3e81-ab3c-eb775e9f5d24,2026-06-10,60.692442,83de6687-9540-3db3-a6d6-f036d634a1c63930926163
bce50849-a0e7-3f2b-b22a-24ed60440705,2026-06-10,7.468006,ecbe8abc-16bb-3af7-8cf1-b6d262d3f9915691766209
c039e4c8-9c3b-3ae3-a2e7-b54c85d2cac7,2026-06-10,51.033909,ef0e0898-3920-39d5-9050-8c57b5cbcd1c9155184466
c0f8ab9f-4b7b-3f4f-b576-f80ad3cb5399,2026-06-10,26.460793,ae6fce59-c426-3691-b4cc-2e7f01a5433a0719674315
c3811eff-eb0f-3e83-943e-18b5d09919e4,2026-06-10,23.0949,b38c4c71-2ecc-3478-967b-30176508f2a82808970508
c41f2431-16c5-3799-9be8-561415389d5f,2026-06-10,21.638661,35f5e81a-e25c-3ff4-892f-d89a5cfb53448046832917
c4b4c934-c94d-3170-bd1b-d7737b2ab490,2026-06-10,4.964808,ddfedfb4-a197-3bc5-b5b9-3413d396c9d18520739647
c4ec5436-0c6f-389c-b83d-e1f34b408946,2026-06-10,7.969726,6d73a170-b659-36fe-bc67-1faa907dd4b49647063385
c6c1b9c0-072d-3dbf-accc-4c8643cc0c4a,2026-06-10,9.964346,8e833220-412d-3626-aef6-f1d8e255b8961584029669
c7599875-d64e-3ef2-8a6a-a218c4c24bfa,2026-06-10,16.060614,4acd48f6-3379-3b71-a45f-8ba6aad527457333951563
caacaf00-76dc-3d35-955a-b0b7289c1497,2026-06-10,4.131822,5428bbad-02ec-3bbd-b559-a02cb4c2701a9853561586
cdcbe271-7336-35c3-a44f-1a90281b0857,2026-06-10,5.981632,cc4a0181-1f8b-3069-891f-8f8303116f410950083050
ce7a22b8-f3c0-3690-acac-8b5a7bf4c798,2026-06-10,25.23869,75a3be66-cc33-35b3-aa17-355486d71eeb4926576029
d16b7d90-92be-3869-95a7-7d511669811b,2026-06-10,23.661443,760b5b15-f871-3327-a1ef-e07e6f4cc11c2795438507
d3c48311-d8dc-3e24-95dd-6d2bca767bff,2026-06-10,26.72599,84018d69-0a55-3d24-a877-97aaa31a46cf2815442486
d3d0b6a8-f422-3af5-a62e-826c20495095,2026-06-10,18.901486,9a1ea106-1b3c-358a-b321-05d0ef5590af7934449393
d6f76560-f2a1-3ae9-ab43-eaa1f2033306,2026-06-10,19.572743,df76341f-d9c1-31f1-a511-61e0bba9ac1a9330646801
d72106c4-021a-3b57-bf48-7b6f2c14df23,2026-06-10,14.591541,e7b18bc4-313f-33d3-ad46-7b5d777f74ca3565120826
d86225ec-57c8-3039-9b73-5067e9668517,2026-06-10,2.645703,9befbbd8-c5ed-3abc-9d19-377736924de73675696583
da8b7ad5-701e-38e4-af53-bcb52836386c,2026-06-10,14.616342,5a63d77e-0da6-3691-900f-f20d6593ab0a0016925614
de0bc8c0-4447-382c-b7c7-ce385510a49b,2026-06-10,27.091686,8d66b14e-bf47-35e5-b800-b55ca34760cf6094204743
e0ab7ac6-23e5-3ce5-aef4-d9e2e575bb7a,2026-06-10,6.914564,36f25be1-e4a7-34ea-a4d5-d394fb2065cc2046082019
e1ec776a-9a69-3e5d-a0c5-33a9250b1f19,2026-06-10,13.075613,8dbe6882-1128-323e-98cf-6c6c8fd5be7d0079256300
e69f5e43-374e-3577-a194-03eca473eb86,2026-06-10,24.692764,b994cb0e-9aaf-3dbd-a0ab-315cc16c435c1107868581
e71fe34e-9aa5-3ade-8054-a639af523373,2026-06-10,8.999182,b1e661de-87c5-37a4-b0ad-b47b375e798f8517162525
e76bb8c7-e2ca-3a2e-96b4-7d3717dfbe06,2026-06-10,19.302179,e755d9a3-e083-3c09-8b82-e48bcb43e7f81851692813
e91fcfab-7cdf-31df-8933-e788688d8288,2026-06-10,12.66927,fe28678b-e200-3a9d-a1de-effda4879d2c1615844509
ea133f80-908c-3a40-af86-f0745e517fd2,2026-06-10,47.421545,7111b6e6-9d33-3f84-ae08-89cafad819261967282058
ebbf605d-a94c-3f16-9ae0-5449c87f4002,2026-06-10,74.142809,c01d7453-03eb-38be-bc95-24391aa315144796657446
ed0a8ed8-2282-3fec-82db-fafd297cdb61,2026-06-10,9.224533,4e3099ad-3bc5-3b23-837d-8c897adc8c894362553996
eeaba3bd-0e65-3eff-80b8-bb415d1cdc89,2026-06-10,24.234922,6d3df8ea-2edd-3fc0-8f44-b14a5c9f858f7358431617
f02cc034-f8c6-39b7-afff-343b04ff2064,2026-06-10,13.644757,4a495ff6-34e1-3d8e-9177-445cdfd39d764430640857
f1809858-d9d7-3db3-8cc3-5793c598044c,2026-06-10,33.422351,7697f751-8371-30c0-81c8-fcc775cadf993437132586
f1ebcf2f-e51e-373c-b8af-374b6efced62,2026-06-10,25.738246,a96795c7-1ef3-330f-9a52-bd611b998fc53408195367
f28c27e1-116f-3bfa-87a3-a4aec05ef6ed,2026-06-10,35.272651,06747886-3cd5-3df7-b4e3-5300fd43ba8b6993791108
f37b1d54-4726-3503-b093-7096160494d8,2026-06-10,13.347648,0701ba50-1c05-393a-97d1-5f4023a8749c6116792851
f55d8d9d-5df9-32e8-a43c-40e2d30fe83e,2026-06-10,21.493416,25ce49b4-0e30-37f6-83c9-8fdba57ec8554749707383
f5c21c69-5b03-320a-ae2e-2554aefff943,2026-06-10,73.035288,1733732a-abce-3040-96d5-89e43d8b44882339867108
fbb84839-d7f2-363f-a497-68b74f2449f2,2026-06-10,11.462316,76b88c0d-830b-38ed-91c8-6b3757820cc05429571885
fccc0510-f20a-3f28-bf3c-66cfe9fa99d1,2026-06-10,13.740435,218810c6-5f55-31ef-942d-6b8f7944e4a79796581507
030041c0-f398-3572-9c7e-3edf3d9d2ea3,2026-06-11,5.804035,123b8640-546f-3146-aac1-b5e3a45883358031893487
06e33f1d-dda0-31b8-915e-bde6cf9b4012,2026-06-11,46.297036,5c1c68c1-feaf-3d3a-8a14-7e795d01c1ba6471737628
071015e8-3dae-3fe5-84fb-880f24672395,2026-06-11,38.618694,453d5359-3943-3fff-89a3-000f66b87f5c2508884910
0769202c-7965-32a1-8d36-1cd52b64377d,2026-06-11,6.770142,03bfca79-bd1d-3217-a8ee-b032e1a5d4279777514889
0bd9c8a1-cf25-3dfe-9380-6143b1183f53,2026-06-11,38.975473,7ff7d9b9-eb8b-35f9-9265-8dd933d6e5f40824718437
0d27bc97-59cd-32d0-9146-960993fea8f2,2026-06-11,7.526943,2f024d4b-7d63-3f13-9c02-6541cfb6efcb8610694866
0f7a9277-d005-30c0-8821-910389205cba,2026-06-11,7.397253,1498339f-636a-3ba6-8eaf-f82826cfc66b1703033271
103be95c-0738-36fc-9aca-d07b1504909a,2026-06-11,127.080244,288d8971-0036-3b38-be44-cdab7d647fa95424134206
1094d4eb-2c4b-3c82-bb41-36696a775289,2026-06-11,95.781967,8348db4d-a8ba-3dc8-b03d-3f8345e1ce081137124557
1176a69b-fd42-3989-9822-360026e942a4,2026-06-11,77.134081,4b6c12aa-31db-353f-9880-bcdca16d2c971125384531
176efb99-8d0f-325e-a3e0-daa08e876832,2026-06-11,27.492398,c3c60fed-2c36-3d97-8b89-35c5cbbebe232642944088
17e9c47e-62ba-33a6-96e1-95ad3c636d22,2026-06-11,86.345909,77974123-fa35-3834-90f5-d19a2e752e979650064655
18a6d5f8-3203-3934-be7c-fef235f8d5ee,2026-06-11,23.878136,d0fc809f-656e-31a8-9e5e-192c6b636f8d5430933548
18d39ce1-5a60-3a9e-9621-bfa693409e77,2026-06-11,15.682286,136386ac-0d76-3f46-b05e-ad2dc8a2fa238045910511
1b3fb613-cf66-3fd2-9f95-ff50109c0acd,2026-06-11,115.25766,1fa2f8d6-f706-3946-b03f-934a353439d71816307632
1c3f0a45-334a-3810-b02a-7ba9181fca95,2026-06-11,20.663757,f25a1909-b1f5-354d-9179-29694f6ccd7b0794803399
1eae9205-92f7-36a7-94c5-cb082b3e7211,2026-06-11,20.632787,dd4f2862-ad2c-38c4-98b8-9dfedc77a2173206733718
2111daa9-5dbb-36aa-b675-efab46559d5d,2026-06-11,3.638027,93fc0a2e-adf6-3b5c-a38a-8aaf0af2466c8463812397
21e18788-026e-37c1-9a0a-259c58a0fc50,2026-06-11,38.808761,6825bc20-32f9-371b-b653-a8454dd0cf4e9794303102
29513ef6-a0f9-30aa-b2a3-e67dd9c50f2d,2026-06-11,11.553839,4763c9d2-d480-368f-84c3-63cf0c346e577347437891
2b3c346c-5f49-3232-be35-3443261527b0,2026-06-11,8.63165,e6538295-3b6e-3154-9420-ec45501d20ae5856219597
2bf4e90b-5fb4-3eb6-92bd-c21ab46e7639,2026-06-11,2.546931,4835e147-ad32-3a9a-b1c1-4116ab8c15bf1573038869
2fdf5375-31c8-3c6a-9cf3-12465dbec4a5,2026-06-11,25.977312,fd3e2044-7bf6-3813-acab-9043d4cbda0b6568880041
363a066c-58b6-3bcf-a7b0-e9729a735ba7,2026-06-11,44.062862,29527eb9-d544-35c2-b9f1-bb262cf6b4159824252521
36f0982a-ff58-3c66-9847-439d640e7d96,2026-06-11,58.803079,50b96d70-0ca5-3d4f-bdec-3c9a5b48f6100810857519
3ab4ce54-3bfa-3a09-8624-c69a02d77632,2026-06-11,0.737086,776a90be-9929-3c47-9f5d-5f73f58824c60497278972
3e7f3808-bc28-36c7-8251-a028f5ff5644,2026-06-11,23.394879,18ddeade-5928-3676-ae42-029acd2d6bcb2570795136
3ec4aa61-73df-37f5-af33-ac50b24f1ab5,2026-06-11,22.595825,5530820d-9691-3c0b-895b-b218aa4b299c0225945614
3fe600f0-c808-3676-90fe-909ea8b83ca6,2026-06-11,10.129258,89445095-871b-3498-be52-e63f6b0e774b5355986831
41219c74-897b-3ca9-87e5-43da9041ddd3,2026-06-11,50.667636,fbfd204b-197f-3c6c-95b1-4733172f5fca0533189354
423348ca-0838-3372-a616-b4cda0468666,2026-06-11,4.722788,c36a6f4f-bea8-35b0-b824-2c970e256ac26805083472
4333cd5c-141e-38a1-af2a-a7df714feddb,2026-06-11,11.974545,3c3bc593-75a7-3bce-b04f-0d15bea76c784217531826
434188a4-f9da-364f-a6dc-53072f0ec1b3,2026-06-11,12.873037,e25f63b1-614b-3240-9c58-803a43e9bb435024428155
4a7af055-4d5f-39bf-b0a0-3e957abd6b60,2026-06-11,73.342363,2d350fdb-0d58-3f71-94bc-a8c8ac08ee913457245518
4b3616f0-ccf1-31e3-810e-f668c2042b23,2026-06-11,32.749037,b68e0cee-582f-3f61-89e5-ca032d2062073327596356
4d62a2a6-a8bb-3084-8568-8b0c0e6c53f9,2026-06-11,10.775258,30709a03-df76-3a99-9f2c-8ccec86cb09e5850066452
4d8e0306-9402-312c-8735-520e75542ddf,2026-06-11,13.641889,fc890f93-7094-3cdc-9c17-a9bca9d2149d3600693627
4f630062-21f6-3266-9acd-c0827dbf5c05,2026-06-11,5.053298,8f29efaf-4f24-3d15-82d5-2fc874ce981c6011993181
5060be3d-9bbb-3f4e-955c-625e4390c6b7,2026-06-11,18.646332,2aff5a14-b04c-3fb3-98e6-5f847371e3ff9195279440
509c1fe7-94b1-311d-9fd0-979b350e4d61,2026-06-11,49.960025,beeb8cb8-6b14-3b16-b8ec-735f810410575059189611
5113b093-acec-3c38-870f-b61a2dd6b880,2026-06-11,44.887809,6de2df31-0e47-37b7-af92-4257cf86aa933125819112
524da203-40d7-33a6-8ab6-b21a0cef3c58,2026-06-11,12.514635,4b414f3b-b1d8-3f11-b80f-a4ce6c6d7a4c9655939769
54de7dbc-3f9b-3702-b677-fee85da6201d,2026-06-11,11.661913,d44e39e8-4f08-3623-986b-2646518072bf1207235870
55ad8c29-20dc-320f-8c21-ac3dfd7685ea,2026-06-11,30.266698,59813d11-bc16-3001-915e-9a9eff70c57f6619407622
55b0607e-f635-348a-bc83-f4e52515b7ec,2026-06-11,11.432104,118c8a35-e628-36a2-8499-91a87fa954ea9600440361
5656dbc0-5497-3227-a829-fd8eb574450e,2026-06-11,11.507767,a203c081-9992-358a-b291-2006588558ba6822670837
56ab4ff8-d4a1-314d-82eb-cc5055b8d77c,2026-06-11,23.310202,95b986e2-fb52-3222-9a4d-94390d8daa468577144310
57437979-1053-38bc-8abf-3f9eba7ffc49,2026-06-11,27.710597,66cc36c9-6f31-3eff-8201-8a0a7f0bd59a0688159859
57d3f142-33f4-308b-ae84-b183cc99db1b,2026-06-11,11.011835,3347c53c-2e52-3fd7-91f9-f73a7872e66a1890146135
591e07f6-72df-366d-a512-d5ee900f7c15,2026-06-11,38.737927,abb3cf38-3fad-3baa-af44-c9b4d24608456857996865
5a91fc01-e54a-36cc-b759-44260109d8b8,2026-06-11,1.60369,1356d797-66bc-3a72-b11f-7b3084dc9d272348624974
5b4c7154-ad7e-3526-aa3c-45e89d71e721,2026-06-11,65.832886,a5074e62-50d5-364b-aeef-675c60c2ee493068298762
5cb2e039-2dc8-3bad-9d23-4bfddc143afe,2026-06-11,42.429662,8a29b19a-f05e-35e9-8df7-d99b28bf8a8d3280431943
5d21d7da-3e33-3ab4-99ef-3ca2c2ff2c69,2026-06-11,13.275447,b03fc426-da51-3e1c-aa77-6b918bff0e513877121931
5de859d5-b06b-3878-b7f0-64c4e91191df,2026-06-11,8.919786,865e99a1-718b-338b-80ab-7bdcf6c522a91536159266
5f76ba6d-1bf0-3e51-b2e4-3a6d19bc39b9,2026-06-11,21.848987,c708bc56-c900-3691-a10c-994bfde2114d0282457351
5fa5d9c4-22b7-39f7-a3b2-d521ea60b47b,2026-06-11,15.492508,ab4ba1b3-b598-3bfb-8df0-768a0df60d506177714931
617065f0-5c37-32d6-a3d6-dc223ac898b3,2026-06-11,24.649939,ae562d52-09ae-3863-b5f0-5ae580696f0f2844325743
64b0ba20-1b28-3b6c-9ffc-402714ee0245,2026-06-11,8.952619,358bf36d-7dae-3d60-9132-32bf3090f2f25850796649
68b45261-85be-3d03-a069-5aa6ffe8e8ca,2026-06-11,59.067835,b6a7cc29-e0c8-36bf-9e06-ffc155431b242084275934
6a620372-f31e-349c-b6c6-0e040a3edb64,2026-06-11,18.003379,5585108c-6e05-3453-8c97-d5a03ce4ee0a5269991336
6e8a1cb9-329d-3c5e-8d21-4c46a734d1e9,2026-06-11,8.054837,b038cfcb-9c1e-3cde-8676-1be4c1366b8b3024374020
745d78f2-7f7a-3cdd-af4f-c4c3f0a18dbb,2026-06-11,44.485167,f1df5283-191c-30dd-b238-da858232e5d08985022611
74cd4f7c-116b-3316-bf7f-eb46458694da,2026-06-11,48.2055,755c3974-2d2b-3242-8001-42f3d96983649032632994
75be5782-378c-39b7-8d80-e4225331c478,2026-06-11,4.216633,e1d9f528-91ca-3b5f-b9e2-c2bc6c32dd155877684651
75c008ab-9d95-3b45-b06c-1ba571bc7895,2026-06-11,11.64666,ec573df9-2361-3e56-a35c-cf369728a6f02624538703
760b65eb-45d9-332e-bbdd-15ad2c3223bc,2026-06-11,23.543493,4050495a-d74a-3f1b-b29d-db93ba2a71c15767916558
7825a025-23b9-3955-84e6-3a54c38e86e4,2026-06-11,34.73144,944aa6d5-032b-30c6-b177-dba1d9d44f1a2385396646
79874361-3477-38db-9fbd-fc39d1713d69,2026-06-11,18.121447,241900d5-f58b-3b3f-8abc-638d1ad78e024760008737
7fb6ff11-be82-30ff-ad1d-e44ada4f46db,2026-06-11,11.229666,44965c11-796e-3e8c-b92a-222141e2d34e4076630863
82a48b8e-4fa5-3f42-857c-71fbe24937aa,2026-06-11,28.846245,78999b98-2dd1-3379-978c-e2474a4a43306995668347
82b47e6e-09d7-36e6-80ab-4506629ff46b,2026-06-11,54.008881,1695d743-ff11-3262-b7c5-f109ac7b016b5800029843
834aa49a-5a2a-30db-8385-ad60aed26cd7,2026-06-11,75.349626,4b2f77f6-8ea8-3f4d-8688-fe485e1dd22d6927009123
83ac466b-0a2c-3b9f-bc16-cc1733598dc1,2026-06-11,32.526895,fbb1458a-bb03-3a59-81a7-c4bfa04cd8482348091600
84dcbd6d-e273-316b-8912-4ed74ff8a9be,2026-06-11,5.645783,a26b9066-44c7-31c3-b9fa-04e255b439490462824831
84f354b1-00ae-34ba-b443-ccd2efee613c,2026-06-11,5.609923,8a14f25e-1645-3406-a19d-b9806ef569954307313451
87ab0257-a9f6-3705-89f8-f63b9b8f2b0c,2026-06-11,6.444138,dd1dde98-5502-3952-90fe-dc66f816ed747906535428
8c272368-ac0c-3bc7-9568-cfbb26f8e749,2026-06-11,2.743252,9ef76979-dca8-3c79-9b0c-a7e5b98cc4183178708115
8c2e2c06-5c7a-359a-8e69-0efdfb7e79bb,2026-06-11,14.937255,02b8249b-d351-36b0-8f66-387e9b5ecd765409838852
8ca30a12-e5f4-3017-8037-1616e9ddbb5b,2026-06-11,13.037973,d980087a-73cd-3a85-914f-0dbeb6da2ff07929331557
8cb2a7d2-f605-3df9-981a-2c02b1d1a4e0,2026-06-11,22.425463,c8409fd1-44f6-341e-aa4a-fcdd48e1dec91197407417
8ce3a609-9e37-3b54-a602-9b395e5f5a76,2026-06-11,4.382834,140ba20d-dc2d-30f1-8369-9f0fcb7417216954795985
8dc72d59-3896-3d24-a51b-3a8a9e1c6713,2026-06-11,24.65387,2bb55a33-fdd0-39b0-8fa8-bf8f9e9997f59421453150
956008d9-c7c8-3450-a799-ccd802fc2078,2026-06-11,24.053809,ac8597c6-2e0c-3fce-bd96-0eeae07b92825791469057
9661bcb6-dd62-3576-b8b0-049874fff3a1,2026-06-11,4.095157,a765656c-b5ea-38d3-b817-93751b0015257870386126
96739dc1-9e37-3b11-8e79-e0a5a57062a1,2026-06-11,129.317588,7b60b05a-7946-3efd-a3a0-0ada59de74070619321536
96be8df1-0628-3c17-acd8-50a096438ea0,2026-06-11,24.570592,7b8d6a5a-3256-3096-8208-171b7eaab4737311108557
9b195b8e-28d6-386e-8990-1a5bb4dd1bdb,2026-06-11,27.410934,193afc72-4494-30b1-beb3-cd4156f1c97d7901017989
9bddd6f0-dd41-333e-aac7-f757b18ea2aa,2026-06-11,47.109196,c6545cb9-33df-373c-8ac9-ce43225c9d986458695776
9f556308-7e5a-375c-8130-c6284c3c5d5c,2026-06-11,17.104903,24110268-df67-321e-9581-bd29f27ea3618160468027
a0f95e73-3897-3dcc-9f5c-faad41b5219c,2026-06-11,144.906441,58b12641-aa5e-3c6d-97a0-f417dd0a469c4411625778
a2de86e5-02cf-3c93-9b40-f9629530b7d1,2026-06-11,544.939619,bcd56054-ac31-3e6f-a2d9-f156a299929c4047783680
a3f48154-490b-350b-9f4e-74835b5aaaae,2026-06-11,6.049976,95ed8b8c-c59c-372a-b31e-6543997b82d74860620288
a5068583-4849-35ce-900f-e2ce7f309840,2026-06-11,29.629637,ccacfe15-f7bf-3c92-9308-98112a74aa440314647208
a513bb7e-87ac-35cd-b4a2-6d23427bd2fa,2026-06-11,9.572283,481dceb1-1678-3a7e-b288-d7e2bf0c062a7786339993
a8d7fd17-4556-3ba6-8223-e88d8ead8fb0,2026-06-11,6.898211,7d10e7ed-604b-3e03-a105-86eebe4f6d9d0233713485
a8e332b8-087a-38b0-8c1b-64db4efadc7a,2026-06-11,31.308026,47b681e7-c3d8-31f6-ab69-43f82db88fa66316703417
acadf00f-5359-3905-a13e-213d751bffb2,2026-06-11,6.312655,2852258a-e2bf-3b5a-ad87-7915c236685c5632583391
ad759908-6038-3c75-a6b2-7fd42a8a03f7,2026-06-11,20.133445,2ad373ae-0c89-3393-8c68-e3126543594f3130901658
ae5f3d2e-f527-359d-8bcf-846f320f8e57,2026-06-11,12.726765,22f94015-ff23-3150-ae0f-9ef0bb188a207912060816
af15418c-707a-3e54-a465-034a3b570a96,2026-06-11,34.610638,89b93f60-7af8-31b9-aacf-45885de7f2069142372275
af753398-35e3-3c49-a7bb-31e2830197f3,2026-06-11,11.270833,b00ef48c-948b-3854-a6bb-ed2ca37487540169593901
b32150f1-1acd-3990-ad31-f63fed66b1cf,2026-06-11,76.922692,27222e5f-5d35-3311-be74-7f592e6bb2553842641276
b5344373-538f-3f37-8982-c97e3158144a,2026-06-11,6.526918,2a20868d-41a0-350b-abd7-08a3f9d834063257215959
b571b5d8-c91f-3776-86bd-22c88c5580c2,2026-06-11,20.968002,afafa873-61a8-38e0-8977-cd70cd270f449777286253
b7f8d590-1a7d-3745-82cc-9e0c966c6306,2026-06-11,28.19012,65f0ec49-73ce-37cb-a381-28e7217750090455003993
bce50849-a0e7-3f2b-b22a-24ed60440705,2026-06-11,11.408116,ecbe8abc-16bb-3af7-8cf1-b6d262d3f9915691766209
beb1d1c6-4fa9-36a8-a06f-1dc58ab74161,2026-06-11,4.741926,69be3936-f12c-34ad-b6bc-7a9f397f7d580253357983
bf5e2c07-ebd1-3aab-ae92-933140999b06,2026-06-11,26.908737,e12f9949-3428-338b-a05b-b980386cf9872350056648
c0f8ab9f-4b7b-3f4f-b576-f80ad3cb5399,2026-06-11,12.249651,ae6fce59-c426-3691-b4cc-2e7f01a5433a0719674315
c3811eff-eb0f-3e83-943e-18b5d09919e4,2026-06-11,34.1146,b38c4c71-2ecc-3478-967b-30176508f2a82808970508
c4b4c934-c94d-3170-bd1b-d7737b2ab490,2026-06-11,6.633138,ddfedfb4-a197-3bc5-b5b9-3413d396c9d18520739647
c7599875-d64e-3ef2-8a6a-a218c4c24bfa,2026-06-11,9.706102,4acd48f6-3379-3b71-a45f-8ba6aad527457333951563
c8c964e3-6f43-33e9-8a11-e9eaf55933ba,2026-06-11,40.602966,db1bd750-5b46-3bea-9d82-c79a18a08d0d0806001910
cdcbe271-7336-35c3-a44f-1a90281b0857,2026-06-11,28.179479,cc4a0181-1f8b-3069-891f-8f8303116f410950083050
ce7a22b8-f3c0-3690-acac-8b5a7bf4c798,2026-06-11,38.907514,75a3be66-cc33-35b3-aa17-355486d71eeb4926576029
d098b8be-5fd2-3aaf-b08a-03443b43e413,2026-06-11,11.669641,ebfca532-8531-3093-b085-d9b06d8a505a5090987086
d320f92f-4cc3-395c-b6c7-3cb3c7cb3efe,2026-06-11,68.896745,db719257-f1df-3420-b485-acfb0da643a10140791541
d3c48311-d8dc-3e24-95dd-6d2bca767bff,2026-06-11,15.587089,84018d69-0a55-3d24-a877-97aaa31a46cf2815442486
d3d0b6a8-f422-3af5-a62e-826c20495095,2026-06-11,10.890587,9a1ea106-1b3c-358a-b321-05d0ef5590af7934449393
d6f76560-f2a1-3ae9-ab43-eaa1f2033306,2026-06-11,52.717451,df76341f-d9c1-31f1-a511-61e0bba9ac1a9330646801
d72106c4-021a-3b57-bf48-7b6f2c14df23,2026-06-11,14.078575,e7b18bc4-313f-33d3-ad46-7b5d777f74ca3565120826
d76f0b24-1370-3b6f-81fa-de61d93e7ebe,2026-06-11,1.827304,8bb85ae4-103e-305d-9e3e-d9c85ce4b4f27606140443
d834b72d-c2cc-391e-8a0c-c3f147eeb522,2026-06-11,31.695004,62331e5f-4437-3168-b6e9-aa00c1ae49235115900219
d85f6c3e-620f-3cc3-9005-9e1beefefdc6,2026-06-11,10.958286,7a3476cf-c702-35d8-ab2c-c3c41701130b3532848987
d86225ec-57c8-3039-9b73-5067e9668517,2026-06-11,2.955835,9befbbd8-c5ed-3abc-9d19-377736924de73675696583
d940c628-4e61-3954-9aee-1aa0a0b6e21f,2026-06-11,22.812231,cbf31122-ee58-37d2-a16f-5d8ff6fcc1cb8640751006
de0bc8c0-4447-382c-b7c7-ce385510a49b,2026-06-11,50.221874,8d66b14e-bf47-35e5-b800-b55ca34760cf6094204743
dee4128a-2091-303c-8411-15401a64ec03,2026-06-11,131.859741,7d2de236-8dd1-333c-b3b2-c7d8bd4250cd6306917490
e0ab7ac6-23e5-3ce5-aef4-d9e2e575bb7a,2026-06-11,6.175621,36f25be1-e4a7-34ea-a4d5-d394fb2065cc2046082019
e1ec776a-9a69-3e5d-a0c5-33a9250b1f19,2026-06-11,4.48561,8dbe6882-1128-323e-98cf-6c6c8fd5be7d0079256300
e402d019-6155-3bff-9228-4911ea446777,2026-06-11,74.012698,d454160e-2dc7-3ac7-86b9-e72c34ef16312394849607
e41ed1fc-302f-351c-8dbd-1ccac5078a09,2026-06-11,54.492214,4a944e09-e32f-36d7-b5a4-e211ca471f446730403642
e69f5e43-374e-3577-a194-03eca473eb86,2026-06-11,56.098364,b994cb0e-9aaf-3dbd-a0ab-315cc16c435c1107868581
e76bb8c7-e2ca-3a2e-96b4-7d3717dfbe06,2026-06-11,48.907148,e755d9a3-e083-3c09-8b82-e48bcb43e7f81851692813
e91fcfab-7cdf-31df-8933-e788688d8288,2026-06-11,24.296465,fe28678b-e200-3a9d-a1de-effda4879d2c1615844509
ea2319a1-87a9-39c7-978a-631828711569,2026-06-11,39.674766,aa7cd5d3-2fa7-342d-b330-88ea3eded8c73712328503
ed0a8ed8-2282-3fec-82db-fafd297cdb61,2026-06-11,14.541172,4e3099ad-3bc5-3b23-837d-8c897adc8c894362553996
f02cc034-f8c6-39b7-afff-343b04ff2064,2026-06-11,17.849929,4a495ff6-34e1-3d8e-9177-445cdfd39d764430640857
f0699448-f713-378f-9e30-ac35b4b0ddbb,2026-06-11,28.121299,0fcce33d-eb23-3f5d-946b-53b6afe198987280446281
f1809858-d9d7-3db3-8cc3-5793c598044c,2026-06-11,43.397154,7697f751-8371-30c0-81c8-fcc775cadf993437132586
f28c27e1-116f-3bfa-87a3-a4aec05ef6ed,2026-06-11,35.577418,06747886-3cd5-3df7-b4e3-5300fd43ba8b6993791108
f37b1d54-4726-3503-b093-7096160494d8,2026-06-11,12.928145,0701ba50-1c05-393a-97d1-5f4023a8749c6116792851
f55d8d9d-5df9-32e8-a43c-40e2d30fe83e,2026-06-11,16.410789,25ce49b4-0e30-37f6-83c9-8fdba57ec8554749707383
f5a2ffe8-63a0-3fe0-82d0-e2780d9d29dc,2026-06-11,24.767669,33dd9c10-10b1-32fe-be4f-7be1047c9ed36643760194
f5c21c69-5b03-320a-ae2e-2554aefff943,2026-06-11,30.566056,1733732a-abce-3040-96d5-89e43d8b44882339867108
f6d44ec5-a47a-3937-931c-9f8412b5fa88,2026-06-11,8.490287,6197876e-4ea6-3121-8a4b-12b6efea400a0240575023
fbb84839-d7f2-363f-a497-68b74f2449f2,2026-06-11,31.274089,76b88c0d-830b-38ed-91c8-6b3757820cc05429571885
fccc0510-f20a-3f28-bf3c-66cfe9fa99d1,2026-06-11,15.078702,218810c6-5f55-31ef-942d-6b8f7944e4a79796581507
fe5c2831-6d72-3f57-b5da-21037ecbeb2f,2026-06-11,29.970366,caac5c39-53fe-3b0e-a941-3f0559293a333871484605
030041c0-f398-3572-9c7e-3edf3d9d2ea3,2026-06-12,12.26908,123b8640-546f-3146-aac1-b5e3a45883358031893487
04f49ac6-5f35-3df9-b623-c026f24561e1,2026-06-12,51.865449,4ccf4637-f73f-3ea2-bd9d-89cd0876527e2011240689
0594d9cc-176f-3811-b8ff-1badba391ea1,2026-06-12,30.354825,7bf9e218-5646-3380-8098-8b14d617d4eb9836650145
0769202c-7965-32a1-8d36-1cd52b64377d,2026-06-12,2.941281,03bfca79-bd1d-3217-a8ee-b032e1a5d4279777514889
0bd9c8a1-cf25-3dfe-9380-6143b1183f53,2026-06-12,42.503203,7ff7d9b9-eb8b-35f9-9265-8dd933d6e5f40824718437
0d66e094-d57b-3221-bdb4-ff9f2a6fa6b6,2026-06-12,48.125297,a1f98fd1-522c-331e-93df-e0e3c705c1c60127744720
103be95c-0738-36fc-9aca-d07b1504909a,2026-06-12,109.399711,288d8971-0036-3b38-be44-cdab7d647fa95424134206
1094d4eb-2c4b-3c82-bb41-36696a775289,2026-06-12,89.974204,8348db4d-a8ba-3dc8-b03d-3f8345e1ce081137124557
1176a69b-fd42-3989-9822-360026e942a4,2026-06-12,67.251889,4b6c12aa-31db-353f-9880-bcdca16d2c971125384531
176efb99-8d0f-325e-a3e0-daa08e876832,2026-06-12,21.671288,c3c60fed-2c36-3d97-8b89-35c5cbbebe232642944088
18a6d5f8-3203-3934-be7c-fef235f8d5ee,2026-06-12,31.361542,d0fc809f-656e-31a8-9e5e-192c6b636f8d5430933548
19008d6d-be6f-38f0-8a72-4525e9b98022,2026-06-12,88.954228,4201befe-1bec-3dec-bd92-ac10a986017a9798478753
1bdab13f-7bc5-3e3d-81c9-f9179619fd90,2026-06-12,10.098635,5351c2cb-b7f7-3a9c-acd5-db63cfafda343248281033
1c3f0a45-334a-3810-b02a-7ba9181fca95,2026-06-12,12.906608,f25a1909-b1f5-354d-9179-29694f6ccd7b0794803399
21e18788-026e-37c1-9a0a-259c58a0fc50,2026-06-12,43.920358,6825bc20-32f9-371b-b653-a8454dd0cf4e9794303102
2269fc50-2d42-3349-9d12-3bc08569d8ae,2026-06-12,7.150517,5bedbf8e-359c-38f3-981e-a44c610ee0489536718275
2331b8d4-3563-3b2b-8bf1-ee54a482c609,2026-06-12,2.93017,0c4befad-a90a-3f28-8b16-9dd39cf80ecc8123775477
28cba5c0-c834-3c34-900a-9d6772fd9c30,2026-06-12,11.6435,1233b0a6-550e-3390-88ce-2a21eefafe917625072302
29513ef6-a0f9-30aa-b2a3-e67dd9c50f2d,2026-06-12,18.272704,4763c9d2-d480-368f-84c3-63cf0c346e577347437891
29768e10-7435-3d69-8503-a6f77e57bdcd,2026-06-12,20.513366,103d1a25-7f36-33f7-97c6-656f5dff4f1c8078021025
2b3c346c-5f49-3232-be35-3443261527b0,2026-06-12,4.976205,e6538295-3b6e-3154-9420-ec45501d20ae5856219597
2fd79494-a377-3a29-a882-b11802cfee0c,2026-06-12,13.63278,e50f86b5-d7cd-3a80-a5b4-78c659980b001758781599
33a96067-0e23-3bf3-8d10-cbec5a261a65,2026-06-12,23.020872,4d63f0d2-85ca-3a28-b715-4147577bedb24364586828
3ab4ce54-3bfa-3a09-8624-c69a02d77632,2026-06-12,3.937872,776a90be-9929-3c47-9f5d-5f73f58824c60497278972
3c828a67-8a44-3a18-a2db-213948c73e01,2026-06-12,37.509701,4b9e8129-de42-3612-a62a-b99391f3a1c36185507295
3e7f3808-bc28-36c7-8251-a028f5ff5644,2026-06-12,9.73089,18ddeade-5928-3676-ae42-029acd2d6bcb2570795136
41219c74-897b-3ca9-87e5-43da9041ddd3,2026-06-12,34.048878,fbfd204b-197f-3c6c-95b1-4733172f5fca0533189354
434188a4-f9da-364f-a6dc-53072f0ec1b3,2026-06-12,27.186242,e25f63b1-614b-3240-9c58-803a43e9bb435024428155
43538921-75c3-3004-917b-51c3d8e2a3a6,2026-06-12,41.314397,e213be6c-e983-37d3-b47d-03cfedb25b867590845836
43cc96db-6d25-3ad3-9163-10247bdd66bf,2026-06-12,22.689561,9eddeeed-8808-33dc-9ba2-905a79c87f321161343299
48a891ca-8770-3a95-9414-af5bad034e5a,2026-06-12,6.673377,6a2b2b4f-b163-3211-9417-7ab21b779b6e4168236426
48d69815-2eb5-3bb9-a39b-cbe1ceb52e99,2026-06-12,8.039244,6cfee349-1ef0-3fb2-815c-a8a1f54dfaf82072162601
4c9d57d4-cc8e-3ffa-a7a2-954c71ef5235,2026-06-12,42.497142,10cf198f-ca0e-3ab3-a33e-629868eaf1657063863282
4d8e0306-9402-312c-8735-520e75542ddf,2026-06-12,8.797042,fc890f93-7094-3cdc-9c17-a9bca9d2149d3600693627
4f630062-21f6-3266-9acd-c0827dbf5c05,2026-06-12,16.042444,8f29efaf-4f24-3d15-82d5-2fc874ce981c6011993181
5060be3d-9bbb-3f4e-955c-625e4390c6b7,2026-06-12,15.674581,2aff5a14-b04c-3fb3-98e6-5f847371e3ff9195279440
509c1fe7-94b1-311d-9fd0-979b350e4d61,2026-06-12,62.328984,beeb8cb8-6b14-3b16-b8ec-735f810410575059189611
50be9c42-1c4b-3493-a07c-ffe59fd8491c,2026-06-12,26.829116,edb658c0-31b6-337f-a557-ae881cfe96142560471597
524da203-40d7-33a6-8ab6-b21a0cef3c58,2026-06-12,30.648537,4b414f3b-b1d8-3f11-b80f-a4ce6c6d7a4c9655939769
54de7dbc-3f9b-3702-b677-fee85da6201d,2026-06-12,5.646653,d44e39e8-4f08-3623-986b-2646518072bf1207235870
55ad8c29-20dc-320f-8c21-ac3dfd7685ea,2026-06-12,46.029933,59813d11-bc16-3001-915e-9a9eff70c57f6619407622
5656dbc0-5497-3227-a829-fd8eb574450e,2026-06-12,31.360173,a203c081-9992-358a-b291-2006588558ba6822670837
56ab4ff8-d4a1-314d-82eb-cc5055b8d77c,2026-06-12,15.615808,95b986e2-fb52-3222-9a4d-94390d8daa468577144310
57437979-1053-38bc-8abf-3f9eba7ffc49,2026-06-12,28.199959,66cc36c9-6f31-3eff-8201-8a0a7f0bd59a0688159859
5b4c7154-ad7e-3526-aa3c-45e89d71e721,2026-06-12,119.37209,a5074e62-50d5-364b-aeef-675c60c2ee493068298762
5d21d7da-3e33-3ab4-99ef-3ca2c2ff2c69,2026-06-12,12.086743,b03fc426-da51-3e1c-aa77-6b918bff0e513877121931
5de859d5-b06b-3878-b7f0-64c4e91191df,2026-06-12,7.469661,865e99a1-718b-338b-80ab-7bdcf6c522a91536159266
5f76ba6d-1bf0-3e51-b2e4-3a6d19bc39b9,2026-06-12,21.437571,c708bc56-c900-3691-a10c-994bfde2114d0282457351
5fa5d9c4-22b7-39f7-a3b2-d521ea60b47b,2026-06-12,14.172121,ab4ba1b3-b598-3bfb-8df0-768a0df60d506177714931
6001b0b7-96fc-3fe1-aef1-329c8e2f62ce,2026-06-12,28.472299,6e29cd08-5d8b-32dd-baf0-fc5123d964c69692072979
617065f0-5c37-32d6-a3d6-dc223ac898b3,2026-06-12,22.05079,ae562d52-09ae-3863-b5f0-5ae580696f0f2844325743
67039b27-800b-3a58-9a33-f99a6beae237,2026-06-12,12.776304,32a35d9f-d35e-32e9-9ab5-42a5e891929f6307601904
6e8a1cb9-329d-3c5e-8d21-4c46a734d1e9,2026-06-12,27.29032,b038cfcb-9c1e-3cde-8676-1be4c1366b8b3024374020
72e3323e-cebd-3aa6-a736-9022afb37e21,2026-06-12,35.639231,dd1d2448-04ec-3dd9-9b0e-69f5e79a93407723570593
74cd4f7c-116b-3316-bf7f-eb46458694da,2026-06-12,51.931537,755c3974-2d2b-3242-8001-42f3d96983649032632994
760b65eb-45d9-332e-bbdd-15ad2c3223bc,2026-06-12,45.984827,4050495a-d74a-3f1b-b29d-db93ba2a71c15767916558
7825a025-23b9-3955-84e6-3a54c38e86e4,2026-06-12,24.765396,944aa6d5-032b-30c6-b177-dba1d9d44f1a2385396646
79874361-3477-38db-9fbd-fc39d1713d69,2026-06-12,11.169494,241900d5-f58b-3b3f-8abc-638d1ad78e024760008737
7a81ce3b-6d3e-3961-8d22-eadf3f5ec0bc,2026-06-12,23.186789,d3e55948-76d9-3a03-928c-dedc44e782891389752743
7fb6ff11-be82-30ff-ad1d-e44ada4f46db,2026-06-12,7.519776,44965c11-796e-3e8c-b92a-222141e2d34e4076630863
812c22d3-3843-3385-aa3b-aa8ae91b882a,2026-06-12,17.371089,e7cb4203-d63e-3d55-86b1-e2f3868974688509958032
82a48b8e-4fa5-3f42-857c-71fbe24937aa,2026-06-12,17.539656,78999b98-2dd1-3379-978c-e2474a4a43306995668347
834aa49a-5a2a-30db-8385-ad60aed26cd7,2026-06-12,140.952192,4b2f77f6-8ea8-3f4d-8688-fe485e1dd22d6927009123
83ac466b-0a2c-3b9f-bc16-cc1733598dc1,2026-06-12,46.081109,fbb1458a-bb03-3a59-81a7-c4bfa04cd8482348091600
84851a10-43f1-3fc8-a358-06f529f15c33,2026-06-12,35.360391,209d6b5c-3879-3f87-9eb1-228cd3cf4edd0737879839
84dcbd6d-e273-316b-8912-4ed74ff8a9be,2026-06-12,21.032403,a26b9066-44c7-31c3-b9fa-04e255b439490462824831
85cb1e88-d121-35a6-a362-3cdc80917d44,2026-06-12,527.303481,1671f2df-523c-3e25-a845-e2ad655275ec3253687227
8c2e2c06-5c7a-359a-8e69-0efdfb7e79bb,2026-06-12,21.522879,02b8249b-d351-36b0-8f66-387e9b5ecd765409838852
8ca30a12-e5f4-3017-8037-1616e9ddbb5b,2026-06-12,7.812481,d980087a-73cd-3a85-914f-0dbeb6da2ff07929331557
92de990d-30ce-38da-ad78-86a4a56c065b,2026-06-12,12.42325,5a8242fb-5aa7-3d5b-ac68-21ea53c5f9e87894148187
9317e817-504a-35a4-b7c3-68e90b432c45,2026-06-12,33.24967,bd68d9fe-0c5e-3648-8a84-d7649dbc11df2315333603
956008d9-c7c8-3450-a799-ccd802fc2078,2026-06-12,47.483594,ac8597c6-2e0c-3fce-bd96-0eeae07b92825791469057
960a5c04-f3ef-340c-af8a-48e88045ac24,2026-06-12,2.979434,485a6ee1-26d8-3d41-bd32-a72421af1a296123003165
9661bcb6-dd62-3576-b8b0-049874fff3a1,2026-06-12,5.477137,a765656c-b5ea-38d3-b817-93751b0015257870386126
96739dc1-9e37-3b11-8e79-e0a5a57062a1,2026-06-12,80.270265,7b60b05a-7946-3efd-a3a0-0ada59de74070619321536
9784049c-35d1-3534-8c4b-f4cea920d4ff,2026-06-12,7.032497,14447399-901c-34b2-b211-14fb9e9b062c7605520623
9b195b8e-28d6-386e-8990-1a5bb4dd1bdb,2026-06-12,19.183801,193afc72-4494-30b1-beb3-cd4156f1c97d7901017989
9bddd6f0-dd41-333e-aac7-f757b18ea2aa,2026-06-12,19.06751,c6545cb9-33df-373c-8ac9-ce43225c9d986458695776
a06461db-ef00-3481-9827-c829471e7245,2026-06-12,9.333336,5511d59c-db31-37fb-8790-ae49b8ec4ba25737611269
a0f95e73-3897-3dcc-9f5c-faad41b5219c,2026-06-12,156.032531,58b12641-aa5e-3c6d-97a0-f417dd0a469c4411625778
a2de86e5-02cf-3c93-9b40-f9629530b7d1,2026-06-12,409.237842,bcd56054-ac31-3e6f-a2d9-f156a299929c4047783680
a5068583-4849-35ce-900f-e2ce7f309840,2026-06-12,21.62395,ccacfe15-f7bf-3c92-9308-98112a74aa440314647208
a8d7fd17-4556-3ba6-8223-e88d8ead8fb0,2026-06-12,9.484978,7d10e7ed-604b-3e03-a105-86eebe4f6d9d0233713485
acadf00f-5359-3905-a13e-213d751bffb2,2026-06-12,7.68246,2852258a-e2bf-3b5a-ad87-7915c236685c5632583391
ae5f3d2e-f527-359d-8bcf-846f320f8e57,2026-06-12,16.401251,22f94015-ff23-3150-ae0f-9ef0bb188a207912060816
af15418c-707a-3e54-a465-034a3b570a96,2026-06-12,16.666942,89b93f60-7af8-31b9-aacf-45885de7f2069142372275
af753398-35e3-3c49-a7bb-31e2830197f3,2026-06-12,19.175558,b00ef48c-948b-3854-a6bb-ed2ca37487540169593901
b08b0516-052f-31ca-baee-415f1e9f6c1d,2026-06-12,20.814457,8eb78258-dbd8-30ca-8e2f-f57e8806b9340333593055
b20c7e06-4ac3-32d4-be1f-8d8ca043e124,2026-06-12,24.048717,650b165d-6706-35fc-bfd9-fcbb4c66d7bc6712610403
b32150f1-1acd-3990-ad31-f63fed66b1cf,2026-06-12,42.778613,27222e5f-5d35-3311-be74-7f592e6bb2553842641276
b5344373-538f-3f37-8982-c97e3158144a,2026-06-12,9.730914,2a20868d-41a0-350b-abd7-08a3f9d834063257215959
b571b5d8-c91f-3776-86bd-22c88c5580c2,2026-06-12,24.230951,afafa873-61a8-38e0-8977-cd70cd270f449777286253
b5b7bbb0-1312-34a4-8934-10fe49cea8ed,2026-06-12,37.004581,c1179ffe-16b5-3808-a61b-c697ad5655cd0958447347
b7f8d590-1a7d-3745-82cc-9e0c966c6306,2026-06-12,9.294025,65f0ec49-73ce-37cb-a381-28e7217750090455003993
bce50849-a0e7-3f2b-b22a-24ed60440705,2026-06-12,13.106587,ecbe8abc-16bb-3af7-8cf1-b6d262d3f9915691766209
bde82a06-b2ee-3309-b4b0-d268a38e4c2c,2026-06-12,99.626986,37f054fc-a7a4-3b27-aefa-23a338a7e9b08878786853
beac6842-6d1c-39f8-bd3d-f2cbddfe2e23,2026-06-12,28.480695,71933d57-e488-3aa3-b364-7c195cfded299062716503
c039e4c8-9c3b-3ae3-a2e7-b54c85d2cac7,2026-06-12,56.515684,ef0e0898-3920-39d5-9050-8c57b5cbcd1c9155184466
c0f8ab9f-4b7b-3f4f-b576-f80ad3cb5399,2026-06-12,12.589516,ae6fce59-c426-3691-b4cc-2e7f01a5433a0719674315
c3811eff-eb0f-3e83-943e-18b5d09919e4,2026-06-12,22.445627,b38c4c71-2ecc-3478-967b-30176508f2a82808970508
c3f4e978-22c4-3743-a4d7-8dc20df21654,2026-06-12,19.788778,08043945-b9cb-35c8-8007-ea153d9880273125348988
c4b4c934-c94d-3170-bd1b-d7737b2ab490,2026-06-12,11.632937,ddfedfb4-a197-3bc5-b5b9-3413d396c9d18520739647
c4ec5436-0c6f-389c-b83d-e1f34b408946,2026-06-12,12.449047,6d73a170-b659-36fe-bc67-1faa907dd4b49647063385
c6c1b9c0-072d-3dbf-accc-4c8643cc0c4a,2026-06-12,39.246411,8e833220-412d-3626-aef6-f1d8e255b8961584029669
c7599875-d64e-3ef2-8a6a-a218c4c24bfa,2026-06-12,8.621976,4acd48f6-3379-3b71-a45f-8ba6aad527457333951563
c8c964e3-6f43-33e9-8a11-e9eaf55933ba,2026-06-12,58.473981,db1bd750-5b46-3bea-9d82-c79a18a08d0d0806001910
caacaf00-76dc-3d35-955a-b0b7289c1497,2026-06-12,2.346864,5428bbad-02ec-3bbd-b559-a02cb4c2701a9853561586
cce1c127-2ff8-3ea0-a9b8-2df2cd888b5b,2026-06-12,39.766836,40fb0c0c-0006-3ab6-84ec-5dc4198294863739942525
cdcbe271-7336-35c3-a44f-1a90281b0857,2026-06-12,27.852339,cc4a0181-1f8b-3069-891f-8f8303116f410950083050
d320f92f-4cc3-395c-b6c7-3cb3c7cb3efe,2026-06-12,58.954182,db719257-f1df-3420-b485-acfb0da643a10140791541
d3c48311-d8dc-3e24-95dd-6d2bca767bff,2026-06-12,36.16858,84018d69-0a55-3d24-a877-97aaa31a46cf2815442486
d3d0b6a8-f422-3af5-a62e-826c20495095,2026-06-12,4.165245,9a1ea106-1b3c-358a-b321-05d0ef5590af7934449393
d6f76560-f2a1-3ae9-ab43-eaa1f2033306,2026-06-12,53.303682,df76341f-d9c1-31f1-a511-61e0bba9ac1a9330646801
d76f0b24-1370-3b6f-81fa-de61d93e7ebe,2026-06-12,4.092614,8bb85ae4-103e-305d-9e3e-d9c85ce4b4f27606140443
d834b72d-c2cc-391e-8a0c-c3f147eeb522,2026-06-12,33.860318,62331e5f-4437-3168-b6e9-aa00c1ae49235115900219
d940c628-4e61-3954-9aee-1aa0a0b6e21f,2026-06-12,14.609924,cbf31122-ee58-37d2-a16f-5d8ff6fcc1cb8640751006
da8b7ad5-701e-38e4-af53-bcb52836386c,2026-06-12,7.420595,5a63d77e-0da6-3691-900f-f20d6593ab0a0016925614
de0bc8c0-4447-382c-b7c7-ce385510a49b,2026-06-12,40.825473,8d66b14e-bf47-35e5-b800-b55ca34760cf6094204743
e059f4f2-66b1-346c-8a33-8c16446a8657,2026-06-12,30.91717,2a7ac4ba-1536-3186-93b2-a2c27853a79e9011911429
e0ab7ac6-23e5-3ce5-aef4-d9e2e575bb7a,2026-06-12,3.53647,36f25be1-e4a7-34ea-a4d5-d394fb2065cc2046082019
e1ec776a-9a69-3e5d-a0c5-33a9250b1f19,2026-06-12,6.096633,8dbe6882-1128-323e-98cf-6c6c8fd5be7d0079256300
e402d019-6155-3bff-9228-4911ea446777,2026-06-12,109.380661,d454160e-2dc7-3ac7-86b9-e72c34ef16312394849607
e69f5e43-374e-3577-a194-03eca473eb86,2026-06-12,20.422674,b994cb0e-9aaf-3dbd-a0ab-315cc16c435c1107868581
e6a4f012-2129-36d0-bf2f-6e3c384f5497,2026-06-12,6.712522,30a74d31-d91b-3ff9-b591-0ed7882600e46693238563
e83f5cbe-8539-3cbd-b749-7896bd48c47e,2026-06-12,61.352067,f37ca06e-914d-302f-a8eb-903b7734c0c39455202918
e91fcfab-7cdf-31df-8933-e788688d8288,2026-06-12,60.916148,fe28678b-e200-3a9d-a1de-effda4879d2c1615844509
eeaba3bd-0e65-3eff-80b8-bb415d1cdc89,2026-06-12,22.850852,6d3df8ea-2edd-3fc0-8f44-b14a5c9f858f7358431617
f02cc034-f8c6-39b7-afff-343b04ff2064,2026-06-12,8.911392,4a495ff6-34e1-3d8e-9177-445cdfd39d764430640857
f0699448-f713-378f-9e30-ac35b4b0ddbb,2026-06-12,16.286466,0fcce33d-eb23-3f5d-946b-53b6afe198987280446281
f37b1d54-4726-3503-b093-7096160494d8,2026-06-12,9.439838,0701ba50-1c05-393a-97d1-5f4023a8749c6116792851
f55d8d9d-5df9-32e8-a43c-40e2d30fe83e,2026-06-12,18.037509,25ce49b4-0e30-37f6-83c9-8fdba57ec8554749707383
f5c21c69-5b03-320a-ae2e-2554aefff943,2026-06-12,50.560581,1733732a-abce-3040-96d5-89e43d8b44882339867108
f6d44ec5-a47a-3937-931c-9f8412b5fa88,2026-06-12,14.321076,6197876e-4ea6-3121-8a4b-12b6efea400a0240575023
fa146ea6-61c1-3eaf-b3b7-d79bd6e503ca,2026-06-12,3.499682,31c3893f-aa84-359f-a9a7-c4d51a001df11272461817
fbb84839-d7f2-363f-a497-68b74f2449f2,2026-06-12,25.80096,76b88c0d-830b-38ed-91c8-6b3757820cc05429571885
fccc0510-f20a-3f28-bf3c-66cfe9fa99d1,2026-06-12,17.726583,218810c6-5f55-31ef-942d-6b8f7944e4a79796581507
fe5c2831-6d72-3f57-b5da-21037ecbeb2f,2026-06-12,3.973106,caac5c39-53fe-3b0e-a941-3f0559293a333871484605
02995d49-90df-31cf-97ba-5c229a76711f,2026-06-15,160.295621,16bfeb59-c1e9-3456-891d-bdc1da0007925452020064
030041c0-f398-3572-9c7e-3edf3d9d2ea3,2026-06-15,10.509405,123b8640-546f-3146-aac1-b5e3a45883358031893487
0388e0d9-8d10-3b74-a111-fdac480a0825,2026-06-15,29.431627,6ebc7d27-88d5-35f2-857d-fc6f145b17b60057015050
04f49ac6-5f35-3df9-b623-c026f24561e1,2026-06-15,34.162598,4ccf4637-f73f-3ea2-bd9d-89cd0876527e2011240689
0bd9c8a1-cf25-3dfe-9380-6143b1183f53,2026-06-15,37.999815,7ff7d9b9-eb8b-35f9-9265-8dd933d6e5f40824718437
0d27bc97-59cd-32d0-9146-960993fea8f2,2026-06-15,5.229871,2f024d4b-7d63-3f13-9c02-6541cfb6efcb8610694866
0f7a9277-d005-30c0-8821-910389205cba,2026-06-15,22.275234,1498339f-636a-3ba6-8eaf-f82826cfc66b1703033271
103be95c-0738-36fc-9aca-d07b1504909a,2026-06-15,40.819291,288d8971-0036-3b38-be44-cdab7d647fa95424134206
1094d4eb-2c4b-3c82-bb41-36696a775289,2026-06-15,46.503293,8348db4d-a8ba-3dc8-b03d-3f8345e1ce081137124557
1176a69b-fd42-3989-9822-360026e942a4,2026-06-15,45.27538,4b6c12aa-31db-353f-9880-bcdca16d2c971125384531
15d19e1d-74b8-3948-867f-63a4a1188539,2026-06-15,47.324628,3a0da385-e669-30df-8f17-ee93aea6a3a63054977077
176efb99-8d0f-325e-a3e0-daa08e876832,2026-06-15,25.116409,c3c60fed-2c36-3d97-8b89-35c5cbbebe232642944088
17e9c47e-62ba-33a6-96e1-95ad3c636d22,2026-06-15,55.673063,77974123-fa35-3834-90f5-d19a2e752e979650064655
1bdab13f-7bc5-3e3d-81c9-f9179619fd90,2026-06-15,3.426577,5351c2cb-b7f7-3a9c-acd5-db63cfafda343248281033
1c3f0a45-334a-3810-b02a-7ba9181fca95,2026-06-15,20.563552,f25a1909-b1f5-354d-9179-29694f6ccd7b0794803399
1eae9205-92f7-36a7-94c5-cb082b3e7211,2026-06-15,34.563589,dd4f2862-ad2c-38c4-98b8-9dfedc77a2173206733718
21e18788-026e-37c1-9a0a-259c58a0fc50,2026-06-15,44.330355,6825bc20-32f9-371b-b653-a8454dd0cf4e9794303102
2269fc50-2d42-3349-9d12-3bc08569d8ae,2026-06-15,14.670821,5bedbf8e-359c-38f3-981e-a44c610ee0489536718275
2331b8d4-3563-3b2b-8bf1-ee54a482c609,2026-06-15,3.198349,0c4befad-a90a-3f28-8b16-9dd39cf80ecc8123775477
28cba5c0-c834-3c34-900a-9d6772fd9c30,2026-06-15,25.082338,1233b0a6-550e-3390-88ce-2a21eefafe917625072302
29513ef6-a0f9-30aa-b2a3-e67dd9c50f2d,2026-06-15,20.640077,4763c9d2-d480-368f-84c3-63cf0c346e577347437891
2fd79494-a377-3a29-a882-b11802cfee0c,2026-06-15,13.118507,e50f86b5-d7cd-3a80-a5b4-78c659980b001758781599
2fdf5375-31c8-3c6a-9cf3-12465dbec4a5,2026-06-15,15.449175,fd3e2044-7bf6-3813-acab-9043d4cbda0b6568880041
33a96067-0e23-3bf3-8d10-cbec5a261a65,2026-06-15,27.953267,4d63f0d2-85ca-3a28-b715-4147577bedb24364586828
3615a797-2def-32a3-a0ae-3a6e8eccf080,2026-06-15,51.307548,edfa21ff-76b9-3113-8d97-a175f873fb244866321730
363a066c-58b6-3bcf-a7b0-e9729a735ba7,2026-06-15,43.022708,29527eb9-d544-35c2-b9f1-bb262cf6b4159824252521
3a95c147-b6b0-329f-88ad-464e73046bbe,2026-06-15,5.467916,a645382c-6cb6-3873-a916-6298b8109de48651485340
3c828a67-8a44-3a18-a2db-213948c73e01,2026-06-15,22.094988,4b9e8129-de42-3612-a62a-b99391f3a1c36185507295
3e7f3808-bc28-36c7-8251-a028f5ff5644,2026-06-15,7.485735,18ddeade-5928-3676-ae42-029acd2d6bcb2570795136
41219c74-897b-3ca9-87e5-43da9041ddd3,2026-06-15,49.125176,fbfd204b-197f-3c6c-95b1-4733172f5fca0533189354
423348ca-0838-3372-a616-b4cda0468666,2026-06-15,10.360391,c36a6f4f-bea8-35b0-b824-2c970e256ac26805083472
434188a4-f9da-364f-a6dc-53072f0ec1b3,2026-06-15,27.360939,e25f63b1-614b-3240-9c58-803a43e9bb435024428155
48a891ca-8770-3a95-9414-af5bad034e5a,2026-06-15,6.804238,6a2b2b4f-b163-3211-9417-7ab21b779b6e4168236426
48d69815-2eb5-3bb9-a39b-cbe1ceb52e99,2026-06-15,7.058186,6cfee349-1ef0-3fb2-815c-a8a1f54dfaf82072162601
4a7af055-4d5f-39bf-b0a0-3e957abd6b60,2026-06-15,19.082902,2d350fdb-0d58-3f71-94bc-a8c8ac08ee913457245518
4b3616f0-ccf1-31e3-810e-f668c2042b23,2026-06-15,38.725962,b68e0cee-582f-3f61-89e5-ca032d2062073327596356
4f630062-21f6-3266-9acd-c0827dbf5c05,2026-06-15,5.053294,8f29efaf-4f24-3d15-82d5-2fc874ce981c6011993181
4fbbedf8-7ea9-3ba5-8a18-f658a4f21605,2026-06-15,121.473862,0cbedb6f-5585-3d14-bb7a-52ed75958ad14113335693
50be9c42-1c4b-3493-a07c-ffe59fd8491c,2026-06-15,70.008028,edb658c0-31b6-337f-a557-ae881cfe96142560471597
5113b093-acec-3c38-870f-b61a2dd6b880,2026-06-15,82.366044,6de2df31-0e47-37b7-af92-4257cf86aa933125819112
524da203-40d7-33a6-8ab6-b21a0cef3c58,2026-06-15,24.152671,4b414f3b-b1d8-3f11-b80f-a4ce6c6d7a4c9655939769
5498a54c-7cf2-3cbb-85d5-1078aa3be4a7,2026-06-15,8.787495,7f2eff44-b501-3d88-8b7a-bc0819c1cbd05256736696
54de7dbc-3f9b-3702-b677-fee85da6201d,2026-06-15,7.971912,d44e39e8-4f08-3623-986b-2646518072bf1207235870
5656dbc0-5497-3227-a829-fd8eb574450e,2026-06-15,22.925052,a203c081-9992-358a-b291-2006588558ba6822670837
56ab4ff8-d4a1-314d-82eb-cc5055b8d77c,2026-06-15,18.797614,95b986e2-fb52-3222-9a4d-94390d8daa468577144310
591e07f6-72df-366d-a512-d5ee900f7c15,2026-06-15,19.002368,abb3cf38-3fad-3baa-af44-c9b4d24608456857996865
5a91fc01-e54a-36cc-b759-44260109d8b8,2026-06-15,5.263159,1356d797-66bc-3a72-b11f-7b3084dc9d272348624974
5b4c7154-ad7e-3526-aa3c-45e89d71e721,2026-06-15,75.748578,a5074e62-50d5-364b-aeef-675c60c2ee493068298762
5cb2e039-2dc8-3bad-9d23-4bfddc143afe,2026-06-15,67.621409,8a29b19a-f05e-35e9-8df7-d99b28bf8a8d3280431943
5d21d7da-3e33-3ab4-99ef-3ca2c2ff2c69,2026-06-15,11.500095,b03fc426-da51-3e1c-aa77-6b918bff0e513877121931
5de859d5-b06b-3878-b7f0-64c4e91191df,2026-06-15,2.962783,865e99a1-718b-338b-80ab-7bdcf6c522a91536159266
5fa5d9c4-22b7-39f7-a3b2-d521ea60b47b,2026-06-15,13.226536,ab4ba1b3-b598-3bfb-8df0-768a0df60d506177714931
6001b0b7-96fc-3fe1-aef1-329c8e2f62ce,2026-06-15,15.033673,6e29cd08-5d8b-32dd-baf0-fc5123d964c69692072979
64b0ba20-1b28-3b6c-9ffc-402714ee0245,2026-06-15,22.125433,358bf36d-7dae-3d60-9132-32bf3090f2f25850796649
677911e4-74ab-36e6-b2e8-9e7f977232fd,2026-06-15,9.065794,3a35d634-eae2-3b68-a038-551fb7c13ab11075147596
72e3323e-cebd-3aa6-a736-9022afb37e21,2026-06-15,44.99517,dd1d2448-04ec-3dd9-9b0e-69f5e79a93407723570593
745d78f2-7f7a-3cdd-af4f-c4c3f0a18dbb,2026-06-15,40.836873,f1df5283-191c-30dd-b238-da858232e5d08985022611
74cd4f7c-116b-3316-bf7f-eb46458694da,2026-06-15,55.601525,755c3974-2d2b-3242-8001-42f3d96983649032632994
75c008ab-9d95-3b45-b06c-1ba571bc7895,2026-06-15,17.967909,ec573df9-2361-3e56-a35c-cf369728a6f02624538703
760b65eb-45d9-332e-bbdd-15ad2c3223bc,2026-06-15,16.759743,4050495a-d74a-3f1b-b29d-db93ba2a71c15767916558
79874361-3477-38db-9fbd-fc39d1713d69,2026-06-15,15.54456,241900d5-f58b-3b3f-8abc-638d1ad78e024760008737
7a7af6a0-86f2-31f0-bb17-7e3d8de4ba8a,2026-06-15,15.974464,122c429d-4933-3ed3-8c02-852801f2503e6499333998
7fb6ff11-be82-30ff-ad1d-e44ada4f46db,2026-06-15,18.730281,44965c11-796e-3e8c-b92a-222141e2d34e4076630863
812c22d3-3843-3385-aa3b-aa8ae91b882a,2026-06-15,6.439105,e7cb4203-d63e-3d55-86b1-e2f3868974688509958032
82b47e6e-09d7-36e6-80ab-4506629ff46b,2026-06-15,44.038015,1695d743-ff11-3262-b7c5-f109ac7b016b5800029843
834aa49a-5a2a-30db-8385-ad60aed26cd7,2026-06-15,126.511539,4b2f77f6-8ea8-3f4d-8688-fe485e1dd22d6927009123
84851a10-43f1-3fc8-a358-06f529f15c33,2026-06-15,38.538839,209d6b5c-3879-3f87-9eb1-228cd3cf4edd0737879839
84dcbd6d-e273-316b-8912-4ed74ff8a9be,2026-06-15,21.815451,a26b9066-44c7-31c3-b9fa-04e255b439490462824831
84f354b1-00ae-34ba-b443-ccd2efee613c,2026-06-15,9.500717,8a14f25e-1645-3406-a19d-b9806ef569954307313451
86a53618-ee86-3705-9b6b-f5372a406e5d,2026-06-15,11.991352,31eb179f-ca40-3562-abbc-7ab5302343cf3567482943
8c5b1f37-b3ea-3b4a-a4dd-fad03cfd11b6,2026-06-15,76.796723,5aa0a87f-17b4-3bc7-a55a-7d422bb28fcc9200948756
8cb2a7d2-f605-3df9-981a-2c02b1d1a4e0,2026-06-15,7.768687,c8409fd1-44f6-341e-aa4a-fcdd48e1dec91197407417
8ce3a609-9e37-3b54-a602-9b395e5f5a76,2026-06-15,7.241657,140ba20d-dc2d-30f1-8369-9f0fcb7417216954795985
8dc72d59-3896-3d24-a51b-3a8a9e1c6713,2026-06-15,39.181278,2bb55a33-fdd0-39b0-8fa8-bf8f9e9997f59421453150
8e914a83-9f14-3c6e-8220-79cebd75eda8,2026-06-15,7.960266,561fc8fa-c73c-3cf0-a4da-ce7cc8fda80f4105333844
911d2093-d19c-3f31-815c-a2815fcd3901,2026-06-15,187.617254,f08546be-1bd1-3bd9-a186-1ac364a028663840464235
9317e817-504a-35a4-b7c3-68e90b432c45,2026-06-15,31.513412,bd68d9fe-0c5e-3648-8a84-d7649dbc11df2315333603
949ebf54-2340-343d-959a-0f34372577da,2026-06-15,81.868535,181570ff-51a4-3333-82ec-c322cfc915d01750361380
956008d9-c7c8-3450-a799-ccd802fc2078,2026-06-15,49.949429,ac8597c6-2e0c-3fce-bd96-0eeae07b92825791469057
960a5c04-f3ef-340c-af8a-48e88045ac24,2026-06-15,10.561194,485a6ee1-26d8-3d41-bd32-a72421af1a296123003165
96739dc1-9e37-3b11-8e79-e0a5a57062a1,2026-06-15,62.884913,7b60b05a-7946-3efd-a3a0-0ada59de74070619321536
98b357c6-e458-3b53-bc66-c80eb105e3cf,2026-06-15,20.3488,6b5a4bec-b45d-3f6f-a9b0-769861cf16bd1539781265
9a736669-65a4-3b3e-a4b5-8f6ec9654a84,2026-06-15,16.924724,bd347e86-1b36-3407-80b6-78a2f2dae41e9793909208
9b195b8e-28d6-386e-8990-1a5bb4dd1bdb,2026-06-15,15.448025,193afc72-4494-30b1-beb3-cd4156f1c97d7901017989
a06461db-ef00-3481-9827-c829471e7245,2026-06-15,6.85745,5511d59c-db31-37fb-8790-ae49b8ec4ba25737611269
a12779cf-ff75-376e-9cb4-73e937a3c164,2026-06-15,36.792805,ba19c2fb-8246-3ab8-b894-67973ae2268a8549866658
a2de86e5-02cf-3c93-9b40-f9629530b7d1,2026-06-15,419.374976,bcd56054-ac31-3e6f-a2d9-f156a299929c4047783680
a5068583-4849-35ce-900f-e2ce7f309840,2026-06-15,27.671312,ccacfe15-f7bf-3c92-9308-98112a74aa440314647208
a513bb7e-87ac-35cd-b4a2-6d23427bd2fa,2026-06-15,11.96643,481dceb1-1678-3a7e-b288-d7e2bf0c062a7786339993
a67cec0f-eda0-3d47-af0e-2bd3262a8cf9,2026-06-15,46.734139,edd1002d-960d-3956-8ea2-8ffafe4e3f780323661523
ac429fef-9e6b-3e26-a5ea-3122c166230c,2026-06-15,46.225019,81f224a7-cb42-3ee9-9103-e81fcc20756c3353013338
acadf00f-5359-3905-a13e-213d751bffb2,2026-06-15,9.873449,2852258a-e2bf-3b5a-ad87-7915c236685c5632583391
ae5f3d2e-f527-359d-8bcf-846f320f8e57,2026-06-15,7.281949,22f94015-ff23-3150-ae0f-9ef0bb188a207912060816
b095775a-2d08-336f-bccf-d2f71dc4ba3c,2026-06-15,6.775443,fb87865a-444a-3efc-ab25-247ac494cd574338526402
b1d22b60-1492-37de-a246-db25e91bfb1f,2026-06-15,35.103568,ba855984-6afa-3f25-82a9-033558199c9b4291338588
b20c7e06-4ac3-32d4-be1f-8d8ca043e124,2026-06-15,40.106556,650b165d-6706-35fc-bfd9-fcbb4c66d7bc6712610403
b32150f1-1acd-3990-ad31-f63fed66b1cf,2026-06-15,73.326986,27222e5f-5d35-3311-be74-7f592e6bb2553842641276
b5344373-538f-3f37-8982-c97e3158144a,2026-06-15,6.016401,2a20868d-41a0-350b-abd7-08a3f9d834063257215959
b571b5d8-c91f-3776-86bd-22c88c5580c2,2026-06-15,37.426385,afafa873-61a8-38e0-8977-cd70cd270f449777286253
b5b7bbb0-1312-34a4-8934-10fe49cea8ed,2026-06-15,38.586148,c1179ffe-16b5-3808-a61b-c697ad5655cd0958447347
b99742c8-7da0-3e81-ab3c-eb775e9f5d24,2026-06-15,66.94925,83de6687-9540-3db3-a6d6-f036d634a1c63930926163
bce50849-a0e7-3f2b-b22a-24ed60440705,2026-06-15,16.537165,ecbe8abc-16bb-3af7-8cf1-b6d262d3f9915691766209
beb1d1c6-4fa9-36a8-a06f-1dc58ab74161,2026-06-15,4.409365,69be3936-f12c-34ad-b6bc-7a9f397f7d580253357983
c0f8ab9f-4b7b-3f4f-b576-f80ad3cb5399,2026-06-15,20.10711,ae6fce59-c426-3691-b4cc-2e7f01a5433a0719674315
c3811eff-eb0f-3e83-943e-18b5d09919e4,2026-06-15,23.715938,b38c4c71-2ecc-3478-967b-30176508f2a82808970508
c4b4c934-c94d-3170-bd1b-d7737b2ab490,2026-06-15,10.152765,ddfedfb4-a197-3bc5-b5b9-3413d396c9d18520739647
c4ec5436-0c6f-389c-b83d-e1f34b408946,2026-06-15,5.861796,6d73a170-b659-36fe-bc67-1faa907dd4b49647063385
c8c964e3-6f43-33e9-8a11-e9eaf55933ba,2026-06-15,30.350235,db1bd750-5b46-3bea-9d82-c79a18a08d0d0806001910
caacaf00-76dc-3d35-955a-b0b7289c1497,2026-06-15,9.036009,5428bbad-02ec-3bbd-b559-a02cb4c2701a9853561586
cce1c127-2ff8-3ea0-a9b8-2df2cd888b5b,2026-06-15,37.677597,40fb0c0c-0006-3ab6-84ec-5dc4198294863739942525
d3c48311-d8dc-3e24-95dd-6d2bca767bff,2026-06-15,20.389786,84018d69-0a55-3d24-a877-97aaa31a46cf2815442486
d6f76560-f2a1-3ae9-ab43-eaa1f2033306,2026-06-15,42.592215,df76341f-d9c1-31f1-a511-61e0bba9ac1a9330646801
d76f0b24-1370-3b6f-81fa-de61d93e7ebe,2026-06-15,3.206518,8bb85ae4-103e-305d-9e3e-d9c85ce4b4f27606140443
d834b72d-c2cc-391e-8a0c-c3f147eeb522,2026-06-15,27.840927,62331e5f-4437-3168-b6e9-aa00c1ae49235115900219
d85f6c3e-620f-3cc3-9005-9e1beefefdc6,2026-06-15,21.679748,7a3476cf-c702-35d8-ab2c-c3c41701130b3532848987
d86225ec-57c8-3039-9b73-5067e9668517,2026-06-15,4.249155,9befbbd8-c5ed-3abc-9d19-377736924de73675696583
dee4128a-2091-303c-8411-15401a64ec03,2026-06-15,124.503496,7d2de236-8dd1-333c-b3b2-c7d8bd4250cd6306917490
dfe88e46-3f0b-3bdd-bb8b-d7190cc27582,2026-06-15,22.012147,2f3787a4-af4a-33b1-9633-78e945ce9cbb0630344304
e059f4f2-66b1-346c-8a33-8c16446a8657,2026-06-15,21.400197,2a7ac4ba-1536-3186-93b2-a2c27853a79e9011911429
e0ab7ac6-23e5-3ce5-aef4-d9e2e575bb7a,2026-06-15,0.984224,36f25be1-e4a7-34ea-a4d5-d394fb2065cc2046082019
e1ec776a-9a69-3e5d-a0c5-33a9250b1f19,2026-06-15,9.993361,8dbe6882-1128-323e-98cf-6c6c8fd5be7d0079256300
e402d019-6155-3bff-9228-4911ea446777,2026-06-15,86.934257,d454160e-2dc7-3ac7-86b9-e72c34ef16312394849607
e41ed1fc-302f-351c-8dbd-1ccac5078a09,2026-06-15,46.315211,4a944e09-e32f-36d7-b5a4-e211ca471f446730403642
e69f5e43-374e-3577-a194-03eca473eb86,2026-06-15,45.216713,b994cb0e-9aaf-3dbd-a0ab-315cc16c435c1107868581
e76bb8c7-e2ca-3a2e-96b4-7d3717dfbe06,2026-06-15,23.702574,e755d9a3-e083-3c09-8b82-e48bcb43e7f81851692813
e91fcfab-7cdf-31df-8933-e788688d8288,2026-06-15,9.60622,fe28678b-e200-3a9d-a1de-effda4879d2c1615844509
ebbf605d-a94c-3f16-9ae0-5449c87f4002,2026-06-15,61.005626,c01d7453-03eb-38be-bc95-24391aa315144796657446
ed0a8ed8-2282-3fec-82db-fafd297cdb61,2026-06-15,9.18461,4e3099ad-3bc5-3b23-837d-8c897adc8c894362553996
f0699448-f713-378f-9e30-ac35b4b0ddbb,2026-06-15,27.60998,0fcce33d-eb23-3f5d-946b-53b6afe198987280446281
f166b497-832f-3b26-8149-b36820a1aebe,2026-06-15,3.414781,a7ce6c88-3186-35ed-a793-f40dc624f2bc4233811371
f1809858-d9d7-3db3-8cc3-5793c598044c,2026-06-15,40.810647,7697f751-8371-30c0-81c8-fcc775cadf993437132586
f1ebcf2f-e51e-373c-b8af-374b6efced62,2026-06-15,38.546003,a96795c7-1ef3-330f-9a52-bd611b998fc53408195367
f28c27e1-116f-3bfa-87a3-a4aec05ef6ed,2026-06-15,53.517164,06747886-3cd5-3df7-b4e3-5300fd43ba8b6993791108
f55d8d9d-5df9-32e8-a43c-40e2d30fe83e,2026-06-15,14.252125,25ce49b4-0e30-37f6-83c9-8fdba57ec8554749707383
f5a2ffe8-63a0-3fe0-82d0-e2780d9d29dc,2026-06-15,22.227527,33dd9c10-10b1-32fe-be4f-7be1047c9ed36643760194
f6d44ec5-a47a-3937-931c-9f8412b5fa88,2026-06-15,17.986168,6197876e-4ea6-3121-8a4b-12b6efea400a0240575023
fccc0510-f20a-3f28-bf3c-66cfe9fa99d1,2026-06-15,27.095768,218810c6-5f55-31ef-942d-6b8f7944e4a79796581507
02995d49-90df-31cf-97ba-5c229a76711f,2026-06-16,115.023154,16bfeb59-c1e9-3456-891d-bdc1da0007925452020064
030041c0-f398-3572-9c7e-3edf3d9d2ea3,2026-06-16,8.715005,123b8640-546f-3146-aac1-b5e3a45883358031893487
04f49ac6-5f35-3df9-b623-c026f24561e1,2026-06-16,95.896078,4ccf4637-f73f-3ea2-bd9d-89cd0876527e2011240689
0769202c-7965-32a1-8d36-1cd52b64377d,2026-06-16,5.071946,03bfca79-bd1d-3217-a8ee-b032e1a5d4279777514889
0bd9c8a1-cf25-3dfe-9380-6143b1183f53,2026-06-16,61.368633,7ff7d9b9-eb8b-35f9-9265-8dd933d6e5f40824718437
0d06916c-fc74-37b3-8630-7f2eb8b27347,2026-06-16,56.688156,56ab425a-78d4-3e53-8a5d-bee6cc2ff1583272396058
0d66e094-d57b-3221-bdb4-ff9f2a6fa6b6,2026-06-16,54.686589,a1f98fd1-522c-331e-93df-e0e3c705c1c60127744720
0f7a9277-d005-30c0-8821-910389205cba,2026-06-16,32.208574,1498339f-636a-3ba6-8eaf-f82826cfc66b1703033271
1094d4eb-2c4b-3c82-bb41-36696a775289,2026-06-16,49.087384,8348db4d-a8ba-3dc8-b03d-3f8345e1ce081137124557
1176a69b-fd42-3989-9822-360026e942a4,2026-06-16,118.021358,4b6c12aa-31db-353f-9880-bcdca16d2c971125384531
12b66c85-8f8c-33d0-82bb-725890efa8da,2026-06-16,12.821697,c5b46f65-01dd-3076-aa97-e4c166de2ad16575983483
15d19e1d-74b8-3948-867f-63a4a1188539,2026-06-16,39.893699,3a0da385-e669-30df-8f17-ee93aea6a3a63054977077
176efb99-8d0f-325e-a3e0-daa08e876832,2026-06-16,13.954236,c3c60fed-2c36-3d97-8b89-35c5cbbebe232642944088
18a6d5f8-3203-3934-be7c-fef235f8d5ee,2026-06-16,9.350415,d0fc809f-656e-31a8-9e5e-192c6b636f8d5430933548
18d39ce1-5a60-3a9e-9621-bfa693409e77,2026-06-16,15.10914,136386ac-0d76-3f46-b05e-ad2dc8a2fa238045910511
19008d6d-be6f-38f0-8a72-4525e9b98022,2026-06-16,56.188817,4201befe-1bec-3dec-bd92-ac10a986017a9798478753
1c3f0a45-334a-3810-b02a-7ba9181fca95,2026-06-16,9.269079,f25a1909-b1f5-354d-9179-29694f6ccd7b0794803399
2111daa9-5dbb-36aa-b675-efab46559d5d,2026-06-16,5.018316,93fc0a2e-adf6-3b5c-a38a-8aaf0af2466c8463812397
2331b8d4-3563-3b2b-8bf1-ee54a482c609,2026-06-16,2.762693,0c4befad-a90a-3f28-8b16-9dd39cf80ecc8123775477
28cba5c0-c834-3c34-900a-9d6772fd9c30,2026-06-16,11.754896,1233b0a6-550e-3390-88ce-2a21eefafe917625072302
29768e10-7435-3d69-8503-a6f77e57bdcd,2026-06-16,10.365272,103d1a25-7f36-33f7-97c6-656f5dff4f1c8078021025
2b3c346c-5f49-3232-be35-3443261527b0,2026-06-16,4.395337,e6538295-3b6e-3154-9420-ec45501d20ae5856219597
2fd79494-a377-3a29-a882-b11802cfee0c,2026-06-16,15.936371,e50f86b5-d7cd-3a80-a5b4-78c659980b001758781599
363a066c-58b6-3bcf-a7b0-e9729a735ba7,2026-06-16,45.495112,29527eb9-d544-35c2-b9f1-bb262cf6b4159824252521
36f0982a-ff58-3c66-9847-439d640e7d96,2026-06-16,36.140545,50b96d70-0ca5-3d4f-bdec-3c9a5b48f6100810857519
3ab4ce54-3bfa-3a09-8624-c69a02d77632,2026-06-16,2.607393,776a90be-9929-3c47-9f5d-5f73f58824c60497278972
3e7f3808-bc28-36c7-8251-a028f5ff5644,2026-06-16,15.823886,18ddeade-5928-3676-ae42-029acd2d6bcb2570795136
3fe600f0-c808-3676-90fe-909ea8b83ca6,2026-06-16,2.62516,89445095-871b-3498-be52-e63f6b0e774b5355986831
434188a4-f9da-364f-a6dc-53072f0ec1b3,2026-06-16,24.88174,e25f63b1-614b-3240-9c58-803a43e9bb435024428155
48d69815-2eb5-3bb9-a39b-cbe1ceb52e99,2026-06-16,14.441065,6cfee349-1ef0-3fb2-815c-a8a1f54dfaf82072162601
4a7af055-4d5f-39bf-b0a0-3e957abd6b60,2026-06-16,33.539384,2d350fdb-0d58-3f71-94bc-a8c8ac08ee913457245518
4b3616f0-ccf1-31e3-810e-f668c2042b23,2026-06-16,17.323541,b68e0cee-582f-3f61-89e5-ca032d2062073327596356
4c9d57d4-cc8e-3ffa-a7a2-954c71ef5235,2026-06-16,44.627587,10cf198f-ca0e-3ab3-a33e-629868eaf1657063863282
4f630062-21f6-3266-9acd-c0827dbf5c05,2026-06-16,9.266077,8f29efaf-4f24-3d15-82d5-2fc874ce981c6011993181
509c1fe7-94b1-311d-9fd0-979b350e4d61,2026-06-16,100.790186,beeb8cb8-6b14-3b16-b8ec-735f810410575059189611
50be9c42-1c4b-3493-a07c-ffe59fd8491c,2026-06-16,70.313609,edb658c0-31b6-337f-a557-ae881cfe96142560471597
5113b093-acec-3c38-870f-b61a2dd6b880,2026-06-16,64.012217,6de2df31-0e47-37b7-af92-4257cf86aa933125819112
5498a54c-7cf2-3cbb-85d5-1078aa3be4a7,2026-06-16,24.389991,7f2eff44-b501-3d88-8b7a-bc0819c1cbd05256736696
54de7dbc-3f9b-3702-b677-fee85da6201d,2026-06-16,2.613878,d44e39e8-4f08-3623-986b-2646518072bf1207235870
55ad8c29-20dc-320f-8c21-ac3dfd7685ea,2026-06-16,39.676398,59813d11-bc16-3001-915e-9a9eff70c57f6619407622
55b0607e-f635-348a-bc83-f4e52515b7ec,2026-06-16,5.575438,118c8a35-e628-36a2-8499-91a87fa954ea9600440361
5656dbc0-5497-3227-a829-fd8eb574450e,2026-06-16,22.230816,a203c081-9992-358a-b291-2006588558ba6822670837
56ab4ff8-d4a1-314d-82eb-cc5055b8d77c,2026-06-16,8.089599,95b986e2-fb52-3222-9a4d-94390d8daa468577144310
5a91fc01-e54a-36cc-b759-44260109d8b8,2026-06-16,6.023656,1356d797-66bc-3a72-b11f-7b3084dc9d272348624974
5cb2e039-2dc8-3bad-9d23-4bfddc143afe,2026-06-16,100.94804,8a29b19a-f05e-35e9-8df7-d99b28bf8a8d3280431943
5d21d7da-3e33-3ab4-99ef-3ca2c2ff2c69,2026-06-16,13.496327,b03fc426-da51-3e1c-aa77-6b918bff0e513877121931
5de859d5-b06b-3878-b7f0-64c4e91191df,2026-06-16,14.482829,865e99a1-718b-338b-80ab-7bdcf6c522a91536159266
5fa5d9c4-22b7-39f7-a3b2-d521ea60b47b,2026-06-16,8.818354,ab4ba1b3-b598-3bfb-8df0-768a0df60d506177714931
6001b0b7-96fc-3fe1-aef1-329c8e2f62ce,2026-06-16,12.516288,6e29cd08-5d8b-32dd-baf0-fc5123d964c69692072979
64b0ba20-1b28-3b6c-9ffc-402714ee0245,2026-06-16,9.882469,358bf36d-7dae-3d60-9132-32bf3090f2f25850796649
68b45261-85be-3d03-a069-5aa6ffe8e8ca,2026-06-16,80.913927,b6a7cc29-e0c8-36bf-9e06-ffc155431b242084275934
6e8a1cb9-329d-3c5e-8d21-4c46a734d1e9,2026-06-16,25.12479,b038cfcb-9c1e-3cde-8676-1be4c1366b8b3024374020
72e3323e-cebd-3aa6-a736-9022afb37e21,2026-06-16,28.480851,dd1d2448-04ec-3dd9-9b0e-69f5e79a93407723570593
745d78f2-7f7a-3cdd-af4f-c4c3f0a18dbb,2026-06-16,22.953924,f1df5283-191c-30dd-b238-da858232e5d08985022611
746adeaf-1420-3eac-8391-92cd9b01c8b9,2026-06-16,12.3029,9aa54fdd-3284-3574-9974-eba17517b3b58059471550
75c008ab-9d95-3b45-b06c-1ba571bc7895,2026-06-16,9.402135,ec573df9-2361-3e56-a35c-cf369728a6f02624538703
760b65eb-45d9-332e-bbdd-15ad2c3223bc,2026-06-16,33.545495,4050495a-d74a-3f1b-b29d-db93ba2a71c15767916558
781a0729-d247-332a-a718-196cd4f0844f,2026-06-16,3.120631,c926082b-f5ea-39f0-9b3a-e5bce96b47c35305695375
7a81ce3b-6d3e-3961-8d22-eadf3f5ec0bc,2026-06-16,24.242791,d3e55948-76d9-3a03-928c-dedc44e782891389752743
812c22d3-3843-3385-aa3b-aa8ae91b882a,2026-06-16,16.381689,e7cb4203-d63e-3d55-86b1-e2f3868974688509958032
82a48b8e-4fa5-3f42-857c-71fbe24937aa,2026-06-16,14.783286,78999b98-2dd1-3379-978c-e2474a4a43306995668347
82b47e6e-09d7-36e6-80ab-4506629ff46b,2026-06-16,37.116762,1695d743-ff11-3262-b7c5-f109ac7b016b5800029843
834aa49a-5a2a-30db-8385-ad60aed26cd7,2026-06-16,106.350341,4b2f77f6-8ea8-3f4d-8688-fe485e1dd22d6927009123
83ac466b-0a2c-3b9f-bc16-cc1733598dc1,2026-06-16,39.395468,fbb1458a-bb03-3a59-81a7-c4bfa04cd8482348091600
84f354b1-00ae-34ba-b443-ccd2efee613c,2026-06-16,7.810105,8a14f25e-1645-3406-a19d-b9806ef569954307313451
8ca30a12-e5f4-3017-8037-1616e9ddbb5b,2026-06-16,7.532544,d980087a-73cd-3a85-914f-0dbeb6da2ff07929331557
8cb2a7d2-f605-3df9-981a-2c02b1d1a4e0,2026-06-16,15.708774,c8409fd1-44f6-341e-aa4a-fcdd48e1dec91197407417
8ce3a609-9e37-3b54-a602-9b395e5f5a76,2026-06-16,13.095216,140ba20d-dc2d-30f1-8369-9f0fcb7417216954795985
8dc72d59-3896-3d24-a51b-3a8a9e1c6713,2026-06-16,25.343046,2bb55a33-fdd0-39b0-8fa8-bf8f9e9997f59421453150
92de990d-30ce-38da-ad78-86a4a56c065b,2026-06-16,8.728381,5a8242fb-5aa7-3d5b-ac68-21ea53c5f9e87894148187
9317e817-504a-35a4-b7c3-68e90b432c45,2026-06-16,45.921268,bd68d9fe-0c5e-3648-8a84-d7649dbc11df2315333603
956008d9-c7c8-3450-a799-ccd802fc2078,2026-06-16,45.241276,ac8597c6-2e0c-3fce-bd96-0eeae07b92825791469057
960a5c04-f3ef-340c-af8a-48e88045ac24,2026-06-16,8.363537,485a6ee1-26d8-3d41-bd32-a72421af1a296123003165
9661bcb6-dd62-3576-b8b0-049874fff3a1,2026-06-16,4.32535,a765656c-b5ea-38d3-b817-93751b0015257870386126
9784049c-35d1-3534-8c4b-f4cea920d4ff,2026-06-16,6.338979,14447399-901c-34b2-b211-14fb9e9b062c7605520623
9a736669-65a4-3b3e-a4b5-8f6ec9654a84,2026-06-16,14.653431,bd347e86-1b36-3407-80b6-78a2f2dae41e9793909208
9c2b569e-d3f4-3c78-a57e-4d73687d2dc2,2026-06-16,99.314568,bcf6894a-0424-3665-b520-2c34eeac116f1861409402
9f556308-7e5a-375c-8130-c6284c3c5d5c,2026-06-16,30.410814,24110268-df67-321e-9581-bd29f27ea3618160468027
a0f95e73-3897-3dcc-9f5c-faad41b5219c,2026-06-16,104.978144,58b12641-aa5e-3c6d-97a0-f417dd0a469c4411625778
a2de86e5-02cf-3c93-9b40-f9629530b7d1,2026-06-16,829.899099,bcd56054-ac31-3e6f-a2d9-f156a299929c4047783680
a5068583-4849-35ce-900f-e2ce7f309840,2026-06-16,28.946421,ccacfe15-f7bf-3c92-9308-98112a74aa440314647208
a513bb7e-87ac-35cd-b4a2-6d23427bd2fa,2026-06-16,10.012184,481dceb1-1678-3a7e-b288-d7e2bf0c062a7786339993
a67cec0f-eda0-3d47-af0e-2bd3262a8cf9,2026-06-16,30.00332,edd1002d-960d-3956-8ea2-8ffafe4e3f780323661523
a8e332b8-087a-38b0-8c1b-64db4efadc7a,2026-06-16,12.980269,47b681e7-c3d8-31f6-ab69-43f82db88fa66316703417
a96a11ac-c839-3a7d-8ca2-dd65ad906316,2026-06-16,75.993692,f0f3ba5d-6fb8-3960-852e-f6235a05b8309574349724
ab0c7a3d-b6a3-3c71-a9f6-6f5167fbf2d9,2026-06-16,8.371896,6e8c3bb5-37b6-3aa6-a40a-2cf1d71e64fa4807837875
acadf00f-5359-3905-a13e-213d751bffb2,2026-06-16,5.68475,2852258a-e2bf-3b5a-ad87-7915c236685c5632583391
af15418c-707a-3e54-a465-034a3b570a96,2026-06-16,16.674852,89b93f60-7af8-31b9-aacf-45885de7f2069142372275
b1d22b60-1492-37de-a246-db25e91bfb1f,2026-06-16,30.473733,ba855984-6afa-3f25-82a9-033558199c9b4291338588
b32150f1-1acd-3990-ad31-f63fed66b1cf,2026-06-16,60.011727,27222e5f-5d35-3311-be74-7f592e6bb2553842641276
b571b5d8-c91f-3776-86bd-22c88c5580c2,2026-06-16,39.010623,afafa873-61a8-38e0-8977-cd70cd270f449777286253
b9f874e5-bbd8-332a-9f2e-a024bb815cf9,2026-06-16,135.663517,0183e024-3556-38ab-8f83-a2397dc1c7ff0961989030
bce50849-a0e7-3f2b-b22a-24ed60440705,2026-06-16,16.589566,ecbe8abc-16bb-3af7-8cf1-b6d262d3f9915691766209
bde82a06-b2ee-3309-b4b0-d268a38e4c2c,2026-06-16,112.906659,37f054fc-a7a4-3b27-aefa-23a338a7e9b08878786853
beb1d1c6-4fa9-36a8-a06f-1dc58ab74161,2026-06-16,8.561618,69be3936-f12c-34ad-b6bc-7a9f397f7d580253357983
c039e4c8-9c3b-3ae3-a2e7-b54c85d2cac7,2026-06-16,48.683896,ef0e0898-3920-39d5-9050-8c57b5cbcd1c9155184466
c0f8ab9f-4b7b-3f4f-b576-f80ad3cb5399,2026-06-16,18.876771,ae6fce59-c426-3691-b4cc-2e7f01a5433a0719674315
c3811eff-eb0f-3e83-943e-18b5d09919e4,2026-06-16,18.015987,b38c4c71-2ecc-3478-967b-30176508f2a82808970508
c41f2431-16c5-3799-9be8-561415389d5f,2026-06-16,15.420653,35f5e81a-e25c-3ff4-892f-d89a5cfb53448046832917
c4b4c934-c94d-3170-bd1b-d7737b2ab490,2026-06-16,9.775241,ddfedfb4-a197-3bc5-b5b9-3413d396c9d18520739647
c4ec5436-0c6f-389c-b83d-e1f34b408946,2026-06-16,14.110421,6d73a170-b659-36fe-bc67-1faa907dd4b49647063385
c6c1b9c0-072d-3dbf-accc-4c8643cc0c4a,2026-06-16,30.767593,8e833220-412d-3626-aef6-f1d8e255b8961584029669
c7599875-d64e-3ef2-8a6a-a218c4c24bfa,2026-06-16,17.363474,4acd48f6-3379-3b71-a45f-8ba6aad527457333951563
caacaf00-76dc-3d35-955a-b0b7289c1497,2026-06-16,4.317244,5428bbad-02ec-3bbd-b559-a02cb4c2701a9853561586
cce1c127-2ff8-3ea0-a9b8-2df2cd888b5b,2026-06-16,18.426366,40fb0c0c-0006-3ab6-84ec-5dc4198294863739942525
cdcbe271-7336-35c3-a44f-1a90281b0857,2026-06-16,48.484153,cc4a0181-1f8b-3069-891f-8f8303116f410950083050
ce7a22b8-f3c0-3690-acac-8b5a7bf4c798,2026-06-16,28.799686,75a3be66-cc33-35b3-aa17-355486d71eeb4926576029
d098b8be-5fd2-3aaf-b08a-03443b43e413,2026-06-16,20.597963,ebfca532-8531-3093-b085-d9b06d8a505a5090987086
d3c48311-d8dc-3e24-95dd-6d2bca767bff,2026-06-16,37.320453,84018d69-0a55-3d24-a877-97aaa31a46cf2815442486
d3d0b6a8-f422-3af5-a62e-826c20495095,2026-06-16,17.851313,9a1ea106-1b3c-358a-b321-05d0ef5590af7934449393
d6f76560-f2a1-3ae9-ab43-eaa1f2033306,2026-06-16,54.062034,df76341f-d9c1-31f1-a511-61e0bba9ac1a9330646801
d85f6c3e-620f-3cc3-9005-9e1beefefdc6,2026-06-16,4.931317,7a3476cf-c702-35d8-ab2c-c3c41701130b3532848987
d86225ec-57c8-3039-9b73-5067e9668517,2026-06-16,5.336946,9befbbd8-c5ed-3abc-9d19-377736924de73675696583
d940c628-4e61-3954-9aee-1aa0a0b6e21f,2026-06-16,9.973189,cbf31122-ee58-37d2-a16f-5d8ff6fcc1cb8640751006
de0bc8c0-4447-382c-b7c7-ce385510a49b,2026-06-16,32.359554,8d66b14e-bf47-35e5-b800-b55ca34760cf6094204743
dee4128a-2091-303c-8411-15401a64ec03,2026-06-16,48.024969,7d2de236-8dd1-333c-b3b2-c7d8bd4250cd6306917490
e0ab7ac6-23e5-3ce5-aef4-d9e2e575bb7a,2026-06-16,4.47592,36f25be1-e4a7-34ea-a4d5-d394fb2065cc2046082019
e1ec776a-9a69-3e5d-a0c5-33a9250b1f19,2026-06-16,7.054339,8dbe6882-1128-323e-98cf-6c6c8fd5be7d0079256300
e402d019-6155-3bff-9228-4911ea446777,2026-06-16,49.494511,d454160e-2dc7-3ac7-86b9-e72c34ef16312394849607
e69f5e43-374e-3577-a194-03eca473eb86,2026-06-16,42.12926,b994cb0e-9aaf-3dbd-a0ab-315cc16c435c1107868581
e71fe34e-9aa5-3ade-8054-a639af523373,2026-06-16,11.754943,b1e661de-87c5-37a4-b0ad-b47b375e798f8517162525
e76bb8c7-e2ca-3a2e-96b4-7d3717dfbe06,2026-06-16,14.761811,e755d9a3-e083-3c09-8b82-e48bcb43e7f81851692813
e91fcfab-7cdf-31df-8933-e788688d8288,2026-06-16,23.349097,fe28678b-e200-3a9d-a1de-effda4879d2c1615844509
ebbf605d-a94c-3f16-9ae0-5449c87f4002,2026-06-16,57.370268,c01d7453-03eb-38be-bc95-24391aa315144796657446
ed0a8ed8-2282-3fec-82db-fafd297cdb61,2026-06-16,8.631385,4e3099ad-3bc5-3b23-837d-8c897adc8c894362553996
eeaba3bd-0e65-3eff-80b8-bb415d1cdc89,2026-06-16,19.128638,6d3df8ea-2edd-3fc0-8f44-b14a5c9f858f7358431617
f02cc034-f8c6-39b7-afff-343b04ff2064,2026-06-16,10.273585,4a495ff6-34e1-3d8e-9177-445cdfd39d764430640857
f166b497-832f-3b26-8149-b36820a1aebe,2026-06-16,5.528007,a7ce6c88-3186-35ed-a793-f40dc624f2bc4233811371
f55d8d9d-5df9-32e8-a43c-40e2d30fe83e,2026-06-16,21.800446,25ce49b4-0e30-37f6-83c9-8fdba57ec8554749707383
f6d44ec5-a47a-3937-931c-9f8412b5fa88,2026-06-16,11.856278,6197876e-4ea6-3121-8a4b-12b6efea400a0240575023
fbb84839-d7f2-363f-a497-68b74f2449f2,2026-06-16,11.326031,76b88c0d-830b-38ed-91c8-6b3757820cc05429571885
fccc0510-f20a-3f28-bf3c-66cfe9fa99d1,2026-06-16,21.217848,218810c6-5f55-31ef-942d-6b8f7944e4a79796581507
fe5c2831-6d72-3f57-b5da-21037ecbeb2f,2026-06-16,11.736164,caac5c39-53fe-3b0e-a941-3f0559293a333871484605
030041c0-f398-3572-9c7e-3edf3d9d2ea3,2026-06-17,1.655625,123b8640-546f-3146-aac1-b5e3a45883358031893487
04f49ac6-5f35-3df9-b623-c026f24561e1,2026-06-17,60.814559,4ccf4637-f73f-3ea2-bd9d-89cd0876527e2011240689
0594d9cc-176f-3811-b8ff-1badba391ea1,2026-06-17,17.199552,7bf9e218-5646-3380-8098-8b14d617d4eb9836650145
071015e8-3dae-3fe5-84fb-880f24672395,2026-06-17,21.393912,453d5359-3943-3fff-89a3-000f66b87f5c2508884910
0834a8d5-db47-3f2b-8f52-89726cb486de,2026-06-17,16.790344,adb191b8-a33a-343b-b97c-1c5b503b06aa2102226204
0d06916c-fc74-37b3-8630-7f2eb8b27347,2026-06-17,71.245347,56ab425a-78d4-3e53-8a5d-bee6cc2ff1583272396058
0d27bc97-59cd-32d0-9146-960993fea8f2,2026-06-17,8.549124,2f024d4b-7d63-3f13-9c02-6541cfb6efcb8610694866
0f7a9277-d005-30c0-8821-910389205cba,2026-06-17,14.476886,1498339f-636a-3ba6-8eaf-f82826cfc66b1703033271
103be95c-0738-36fc-9aca-d07b1504909a,2026-06-17,103.75493,288d8971-0036-3b38-be44-cdab7d647fa95424134206
1094d4eb-2c4b-3c82-bb41-36696a775289,2026-06-17,117.736395,8348db4d-a8ba-3dc8-b03d-3f8345e1ce081137124557
1176a69b-fd42-3989-9822-360026e942a4,2026-06-17,114.803258,4b6c12aa-31db-353f-9880-bcdca16d2c971125384531
15f19ccf-5f54-370e-914a-19ef0d6e7bfe,2026-06-17,141.108759,d0dca904-0a39-3f70-8f24-23b3f8543cae9283252446
176efb99-8d0f-325e-a3e0-daa08e876832,2026-06-17,26.25613,c3c60fed-2c36-3d97-8b89-35c5cbbebe232642944088
18a6d5f8-3203-3934-be7c-fef235f8d5ee,2026-06-17,8.149725,d0fc809f-656e-31a8-9e5e-192c6b636f8d5430933548
18d39ce1-5a60-3a9e-9621-bfa693409e77,2026-06-17,28.671553,136386ac-0d76-3f46-b05e-ad2dc8a2fa238045910511
19008d6d-be6f-38f0-8a72-4525e9b98022,2026-06-17,100.843311,4201befe-1bec-3dec-bd92-ac10a986017a9798478753
1c3f0a45-334a-3810-b02a-7ba9181fca95,2026-06-17,22.451098,f25a1909-b1f5-354d-9179-29694f6ccd7b0794803399
2331b8d4-3563-3b2b-8bf1-ee54a482c609,2026-06-17,7.289411,0c4befad-a90a-3f28-8b16-9dd39cf80ecc8123775477
28cba5c0-c834-3c34-900a-9d6772fd9c30,2026-06-17,10.665647,1233b0a6-550e-3390-88ce-2a21eefafe917625072302
29513ef6-a0f9-30aa-b2a3-e67dd9c50f2d,2026-06-17,18.541361,4763c9d2-d480-368f-84c3-63cf0c346e577347437891
2fd79494-a377-3a29-a882-b11802cfee0c,2026-06-17,14.094136,e50f86b5-d7cd-3a80-a5b4-78c659980b001758781599
363a066c-58b6-3bcf-a7b0-e9729a735ba7,2026-06-17,37.09889,29527eb9-d544-35c2-b9f1-bb262cf6b4159824252521
3980a3b0-7169-37c1-ba12-f7547a8e9e3b,2026-06-17,1.27625,12d66d5c-7532-38c8-893b-c6806919a6290164081510
3ab4ce54-3bfa-3a09-8624-c69a02d77632,2026-06-17,1.557711,776a90be-9929-3c47-9f5d-5f73f58824c60497278972
3c828a67-8a44-3a18-a2db-213948c73e01,2026-06-17,7.409632,4b9e8129-de42-3612-a62a-b99391f3a1c36185507295
3fe600f0-c808-3676-90fe-909ea8b83ca6,2026-06-17,5.3744,89445095-871b-3498-be52-e63f6b0e774b5355986831
41219c74-897b-3ca9-87e5-43da9041ddd3,2026-06-17,26.856115,fbfd204b-197f-3c6c-95b1-4733172f5fca0533189354
423348ca-0838-3372-a616-b4cda0468666,2026-06-17,7.43449,c36a6f4f-bea8-35b0-b824-2c970e256ac26805083472
434188a4-f9da-364f-a6dc-53072f0ec1b3,2026-06-17,49.616834,e25f63b1-614b-3240-9c58-803a43e9bb435024428155
43538921-75c3-3004-917b-51c3d8e2a3a6,2026-06-17,23.07066,e213be6c-e983-37d3-b47d-03cfedb25b867590845836
43cc96db-6d25-3ad3-9163-10247bdd66bf,2026-06-17,6.887039,9eddeeed-8808-33dc-9ba2-905a79c87f321161343299
48a891ca-8770-3a95-9414-af5bad034e5a,2026-06-17,9.843414,6a2b2b4f-b163-3211-9417-7ab21b779b6e4168236426
48d69815-2eb5-3bb9-a39b-cbe1ceb52e99,2026-06-17,12.283389,6cfee349-1ef0-3fb2-815c-a8a1f54dfaf82072162601
4a7af055-4d5f-39bf-b0a0-3e957abd6b60,2026-06-17,20.163999,2d350fdb-0d58-3f71-94bc-a8c8ac08ee913457245518
4b3616f0-ccf1-31e3-810e-f668c2042b23,2026-06-17,37.385343,b68e0cee-582f-3f61-89e5-ca032d2062073327596356
4c9d57d4-cc8e-3ffa-a7a2-954c71ef5235,2026-06-17,45.711747,10cf198f-ca0e-3ab3-a33e-629868eaf1657063863282
4d8e0306-9402-312c-8735-520e75542ddf,2026-06-17,13.948083,fc890f93-7094-3cdc-9c17-a9bca9d2149d3600693627
4f630062-21f6-3266-9acd-c0827dbf5c05,2026-06-17,22.792732,8f29efaf-4f24-3d15-82d5-2fc874ce981c6011993181
4fbbedf8-7ea9-3ba5-8a18-f658a4f21605,2026-06-17,93.590323,0cbedb6f-5585-3d14-bb7a-52ed75958ad14113335693
5060be3d-9bbb-3f4e-955c-625e4390c6b7,2026-06-17,10.275907,2aff5a14-b04c-3fb3-98e6-5f847371e3ff9195279440
509c1fe7-94b1-311d-9fd0-979b350e4d61,2026-06-17,117.084358,beeb8cb8-6b14-3b16-b8ec-735f810410575059189611
50be9c42-1c4b-3493-a07c-ffe59fd8491c,2026-06-17,63.156534,edb658c0-31b6-337f-a557-ae881cfe96142560471597
5113b093-acec-3c38-870f-b61a2dd6b880,2026-06-17,99.367977,6de2df31-0e47-37b7-af92-4257cf86aa933125819112
5498a54c-7cf2-3cbb-85d5-1078aa3be4a7,2026-06-17,30.526305,7f2eff44-b501-3d88-8b7a-bc0819c1cbd05256736696
54de7dbc-3f9b-3702-b677-fee85da6201d,2026-06-17,8.561216,d44e39e8-4f08-3623-986b-2646518072bf1207235870
55b0607e-f635-348a-bc83-f4e52515b7ec,2026-06-17,13.036612,118c8a35-e628-36a2-8499-91a87fa954ea9600440361
57437979-1053-38bc-8abf-3f9eba7ffc49,2026-06-17,36.957304,66cc36c9-6f31-3eff-8201-8a0a7f0bd59a0688159859
591e07f6-72df-366d-a512-d5ee900f7c15,2026-06-17,38.033999,abb3cf38-3fad-3baa-af44-c9b4d24608456857996865
5a91fc01-e54a-36cc-b759-44260109d8b8,2026-06-17,10.0548,1356d797-66bc-3a72-b11f-7b3084dc9d272348624974
5d21d7da-3e33-3ab4-99ef-3ca2c2ff2c69,2026-06-17,14.949105,b03fc426-da51-3e1c-aa77-6b918bff0e513877121931
5de859d5-b06b-3878-b7f0-64c4e91191df,2026-06-17,5.362837,865e99a1-718b-338b-80ab-7bdcf6c522a91536159266
5fa5d9c4-22b7-39f7-a3b2-d521ea60b47b,2026-06-17,18.137772,ab4ba1b3-b598-3bfb-8df0-768a0df60d506177714931
617065f0-5c37-32d6-a3d6-dc223ac898b3,2026-06-17,21.949401,ae562d52-09ae-3863-b5f0-5ae580696f0f2844325743
64b0ba20-1b28-3b6c-9ffc-402714ee0245,2026-06-17,22.560118,358bf36d-7dae-3d60-9132-32bf3090f2f25850796649
68b45261-85be-3d03-a069-5aa6ffe8e8ca,2026-06-17,31.567447,b6a7cc29-e0c8-36bf-9e06-ffc155431b242084275934
6a620372-f31e-349c-b6c6-0e040a3edb64,2026-06-17,29.108584,5585108c-6e05-3453-8c97-d5a03ce4ee0a5269991336
6c21f96e-4015-302f-a95a-0918b22b3ad8,2026-06-17,13.269232,2083bc7f-bc65-3533-b831-de38c4ce41a85705530326
6e8a1cb9-329d-3c5e-8d21-4c46a734d1e9,2026-06-17,35.051869,b038cfcb-9c1e-3cde-8676-1be4c1366b8b3024374020
7254494c-fbeb-3dc4-80ee-30c6f6c22599,2026-06-17,13.45596,64848290-d9fb-3103-b306-a0129738ec0d3937403775
72e3323e-cebd-3aa6-a736-9022afb37e21,2026-06-17,26.394856,dd1d2448-04ec-3dd9-9b0e-69f5e79a93407723570593
745d78f2-7f7a-3cdd-af4f-c4c3f0a18dbb,2026-06-17,21.655931,f1df5283-191c-30dd-b238-da858232e5d08985022611
74cd4f7c-116b-3316-bf7f-eb46458694da,2026-06-17,103.103274,755c3974-2d2b-3242-8001-42f3d96983649032632994
75c008ab-9d95-3b45-b06c-1ba571bc7895,2026-06-17,11.999283,ec573df9-2361-3e56-a35c-cf369728a6f02624538703
760b65eb-45d9-332e-bbdd-15ad2c3223bc,2026-06-17,44.154691,4050495a-d74a-3f1b-b29d-db93ba2a71c15767916558
7825a025-23b9-3955-84e6-3a54c38e86e4,2026-06-17,16.017014,944aa6d5-032b-30c6-b177-dba1d9d44f1a2385396646
7feb497b-3ee8-39fa-9cfd-72a898f4cf47,2026-06-17,13.716497,90e6638a-edc1-308e-9f27-d8a3719440025129345869
812c22d3-3843-3385-aa3b-aa8ae91b882a,2026-06-17,20.23667,e7cb4203-d63e-3d55-86b1-e2f3868974688509958032
834aa49a-5a2a-30db-8385-ad60aed26cd7,2026-06-17,73.643538,4b2f77f6-8ea8-3f4d-8688-fe485e1dd22d6927009123
83ac466b-0a2c-3b9f-bc16-cc1733598dc1,2026-06-17,24.263399,fbb1458a-bb03-3a59-81a7-c4bfa04cd8482348091600
84851a10-43f1-3fc8-a358-06f529f15c33,2026-06-17,37.497609,209d6b5c-3879-3f87-9eb1-228cd3cf4edd0737879839
84dcbd6d-e273-316b-8912-4ed74ff8a9be,2026-06-17,28.468987,a26b9066-44c7-31c3-b9fa-04e255b439490462824831
84f354b1-00ae-34ba-b443-ccd2efee613c,2026-06-17,3.087156,8a14f25e-1645-3406-a19d-b9806ef569954307313451
85cb1e88-d121-35a6-a362-3cdc80917d44,2026-06-17,348.348366,1671f2df-523c-3e25-a845-e2ad655275ec3253687227
87ab0257-a9f6-3705-89f8-f63b9b8f2b0c,2026-06-17,8.167293,dd1dde98-5502-3952-90fe-dc66f816ed747906535428
8c272368-ac0c-3bc7-9568-cfbb26f8e749,2026-06-17,9.335797,9ef76979-dca8-3c79-9b0c-a7e5b98cc4183178708115
8ca30a12-e5f4-3017-8037-1616e9ddbb5b,2026-06-17,6.59718,d980087a-73cd-3a85-914f-0dbeb6da2ff07929331557
8dc72d59-3896-3d24-a51b-3a8a9e1c6713,2026-06-17,34.96498,2bb55a33-fdd0-39b0-8fa8-bf8f9e9997f59421453150
92de990d-30ce-38da-ad78-86a4a56c065b,2026-06-17,12.67422,5a8242fb-5aa7-3d5b-ac68-21ea53c5f9e87894148187
9317e817-504a-35a4-b7c3-68e90b432c45,2026-06-17,24.882987,bd68d9fe-0c5e-3648-8a84-d7649dbc11df2315333603
949ebf54-2340-343d-959a-0f34372577da,2026-06-17,56.115711,181570ff-51a4-3333-82ec-c322cfc915d01750361380
960a5c04-f3ef-340c-af8a-48e88045ac24,2026-06-17,23.191762,485a6ee1-26d8-3d41-bd32-a72421af1a296123003165
9661bcb6-dd62-3576-b8b0-049874fff3a1,2026-06-17,6.000436,a765656c-b5ea-38d3-b817-93751b0015257870386126
96739dc1-9e37-3b11-8e79-e0a5a57062a1,2026-06-17,123.433501,7b60b05a-7946-3efd-a3a0-0ada59de74070619321536
96be8df1-0628-3c17-acd8-50a096438ea0,2026-06-17,16.206883,7b8d6a5a-3256-3096-8208-171b7eaab4737311108557
9a736669-65a4-3b3e-a4b5-8f6ec9654a84,2026-06-17,12.567613,bd347e86-1b36-3407-80b6-78a2f2dae41e9793909208
9b195b8e-28d6-386e-8990-1a5bb4dd1bdb,2026-06-17,34.141399,193afc72-4494-30b1-beb3-cd4156f1c97d7901017989
9c2b569e-d3f4-3c78-a57e-4d73687d2dc2,2026-06-17,104.527084,bcf6894a-0424-3665-b520-2c34eeac116f1861409402
9f49149d-e042-3a1f-bcae-0628143c89c0,2026-06-17,21.755859,1511a03d-af95-32d7-82d6-670e957e819a5636652911
9f556308-7e5a-375c-8130-c6284c3c5d5c,2026-06-17,31.539388,24110268-df67-321e-9581-bd29f27ea3618160468027
a0f95e73-3897-3dcc-9f5c-faad41b5219c,2026-06-17,115.653894,58b12641-aa5e-3c6d-97a0-f417dd0a469c4411625778
a12779cf-ff75-376e-9cb4-73e937a3c164,2026-06-17,26.590266,ba19c2fb-8246-3ab8-b894-67973ae2268a8549866658
a3f48154-490b-350b-9f4e-74835b5aaaae,2026-06-17,11.035088,95ed8b8c-c59c-372a-b31e-6543997b82d74860620288
a4897e9b-7fc7-3e17-9b47-a254a0b85f27,2026-06-17,17.207137,304ab23b-6984-3fe6-a3fb-aa744a4d6cd05946845157
a5068583-4849-35ce-900f-e2ce7f309840,2026-06-17,24.619592,ccacfe15-f7bf-3c92-9308-98112a74aa440314647208
a513bb7e-87ac-35cd-b4a2-6d23427bd2fa,2026-06-17,17.299676,481dceb1-1678-3a7e-b288-d7e2bf0c062a7786339993
a67cec0f-eda0-3d47-af0e-2bd3262a8cf9,2026-06-17,37.224231,edd1002d-960d-3956-8ea2-8ffafe4e3f780323661523
a8d7fd17-4556-3ba6-8223-e88d8ead8fb0,2026-06-17,9.102396,7d10e7ed-604b-3e03-a105-86eebe4f6d9d0233713485
a8e332b8-087a-38b0-8c1b-64db4efadc7a,2026-06-17,37.954722,47b681e7-c3d8-31f6-ab69-43f82db88fa66316703417
a96a11ac-c839-3a7d-8ca2-dd65ad906316,2026-06-17,46.169097,f0f3ba5d-6fb8-3960-852e-f6235a05b8309574349724
ab0c7a3d-b6a3-3c71-a9f6-6f5167fbf2d9,2026-06-17,6.969821,6e8c3bb5-37b6-3aa6-a40a-2cf1d71e64fa4807837875
ac429fef-9e6b-3e26-a5ea-3122c166230c,2026-06-17,65.983966,81f224a7-cb42-3ee9-9103-e81fcc20756c3353013338
acadf00f-5359-3905-a13e-213d751bffb2,2026-06-17,11.356155,2852258a-e2bf-3b5a-ad87-7915c236685c5632583391
ae5f3d2e-f527-359d-8bcf-846f320f8e57,2026-06-17,11.041799,22f94015-ff23-3150-ae0f-9ef0bb188a207912060816
af15418c-707a-3e54-a465-034a3b570a96,2026-06-17,32.190595,89b93f60-7af8-31b9-aacf-45885de7f2069142372275
af753398-35e3-3c49-a7bb-31e2830197f3,2026-06-17,18.405164,b00ef48c-948b-3854-a6bb-ed2ca37487540169593901
b095775a-2d08-336f-bccf-d2f71dc4ba3c,2026-06-17,8.19717,fb87865a-444a-3efc-ab25-247ac494cd574338526402
b1d22b60-1492-37de-a246-db25e91bfb1f,2026-06-17,28.319965,ba855984-6afa-3f25-82a9-033558199c9b4291338588
b32150f1-1acd-3990-ad31-f63fed66b1cf,2026-06-17,43.730353,27222e5f-5d35-3311-be74-7f592e6bb2553842641276
b516e127-e0a8-3444-a387-7ee0a83c2029,2026-06-17,7.274354,cc30fb51-7115-329e-acbb-6cf3b4f138c85952469832
b5344373-538f-3f37-8982-c97e3158144a,2026-06-17,9.323465,2a20868d-41a0-350b-abd7-08a3f9d834063257215959
bce50849-a0e7-3f2b-b22a-24ed60440705,2026-06-17,26.789668,ecbe8abc-16bb-3af7-8cf1-b6d262d3f9915691766209
beac6842-6d1c-39f8-bd3d-f2cbddfe2e23,2026-06-17,35.619255,71933d57-e488-3aa3-b364-7c195cfded299062716503
beb1d1c6-4fa9-36a8-a06f-1dc58ab74161,2026-06-17,5.711372,69be3936-f12c-34ad-b6bc-7a9f397f7d580253357983
c039e4c8-9c3b-3ae3-a2e7-b54c85d2cac7,2026-06-17,54.904653,ef0e0898-3920-39d5-9050-8c57b5cbcd1c9155184466
c0f8ab9f-4b7b-3f4f-b576-f80ad3cb5399,2026-06-17,16.274209,ae6fce59-c426-3691-b4cc-2e7f01a5433a0719674315
c28d006e-f496-3663-8af9-cae2c8d7f937,2026-06-17,4.463605,a0078e3c-bfd3-334f-995c-392a1923c1da2907627204
c3811eff-eb0f-3e83-943e-18b5d09919e4,2026-06-17,40.656664,b38c4c71-2ecc-3478-967b-30176508f2a82808970508
c4b4c934-c94d-3170-bd1b-d7737b2ab490,2026-06-17,13.189434,ddfedfb4-a197-3bc5-b5b9-3413d396c9d18520739647
c4ec5436-0c6f-389c-b83d-e1f34b408946,2026-06-17,4.284362,6d73a170-b659-36fe-bc67-1faa907dd4b49647063385
c6c1b9c0-072d-3dbf-accc-4c8643cc0c4a,2026-06-17,14.595091,8e833220-412d-3626-aef6-f1d8e255b8961584029669
c7599875-d64e-3ef2-8a6a-a218c4c24bfa,2026-06-17,5.058025,4acd48f6-3379-3b71-a45f-8ba6aad527457333951563
c8c964e3-6f43-33e9-8a11-e9eaf55933ba,2026-06-17,43.645973,db1bd750-5b46-3bea-9d82-c79a18a08d0d0806001910
cce1c127-2ff8-3ea0-a9b8-2df2cd888b5b,2026-06-17,51.482928,40fb0c0c-0006-3ab6-84ec-5dc4198294863739942525
cdcbe271-7336-35c3-a44f-1a90281b0857,2026-06-17,29.703234,cc4a0181-1f8b-3069-891f-8f8303116f410950083050
d098b8be-5fd2-3aaf-b08a-03443b43e413,2026-06-17,30.272501,ebfca532-8531-3093-b085-d9b06d8a505a5090987086
d3c48311-d8dc-3e24-95dd-6d2bca767bff,2026-06-17,36.917043,84018d69-0a55-3d24-a877-97aaa31a46cf2815442486
d6f76560-f2a1-3ae9-ab43-eaa1f2033306,2026-06-17,34.224644,df76341f-d9c1-31f1-a511-61e0bba9ac1a9330646801
d834b72d-c2cc-391e-8a0c-c3f147eeb522,2026-06-17,31.002459,62331e5f-4437-3168-b6e9-aa00c1ae49235115900219
d85f6c3e-620f-3cc3-9005-9e1beefefdc6,2026-06-17,17.960344,7a3476cf-c702-35d8-ab2c-c3c41701130b3532848987
d86225ec-57c8-3039-9b73-5067e9668517,2026-06-17,2.771921,9befbbd8-c5ed-3abc-9d19-377736924de73675696583
d940c628-4e61-3954-9aee-1aa0a0b6e21f,2026-06-17,29.815706,cbf31122-ee58-37d2-a16f-5d8ff6fcc1cb8640751006
da8b7ad5-701e-38e4-af53-bcb52836386c,2026-06-17,6.922693,5a63d77e-0da6-3691-900f-f20d6593ab0a0016925614
dfc70541-9d37-355c-af06-9bf106459cdb,2026-06-17,1.942255,8d616aa1-7ca1-3b18-a990-d3dd7b63d8ea3801525816
e059f4f2-66b1-346c-8a33-8c16446a8657,2026-06-17,21.850508,2a7ac4ba-1536-3186-93b2-a2c27853a79e9011911429
e0ab7ac6-23e5-3ce5-aef4-d9e2e575bb7a,2026-06-17,3.431013,36f25be1-e4a7-34ea-a4d5-d394fb2065cc2046082019
e1ec776a-9a69-3e5d-a0c5-33a9250b1f19,2026-06-17,13.155672,8dbe6882-1128-323e-98cf-6c6c8fd5be7d0079256300
e402d019-6155-3bff-9228-4911ea446777,2026-06-17,69.889899,d454160e-2dc7-3ac7-86b9-e72c34ef16312394849607
e69f5e43-374e-3577-a194-03eca473eb86,2026-06-17,42.494069,b994cb0e-9aaf-3dbd-a0ab-315cc16c435c1107868581
e6a4f012-2129-36d0-bf2f-6e3c384f5497,2026-06-17,28.407846,30a74d31-d91b-3ff9-b591-0ed7882600e46693238563
e76bb8c7-e2ca-3a2e-96b4-7d3717dfbe06,2026-06-17,47.575996,e755d9a3-e083-3c09-8b82-e48bcb43e7f81851692813
e91fcfab-7cdf-31df-8933-e788688d8288,2026-06-17,21.762504,fe28678b-e200-3a9d-a1de-effda4879d2c1615844509
ea133f80-908c-3a40-af86-f0745e517fd2,2026-06-17,31.767382,7111b6e6-9d33-3f84-ae08-89cafad819261967282058
ea2319a1-87a9-39c7-978a-631828711569,2026-06-17,20.451208,aa7cd5d3-2fa7-342d-b330-88ea3eded8c73712328503
ed0a8ed8-2282-3fec-82db-fafd297cdb61,2026-06-17,10.455667,4e3099ad-3bc5-3b23-837d-8c897adc8c894362553996
eeaba3bd-0e65-3eff-80b8-bb415d1cdc89,2026-06-17,31.46929,6d3df8ea-2edd-3fc0-8f44-b14a5c9f858f7358431617
f02cc034-f8c6-39b7-afff-343b04ff2064,2026-06-17,10.802083,4a495ff6-34e1-3d8e-9177-445cdfd39d764430640857
f37b1d54-4726-3503-b093-7096160494d8,2026-06-17,6.319822,0701ba50-1c05-393a-97d1-5f4023a8749c6116792851
f55d8d9d-5df9-32e8-a43c-40e2d30fe83e,2026-06-17,24.76414,25ce49b4-0e30-37f6-83c9-8fdba57ec8554749707383
f5a2ffe8-63a0-3fe0-82d0-e2780d9d29dc,2026-06-17,25.367355,33dd9c10-10b1-32fe-be4f-7be1047c9ed36643760194
f5c21c69-5b03-320a-ae2e-2554aefff943,2026-06-17,37.575363,1733732a-abce-3040-96d5-89e43d8b44882339867108
f6d44ec5-a47a-3937-931c-9f8412b5fa88,2026-06-17,13.756008,6197876e-4ea6-3121-8a4b-12b6efea400a0240575023
fbb84839-d7f2-363f-a497-68b74f2449f2,2026-06-17,27.05383,76b88c0d-830b-38ed-91c8-6b3757820cc05429571885
fccc0510-f20a-3f28-bf3c-66cfe9fa99d1,2026-06-17,15.925101,218810c6-5f55-31ef-942d-6b8f7944e4a79796581507
fe5c2831-6d72-3f57-b5da-21037ecbeb2f,2026-06-17,8.002138,caac5c39-53fe-3b0e-a941-3f0559293a333871484605
030041c0-f398-3572-9c7e-3edf3d9d2ea3,2026-06-18,7.932459,123b8640-546f-3146-aac1-b5e3a45883358031893487
04f49ac6-5f35-3df9-b623-c026f24561e1,2026-06-18,82.5453,4ccf4637-f73f-3ea2-bd9d-89cd0876527e2011240689
06e33f1d-dda0-31b8-915e-bde6cf9b4012,2026-06-18,35.127235,5c1c68c1-feaf-3d3a-8a14-7e795d01c1ba6471737628
0769202c-7965-32a1-8d36-1cd52b64377d,2026-06-18,10.120808,03bfca79-bd1d-3217-a8ee-b032e1a5d4279777514889
0bd9c8a1-cf25-3dfe-9380-6143b1183f53,2026-06-18,37.224739,7ff7d9b9-eb8b-35f9-9265-8dd933d6e5f40824718437
0d66e094-d57b-3221-bdb4-ff9f2a6fa6b6,2026-06-18,58.432719,a1f98fd1-522c-331e-93df-e0e3c705c1c60127744720
103be95c-0738-36fc-9aca-d07b1504909a,2026-06-18,103.54225,288d8971-0036-3b38-be44-cdab7d647fa95424134206
1094d4eb-2c4b-3c82-bb41-36696a775289,2026-06-18,43.561558,8348db4d-a8ba-3dc8-b03d-3f8345e1ce081137124557
1176a69b-fd42-3989-9822-360026e942a4,2026-06-18,40.515999,4b6c12aa-31db-353f-9880-bcdca16d2c971125384531
15f19ccf-5f54-370e-914a-19ef0d6e7bfe,2026-06-18,187.907846,d0dca904-0a39-3f70-8f24-23b3f8543cae9283252446
176efb99-8d0f-325e-a3e0-daa08e876832,2026-06-18,13.361708,c3c60fed-2c36-3d97-8b89-35c5cbbebe232642944088
17e9c47e-62ba-33a6-96e1-95ad3c636d22,2026-06-18,56.924159,77974123-fa35-3834-90f5-d19a2e752e979650064655
18a6d5f8-3203-3934-be7c-fef235f8d5ee,2026-06-18,14.013642,d0fc809f-656e-31a8-9e5e-192c6b636f8d5430933548
19fa59d6-c1b5-3e11-ba74-ad111de5584f,2026-06-18,280.944247,fc4e8c60-faee-3c94-be88-2bedfd49a32f0411781020
1bdab13f-7bc5-3e3d-81c9-f9179619fd90,2026-06-18,9.175525,5351c2cb-b7f7-3a9c-acd5-db63cfafda343248281033
1c3f0a45-334a-3810-b02a-7ba9181fca95,2026-06-18,19.726486,f25a1909-b1f5-354d-9179-29694f6ccd7b0794803399
28cba5c0-c834-3c34-900a-9d6772fd9c30,2026-06-18,21.502124,1233b0a6-550e-3390-88ce-2a21eefafe917625072302
29513ef6-a0f9-30aa-b2a3-e67dd9c50f2d,2026-06-18,5.721644,4763c9d2-d480-368f-84c3-63cf0c346e577347437891
2fdf5375-31c8-3c6a-9cf3-12465dbec4a5,2026-06-18,17.266514,fd3e2044-7bf6-3813-acab-9043d4cbda0b6568880041
363a066c-58b6-3bcf-a7b0-e9729a735ba7,2026-06-18,25.133529,29527eb9-d544-35c2-b9f1-bb262cf6b4159824252521
3980a3b0-7169-37c1-ba12-f7547a8e9e3b,2026-06-18,3.272999,12d66d5c-7532-38c8-893b-c6806919a6290164081510
41219c74-897b-3ca9-87e5-43da9041ddd3,2026-06-18,29.270356,fbfd204b-197f-3c6c-95b1-4733172f5fca0533189354
434188a4-f9da-364f-a6dc-53072f0ec1b3,2026-06-18,13.98898,e25f63b1-614b-3240-9c58-803a43e9bb435024428155
43538921-75c3-3004-917b-51c3d8e2a3a6,2026-06-18,26.662866,e213be6c-e983-37d3-b47d-03cfedb25b867590845836
43cc96db-6d25-3ad3-9163-10247bdd66bf,2026-06-18,26.733024,9eddeeed-8808-33dc-9ba2-905a79c87f321161343299
48a891ca-8770-3a95-9414-af5bad034e5a,2026-06-18,2.262124,6a2b2b4f-b163-3211-9417-7ab21b779b6e4168236426
4a7af055-4d5f-39bf-b0a0-3e957abd6b60,2026-06-18,18.816808,2d350fdb-0d58-3f71-94bc-a8c8ac08ee913457245518
4b3616f0-ccf1-31e3-810e-f668c2042b23,2026-06-18,21.300181,b68e0cee-582f-3f61-89e5-ca032d2062073327596356
4c8688bb-e063-39d5-af44-f884b8b1b22f,2026-06-18,54.641769,74ba4416-00a1-3f9b-8c10-30d3118fa7ce7583046913
4c9d57d4-cc8e-3ffa-a7a2-954c71ef5235,2026-06-18,68.309602,10cf198f-ca0e-3ab3-a33e-629868eaf1657063863282
4d8e0306-9402-312c-8735-520e75542ddf,2026-06-18,7.503634,fc890f93-7094-3cdc-9c17-a9bca9d2149d3600693627
4f630062-21f6-3266-9acd-c0827dbf5c05,2026-06-18,10.42394,8f29efaf-4f24-3d15-82d5-2fc874ce981c6011993181
509c1fe7-94b1-311d-9fd0-979b350e4d61,2026-06-18,97.167712,beeb8cb8-6b14-3b16-b8ec-735f810410575059189611
50be9c42-1c4b-3493-a07c-ffe59fd8491c,2026-06-18,53.143805,edb658c0-31b6-337f-a557-ae881cfe96142560471597
524da203-40d7-33a6-8ab6-b21a0cef3c58,2026-06-18,18.458479,4b414f3b-b1d8-3f11-b80f-a4ce6c6d7a4c9655939769
5498a54c-7cf2-3cbb-85d5-1078aa3be4a7,2026-06-18,18.824474,7f2eff44-b501-3d88-8b7a-bc0819c1cbd05256736696
55b0607e-f635-348a-bc83-f4e52515b7ec,2026-06-18,3.859583,118c8a35-e628-36a2-8499-91a87fa954ea9600440361
5656dbc0-5497-3227-a829-fd8eb574450e,2026-06-18,29.117694,a203c081-9992-358a-b291-2006588558ba6822670837
56ab4ff8-d4a1-314d-82eb-cc5055b8d77c,2026-06-18,17.416925,95b986e2-fb52-3222-9a4d-94390d8daa468577144310
57437979-1053-38bc-8abf-3f9eba7ffc49,2026-06-18,21.359905,66cc36c9-6f31-3eff-8201-8a0a7f0bd59a0688159859
5a91fc01-e54a-36cc-b759-44260109d8b8,2026-06-18,6.362889,1356d797-66bc-3a72-b11f-7b3084dc9d272348624974
5d21d7da-3e33-3ab4-99ef-3ca2c2ff2c69,2026-06-18,11.008925,b03fc426-da51-3e1c-aa77-6b918bff0e513877121931
5d6ffe35-085b-3fc0-abf7-9f02a5c4fb33,2026-06-18,24.497856,03ffa46d-2a01-3d1e-b2b7-afc51d9158352243231721
5de859d5-b06b-3878-b7f0-64c4e91191df,2026-06-18,11.264023,865e99a1-718b-338b-80ab-7bdcf6c522a91536159266
6001b0b7-96fc-3fe1-aef1-329c8e2f62ce,2026-06-18,10.153884,6e29cd08-5d8b-32dd-baf0-fc5123d964c69692072979
617065f0-5c37-32d6-a3d6-dc223ac898b3,2026-06-18,19.583489,ae562d52-09ae-3863-b5f0-5ae580696f0f2844325743
6a620372-f31e-349c-b6c6-0e040a3edb64,2026-06-18,20.379312,5585108c-6e05-3453-8c97-d5a03ce4ee0a5269991336
6e8a1cb9-329d-3c5e-8d21-4c46a734d1e9,2026-06-18,26.51334,b038cfcb-9c1e-3cde-8676-1be4c1366b8b3024374020
72e3323e-cebd-3aa6-a736-9022afb37e21,2026-06-18,26.019934,dd1d2448-04ec-3dd9-9b0e-69f5e79a93407723570593
74cd4f7c-116b-3316-bf7f-eb46458694da,2026-06-18,95.666028,755c3974-2d2b-3242-8001-42f3d96983649032632994
75be5782-378c-39b7-8d80-e4225331c478,2026-06-18,32.134684,e1d9f528-91ca-3b5f-b9e2-c2bc6c32dd155877684651
760b65eb-45d9-332e-bbdd-15ad2c3223bc,2026-06-18,46.747706,4050495a-d74a-3f1b-b29d-db93ba2a71c15767916558
781a0729-d247-332a-a718-196cd4f0844f,2026-06-18,5.072987,c926082b-f5ea-39f0-9b3a-e5bce96b47c35305695375
7825a025-23b9-3955-84e6-3a54c38e86e4,2026-06-18,25.301519,944aa6d5-032b-30c6-b177-dba1d9d44f1a2385396646
79874361-3477-38db-9fbd-fc39d1713d69,2026-06-18,12.159043,241900d5-f58b-3b3f-8abc-638d1ad78e024760008737
7fb6ff11-be82-30ff-ad1d-e44ada4f46db,2026-06-18,9.99642,44965c11-796e-3e8c-b92a-222141e2d34e4076630863
812c22d3-3843-3385-aa3b-aa8ae91b882a,2026-06-18,19.706392,e7cb4203-d63e-3d55-86b1-e2f3868974688509958032
82b47e6e-09d7-36e6-80ab-4506629ff46b,2026-06-18,42.36071,1695d743-ff11-3262-b7c5-f109ac7b016b5800029843
834aa49a-5a2a-30db-8385-ad60aed26cd7,2026-06-18,47.26512,4b2f77f6-8ea8-3f4d-8688-fe485e1dd22d6927009123
84851a10-43f1-3fc8-a358-06f529f15c33,2026-06-18,38.791216,209d6b5c-3879-3f87-9eb1-228cd3cf4edd0737879839
84dcbd6d-e273-316b-8912-4ed74ff8a9be,2026-06-18,18.121649,a26b9066-44c7-31c3-b9fa-04e255b439490462824831
84f354b1-00ae-34ba-b443-ccd2efee613c,2026-06-18,7.616851,8a14f25e-1645-3406-a19d-b9806ef569954307313451
85cb1e88-d121-35a6-a362-3cdc80917d44,2026-06-18,435.970132,1671f2df-523c-3e25-a845-e2ad655275ec3253687227
87ab0257-a9f6-3705-89f8-f63b9b8f2b0c,2026-06-18,8.517872,dd1dde98-5502-3952-90fe-dc66f816ed747906535428
8c272368-ac0c-3bc7-9568-cfbb26f8e749,2026-06-18,12.483129,9ef76979-dca8-3c79-9b0c-a7e5b98cc4183178708115
8c2e2c06-5c7a-359a-8e69-0efdfb7e79bb,2026-06-18,16.805052,02b8249b-d351-36b0-8f66-387e9b5ecd765409838852
8dc72d59-3896-3d24-a51b-3a8a9e1c6713,2026-06-18,37.175474,2bb55a33-fdd0-39b0-8fa8-bf8f9e9997f59421453150
92de990d-30ce-38da-ad78-86a4a56c065b,2026-06-18,17.739167,5a8242fb-5aa7-3d5b-ac68-21ea53c5f9e87894148187
9317e817-504a-35a4-b7c3-68e90b432c45,2026-06-18,30.14484,bd68d9fe-0c5e-3648-8a84-d7649dbc11df2315333603
956008d9-c7c8-3450-a799-ccd802fc2078,2026-06-18,66.865201,ac8597c6-2e0c-3fce-bd96-0eeae07b92825791469057
960a5c04-f3ef-340c-af8a-48e88045ac24,2026-06-18,24.061678,485a6ee1-26d8-3d41-bd32-a72421af1a296123003165
9661bcb6-dd62-3576-b8b0-049874fff3a1,2026-06-18,6.851275,a765656c-b5ea-38d3-b817-93751b0015257870386126
96739dc1-9e37-3b11-8e79-e0a5a57062a1,2026-06-18,68.351148,7b60b05a-7946-3efd-a3a0-0ada59de74070619321536
96be8df1-0628-3c17-acd8-50a096438ea0,2026-06-18,27.018572,7b8d6a5a-3256-3096-8208-171b7eaab4737311108557
9784049c-35d1-3534-8c4b-f4cea920d4ff,2026-06-18,6.874461,14447399-901c-34b2-b211-14fb9e9b062c7605520623
9b195b8e-28d6-386e-8990-1a5bb4dd1bdb,2026-06-18,40.405162,193afc72-4494-30b1-beb3-cd4156f1c97d7901017989
9ba853eb-6f5c-3cb7-a12d-962e66e16f57,2026-06-18,15.564673,b73916f5-d20a-3bbb-a29c-a6bdb343d1bd0031640620
9bddd6f0-dd41-333e-aac7-f757b18ea2aa,2026-06-18,21.560865,c6545cb9-33df-373c-8ac9-ce43225c9d986458695776
9d35e9c7-555b-37b7-adda-1a942e3c3655,2026-06-18,14.679878,44b79b38-40a9-3593-b0cd-9c7e4aec43216874733631
9f556308-7e5a-375c-8130-c6284c3c5d5c,2026-06-18,12.423977,24110268-df67-321e-9581-bd29f27ea3618160468027
a0f95e73-3897-3dcc-9f5c-faad41b5219c,2026-06-18,65.617433,58b12641-aa5e-3c6d-97a0-f417dd0a469c4411625778
a5068583-4849-35ce-900f-e2ce7f309840,2026-06-18,28.055584,ccacfe15-f7bf-3c92-9308-98112a74aa440314647208
a513bb7e-87ac-35cd-b4a2-6d23427bd2fa,2026-06-18,1.912628,481dceb1-1678-3a7e-b288-d7e2bf0c062a7786339993
a8e332b8-087a-38b0-8c1b-64db4efadc7a,2026-06-18,19.621883,47b681e7-c3d8-31f6-ab69-43f82db88fa66316703417
ac429fef-9e6b-3e26-a5ea-3122c166230c,2026-06-18,64.908786,81f224a7-cb42-3ee9-9103-e81fcc20756c3353013338
acadf00f-5359-3905-a13e-213d751bffb2,2026-06-18,7.5634,2852258a-e2bf-3b5a-ad87-7915c236685c5632583391
ae5f3d2e-f527-359d-8bcf-846f320f8e57,2026-06-18,12.127527,22f94015-ff23-3150-ae0f-9ef0bb188a207912060816
b20c7e06-4ac3-32d4-be1f-8d8ca043e124,2026-06-18,26.76535,650b165d-6706-35fc-bfd9-fcbb4c66d7bc6712610403
b32150f1-1acd-3990-ad31-f63fed66b1cf,2026-06-18,39.191554,27222e5f-5d35-3311-be74-7f592e6bb2553842641276
b5344373-538f-3f37-8982-c97e3158144a,2026-06-18,8.72177,2a20868d-41a0-350b-abd7-08a3f9d834063257215959
b571b5d8-c91f-3776-86bd-22c88c5580c2,2026-06-18,24.617381,afafa873-61a8-38e0-8977-cd70cd270f449777286253
b5b7bbb0-1312-34a4-8934-10fe49cea8ed,2026-06-18,53.774687,c1179ffe-16b5-3808-a61b-c697ad5655cd0958447347
bce50849-a0e7-3f2b-b22a-24ed60440705,2026-06-18,7.375561,ecbe8abc-16bb-3af7-8cf1-b6d262d3f9915691766209
beb1d1c6-4fa9-36a8-a06f-1dc58ab74161,2026-06-18,3.327584,69be3936-f12c-34ad-b6bc-7a9f397f7d580253357983
c039e4c8-9c3b-3ae3-a2e7-b54c85d2cac7,2026-06-18,62.099285,ef0e0898-3920-39d5-9050-8c57b5cbcd1c9155184466
c0f8ab9f-4b7b-3f4f-b576-f80ad3cb5399,2026-06-18,30.303615,ae6fce59-c426-3691-b4cc-2e7f01a5433a0719674315
c3811eff-eb0f-3e83-943e-18b5d09919e4,2026-06-18,14.435428,b38c4c71-2ecc-3478-967b-30176508f2a82808970508
c4b4c934-c94d-3170-bd1b-d7737b2ab490,2026-06-18,15.538964,ddfedfb4-a197-3bc5-b5b9-3413d396c9d18520739647
c4ec5436-0c6f-389c-b83d-e1f34b408946,2026-06-18,12.206388,6d73a170-b659-36fe-bc67-1faa907dd4b49647063385
c6c1b9c0-072d-3dbf-accc-4c8643cc0c4a,2026-06-18,17.335886,8e833220-412d-3626-aef6-f1d8e255b8961584029669
c7599875-d64e-3ef2-8a6a-a218c4c24bfa,2026-06-18,2.439673,4acd48f6-3379-3b71-a45f-8ba6aad527457333951563
c8c964e3-6f43-33e9-8a11-e9eaf55933ba,2026-06-18,46.433413,db1bd750-5b46-3bea-9d82-c79a18a08d0d0806001910
caacaf00-76dc-3d35-955a-b0b7289c1497,2026-06-18,1.832737,5428bbad-02ec-3bbd-b559-a02cb4c2701a9853561586
cdcbe271-7336-35c3-a44f-1a90281b0857,2026-06-18,26.823329,cc4a0181-1f8b-3069-891f-8f8303116f410950083050
ce7a22b8-f3c0-3690-acac-8b5a7bf4c798,2026-06-18,36.934094,75a3be66-cc33-35b3-aa17-355486d71eeb4926576029
d098b8be-5fd2-3aaf-b08a-03443b43e413,2026-06-18,10.184046,ebfca532-8531-3093-b085-d9b06d8a505a5090987086
d16b7d90-92be-3869-95a7-7d511669811b,2026-06-18,13.764506,760b5b15-f871-3327-a1ef-e07e6f4cc11c2795438507
d3c48311-d8dc-3e24-95dd-6d2bca767bff,2026-06-18,17.816451,84018d69-0a55-3d24-a877-97aaa31a46cf2815442486
d6f76560-f2a1-3ae9-ab43-eaa1f2033306,2026-06-18,42.806712,df76341f-d9c1-31f1-a511-61e0bba9ac1a9330646801
d85f6c3e-620f-3cc3-9005-9e1beefefdc6,2026-06-18,10.658241,7a3476cf-c702-35d8-ab2c-c3c41701130b3532848987
dee4128a-2091-303c-8411-15401a64ec03,2026-06-18,94.8929,7d2de236-8dd1-333c-b3b2-c7d8bd4250cd6306917490
df67f363-d186-3899-9341-ca1c650419d1,2026-06-18,13.072155,8f271568-d100-3079-ac64-5fcbae00111d2230071949
e059f4f2-66b1-346c-8a33-8c16446a8657,2026-06-18,27.672196,2a7ac4ba-1536-3186-93b2-a2c27853a79e9011911429
e0ab7ac6-23e5-3ce5-aef4-d9e2e575bb7a,2026-06-18,5.559369,36f25be1-e4a7-34ea-a4d5-d394fb2065cc2046082019
e402d019-6155-3bff-9228-4911ea446777,2026-06-18,52.214483,d454160e-2dc7-3ac7-86b9-e72c34ef16312394849607
e69f5e43-374e-3577-a194-03eca473eb86,2026-06-18,47.618814,b994cb0e-9aaf-3dbd-a0ab-315cc16c435c1107868581
e76bb8c7-e2ca-3a2e-96b4-7d3717dfbe06,2026-06-18,27.168046,e755d9a3-e083-3c09-8b82-e48bcb43e7f81851692813
e91fcfab-7cdf-31df-8933-e788688d8288,2026-06-18,9.467074,fe28678b-e200-3a9d-a1de-effda4879d2c1615844509
ea133f80-908c-3a40-af86-f0745e517fd2,2026-06-18,26.603105,7111b6e6-9d33-3f84-ae08-89cafad819261967282058
ebbf605d-a94c-3f16-9ae0-5449c87f4002,2026-06-18,64.016239,c01d7453-03eb-38be-bc95-24391aa315144796657446
ed0a8ed8-2282-3fec-82db-fafd297cdb61,2026-06-18,3.070847,4e3099ad-3bc5-3b23-837d-8c897adc8c894362553996
eeaba3bd-0e65-3eff-80b8-bb415d1cdc89,2026-06-18,25.013535,6d3df8ea-2edd-3fc0-8f44-b14a5c9f858f7358431617
f02cc034-f8c6-39b7-afff-343b04ff2064,2026-06-18,10.611146,4a495ff6-34e1-3d8e-9177-445cdfd39d764430640857
f0699448-f713-378f-9e30-ac35b4b0ddbb,2026-06-18,15.699869,0fcce33d-eb23-3f5d-946b-53b6afe198987280446281
f1809858-d9d7-3db3-8cc3-5793c598044c,2026-06-18,22.75474,7697f751-8371-30c0-81c8-fcc775cadf993437132586
f55d8d9d-5df9-32e8-a43c-40e2d30fe83e,2026-06-18,18.666427,25ce49b4-0e30-37f6-83c9-8fdba57ec8554749707383
f6d44ec5-a47a-3937-931c-9f8412b5fa88,2026-06-18,11.045074,6197876e-4ea6-3121-8a4b-12b6efea400a0240575023
fccc0510-f20a-3f28-bf3c-66cfe9fa99d1,2026-06-18,17.058564,218810c6-5f55-31ef-942d-6b8f7944e4a79796581507
02995d49-90df-31cf-97ba-5c229a76711f,2026-06-19,152.287697,16bfeb59-c1e9-3456-891d-bdc1da0007925452020064
030041c0-f398-3572-9c7e-3edf3d9d2ea3,2026-06-19,11.709118,123b8640-546f-3146-aac1-b5e3a45883358031893487
0bd9c8a1-cf25-3dfe-9380-6143b1183f53,2026-06-19,70.125978,7ff7d9b9-eb8b-35f9-9265-8dd933d6e5f40824718437
0d06916c-fc74-37b3-8630-7f2eb8b27347,2026-06-19,43.654021,56ab425a-78d4-3e53-8a5d-bee6cc2ff1583272396058
0d66e094-d57b-3221-bdb4-ff9f2a6fa6b6,2026-06-19,50.593211,a1f98fd1-522c-331e-93df-e0e3c705c1c60127744720
0f7a9277-d005-30c0-8821-910389205cba,2026-06-19,2.111744,1498339f-636a-3ba6-8eaf-f82826cfc66b1703033271
103be95c-0738-36fc-9aca-d07b1504909a,2026-06-19,59.919927,288d8971-0036-3b38-be44-cdab7d647fa95424134206
1094d4eb-2c4b-3c82-bb41-36696a775289,2026-06-19,58.183794,8348db4d-a8ba-3dc8-b03d-3f8345e1ce081137124557
1176a69b-fd42-3989-9822-360026e942a4,2026-06-19,121.514119,4b6c12aa-31db-353f-9880-bcdca16d2c971125384531
15d19e1d-74b8-3948-867f-63a4a1188539,2026-06-19,50.559957,3a0da385-e669-30df-8f17-ee93aea6a3a63054977077
15f19ccf-5f54-370e-914a-19ef0d6e7bfe,2026-06-19,127.112749,d0dca904-0a39-3f70-8f24-23b3f8543cae9283252446
176efb99-8d0f-325e-a3e0-daa08e876832,2026-06-19,13.398505,c3c60fed-2c36-3d97-8b89-35c5cbbebe232642944088
17e9c47e-62ba-33a6-96e1-95ad3c636d22,2026-06-19,60.53913,77974123-fa35-3834-90f5-d19a2e752e979650064655
18a6d5f8-3203-3934-be7c-fef235f8d5ee,2026-06-19,23.505722,d0fc809f-656e-31a8-9e5e-192c6b636f8d5430933548
19008d6d-be6f-38f0-8a72-4525e9b98022,2026-06-19,53.030677,4201befe-1bec-3dec-bd92-ac10a986017a9798478753
1c3f0a45-334a-3810-b02a-7ba9181fca95,2026-06-19,19.013259,f25a1909-b1f5-354d-9179-29694f6ccd7b0794803399
1eae9205-92f7-36a7-94c5-cb082b3e7211,2026-06-19,14.500027,dd4f2862-ad2c-38c4-98b8-9dfedc77a2173206733718
21e18788-026e-37c1-9a0a-259c58a0fc50,2026-06-19,54.810222,6825bc20-32f9-371b-b653-a8454dd0cf4e9794303102
2331b8d4-3563-3b2b-8bf1-ee54a482c609,2026-06-19,6.302717,0c4befad-a90a-3f28-8b16-9dd39cf80ecc8123775477
28cba5c0-c834-3c34-900a-9d6772fd9c30,2026-06-19,26.33685,1233b0a6-550e-3390-88ce-2a21eefafe917625072302
29513ef6-a0f9-30aa-b2a3-e67dd9c50f2d,2026-06-19,17.608045,4763c9d2-d480-368f-84c3-63cf0c346e577347437891
29768e10-7435-3d69-8503-a6f77e57bdcd,2026-06-19,15.592301,103d1a25-7f36-33f7-97c6-656f5dff4f1c8078021025
2fdf5375-31c8-3c6a-9cf3-12465dbec4a5,2026-06-19,19.73924,fd3e2044-7bf6-3813-acab-9043d4cbda0b6568880041
33a96067-0e23-3bf3-8d10-cbec5a261a65,2026-06-19,27.928103,4d63f0d2-85ca-3a28-b715-4147577bedb24364586828
363a066c-58b6-3bcf-a7b0-e9729a735ba7,2026-06-19,48.048377,29527eb9-d544-35c2-b9f1-bb262cf6b4159824252521
3980a3b0-7169-37c1-ba12-f7547a8e9e3b,2026-06-19,5.062652,12d66d5c-7532-38c8-893b-c6806919a6290164081510
3ab4ce54-3bfa-3a09-8624-c69a02d77632,2026-06-19,1.323776,776a90be-9929-3c47-9f5d-5f73f58824c60497278972
3e7f3808-bc28-36c7-8251-a028f5ff5644,2026-06-19,12.723618,18ddeade-5928-3676-ae42-029acd2d6bcb2570795136
3f3adad3-22df-3188-a572-bab43c8f0258,2026-06-19,94.150927,b2628cd8-ae87-339b-8a4a-eb87332124ab1738661597
3fe600f0-c808-3676-90fe-909ea8b83ca6,2026-06-19,12.716336,89445095-871b-3498-be52-e63f6b0e774b5355986831
41219c74-897b-3ca9-87e5-43da9041ddd3,2026-06-19,38.095899,fbfd204b-197f-3c6c-95b1-4733172f5fca0533189354
434188a4-f9da-364f-a6dc-53072f0ec1b3,2026-06-19,24.399681,e25f63b1-614b-3240-9c58-803a43e9bb435024428155
43cc96db-6d25-3ad3-9163-10247bdd66bf,2026-06-19,15.359224,9eddeeed-8808-33dc-9ba2-905a79c87f321161343299
48a891ca-8770-3a95-9414-af5bad034e5a,2026-06-19,13.665955,6a2b2b4f-b163-3211-9417-7ab21b779b6e4168236426
48d69815-2eb5-3bb9-a39b-cbe1ceb52e99,2026-06-19,11.913825,6cfee349-1ef0-3fb2-815c-a8a1f54dfaf82072162601
4a7af055-4d5f-39bf-b0a0-3e957abd6b60,2026-06-19,47.566823,2d350fdb-0d58-3f71-94bc-a8c8ac08ee913457245518
4b3616f0-ccf1-31e3-810e-f668c2042b23,2026-06-19,34.700376,b68e0cee-582f-3f61-89e5-ca032d2062073327596356
4d62a2a6-a8bb-3084-8568-8b0c0e6c53f9,2026-06-19,4.662775,30709a03-df76-3a99-9f2c-8ccec86cb09e5850066452
4f630062-21f6-3266-9acd-c0827dbf5c05,2026-06-19,4.768465,8f29efaf-4f24-3d15-82d5-2fc874ce981c6011993181
4fbbedf8-7ea9-3ba5-8a18-f658a4f21605,2026-06-19,85.083924,0cbedb6f-5585-3d14-bb7a-52ed75958ad14113335693
509c1fe7-94b1-311d-9fd0-979b350e4d61,2026-06-19,97.286736,beeb8cb8-6b14-3b16-b8ec-735f810410575059189611
50be9c42-1c4b-3493-a07c-ffe59fd8491c,2026-06-19,57.013049,edb658c0-31b6-337f-a557-ae881cfe96142560471597
5113b093-acec-3c38-870f-b61a2dd6b880,2026-06-19,72.390315,6de2df31-0e47-37b7-af92-4257cf86aa933125819112
524da203-40d7-33a6-8ab6-b21a0cef3c58,2026-06-19,9.137813,4b414f3b-b1d8-3f11-b80f-a4ce6c6d7a4c9655939769
54de7dbc-3f9b-3702-b677-fee85da6201d,2026-06-19,6.520131,d44e39e8-4f08-3623-986b-2646518072bf1207235870
55ad8c29-20dc-320f-8c21-ac3dfd7685ea,2026-06-19,62.850215,59813d11-bc16-3001-915e-9a9eff70c57f6619407622
55b0607e-f635-348a-bc83-f4e52515b7ec,2026-06-19,9.859558,118c8a35-e628-36a2-8499-91a87fa954ea9600440361
5656dbc0-5497-3227-a829-fd8eb574450e,2026-06-19,20.101787,a203c081-9992-358a-b291-2006588558ba6822670837
591e07f6-72df-366d-a512-d5ee900f7c15,2026-06-19,24.246496,abb3cf38-3fad-3baa-af44-c9b4d24608456857996865
5cb2e039-2dc8-3bad-9d23-4bfddc143afe,2026-06-19,34.267895,8a29b19a-f05e-35e9-8df7-d99b28bf8a8d3280431943
5d21d7da-3e33-3ab4-99ef-3ca2c2ff2c69,2026-06-19,16.022943,b03fc426-da51-3e1c-aa77-6b918bff0e513877121931
5d6ffe35-085b-3fc0-abf7-9f02a5c4fb33,2026-06-19,14.753497,03ffa46d-2a01-3d1e-b2b7-afc51d9158352243231721
5de859d5-b06b-3878-b7f0-64c4e91191df,2026-06-19,12.205738,865e99a1-718b-338b-80ab-7bdcf6c522a91536159266
5fa5d9c4-22b7-39f7-a3b2-d521ea60b47b,2026-06-19,15.569287,ab4ba1b3-b598-3bfb-8df0-768a0df60d506177714931
6001b0b7-96fc-3fe1-aef1-329c8e2f62ce,2026-06-19,9.299748,6e29cd08-5d8b-32dd-baf0-fc5123d964c69692072979
617065f0-5c37-32d6-a3d6-dc223ac898b3,2026-06-19,16.805824,ae562d52-09ae-3863-b5f0-5ae580696f0f2844325743
64b0ba20-1b28-3b6c-9ffc-402714ee0245,2026-06-19,9.584765,358bf36d-7dae-3d60-9132-32bf3090f2f25850796649
6e8a1cb9-329d-3c5e-8d21-4c46a734d1e9,2026-06-19,13.500267,b038cfcb-9c1e-3cde-8676-1be4c1366b8b3024374020
72e3323e-cebd-3aa6-a736-9022afb37e21,2026-06-19,12.542252,dd1d2448-04ec-3dd9-9b0e-69f5e79a93407723570593
74cd4f7c-116b-3316-bf7f-eb46458694da,2026-06-19,48.8181,755c3974-2d2b-3242-8001-42f3d96983649032632994
75be5782-378c-39b7-8d80-e4225331c478,2026-06-19,7.334907,e1d9f528-91ca-3b5f-b9e2-c2bc6c32dd155877684651
75c008ab-9d95-3b45-b06c-1ba571bc7895,2026-06-19,12.705511,ec573df9-2361-3e56-a35c-cf369728a6f02624538703
7825a025-23b9-3955-84e6-3a54c38e86e4,2026-06-19,30.867881,944aa6d5-032b-30c6-b177-dba1d9d44f1a2385396646
79874361-3477-38db-9fbd-fc39d1713d69,2026-06-19,16.664128,241900d5-f58b-3b3f-8abc-638d1ad78e024760008737
812c22d3-3843-3385-aa3b-aa8ae91b882a,2026-06-19,14.403623,e7cb4203-d63e-3d55-86b1-e2f3868974688509958032
82b47e6e-09d7-36e6-80ab-4506629ff46b,2026-06-19,55.85903,1695d743-ff11-3262-b7c5-f109ac7b016b5800029843
84851a10-43f1-3fc8-a358-06f529f15c33,2026-06-19,39.860308,209d6b5c-3879-3f87-9eb1-228cd3cf4edd0737879839
84f354b1-00ae-34ba-b443-ccd2efee613c,2026-06-19,6.42736,8a14f25e-1645-3406-a19d-b9806ef569954307313451
86a53618-ee86-3705-9b6b-f5372a406e5d,2026-06-19,29.772641,31eb179f-ca40-3562-abbc-7ab5302343cf3567482943
87ab0257-a9f6-3705-89f8-f63b9b8f2b0c,2026-06-19,17.662564,dd1dde98-5502-3952-90fe-dc66f816ed747906535428
8c272368-ac0c-3bc7-9568-cfbb26f8e749,2026-06-19,9.453272,9ef76979-dca8-3c79-9b0c-a7e5b98cc4183178708115
8c5b1f37-b3ea-3b4a-a4dd-fad03cfd11b6,2026-06-19,44.644586,5aa0a87f-17b4-3bc7-a55a-7d422bb28fcc9200948756
8ca30a12-e5f4-3017-8037-1616e9ddbb5b,2026-06-19,4.336589,d980087a-73cd-3a85-914f-0dbeb6da2ff07929331557
8cb2a7d2-f605-3df9-981a-2c02b1d1a4e0,2026-06-19,8.13991,c8409fd1-44f6-341e-aa4a-fcdd48e1dec91197407417
911d2093-d19c-3f31-815c-a2815fcd3901,2026-06-19,127.084697,f08546be-1bd1-3bd9-a186-1ac364a028663840464235
929f777a-b8ac-3e16-8d77-e8ac77fd282c,2026-06-19,3.379615,1ffd69db-4324-35d3-bc6b-b90daffa00c05540448447
92de990d-30ce-38da-ad78-86a4a56c065b,2026-06-19,19.297301,5a8242fb-5aa7-3d5b-ac68-21ea53c5f9e87894148187
9317e817-504a-35a4-b7c3-68e90b432c45,2026-06-19,24.526938,bd68d9fe-0c5e-3648-8a84-d7649dbc11df2315333603
956008d9-c7c8-3450-a799-ccd802fc2078,2026-06-19,61.365242,ac8597c6-2e0c-3fce-bd96-0eeae07b92825791469057
960a5c04-f3ef-340c-af8a-48e88045ac24,2026-06-19,28.148188,485a6ee1-26d8-3d41-bd32-a72421af1a296123003165
9661bcb6-dd62-3576-b8b0-049874fff3a1,2026-06-19,9.09372,a765656c-b5ea-38d3-b817-93751b0015257870386126
96739dc1-9e37-3b11-8e79-e0a5a57062a1,2026-06-19,86.749877,7b60b05a-7946-3efd-a3a0-0ada59de74070619321536
98b357c6-e458-3b53-bc66-c80eb105e3cf,2026-06-19,37.227192,6b5a4bec-b45d-3f6f-a9b0-769861cf16bd1539781265
9a736669-65a4-3b3e-a4b5-8f6ec9654a84,2026-06-19,24.157731,bd347e86-1b36-3407-80b6-78a2f2dae41e9793909208
9b195b8e-28d6-386e-8990-1a5bb4dd1bdb,2026-06-19,21.710275,193afc72-4494-30b1-beb3-cd4156f1c97d7901017989
9bddd6f0-dd41-333e-aac7-f757b18ea2aa,2026-06-19,36.696606,c6545cb9-33df-373c-8ac9-ce43225c9d986458695776
9f556308-7e5a-375c-8130-c6284c3c5d5c,2026-06-19,27.943716,24110268-df67-321e-9581-bd29f27ea3618160468027
a0f95e73-3897-3dcc-9f5c-faad41b5219c,2026-06-19,74.486107,58b12641-aa5e-3c6d-97a0-f417dd0a469c4411625778
a4897e9b-7fc7-3e17-9b47-a254a0b85f27,2026-06-19,5.698258,304ab23b-6984-3fe6-a3fb-aa744a4d6cd05946845157
a5068583-4849-35ce-900f-e2ce7f309840,2026-06-19,32.530199,ccacfe15-f7bf-3c92-9308-98112a74aa440314647208
a513bb7e-87ac-35cd-b4a2-6d23427bd2fa,2026-06-19,9.543622,481dceb1-1678-3a7e-b288-d7e2bf0c062a7786339993
ab0c7a3d-b6a3-3c71-a9f6-6f5167fbf2d9,2026-06-19,10.9202,6e8c3bb5-37b6-3aa6-a40a-2cf1d71e64fa4807837875
acadf00f-5359-3905-a13e-213d751bffb2,2026-06-19,5.888238,2852258a-e2bf-3b5a-ad87-7915c236685c5632583391
ae5f3d2e-f527-359d-8bcf-846f320f8e57,2026-06-19,19.116252,22f94015-ff23-3150-ae0f-9ef0bb188a207912060816
af15418c-707a-3e54-a465-034a3b570a96,2026-06-19,33.374686,89b93f60-7af8-31b9-aacf-45885de7f2069142372275
b095775a-2d08-336f-bccf-d2f71dc4ba3c,2026-06-19,3.43002,fb87865a-444a-3efc-ab25-247ac494cd574338526402
b1d22b60-1492-37de-a246-db25e91bfb1f,2026-06-19,16.485707,ba855984-6afa-3f25-82a9-033558199c9b4291338588
b5344373-538f-3f37-8982-c97e3158144a,2026-06-19,6.248335,2a20868d-41a0-350b-abd7-08a3f9d834063257215959
b571b5d8-c91f-3776-86bd-22c88c5580c2,2026-06-19,28.487817,afafa873-61a8-38e0-8977-cd70cd270f449777286253
b5b7bbb0-1312-34a4-8934-10fe49cea8ed,2026-06-19,20.379322,c1179ffe-16b5-3808-a61b-c697ad5655cd0958447347
b7f8d590-1a7d-3745-82cc-9e0c966c6306,2026-06-19,10.226122,65f0ec49-73ce-37cb-a381-28e7217750090455003993
b9f874e5-bbd8-332a-9f2e-a024bb815cf9,2026-06-19,130.758411,0183e024-3556-38ab-8f83-a2397dc1c7ff0961989030
bce50849-a0e7-3f2b-b22a-24ed60440705,2026-06-19,13.827466,ecbe8abc-16bb-3af7-8cf1-b6d262d3f9915691766209
bde82a06-b2ee-3309-b4b0-d268a38e4c2c,2026-06-19,91.748247,37f054fc-a7a4-3b27-aefa-23a338a7e9b08878786853
beac6842-6d1c-39f8-bd3d-f2cbddfe2e23,2026-06-19,25.020451,71933d57-e488-3aa3-b364-7c195cfded299062716503
beb1d1c6-4fa9-36a8-a06f-1dc58ab74161,2026-06-19,7.161028,69be3936-f12c-34ad-b6bc-7a9f397f7d580253357983
bf5e2c07-ebd1-3aab-ae92-933140999b06,2026-06-19,20.627547,e12f9949-3428-338b-a05b-b980386cf9872350056648
c039e4c8-9c3b-3ae3-a2e7-b54c85d2cac7,2026-06-19,31.302971,ef0e0898-3920-39d5-9050-8c57b5cbcd1c9155184466
c0f8ab9f-4b7b-3f4f-b576-f80ad3cb5399,2026-06-19,15.791103,ae6fce59-c426-3691-b4cc-2e7f01a5433a0719674315
c41f2431-16c5-3799-9be8-561415389d5f,2026-06-19,20.881722,35f5e81a-e25c-3ff4-892f-d89a5cfb53448046832917
c4b4c934-c94d-3170-bd1b-d7737b2ab490,2026-06-19,6.171727,ddfedfb4-a197-3bc5-b5b9-3413d396c9d18520739647
c4ec5436-0c6f-389c-b83d-e1f34b408946,2026-06-19,12.476913,6d73a170-b659-36fe-bc67-1faa907dd4b49647063385
c8c964e3-6f43-33e9-8a11-e9eaf55933ba,2026-06-19,37.073791,db1bd750-5b46-3bea-9d82-c79a18a08d0d0806001910
cce1c127-2ff8-3ea0-a9b8-2df2cd888b5b,2026-06-19,51.988607,40fb0c0c-0006-3ab6-84ec-5dc4198294863739942525
cdcbe271-7336-35c3-a44f-1a90281b0857,2026-06-19,20.545812,cc4a0181-1f8b-3069-891f-8f8303116f410950083050
ce7a22b8-f3c0-3690-acac-8b5a7bf4c798,2026-06-19,13.940065,75a3be66-cc33-35b3-aa17-355486d71eeb4926576029
d16b7d90-92be-3869-95a7-7d511669811b,2026-06-19,22.020961,760b5b15-f871-3327-a1ef-e07e6f4cc11c2795438507
d320f92f-4cc3-395c-b6c7-3cb3c7cb3efe,2026-06-19,61.303331,db719257-f1df-3420-b485-acfb0da643a10140791541
d3c48311-d8dc-3e24-95dd-6d2bca767bff,2026-06-19,23.563039,84018d69-0a55-3d24-a877-97aaa31a46cf2815442486
d3d0b6a8-f422-3af5-a62e-826c20495095,2026-06-19,15.424392,9a1ea106-1b3c-358a-b321-05d0ef5590af7934449393
d72106c4-021a-3b57-bf48-7b6f2c14df23,2026-06-19,13.90843,e7b18bc4-313f-33d3-ad46-7b5d777f74ca3565120826
d834b72d-c2cc-391e-8a0c-c3f147eeb522,2026-06-19,20.288078,62331e5f-4437-3168-b6e9-aa00c1ae49235115900219
d85f6c3e-620f-3cc3-9005-9e1beefefdc6,2026-06-19,15.967523,7a3476cf-c702-35d8-ab2c-c3c41701130b3532848987
d86225ec-57c8-3039-9b73-5067e9668517,2026-06-19,5.090981,9befbbd8-c5ed-3abc-9d19-377736924de73675696583
d940c628-4e61-3954-9aee-1aa0a0b6e21f,2026-06-19,10.255076,cbf31122-ee58-37d2-a16f-5d8ff6fcc1cb8640751006
de0bc8c0-4447-382c-b7c7-ce385510a49b,2026-06-19,25.505257,8d66b14e-bf47-35e5-b800-b55ca34760cf6094204743
dee4128a-2091-303c-8411-15401a64ec03,2026-06-19,71.370168,7d2de236-8dd1-333c-b3b2-c7d8bd4250cd6306917490
dfc70541-9d37-355c-af06-9bf106459cdb,2026-06-19,14.518733,8d616aa1-7ca1-3b18-a990-d3dd7b63d8ea3801525816
e059f4f2-66b1-346c-8a33-8c16446a8657,2026-06-19,28.307238,2a7ac4ba-1536-3186-93b2-a2c27853a79e9011911429
e0ab7ac6-23e5-3ce5-aef4-d9e2e575bb7a,2026-06-19,2.24,36f25be1-e4a7-34ea-a4d5-d394fb2065cc2046082019
e1ec776a-9a69-3e5d-a0c5-33a9250b1f19,2026-06-19,12.893238,8dbe6882-1128-323e-98cf-6c6c8fd5be7d0079256300
e41ed1fc-302f-351c-8dbd-1ccac5078a09,2026-06-19,41.8155,4a944e09-e32f-36d7-b5a4-e211ca471f446730403642
e69f5e43-374e-3577-a194-03eca473eb86,2026-06-19,37.377165,b994cb0e-9aaf-3dbd-a0ab-315cc16c435c1107868581
e6a4f012-2129-36d0-bf2f-6e3c384f5497,2026-06-19,12.930547,30a74d31-d91b-3ff9-b591-0ed7882600e46693238563
e76bb8c7-e2ca-3a2e-96b4-7d3717dfbe06,2026-06-19,16.714222,e755d9a3-e083-3c09-8b82-e48bcb43e7f81851692813
e83f5cbe-8539-3cbd-b749-7896bd48c47e,2026-06-19,59.68706,f37ca06e-914d-302f-a8eb-903b7734c0c39455202918
ea133f80-908c-3a40-af86-f0745e517fd2,2026-06-19,52.652804,7111b6e6-9d33-3f84-ae08-89cafad819261967282058
ea2319a1-87a9-39c7-978a-631828711569,2026-06-19,30.649399,aa7cd5d3-2fa7-342d-b330-88ea3eded8c73712328503
eeaba3bd-0e65-3eff-80b8-bb415d1cdc89,2026-06-19,19.483814,6d3df8ea-2edd-3fc0-8f44-b14a5c9f858f7358431617
f02cc034-f8c6-39b7-afff-343b04ff2064,2026-06-19,13.014308,4a495ff6-34e1-3d8e-9177-445cdfd39d764430640857
f1809858-d9d7-3db3-8cc3-5793c598044c,2026-06-19,74.510378,7697f751-8371-30c0-81c8-fcc775cadf993437132586
f28c27e1-116f-3bfa-87a3-a4aec05ef6ed,2026-06-19,40.155519,06747886-3cd5-3df7-b4e3-5300fd43ba8b6993791108
f37b1d54-4726-3503-b093-7096160494d8,2026-06-19,12.700614,0701ba50-1c05-393a-97d1-5f4023a8749c6116792851
f55d8d9d-5df9-32e8-a43c-40e2d30fe83e,2026-06-19,19.607938,25ce49b4-0e30-37f6-83c9-8fdba57ec8554749707383
f5c21c69-5b03-320a-ae2e-2554aefff943,2026-06-19,67.415814,1733732a-abce-3040-96d5-89e43d8b44882339867108
f6d44ec5-a47a-3937-931c-9f8412b5fa88,2026-06-19,6.38532,6197876e-4ea6-3121-8a4b-12b6efea400a0240575023
fa146ea6-61c1-3eaf-b3b7-d79bd6e503ca,2026-06-19,5.224618,31c3893f-aa84-359f-a9a7-c4d51a001df11272461817
fbb84839-d7f2-363f-a497-68b74f2449f2,2026-06-19,36.394157,76b88c0d-830b-38ed-91c8-6b3757820cc05429571885
fccc0510-f20a-3f28-bf3c-66cfe9fa99d1,2026-06-19,19.563305,218810c6-5f55-31ef-942d-6b8f7944e4a79796581507
02995d49-90df-31cf-97ba-5c229a76711f,2026-06-22,187.844972,16bfeb59-c1e9-3456-891d-bdc1da0007925452020064
030041c0-f398-3572-9c7e-3edf3d9d2ea3,2026-06-22,8.411677,123b8640-546f-3146-aac1-b5e3a45883358031893487
0388e0d9-8d10-3b74-a111-fdac480a0825,2026-06-22,10.730318,6ebc7d27-88d5-35f2-857d-fc6f145b17b60057015050
04f49ac6-5f35-3df9-b623-c026f24561e1,2026-06-22,44.98055,4ccf4637-f73f-3ea2-bd9d-89cd0876527e2011240689
0594d9cc-176f-3811-b8ff-1badba391ea1,2026-06-22,13.446988,7bf9e218-5646-3380-8098-8b14d617d4eb9836650145
0769202c-7965-32a1-8d36-1cd52b64377d,2026-06-22,4.256334,03bfca79-bd1d-3217-a8ee-b032e1a5d4279777514889
0bd9c8a1-cf25-3dfe-9380-6143b1183f53,2026-06-22,33.60409,7ff7d9b9-eb8b-35f9-9265-8dd933d6e5f40824718437
0d06916c-fc74-37b3-8630-7f2eb8b27347,2026-06-22,49.850447,56ab425a-78d4-3e53-8a5d-bee6cc2ff1583272396058
0d27bc97-59cd-32d0-9146-960993fea8f2,2026-06-22,15.328248,2f024d4b-7d63-3f13-9c02-6541cfb6efcb8610694866
0f7a9277-d005-30c0-8821-910389205cba,2026-06-22,17.438808,1498339f-636a-3ba6-8eaf-f82826cfc66b1703033271
103be95c-0738-36fc-9aca-d07b1504909a,2026-06-22,100.090452,288d8971-0036-3b38-be44-cdab7d647fa95424134206
1094d4eb-2c4b-3c82-bb41-36696a775289,2026-06-22,82.5114,8348db4d-a8ba-3dc8-b03d-3f8345e1ce081137124557
1176a69b-fd42-3989-9822-360026e942a4,2026-06-22,64.10188,4b6c12aa-31db-353f-9880-bcdca16d2c971125384531
15f19ccf-5f54-370e-914a-19ef0d6e7bfe,2026-06-22,209.197775,d0dca904-0a39-3f70-8f24-23b3f8543cae9283252446
17e9c47e-62ba-33a6-96e1-95ad3c636d22,2026-06-22,73.051628,77974123-fa35-3834-90f5-d19a2e752e979650064655
18a6d5f8-3203-3934-be7c-fef235f8d5ee,2026-06-22,23.168444,d0fc809f-656e-31a8-9e5e-192c6b636f8d5430933548
19008d6d-be6f-38f0-8a72-4525e9b98022,2026-06-22,47.850691,4201befe-1bec-3dec-bd92-ac10a986017a9798478753
19fa59d6-c1b5-3e11-ba74-ad111de5584f,2026-06-22,199.448968,fc4e8c60-faee-3c94-be88-2bedfd49a32f0411781020
1b3fb613-cf66-3fd2-9f95-ff50109c0acd,2026-06-22,112.08751,1fa2f8d6-f706-3946-b03f-934a353439d71816307632
2269fc50-2d42-3349-9d12-3bc08569d8ae,2026-06-22,13.769018,5bedbf8e-359c-38f3-981e-a44c610ee0489536718275
28cba5c0-c834-3c34-900a-9d6772fd9c30,2026-06-22,20.782795,1233b0a6-550e-3390-88ce-2a21eefafe917625072302
29513ef6-a0f9-30aa-b2a3-e67dd9c50f2d,2026-06-22,13.54253,4763c9d2-d480-368f-84c3-63cf0c346e577347437891
2fd79494-a377-3a29-a882-b11802cfee0c,2026-06-22,9.904873,e50f86b5-d7cd-3a80-a5b4-78c659980b001758781599
33a96067-0e23-3bf3-8d10-cbec5a261a65,2026-06-22,34.580546,4d63f0d2-85ca-3a28-b715-4147577bedb24364586828
3615a797-2def-32a3-a0ae-3a6e8eccf080,2026-06-22,41.769922,edfa21ff-76b9-3113-8d97-a175f873fb244866321730
363a066c-58b6-3bcf-a7b0-e9729a735ba7,2026-06-22,42.726717,29527eb9-d544-35c2-b9f1-bb262cf6b4159824252521
3980a3b0-7169-37c1-ba12-f7547a8e9e3b,2026-06-22,5.760732,12d66d5c-7532-38c8-893b-c6806919a6290164081510
41219c74-897b-3ca9-87e5-43da9041ddd3,2026-06-22,75.251332,fbfd204b-197f-3c6c-95b1-4733172f5fca0533189354
434188a4-f9da-364f-a6dc-53072f0ec1b3,2026-06-22,15.610436,e25f63b1-614b-3240-9c58-803a43e9bb435024428155
48a891ca-8770-3a95-9414-af5bad034e5a,2026-06-22,7.901187,6a2b2b4f-b163-3211-9417-7ab21b779b6e4168236426
48d69815-2eb5-3bb9-a39b-cbe1ceb52e99,2026-06-22,7.367165,6cfee349-1ef0-3fb2-815c-a8a1f54dfaf82072162601
4c9d57d4-cc8e-3ffa-a7a2-954c71ef5235,2026-06-22,29.035361,10cf198f-ca0e-3ab3-a33e-629868eaf1657063863282
4d8e0306-9402-312c-8735-520e75542ddf,2026-06-22,7.391592,fc890f93-7094-3cdc-9c17-a9bca9d2149d3600693627
4f630062-21f6-3266-9acd-c0827dbf5c05,2026-06-22,9.469844,8f29efaf-4f24-3d15-82d5-2fc874ce981c6011993181
509c1fe7-94b1-311d-9fd0-979b350e4d61,2026-06-22,108.974679,beeb8cb8-6b14-3b16-b8ec-735f810410575059189611
5113b093-acec-3c38-870f-b61a2dd6b880,2026-06-22,42.640169,6de2df31-0e47-37b7-af92-4257cf86aa933125819112
54de7dbc-3f9b-3702-b677-fee85da6201d,2026-06-22,9.157206,d44e39e8-4f08-3623-986b-2646518072bf1207235870
55ad8c29-20dc-320f-8c21-ac3dfd7685ea,2026-06-22,47.418828,59813d11-bc16-3001-915e-9a9eff70c57f6619407622
56ab4ff8-d4a1-314d-82eb-cc5055b8d77c,2026-06-22,4.448287,95b986e2-fb52-3222-9a4d-94390d8daa468577144310
57437979-1053-38bc-8abf-3f9eba7ffc49,2026-06-22,32.469655,66cc36c9-6f31-3eff-8201-8a0a7f0bd59a0688159859
57d3f142-33f4-308b-ae84-b183cc99db1b,2026-06-22,10.051018,3347c53c-2e52-3fd7-91f9-f73a7872e66a1890146135
5b4c7154-ad7e-3526-aa3c-45e89d71e721,2026-06-22,135.496543,a5074e62-50d5-364b-aeef-675c60c2ee493068298762
5cb2e039-2dc8-3bad-9d23-4bfddc143afe,2026-06-22,117.574321,8a29b19a-f05e-35e9-8df7-d99b28bf8a8d3280431943
5d21d7da-3e33-3ab4-99ef-3ca2c2ff2c69,2026-06-22,8.140057,b03fc426-da51-3e1c-aa77-6b918bff0e513877121931
5d6ffe35-085b-3fc0-abf7-9f02a5c4fb33,2026-06-22,14.809297,03ffa46d-2a01-3d1e-b2b7-afc51d9158352243231721
5fa5d9c4-22b7-39f7-a3b2-d521ea60b47b,2026-06-22,7.003287,ab4ba1b3-b598-3bfb-8df0-768a0df60d506177714931
6001b0b7-96fc-3fe1-aef1-329c8e2f62ce,2026-06-22,11.680529,6e29cd08-5d8b-32dd-baf0-fc5123d964c69692072979
617065f0-5c37-32d6-a3d6-dc223ac898b3,2026-06-22,21.06757,ae562d52-09ae-3863-b5f0-5ae580696f0f2844325743
6e8a1cb9-329d-3c5e-8d21-4c46a734d1e9,2026-06-22,40.811267,b038cfcb-9c1e-3cde-8676-1be4c1366b8b3024374020
7254494c-fbeb-3dc4-80ee-30c6f6c22599,2026-06-22,16.357657,64848290-d9fb-3103-b306-a0129738ec0d3937403775
72e3323e-cebd-3aa6-a736-9022afb37e21,2026-06-22,47.162627,dd1d2448-04ec-3dd9-9b0e-69f5e79a93407723570593
745d78f2-7f7a-3cdd-af4f-c4c3f0a18dbb,2026-06-22,28.453549,f1df5283-191c-30dd-b238-da858232e5d08985022611
79874361-3477-38db-9fbd-fc39d1713d69,2026-06-22,14.320204,241900d5-f58b-3b3f-8abc-638d1ad78e024760008737
7a7af6a0-86f2-31f0-bb17-7e3d8de4ba8a,2026-06-22,17.433172,122c429d-4933-3ed3-8c02-852801f2503e6499333998
812c22d3-3843-3385-aa3b-aa8ae91b882a,2026-06-22,21.496793,e7cb4203-d63e-3d55-86b1-e2f3868974688509958032
834aa49a-5a2a-30db-8385-ad60aed26cd7,2026-06-22,147.775655,4b2f77f6-8ea8-3f4d-8688-fe485e1dd22d6927009123
84851a10-43f1-3fc8-a358-06f529f15c33,2026-06-22,53.318172,209d6b5c-3879-3f87-9eb1-228cd3cf4edd0737879839
84f354b1-00ae-34ba-b443-ccd2efee613c,2026-06-22,7.143529,8a14f25e-1645-3406-a19d-b9806ef569954307313451
85cb1e88-d121-35a6-a362-3cdc80917d44,2026-06-22,444.467592,1671f2df-523c-3e25-a845-e2ad655275ec3253687227
87ab0257-a9f6-3705-89f8-f63b9b8f2b0c,2026-06-22,7.48554,dd1dde98-5502-3952-90fe-dc66f816ed747906535428
8c272368-ac0c-3bc7-9568-cfbb26f8e749,2026-06-22,11.704381,9ef76979-dca8-3c79-9b0c-a7e5b98cc4183178708115
8cb2a7d2-f605-3df9-981a-2c02b1d1a4e0,2026-06-22,14.077463,c8409fd1-44f6-341e-aa4a-fcdd48e1dec91197407417
8ce3a609-9e37-3b54-a602-9b395e5f5a76,2026-06-22,6.988367,140ba20d-dc2d-30f1-8369-9f0fcb7417216954795985
8dc72d59-3896-3d24-a51b-3a8a9e1c6713,2026-06-22,22.285272,2bb55a33-fdd0-39b0-8fa8-bf8f9e9997f59421453150
8e914a83-9f14-3c6e-8220-79cebd75eda8,2026-06-22,6.086953,561fc8fa-c73c-3cf0-a4da-ce7cc8fda80f4105333844
929f777a-b8ac-3e16-8d77-e8ac77fd282c,2026-06-22,7.674055,1ffd69db-4324-35d3-bc6b-b90daffa00c05540448447
9317e817-504a-35a4-b7c3-68e90b432c45,2026-06-22,42.932144,bd68d9fe-0c5e-3648-8a84-d7649dbc11df2315333603
960a5c04-f3ef-340c-af8a-48e88045ac24,2026-06-22,22.438977,485a6ee1-26d8-3d41-bd32-a72421af1a296123003165
9661bcb6-dd62-3576-b8b0-049874fff3a1,2026-06-22,3.385977,a765656c-b5ea-38d3-b817-93751b0015257870386126
96739dc1-9e37-3b11-8e79-e0a5a57062a1,2026-06-22,63.39136,7b60b05a-7946-3efd-a3a0-0ada59de74070619321536
9a736669-65a4-3b3e-a4b5-8f6ec9654a84,2026-06-22,14.261629,bd347e86-1b36-3407-80b6-78a2f2dae41e9793909208
9f556308-7e5a-375c-8130-c6284c3c5d5c,2026-06-22,27.029997,24110268-df67-321e-9581-bd29f27ea3618160468027
a0f95e73-3897-3dcc-9f5c-faad41b5219c,2026-06-22,84.765629,58b12641-aa5e-3c6d-97a0-f417dd0a469c4411625778
a12779cf-ff75-376e-9cb4-73e937a3c164,2026-06-22,24.486267,ba19c2fb-8246-3ab8-b894-67973ae2268a8549866658
a5068583-4849-35ce-900f-e2ce7f309840,2026-06-22,26.44852,ccacfe15-f7bf-3c92-9308-98112a74aa440314647208
a513bb7e-87ac-35cd-b4a2-6d23427bd2fa,2026-06-22,12.277838,481dceb1-1678-3a7e-b288-d7e2bf0c062a7786339993
a8e332b8-087a-38b0-8c1b-64db4efadc7a,2026-06-22,32.460628,47b681e7-c3d8-31f6-ab69-43f82db88fa66316703417
ab5f37ff-9008-3c2a-a32b-c29632f4ea67,2026-06-22,5.369048,0d40eb23-7edb-3787-8cb8-7b09de3075fc1665666263
ac429fef-9e6b-3e26-a5ea-3122c166230c,2026-06-22,89.136577,81f224a7-cb42-3ee9-9103-e81fcc20756c3353013338
ae5f3d2e-f527-359d-8bcf-846f320f8e57,2026-06-22,5.965757,22f94015-ff23-3150-ae0f-9ef0bb188a207912060816
af15418c-707a-3e54-a465-034a3b570a96,2026-06-22,29.122808,89b93f60-7af8-31b9-aacf-45885de7f2069142372275
af753398-35e3-3c49-a7bb-31e2830197f3,2026-06-22,22.907764,b00ef48c-948b-3854-a6bb-ed2ca37487540169593901
b1d22b60-1492-37de-a246-db25e91bfb1f,2026-06-22,35.62279,ba855984-6afa-3f25-82a9-033558199c9b4291338588
b20c7e06-4ac3-32d4-be1f-8d8ca043e124,2026-06-22,34.067112,650b165d-6706-35fc-bfd9-fcbb4c66d7bc6712610403
b5344373-538f-3f37-8982-c97e3158144a,2026-06-22,6.704899,2a20868d-41a0-350b-abd7-08a3f9d834063257215959
b571b5d8-c91f-3776-86bd-22c88c5580c2,2026-06-22,17.655794,afafa873-61a8-38e0-8977-cd70cd270f449777286253
b7f8d590-1a7d-3745-82cc-9e0c966c6306,2026-06-22,12.78342,65f0ec49-73ce-37cb-a381-28e7217750090455003993
b99742c8-7da0-3e81-ab3c-eb775e9f5d24,2026-06-22,65.982537,83de6687-9540-3db3-a6d6-f036d634a1c63930926163
bce50849-a0e7-3f2b-b22a-24ed60440705,2026-06-22,19.208384,ecbe8abc-16bb-3af7-8cf1-b6d262d3f9915691766209
beb1d1c6-4fa9-36a8-a06f-1dc58ab74161,2026-06-22,7.601672,69be3936-f12c-34ad-b6bc-7a9f397f7d580253357983
bf5e2c07-ebd1-3aab-ae92-933140999b06,2026-06-22,31.951551,e12f9949-3428-338b-a05b-b980386cf9872350056648
c039e4c8-9c3b-3ae3-a2e7-b54c85d2cac7,2026-06-22,30.50582,ef0e0898-3920-39d5-9050-8c57b5cbcd1c9155184466
c10aa2a4-9710-3c19-a603-5595b7214357,2026-06-22,59.295342,1b9ae923-d5d3-3622-a874-ae484c1dba772258873463
c3f4e978-22c4-3743-a4d7-8dc20df21654,2026-06-22,53.189725,08043945-b9cb-35c8-8007-ea153d9880273125348988
c4b4c934-c94d-3170-bd1b-d7737b2ab490,2026-06-22,11.164285,ddfedfb4-a197-3bc5-b5b9-3413d396c9d18520739647
c6c1b9c0-072d-3dbf-accc-4c8643cc0c4a,2026-06-22,20.832322,8e833220-412d-3626-aef6-f1d8e255b8961584029669
caacaf00-76dc-3d35-955a-b0b7289c1497,2026-06-22,4.020135,5428bbad-02ec-3bbd-b559-a02cb4c2701a9853561586
cce1c127-2ff8-3ea0-a9b8-2df2cd888b5b,2026-06-22,30.03928,40fb0c0c-0006-3ab6-84ec-5dc4198294863739942525
cdcbe271-7336-35c3-a44f-1a90281b0857,2026-06-22,41.032656,cc4a0181-1f8b-3069-891f-8f8303116f410950083050
d3c48311-d8dc-3e24-95dd-6d2bca767bff,2026-06-22,20.462174,84018d69-0a55-3d24-a877-97aaa31a46cf2815442486
d6f76560-f2a1-3ae9-ab43-eaa1f2033306,2026-06-22,33.041636,df76341f-d9c1-31f1-a511-61e0bba9ac1a9330646801
d72106c4-021a-3b57-bf48-7b6f2c14df23,2026-06-22,16.182199,e7b18bc4-313f-33d3-ad46-7b5d777f74ca3565120826
d834b72d-c2cc-391e-8a0c-c3f147eeb522,2026-06-22,29.567946,62331e5f-4437-3168-b6e9-aa00c1ae49235115900219
d85f6c3e-620f-3cc3-9005-9e1beefefdc6,2026-06-22,11.934593,7a3476cf-c702-35d8-ab2c-c3c41701130b3532848987
d86225ec-57c8-3039-9b73-5067e9668517,2026-06-22,3.027546,9befbbd8-c5ed-3abc-9d19-377736924de73675696583
d87769d0-ee92-3610-a3aa-b2333a1b3278,2026-06-22,19.421754,4772b44c-aed0-3495-947b-dccf12d2fdeb3960694582
d940c628-4e61-3954-9aee-1aa0a0b6e21f,2026-06-22,22.151083,cbf31122-ee58-37d2-a16f-5d8ff6fcc1cb8640751006
da8b7ad5-701e-38e4-af53-bcb52836386c,2026-06-22,16.525598,5a63d77e-0da6-3691-900f-f20d6593ab0a0016925614
dfc70541-9d37-355c-af06-9bf106459cdb,2026-06-22,16.476946,8d616aa1-7ca1-3b18-a990-d3dd7b63d8ea3801525816
e059f4f2-66b1-346c-8a33-8c16446a8657,2026-06-22,20.358982,2a7ac4ba-1536-3186-93b2-a2c27853a79e9011911429
e0ab7ac6-23e5-3ce5-aef4-d9e2e575bb7a,2026-06-22,3.715531,36f25be1-e4a7-34ea-a4d5-d394fb2065cc2046082019
e1ec776a-9a69-3e5d-a0c5-33a9250b1f19,2026-06-22,9.670763,8dbe6882-1128-323e-98cf-6c6c8fd5be7d0079256300
e402d019-6155-3bff-9228-4911ea446777,2026-06-22,40.979073,d454160e-2dc7-3ac7-86b9-e72c34ef16312394849607
e69f5e43-374e-3577-a194-03eca473eb86,2026-06-22,52.391016,b994cb0e-9aaf-3dbd-a0ab-315cc16c435c1107868581
e6a4f012-2129-36d0-bf2f-6e3c384f5497,2026-06-22,26.220152,30a74d31-d91b-3ff9-b591-0ed7882600e46693238563
e76bb8c7-e2ca-3a2e-96b4-7d3717dfbe06,2026-06-22,40.498584,e755d9a3-e083-3c09-8b82-e48bcb43e7f81851692813
e91fcfab-7cdf-31df-8933-e788688d8288,2026-06-22,12.657258,fe28678b-e200-3a9d-a1de-effda4879d2c1615844509
ea2319a1-87a9-39c7-978a-631828711569,2026-06-22,47.405291,aa7cd5d3-2fa7-342d-b330-88ea3eded8c73712328503
ed0a8ed8-2282-3fec-82db-fafd297cdb61,2026-06-22,5.19464,4e3099ad-3bc5-3b23-837d-8c897adc8c894362553996
eeaba3bd-0e65-3eff-80b8-bb415d1cdc89,2026-06-22,18.217498,6d3df8ea-2edd-3fc0-8f44-b14a5c9f858f7358431617
f02cc034-f8c6-39b7-afff-343b04ff2064,2026-06-22,5.995085,4a495ff6-34e1-3d8e-9177-445cdfd39d764430640857
f166b497-832f-3b26-8149-b36820a1aebe,2026-06-22,9.425374,a7ce6c88-3186-35ed-a793-f40dc624f2bc4233811371
f1809858-d9d7-3db3-8cc3-5793c598044c,2026-06-22,46.800159,7697f751-8371-30c0-81c8-fcc775cadf993437132586
f1ebcf2f-e51e-373c-b8af-374b6efced62,2026-06-22,24.312054,a96795c7-1ef3-330f-9a52-bd611b998fc53408195367
f28c27e1-116f-3bfa-87a3-a4aec05ef6ed,2026-06-22,30.094422,06747886-3cd5-3df7-b4e3-5300fd43ba8b6993791108
f37b1d54-4726-3503-b093-7096160494d8,2026-06-22,14.214577,0701ba50-1c05-393a-97d1-5f4023a8749c6116792851
f5a2ffe8-63a0-3fe0-82d0-e2780d9d29dc,2026-06-22,13.502086,33dd9c10-10b1-32fe-be4f-7be1047c9ed36643760194
f5b7af0b-6fd8-3576-b8bd-8c423699ee6f,2026-06-22,83.498906,15949980-3818-36c1-9d61-edd82fe29e369124103931
f6d44ec5-a47a-3937-931c-9f8412b5fa88,2026-06-22,21.152063,6197876e-4ea6-3121-8a4b-12b6efea400a0240575023
fa146ea6-61c1-3eaf-b3b7-d79bd6e503ca,2026-06-22,7.555177,31c3893f-aa84-359f-a9a7-c4d51a001df11272461817
fbb84839-d7f2-363f-a497-68b74f2449f2,2026-06-22,17.545527,76b88c0d-830b-38ed-91c8-6b3757820cc05429571885
fccc0510-f20a-3f28-bf3c-66cfe9fa99d1,2026-06-22,7.794194,218810c6-5f55-31ef-942d-6b8f7944e4a79796581507
fe5c2831-6d72-3f57-b5da-21037ecbeb2f,2026-06-22,10.56738,caac5c39-53fe-3b0e-a941-3f0559293a333871484605
030041c0-f398-3572-9c7e-3edf3d9d2ea3,2026-06-23,17.59816,123b8640-546f-3146-aac1-b5e3a45883358031893487
03258615-f0ae-3265-b5eb-490bdff3232f,2026-06-23,16.695767,ec9b84cb-cfb5-3ef6-bd03-a93a08ac57152757515168
04f49ac6-5f35-3df9-b623-c026f24561e1,2026-06-23,54.134464,4ccf4637-f73f-3ea2-bd9d-89cd0876527e2011240689
06e33f1d-dda0-31b8-915e-bde6cf9b4012,2026-06-23,27.157977,5c1c68c1-feaf-3d3a-8a14-7e795d01c1ba6471737628
0d27bc97-59cd-32d0-9146-960993fea8f2,2026-06-23,0.872996,2f024d4b-7d63-3f13-9c02-6541cfb6efcb8610694866
0f7a9277-d005-30c0-8821-910389205cba,2026-06-23,21.22836,1498339f-636a-3ba6-8eaf-f82826cfc66b1703033271
103be95c-0738-36fc-9aca-d07b1504909a,2026-06-23,86.398987,288d8971-0036-3b38-be44-cdab7d647fa95424134206
1094d4eb-2c4b-3c82-bb41-36696a775289,2026-06-23,62.058773,8348db4d-a8ba-3dc8-b03d-3f8345e1ce081137124557
1176a69b-fd42-3989-9822-360026e942a4,2026-06-23,40.579815,4b6c12aa-31db-353f-9880-bcdca16d2c971125384531
17e9c47e-62ba-33a6-96e1-95ad3c636d22,2026-06-23,103.128151,77974123-fa35-3834-90f5-d19a2e752e979650064655
18a6d5f8-3203-3934-be7c-fef235f8d5ee,2026-06-23,18.814186,d0fc809f-656e-31a8-9e5e-192c6b636f8d5430933548
19008d6d-be6f-38f0-8a72-4525e9b98022,2026-06-23,89.303178,4201befe-1bec-3dec-bd92-ac10a986017a9798478753
1bdab13f-7bc5-3e3d-81c9-f9179619fd90,2026-06-23,7.411623,5351c2cb-b7f7-3a9c-acd5-db63cfafda343248281033
1c3f0a45-334a-3810-b02a-7ba9181fca95,2026-06-23,20.560163,f25a1909-b1f5-354d-9179-29694f6ccd7b0794803399
1eae9205-92f7-36a7-94c5-cb082b3e7211,2026-06-23,22.124024,dd4f2862-ad2c-38c4-98b8-9dfedc77a2173206733718
226055f6-f55e-381a-9363-c4f462e58856,2026-06-23,39.784976,758f87b4-c782-37fb-911f-42b481be57aa2005558548
28cba5c0-c834-3c34-900a-9d6772fd9c30,2026-06-23,14.845208,1233b0a6-550e-3390-88ce-2a21eefafe917625072302
29513ef6-a0f9-30aa-b2a3-e67dd9c50f2d,2026-06-23,5.871536,4763c9d2-d480-368f-84c3-63cf0c346e577347437891
2fd79494-a377-3a29-a882-b11802cfee0c,2026-06-23,9.633475,e50f86b5-d7cd-3a80-a5b4-78c659980b001758781599
2fdf5375-31c8-3c6a-9cf3-12465dbec4a5,2026-06-23,28.696464,fd3e2044-7bf6-3813-acab-9043d4cbda0b6568880041
2fe9cfc5-7b82-3db6-a301-cee9e440ba85,2026-06-23,15.811638,45e41d94-342b-3297-9fa8-278d1ca209178357185713
33a96067-0e23-3bf3-8d10-cbec5a261a65,2026-06-23,24.390137,4d63f0d2-85ca-3a28-b715-4147577bedb24364586828
363a066c-58b6-3bcf-a7b0-e9729a735ba7,2026-06-23,73.832429,29527eb9-d544-35c2-b9f1-bb262cf6b4159824252521
434188a4-f9da-364f-a6dc-53072f0ec1b3,2026-06-23,17.342198,e25f63b1-614b-3240-9c58-803a43e9bb435024428155
48a891ca-8770-3a95-9414-af5bad034e5a,2026-06-23,9.951649,6a2b2b4f-b163-3211-9417-7ab21b779b6e4168236426
48d69815-2eb5-3bb9-a39b-cbe1ceb52e99,2026-06-23,16.838193,6cfee349-1ef0-3fb2-815c-a8a1f54dfaf82072162601
4a7af055-4d5f-39bf-b0a0-3e957abd6b60,2026-06-23,6.400277,2d350fdb-0d58-3f71-94bc-a8c8ac08ee913457245518
4b3616f0-ccf1-31e3-810e-f668c2042b23,2026-06-23,24.943657,b68e0cee-582f-3f61-89e5-ca032d2062073327596356
4c9d57d4-cc8e-3ffa-a7a2-954c71ef5235,2026-06-23,28.256225,10cf198f-ca0e-3ab3-a33e-629868eaf1657063863282
4f630062-21f6-3266-9acd-c0827dbf5c05,2026-06-23,15.495454,8f29efaf-4f24-3d15-82d5-2fc874ce981c6011993181
5060be3d-9bbb-3f4e-955c-625e4390c6b7,2026-06-23,13.478031,2aff5a14-b04c-3fb3-98e6-5f847371e3ff9195279440
509c1fe7-94b1-311d-9fd0-979b350e4d61,2026-06-23,81.631208,beeb8cb8-6b14-3b16-b8ec-735f810410575059189611
50be9c42-1c4b-3493-a07c-ffe59fd8491c,2026-06-23,50.3773,edb658c0-31b6-337f-a557-ae881cfe96142560471597
5113b093-acec-3c38-870f-b61a2dd6b880,2026-06-23,50.263842,6de2df31-0e47-37b7-af92-4257cf86aa933125819112
5498a54c-7cf2-3cbb-85d5-1078aa3be4a7,2026-06-23,8.059473,7f2eff44-b501-3d88-8b7a-bc0819c1cbd05256736696
54de7dbc-3f9b-3702-b677-fee85da6201d,2026-06-23,5.003793,d44e39e8-4f08-3623-986b-2646518072bf1207235870
55ad8c29-20dc-320f-8c21-ac3dfd7685ea,2026-06-23,48.578288,59813d11-bc16-3001-915e-9a9eff70c57f6619407622
5656dbc0-5497-3227-a829-fd8eb574450e,2026-06-23,4.986837,a203c081-9992-358a-b291-2006588558ba6822670837
56ab4ff8-d4a1-314d-82eb-cc5055b8d77c,2026-06-23,16.88717,95b986e2-fb52-3222-9a4d-94390d8daa468577144310
57437979-1053-38bc-8abf-3f9eba7ffc49,2026-06-23,22.50152,66cc36c9-6f31-3eff-8201-8a0a7f0bd59a0688159859
591e07f6-72df-366d-a512-d5ee900f7c15,2026-06-23,15.420792,abb3cf38-3fad-3baa-af44-c9b4d24608456857996865
5a91fc01-e54a-36cc-b759-44260109d8b8,2026-06-23,1.702327,1356d797-66bc-3a72-b11f-7b3084dc9d272348624974
5b4c7154-ad7e-3526-aa3c-45e89d71e721,2026-06-23,70.437027,a5074e62-50d5-364b-aeef-675c60c2ee493068298762
5cb2e039-2dc8-3bad-9d23-4bfddc143afe,2026-06-23,74.045332,8a29b19a-f05e-35e9-8df7-d99b28bf8a8d3280431943
5d21d7da-3e33-3ab4-99ef-3ca2c2ff2c69,2026-06-23,11.438618,b03fc426-da51-3e1c-aa77-6b918bff0e513877121931
5d6ffe35-085b-3fc0-abf7-9f02a5c4fb33,2026-06-23,39.089076,03ffa46d-2a01-3d1e-b2b7-afc51d9158352243231721
5de859d5-b06b-3878-b7f0-64c4e91191df,2026-06-23,8.090916,865e99a1-718b-338b-80ab-7bdcf6c522a91536159266
5f76ba6d-1bf0-3e51-b2e4-3a6d19bc39b9,2026-06-23,30.519699,c708bc56-c900-3691-a10c-994bfde2114d0282457351
5fa5d9c4-22b7-39f7-a3b2-d521ea60b47b,2026-06-23,5.489725,ab4ba1b3-b598-3bfb-8df0-768a0df60d506177714931
6001b0b7-96fc-3fe1-aef1-329c8e2f62ce,2026-06-23,12.129016,6e29cd08-5d8b-32dd-baf0-fc5123d964c69692072979
617065f0-5c37-32d6-a3d6-dc223ac898b3,2026-06-23,15.103723,ae562d52-09ae-3863-b5f0-5ae580696f0f2844325743
677911e4-74ab-36e6-b2e8-9e7f977232fd,2026-06-23,20.0554,3a35d634-eae2-3b68-a038-551fb7c13ab11075147596
68b45261-85be-3d03-a069-5aa6ffe8e8ca,2026-06-23,20.90133,b6a7cc29-e0c8-36bf-9e06-ffc155431b242084275934
6e8a1cb9-329d-3c5e-8d21-4c46a734d1e9,2026-06-23,33.334812,b038cfcb-9c1e-3cde-8676-1be4c1366b8b3024374020
72e3323e-cebd-3aa6-a736-9022afb37e21,2026-06-23,52.05782,dd1d2448-04ec-3dd9-9b0e-69f5e79a93407723570593
74cd4f7c-116b-3316-bf7f-eb46458694da,2026-06-23,68.258762,755c3974-2d2b-3242-8001-42f3d96983649032632994
75be5782-378c-39b7-8d80-e4225331c478,2026-06-23,8.227667,e1d9f528-91ca-3b5f-b9e2-c2bc6c32dd155877684651
75c008ab-9d95-3b45-b06c-1ba571bc7895,2026-06-23,15.130551,ec573df9-2361-3e56-a35c-cf369728a6f02624538703
760b65eb-45d9-332e-bbdd-15ad2c3223bc,2026-06-23,22.367704,4050495a-d74a-3f1b-b29d-db93ba2a71c15767916558
779e581c-a821-3108-9ebe-a92f9dcfc74c,2026-06-23,62.282539,3a13c3b6-0485-353a-a580-ed21741647e41076187335
7825a025-23b9-3955-84e6-3a54c38e86e4,2026-06-23,22.929858,944aa6d5-032b-30c6-b177-dba1d9d44f1a2385396646
7a7af6a0-86f2-31f0-bb17-7e3d8de4ba8a,2026-06-23,18.92837,122c429d-4933-3ed3-8c02-852801f2503e6499333998
7a81ce3b-6d3e-3961-8d22-eadf3f5ec0bc,2026-06-23,23.565572,d3e55948-76d9-3a03-928c-dedc44e782891389752743
82b47e6e-09d7-36e6-80ab-4506629ff46b,2026-06-23,47.88302,1695d743-ff11-3262-b7c5-f109ac7b016b5800029843
834aa49a-5a2a-30db-8385-ad60aed26cd7,2026-06-23,106.506767,4b2f77f6-8ea8-3f4d-8688-fe485e1dd22d6927009123
84851a10-43f1-3fc8-a358-06f529f15c33,2026-06-23,46.729641,209d6b5c-3879-3f87-9eb1-228cd3cf4edd0737879839
84f354b1-00ae-34ba-b443-ccd2efee613c,2026-06-23,5.316829,8a14f25e-1645-3406-a19d-b9806ef569954307313451
85cb1e88-d121-35a6-a362-3cdc80917d44,2026-06-23,564.541008,1671f2df-523c-3e25-a845-e2ad655275ec3253687227
86a53618-ee86-3705-9b6b-f5372a406e5d,2026-06-23,7.538017,31eb179f-ca40-3562-abbc-7ab5302343cf3567482943
8ca30a12-e5f4-3017-8037-1616e9ddbb5b,2026-06-23,3.356786,d980087a-73cd-3a85-914f-0dbeb6da2ff07929331557
8cb2a7d2-f605-3df9-981a-2c02b1d1a4e0,2026-06-23,27.273898,c8409fd1-44f6-341e-aa4a-fcdd48e1dec91197407417
911d2093-d19c-3f31-815c-a2815fcd3901,2026-06-23,85.750673,f08546be-1bd1-3bd9-a186-1ac364a028663840464235
9317e817-504a-35a4-b7c3-68e90b432c45,2026-06-23,36.407421,bd68d9fe-0c5e-3648-8a84-d7649dbc11df2315333603
956008d9-c7c8-3450-a799-ccd802fc2078,2026-06-23,51.636218,ac8597c6-2e0c-3fce-bd96-0eeae07b92825791469057
960a5c04-f3ef-340c-af8a-48e88045ac24,2026-06-23,11.995945,485a6ee1-26d8-3d41-bd32-a72421af1a296123003165
96739dc1-9e37-3b11-8e79-e0a5a57062a1,2026-06-23,77.024181,7b60b05a-7946-3efd-a3a0-0ada59de74070619321536
9a736669-65a4-3b3e-a4b5-8f6ec9654a84,2026-06-23,17.349825,bd347e86-1b36-3407-80b6-78a2f2dae41e9793909208
9b195b8e-28d6-386e-8990-1a5bb4dd1bdb,2026-06-23,18.891228,193afc72-4494-30b1-beb3-cd4156f1c97d7901017989
9d35e9c7-555b-37b7-adda-1a942e3c3655,2026-06-23,29.419779,44b79b38-40a9-3593-b0cd-9c7e4aec43216874733631
a2de86e5-02cf-3c93-9b40-f9629530b7d1,2026-06-23,367.40014,bcd56054-ac31-3e6f-a2d9-f156a299929c4047783680
a3f48154-490b-350b-9f4e-74835b5aaaae,2026-06-23,4.13455,95ed8b8c-c59c-372a-b31e-6543997b82d74860620288
a5068583-4849-35ce-900f-e2ce7f309840,2026-06-23,24.53401,ccacfe15-f7bf-3c92-9308-98112a74aa440314647208
a513bb7e-87ac-35cd-b4a2-6d23427bd2fa,2026-06-23,10.663018,481dceb1-1678-3a7e-b288-d7e2bf0c062a7786339993
acadf00f-5359-3905-a13e-213d751bffb2,2026-06-23,2.278447,2852258a-e2bf-3b5a-ad87-7915c236685c5632583391
ae5f3d2e-f527-359d-8bcf-846f320f8e57,2026-06-23,29.81236,22f94015-ff23-3150-ae0f-9ef0bb188a207912060816
af15418c-707a-3e54-a465-034a3b570a96,2026-06-23,12.469585,89b93f60-7af8-31b9-aacf-45885de7f2069142372275
af753398-35e3-3c49-a7bb-31e2830197f3,2026-06-23,28.962869,b00ef48c-948b-3854-a6bb-ed2ca37487540169593901
b095775a-2d08-336f-bccf-d2f71dc4ba3c,2026-06-23,7.259233,fb87865a-444a-3efc-ab25-247ac494cd574338526402
b32150f1-1acd-3990-ad31-f63fed66b1cf,2026-06-23,53.380637,27222e5f-5d35-3311-be74-7f592e6bb2553842641276
b7f8d590-1a7d-3745-82cc-9e0c966c6306,2026-06-23,13.983622,65f0ec49-73ce-37cb-a381-28e7217750090455003993
b8587185-2c84-31de-88cc-fe6d3eacc72b,2026-06-23,213.515294,e6e35728-813d-3acc-a33b-e74a927cf6fd8432089109
b9f874e5-bbd8-332a-9f2e-a024bb815cf9,2026-06-23,124.519613,0183e024-3556-38ab-8f83-a2397dc1c7ff0961989030
bce50849-a0e7-3f2b-b22a-24ed60440705,2026-06-23,23.556394,ecbe8abc-16bb-3af7-8cf1-b6d262d3f9915691766209
bde82a06-b2ee-3309-b4b0-d268a38e4c2c,2026-06-23,92.987607,37f054fc-a7a4-3b27-aefa-23a338a7e9b08878786853
beac6842-6d1c-39f8-bd3d-f2cbddfe2e23,2026-06-23,28.42654,71933d57-e488-3aa3-b364-7c195cfded299062716503
c039e4c8-9c3b-3ae3-a2e7-b54c85d2cac7,2026-06-23,74.844649,ef0e0898-3920-39d5-9050-8c57b5cbcd1c9155184466
c0f8ab9f-4b7b-3f4f-b576-f80ad3cb5399,2026-06-23,10.844235,ae6fce59-c426-3691-b4cc-2e7f01a5433a0719674315
c3811eff-eb0f-3e83-943e-18b5d09919e4,2026-06-23,18.321471,b38c4c71-2ecc-3478-967b-30176508f2a82808970508
c3f4e978-22c4-3743-a4d7-8dc20df21654,2026-06-23,34.420011,08043945-b9cb-35c8-8007-ea153d9880273125348988
c4ec5436-0c6f-389c-b83d-e1f34b408946,2026-06-23,5.610632,6d73a170-b659-36fe-bc67-1faa907dd4b49647063385
ce7a22b8-f3c0-3690-acac-8b5a7bf4c798,2026-06-23,25.885812,75a3be66-cc33-35b3-aa17-355486d71eeb4926576029
d098b8be-5fd2-3aaf-b08a-03443b43e413,2026-06-23,14.355414,ebfca532-8531-3093-b085-d9b06d8a505a5090987086
d16b7d90-92be-3869-95a7-7d511669811b,2026-06-23,28.469274,760b5b15-f871-3327-a1ef-e07e6f4cc11c2795438507
d3c48311-d8dc-3e24-95dd-6d2bca767bff,2026-06-23,21.057456,84018d69-0a55-3d24-a877-97aaa31a46cf2815442486
d3d0b6a8-f422-3af5-a62e-826c20495095,2026-06-23,12.976352,9a1ea106-1b3c-358a-b321-05d0ef5590af7934449393
d72106c4-021a-3b57-bf48-7b6f2c14df23,2026-06-23,11.688875,e7b18bc4-313f-33d3-ad46-7b5d777f74ca3565120826
d834b72d-c2cc-391e-8a0c-c3f147eeb522,2026-06-23,29.051395,62331e5f-4437-3168-b6e9-aa00c1ae49235115900219
d85f6c3e-620f-3cc3-9005-9e1beefefdc6,2026-06-23,8.350691,7a3476cf-c702-35d8-ab2c-c3c41701130b3532848987
d86225ec-57c8-3039-9b73-5067e9668517,2026-06-23,2.939707,9befbbd8-c5ed-3abc-9d19-377736924de73675696583
de0bc8c0-4447-382c-b7c7-ce385510a49b,2026-06-23,77.051471,8d66b14e-bf47-35e5-b800-b55ca34760cf6094204743
e0ab7ac6-23e5-3ce5-aef4-d9e2e575bb7a,2026-06-23,4.21949,36f25be1-e4a7-34ea-a4d5-d394fb2065cc2046082019
e1ec776a-9a69-3e5d-a0c5-33a9250b1f19,2026-06-23,14.199849,8dbe6882-1128-323e-98cf-6c6c8fd5be7d0079256300
e402d019-6155-3bff-9228-4911ea446777,2026-06-23,77.62734,d454160e-2dc7-3ac7-86b9-e72c34ef16312394849607
e41ed1fc-302f-351c-8dbd-1ccac5078a09,2026-06-23,41.841682,4a944e09-e32f-36d7-b5a4-e211ca471f446730403642
e6a4f012-2129-36d0-bf2f-6e3c384f5497,2026-06-23,17.649974,30a74d31-d91b-3ff9-b591-0ed7882600e46693238563
e76bb8c7-e2ca-3a2e-96b4-7d3717dfbe06,2026-06-23,21.926705,e755d9a3-e083-3c09-8b82-e48bcb43e7f81851692813
ea2319a1-87a9-39c7-978a-631828711569,2026-06-23,51.534521,aa7cd5d3-2fa7-342d-b330-88ea3eded8c73712328503
ebbf605d-a94c-3f16-9ae0-5449c87f4002,2026-06-23,68.785686,c01d7453-03eb-38be-bc95-24391aa315144796657446
ed0a8ed8-2282-3fec-82db-fafd297cdb61,2026-06-23,8.387891,4e3099ad-3bc5-3b23-837d-8c897adc8c894362553996
eeaba3bd-0e65-3eff-80b8-bb415d1cdc89,2026-06-23,12.820173,6d3df8ea-2edd-3fc0-8f44-b14a5c9f858f7358431617
f02cc034-f8c6-39b7-afff-343b04ff2064,2026-06-23,15.485799,4a495ff6-34e1-3d8e-9177-445cdfd39d764430640857
f0699448-f713-378f-9e30-ac35b4b0ddbb,2026-06-23,16.675697,0fcce33d-eb23-3f5d-946b-53b6afe198987280446281
f1809858-d9d7-3db3-8cc3-5793c598044c,2026-06-23,57.95623,7697f751-8371-30c0-81c8-fcc775cadf993437132586
f28c27e1-116f-3bfa-87a3-a4aec05ef6ed,2026-06-23,38.55498,06747886-3cd5-3df7-b4e3-5300fd43ba8b6993791108
f55d8d9d-5df9-32e8-a43c-40e2d30fe83e,2026-06-23,23.267035,25ce49b4-0e30-37f6-83c9-8fdba57ec8554749707383
f5a2ffe8-63a0-3fe0-82d0-e2780d9d29dc,2026-06-23,28.784169,33dd9c10-10b1-32fe-be4f-7be1047c9ed36643760194
f5c21c69-5b03-320a-ae2e-2554aefff943,2026-06-23,55.652191,1733732a-abce-3040-96d5-89e43d8b44882339867108
f6d44ec5-a47a-3937-931c-9f8412b5fa88,2026-06-23,13.432106,6197876e-4ea6-3121-8a4b-12b6efea400a0240575023
fa146ea6-61c1-3eaf-b3b7-d79bd6e503ca,2026-06-23,2.590098,31c3893f-aa84-359f-a9a7-c4d51a001df11272461817
fbb84839-d7f2-363f-a497-68b74f2449f2,2026-06-23,22.165898,76b88c0d-830b-38ed-91c8-6b3757820cc05429571885
fccc0510-f20a-3f28-bf3c-66cfe9fa99d1,2026-06-23,15.770566,218810c6-5f55-31ef-942d-6b8f7944e4a79796581507
fe5c2831-6d72-3f57-b5da-21037ecbeb2f,2026-06-23,11.017788,caac5c39-53fe-3b0e-a941-3f0559293a333871484605
030041c0-f398-3572-9c7e-3edf3d9d2ea3,2026-06-24,12.370329,123b8640-546f-3146-aac1-b5e3a45883358031893487
0388e0d9-8d10-3b74-a111-fdac480a0825,2026-06-24,17.016232,6ebc7d27-88d5-35f2-857d-fc6f145b17b60057015050
04f49ac6-5f35-3df9-b623-c026f24561e1,2026-06-24,35.698101,4ccf4637-f73f-3ea2-bd9d-89cd0876527e2011240689
0594d9cc-176f-3811-b8ff-1badba391ea1,2026-06-24,11.893046,7bf9e218-5646-3380-8098-8b14d617d4eb9836650145
06e33f1d-dda0-31b8-915e-bde6cf9b4012,2026-06-24,24.424914,5c1c68c1-feaf-3d3a-8a14-7e795d01c1ba6471737628
0769202c-7965-32a1-8d36-1cd52b64377d,2026-06-24,5.266169,03bfca79-bd1d-3217-a8ee-b032e1a5d4279777514889
0834a8d5-db47-3f2b-8f52-89726cb486de,2026-06-24,17.12778,adb191b8-a33a-343b-b97c-1c5b503b06aa2102226204
0bd9c8a1-cf25-3dfe-9380-6143b1183f53,2026-06-24,31.195705,7ff7d9b9-eb8b-35f9-9265-8dd933d6e5f40824718437
0d27bc97-59cd-32d0-9146-960993fea8f2,2026-06-24,9.52578,2f024d4b-7d63-3f13-9c02-6541cfb6efcb8610694866
0d66e094-d57b-3221-bdb4-ff9f2a6fa6b6,2026-06-24,62.456459,a1f98fd1-522c-331e-93df-e0e3c705c1c60127744720
0f7a9277-d005-30c0-8821-910389205cba,2026-06-24,23.18168,1498339f-636a-3ba6-8eaf-f82826cfc66b1703033271
1094d4eb-2c4b-3c82-bb41-36696a775289,2026-06-24,67.916311,8348db4d-a8ba-3dc8-b03d-3f8345e1ce081137124557
1176a69b-fd42-3989-9822-360026e942a4,2026-06-24,85.025378,4b6c12aa-31db-353f-9880-bcdca16d2c971125384531
15d19e1d-74b8-3948-867f-63a4a1188539,2026-06-24,39.59671,3a0da385-e669-30df-8f17-ee93aea6a3a63054977077
15f19ccf-5f54-370e-914a-19ef0d6e7bfe,2026-06-24,141.782738,d0dca904-0a39-3f70-8f24-23b3f8543cae9283252446
176efb99-8d0f-325e-a3e0-daa08e876832,2026-06-24,40.738861,c3c60fed-2c36-3d97-8b89-35c5cbbebe232642944088
17e9c47e-62ba-33a6-96e1-95ad3c636d22,2026-06-24,47.855519,77974123-fa35-3834-90f5-d19a2e752e979650064655
18a6d5f8-3203-3934-be7c-fef235f8d5ee,2026-06-24,11.351916,d0fc809f-656e-31a8-9e5e-192c6b636f8d5430933548
18d39ce1-5a60-3a9e-9621-bfa693409e77,2026-06-24,16.078973,136386ac-0d76-3f46-b05e-ad2dc8a2fa238045910511
1bdab13f-7bc5-3e3d-81c9-f9179619fd90,2026-06-24,15.154742,5351c2cb-b7f7-3a9c-acd5-db63cfafda343248281033
1c3f0a45-334a-3810-b02a-7ba9181fca95,2026-06-24,26.919732,f25a1909-b1f5-354d-9179-29694f6ccd7b0794803399
1eae9205-92f7-36a7-94c5-cb082b3e7211,2026-06-24,21.205787,dd4f2862-ad2c-38c4-98b8-9dfedc77a2173206733718
2111daa9-5dbb-36aa-b675-efab46559d5d,2026-06-24,3.815626,93fc0a2e-adf6-3b5c-a38a-8aaf0af2466c8463812397
2269fc50-2d42-3349-9d12-3bc08569d8ae,2026-06-24,10.111794,5bedbf8e-359c-38f3-981e-a44c610ee0489536718275
2331b8d4-3563-3b2b-8bf1-ee54a482c609,2026-06-24,3.310421,0c4befad-a90a-3f28-8b16-9dd39cf80ecc8123775477
28cba5c0-c834-3c34-900a-9d6772fd9c30,2026-06-24,16.240003,1233b0a6-550e-3390-88ce-2a21eefafe917625072302
2fd79494-a377-3a29-a882-b11802cfee0c,2026-06-24,9.546283,e50f86b5-d7cd-3a80-a5b4-78c659980b001758781599
32da1b1b-0d42-3b01-a03e-3891e0cc9afd,2026-06-24,17.305093,0caf4254-2a36-3012-a39e-da6c7dc35c289481483767
33a96067-0e23-3bf3-8d10-cbec5a261a65,2026-06-24,31.908923,4d63f0d2-85ca-3a28-b715-4147577bedb24364586828
3615a797-2def-32a3-a0ae-3a6e8eccf080,2026-06-24,30.676447,edfa21ff-76b9-3113-8d97-a175f873fb244866321730
363a066c-58b6-3bcf-a7b0-e9729a735ba7,2026-06-24,37.106444,29527eb9-d544-35c2-b9f1-bb262cf6b4159824252521
3980a3b0-7169-37c1-ba12-f7547a8e9e3b,2026-06-24,6.973321,12d66d5c-7532-38c8-893b-c6806919a6290164081510
3a95c147-b6b0-329f-88ad-464e73046bbe,2026-06-24,6.640804,a645382c-6cb6-3873-a916-6298b8109de48651485340
3f3adad3-22df-3188-a572-bab43c8f0258,2026-06-24,73.332958,b2628cd8-ae87-339b-8a4a-eb87332124ab1738661597
423348ca-0838-3372-a616-b4cda0468666,2026-06-24,7.706386,c36a6f4f-bea8-35b0-b824-2c970e256ac26805083472
48a891ca-8770-3a95-9414-af5bad034e5a,2026-06-24,11.649592,6a2b2b4f-b163-3211-9417-7ab21b779b6e4168236426
48d69815-2eb5-3bb9-a39b-cbe1ceb52e99,2026-06-24,11.399345,6cfee349-1ef0-3fb2-815c-a8a1f54dfaf82072162601
4a7af055-4d5f-39bf-b0a0-3e957abd6b60,2026-06-24,30.460613,2d350fdb-0d58-3f71-94bc-a8c8ac08ee913457245518
4c8688bb-e063-39d5-af44-f884b8b1b22f,2026-06-24,59.590221,74ba4416-00a1-3f9b-8c10-30d3118fa7ce7583046913
4c9d57d4-cc8e-3ffa-a7a2-954c71ef5235,2026-06-24,48.407954,10cf198f-ca0e-3ab3-a33e-629868eaf1657063863282
4f630062-21f6-3266-9acd-c0827dbf5c05,2026-06-24,11.191125,8f29efaf-4f24-3d15-82d5-2fc874ce981c6011993181
509c1fe7-94b1-311d-9fd0-979b350e4d61,2026-06-24,80.734892,beeb8cb8-6b14-3b16-b8ec-735f810410575059189611
50be9c42-1c4b-3493-a07c-ffe59fd8491c,2026-06-24,55.854129,edb658c0-31b6-337f-a557-ae881cfe96142560471597
5113b093-acec-3c38-870f-b61a2dd6b880,2026-06-24,87.712354,6de2df31-0e47-37b7-af92-4257cf86aa933125819112
524da203-40d7-33a6-8ab6-b21a0cef3c58,2026-06-24,45.063631,4b414f3b-b1d8-3f11-b80f-a4ce6c6d7a4c9655939769
5498a54c-7cf2-3cbb-85d5-1078aa3be4a7,2026-06-24,18.543907,7f2eff44-b501-3d88-8b7a-bc0819c1cbd05256736696
54de7dbc-3f9b-3702-b677-fee85da6201d,2026-06-24,4.272005,d44e39e8-4f08-3623-986b-2646518072bf1207235870
55ad8c29-20dc-320f-8c21-ac3dfd7685ea,2026-06-24,23.933623,59813d11-bc16-3001-915e-9a9eff70c57f6619407622
55b0607e-f635-348a-bc83-f4e52515b7ec,2026-06-24,9.031533,118c8a35-e628-36a2-8499-91a87fa954ea9600440361
5656dbc0-5497-3227-a829-fd8eb574450e,2026-06-24,14.442236,a203c081-9992-358a-b291-2006588558ba6822670837
56ab4ff8-d4a1-314d-82eb-cc5055b8d77c,2026-06-24,19.24042,95b986e2-fb52-3222-9a4d-94390d8daa468577144310
5cb2e039-2dc8-3bad-9d23-4bfddc143afe,2026-06-24,77.60705,8a29b19a-f05e-35e9-8df7-d99b28bf8a8d3280431943
5d21d7da-3e33-3ab4-99ef-3ca2c2ff2c69,2026-06-24,17.89765,b03fc426-da51-3e1c-aa77-6b918bff0e513877121931
5d6ffe35-085b-3fc0-abf7-9f02a5c4fb33,2026-06-24,22.407171,03ffa46d-2a01-3d1e-b2b7-afc51d9158352243231721
5de859d5-b06b-3878-b7f0-64c4e91191df,2026-06-24,5.595571,865e99a1-718b-338b-80ab-7bdcf6c522a91536159266
5f76ba6d-1bf0-3e51-b2e4-3a6d19bc39b9,2026-06-24,19.085016,c708bc56-c900-3691-a10c-994bfde2114d0282457351
5fa5d9c4-22b7-39f7-a3b2-d521ea60b47b,2026-06-24,11.717939,ab4ba1b3-b598-3bfb-8df0-768a0df60d506177714931
617065f0-5c37-32d6-a3d6-dc223ac898b3,2026-06-24,37.110639,ae562d52-09ae-3863-b5f0-5ae580696f0f2844325743
64b0ba20-1b28-3b6c-9ffc-402714ee0245,2026-06-24,13.310744,358bf36d-7dae-3d60-9132-32bf3090f2f25850796649
68b45261-85be-3d03-a069-5aa6ffe8e8ca,2026-06-24,61.496065,b6a7cc29-e0c8-36bf-9e06-ffc155431b242084275934
6a620372-f31e-349c-b6c6-0e040a3edb64,2026-06-24,20.107101,5585108c-6e05-3453-8c97-d5a03ce4ee0a5269991336
6e8a1cb9-329d-3c5e-8d21-4c46a734d1e9,2026-06-24,39.3546,b038cfcb-9c1e-3cde-8676-1be4c1366b8b3024374020
72e3323e-cebd-3aa6-a736-9022afb37e21,2026-06-24,43.522259,dd1d2448-04ec-3dd9-9b0e-69f5e79a93407723570593
74cd4f7c-116b-3316-bf7f-eb46458694da,2026-06-24,45.243248,755c3974-2d2b-3242-8001-42f3d96983649032632994
75c008ab-9d95-3b45-b06c-1ba571bc7895,2026-06-24,7.407583,ec573df9-2361-3e56-a35c-cf369728a6f02624538703
812c22d3-3843-3385-aa3b-aa8ae91b882a,2026-06-24,14.383542,e7cb4203-d63e-3d55-86b1-e2f3868974688509958032
82b47e6e-09d7-36e6-80ab-4506629ff46b,2026-06-24,40.575143,1695d743-ff11-3262-b7c5-f109ac7b016b5800029843
834aa49a-5a2a-30db-8385-ad60aed26cd7,2026-06-24,222.040046,4b2f77f6-8ea8-3f4d-8688-fe485e1dd22d6927009123
83ac466b-0a2c-3b9f-bc16-cc1733598dc1,2026-06-24,32.363215,fbb1458a-bb03-3a59-81a7-c4bfa04cd8482348091600
84851a10-43f1-3fc8-a358-06f529f15c33,2026-06-24,36.485276,209d6b5c-3879-3f87-9eb1-228cd3cf4edd0737879839
84dcbd6d-e273-316b-8912-4ed74ff8a9be,2026-06-24,21.050494,a26b9066-44c7-31c3-b9fa-04e255b439490462824831
84f354b1-00ae-34ba-b443-ccd2efee613c,2026-06-24,4.380365,8a14f25e-1645-3406-a19d-b9806ef569954307313451
87ab0257-a9f6-3705-89f8-f63b9b8f2b0c,2026-06-24,27.269108,dd1dde98-5502-3952-90fe-dc66f816ed747906535428
8c272368-ac0c-3bc7-9568-cfbb26f8e749,2026-06-24,6.831558,9ef76979-dca8-3c79-9b0c-a7e5b98cc4183178708115
8c2e2c06-5c7a-359a-8e69-0efdfb7e79bb,2026-06-24,22.276146,02b8249b-d351-36b0-8f66-387e9b5ecd765409838852
8c5b1f37-b3ea-3b4a-a4dd-fad03cfd11b6,2026-06-24,26.307885,5aa0a87f-17b4-3bc7-a55a-7d422bb28fcc9200948756
8dc72d59-3896-3d24-a51b-3a8a9e1c6713,2026-06-24,44.100162,2bb55a33-fdd0-39b0-8fa8-bf8f9e9997f59421453150
911d2093-d19c-3f31-815c-a2815fcd3901,2026-06-24,65.359538,f08546be-1bd1-3bd9-a186-1ac364a028663840464235
9317e817-504a-35a4-b7c3-68e90b432c45,2026-06-24,38.071487,bd68d9fe-0c5e-3648-8a84-d7649dbc11df2315333603
956008d9-c7c8-3450-a799-ccd802fc2078,2026-06-24,44.33416,ac8597c6-2e0c-3fce-bd96-0eeae07b92825791469057
960a5c04-f3ef-340c-af8a-48e88045ac24,2026-06-24,15.715416,485a6ee1-26d8-3d41-bd32-a72421af1a296123003165
9661bcb6-dd62-3576-b8b0-049874fff3a1,2026-06-24,3.856557,a765656c-b5ea-38d3-b817-93751b0015257870386126
96739dc1-9e37-3b11-8e79-e0a5a57062a1,2026-06-24,105.758242,7b60b05a-7946-3efd-a3a0-0ada59de74070619321536
96be8df1-0628-3c17-acd8-50a096438ea0,2026-06-24,11.345577,7b8d6a5a-3256-3096-8208-171b7eaab4737311108557
9bffe43c-9c3e-3c3f-947d-b83b096a53f5,2026-06-24,17.832904,635d1fea-f7dc-33f1-a406-2689203c6ffe1836896463
9f49149d-e042-3a1f-bcae-0628143c89c0,2026-06-24,28.888181,1511a03d-af95-32d7-82d6-670e957e819a5636652911
a06461db-ef00-3481-9827-c829471e7245,2026-06-24,4.787416,5511d59c-db31-37fb-8790-ae49b8ec4ba25737611269
a0f95e73-3897-3dcc-9f5c-faad41b5219c,2026-06-24,127.292852,58b12641-aa5e-3c6d-97a0-f417dd0a469c4411625778
a4897e9b-7fc7-3e17-9b47-a254a0b85f27,2026-06-24,11.633328,304ab23b-6984-3fe6-a3fb-aa744a4d6cd05946845157
a5068583-4849-35ce-900f-e2ce7f309840,2026-06-24,21.350694,ccacfe15-f7bf-3c92-9308-98112a74aa440314647208
a513bb7e-87ac-35cd-b4a2-6d23427bd2fa,2026-06-24,7.80363,481dceb1-1678-3a7e-b288-d7e2bf0c062a7786339993
a67cec0f-eda0-3d47-af0e-2bd3262a8cf9,2026-06-24,30.387262,edd1002d-960d-3956-8ea2-8ffafe4e3f780323661523
ab0c7a3d-b6a3-3c71-a9f6-6f5167fbf2d9,2026-06-24,12.520478,6e8c3bb5-37b6-3aa6-a40a-2cf1d71e64fa4807837875
ac429fef-9e6b-3e26-a5ea-3122c166230c,2026-06-24,55.144966,81f224a7-cb42-3ee9-9103-e81fcc20756c3353013338
acadf00f-5359-3905-a13e-213d751bffb2,2026-06-24,2.820467,2852258a-e2bf-3b5a-ad87-7915c236685c5632583391
ae5f3d2e-f527-359d-8bcf-846f320f8e57,2026-06-24,14.126016,22f94015-ff23-3150-ae0f-9ef0bb188a207912060816
af15418c-707a-3e54-a465-034a3b570a96,2026-06-24,8.879495,89b93f60-7af8-31b9-aacf-45885de7f2069142372275
b08b0516-052f-31ca-baee-415f1e9f6c1d,2026-06-24,24.742358,8eb78258-dbd8-30ca-8e2f-f57e8806b9340333593055
b1d22b60-1492-37de-a246-db25e91bfb1f,2026-06-24,11.301165,ba855984-6afa-3f25-82a9-033558199c9b4291338588
b32150f1-1acd-3990-ad31-f63fed66b1cf,2026-06-24,40.424925,27222e5f-5d35-3311-be74-7f592e6bb2553842641276
b5344373-538f-3f37-8982-c97e3158144a,2026-06-24,9.47845,2a20868d-41a0-350b-abd7-08a3f9d834063257215959
b571b5d8-c91f-3776-86bd-22c88c5580c2,2026-06-24,35.639674,afafa873-61a8-38e0-8977-cd70cd270f449777286253
b5b7bbb0-1312-34a4-8934-10fe49cea8ed,2026-06-24,43.434224,c1179ffe-16b5-3808-a61b-c697ad5655cd0958447347
b7f8d590-1a7d-3745-82cc-9e0c966c6306,2026-06-24,15.681447,65f0ec49-73ce-37cb-a381-28e7217750090455003993
bce50849-a0e7-3f2b-b22a-24ed60440705,2026-06-24,23.494204,ecbe8abc-16bb-3af7-8cf1-b6d262d3f9915691766209
beb1d1c6-4fa9-36a8-a06f-1dc58ab74161,2026-06-24,9.988439,69be3936-f12c-34ad-b6bc-7a9f397f7d580253357983
c039e4c8-9c3b-3ae3-a2e7-b54c85d2cac7,2026-06-24,59.936272,ef0e0898-3920-39d5-9050-8c57b5cbcd1c9155184466
c0f8ab9f-4b7b-3f4f-b576-f80ad3cb5399,2026-06-24,21.62443,ae6fce59-c426-3691-b4cc-2e7f01a5433a0719674315
c3811eff-eb0f-3e83-943e-18b5d09919e4,2026-06-24,17.042519,b38c4c71-2ecc-3478-967b-30176508f2a82808970508
c3f4e978-22c4-3743-a4d7-8dc20df21654,2026-06-24,31.651707,08043945-b9cb-35c8-8007-ea153d9880273125348988
c4b4c934-c94d-3170-bd1b-d7737b2ab490,2026-06-24,7.266568,ddfedfb4-a197-3bc5-b5b9-3413d396c9d18520739647
c7599875-d64e-3ef2-8a6a-a218c4c24bfa,2026-06-24,3.614216,4acd48f6-3379-3b71-a45f-8ba6aad527457333951563
caacaf00-76dc-3d35-955a-b0b7289c1497,2026-06-24,10.983377,5428bbad-02ec-3bbd-b559-a02cb4c2701a9853561586
cdcbe271-7336-35c3-a44f-1a90281b0857,2026-06-24,19.242776,cc4a0181-1f8b-3069-891f-8f8303116f410950083050
ce7a22b8-f3c0-3690-acac-8b5a7bf4c798,2026-06-24,40.833757,75a3be66-cc33-35b3-aa17-355486d71eeb4926576029
d320f92f-4cc3-395c-b6c7-3cb3c7cb3efe,2026-06-24,147.728294,db719257-f1df-3420-b485-acfb0da643a10140791541
d3c48311-d8dc-3e24-95dd-6d2bca767bff,2026-06-24,18.779978,84018d69-0a55-3d24-a877-97aaa31a46cf2815442486
d6f76560-f2a1-3ae9-ab43-eaa1f2033306,2026-06-24,49.514786,df76341f-d9c1-31f1-a511-61e0bba9ac1a9330646801
d72106c4-021a-3b57-bf48-7b6f2c14df23,2026-06-24,3.155081,e7b18bc4-313f-33d3-ad46-7b5d777f74ca3565120826
d76f0b24-1370-3b6f-81fa-de61d93e7ebe,2026-06-24,9.802367,8bb85ae4-103e-305d-9e3e-d9c85ce4b4f27606140443
d834b72d-c2cc-391e-8a0c-c3f147eeb522,2026-06-24,24.896528,62331e5f-4437-3168-b6e9-aa00c1ae49235115900219
d85f6c3e-620f-3cc3-9005-9e1beefefdc6,2026-06-24,12.813853,7a3476cf-c702-35d8-ab2c-c3c41701130b3532848987
da8b7ad5-701e-38e4-af53-bcb52836386c,2026-06-24,18.87725,5a63d77e-0da6-3691-900f-f20d6593ab0a0016925614
de0bc8c0-4447-382c-b7c7-ce385510a49b,2026-06-24,45.415298,8d66b14e-bf47-35e5-b800-b55ca34760cf6094204743
dee4128a-2091-303c-8411-15401a64ec03,2026-06-24,77.76695,7d2de236-8dd1-333c-b3b2-c7d8bd4250cd6306917490
e0ab7ac6-23e5-3ce5-aef4-d9e2e575bb7a,2026-06-24,4.727776,36f25be1-e4a7-34ea-a4d5-d394fb2065cc2046082019
e1ec776a-9a69-3e5d-a0c5-33a9250b1f19,2026-06-24,11.45479,8dbe6882-1128-323e-98cf-6c6c8fd5be7d0079256300
e402d019-6155-3bff-9228-4911ea446777,2026-06-24,111.861339,d454160e-2dc7-3ac7-86b9-e72c34ef16312394849607
e41ed1fc-302f-351c-8dbd-1ccac5078a09,2026-06-24,36.590834,4a944e09-e32f-36d7-b5a4-e211ca471f446730403642
e69f5e43-374e-3577-a194-03eca473eb86,2026-06-24,42.580662,b994cb0e-9aaf-3dbd-a0ab-315cc16c435c1107868581
e6a4f012-2129-36d0-bf2f-6e3c384f5497,2026-06-24,14.043368,30a74d31-d91b-3ff9-b591-0ed7882600e46693238563
e76bb8c7-e2ca-3a2e-96b4-7d3717dfbe06,2026-06-24,32.959953,e755d9a3-e083-3c09-8b82-e48bcb43e7f81851692813
ea133f80-908c-3a40-af86-f0745e517fd2,2026-06-24,26.154465,7111b6e6-9d33-3f84-ae08-89cafad819261967282058
ea2319a1-87a9-39c7-978a-631828711569,2026-06-24,36.772971,aa7cd5d3-2fa7-342d-b330-88ea3eded8c73712328503
ebbf605d-a94c-3f16-9ae0-5449c87f4002,2026-06-24,67.547485,c01d7453-03eb-38be-bc95-24391aa315144796657446
eeaba3bd-0e65-3eff-80b8-bb415d1cdc89,2026-06-24,13.468783,6d3df8ea-2edd-3fc0-8f44-b14a5c9f858f7358431617
f02cc034-f8c6-39b7-afff-343b04ff2064,2026-06-24,11.137311,4a495ff6-34e1-3d8e-9177-445cdfd39d764430640857
f166b497-832f-3b26-8149-b36820a1aebe,2026-06-24,4.665051,a7ce6c88-3186-35ed-a793-f40dc624f2bc4233811371
f1809858-d9d7-3db3-8cc3-5793c598044c,2026-06-24,59.878807,7697f751-8371-30c0-81c8-fcc775cadf993437132586
f28c27e1-116f-3bfa-87a3-a4aec05ef6ed,2026-06-24,39.766788,06747886-3cd5-3df7-b4e3-5300fd43ba8b6993791108
f37b1d54-4726-3503-b093-7096160494d8,2026-06-24,3.403599,0701ba50-1c05-393a-97d1-5f4023a8749c6116792851
f55d8d9d-5df9-32e8-a43c-40e2d30fe83e,2026-06-24,19.003094,25ce49b4-0e30-37f6-83c9-8fdba57ec8554749707383
f5a2ffe8-63a0-3fe0-82d0-e2780d9d29dc,2026-06-24,12.984292,33dd9c10-10b1-32fe-be4f-7be1047c9ed36643760194
f6d44ec5-a47a-3937-931c-9f8412b5fa88,2026-06-24,20.68727,6197876e-4ea6-3121-8a4b-12b6efea400a0240575023
fa146ea6-61c1-3eaf-b3b7-d79bd6e503ca,2026-06-24,5.011572,31c3893f-aa84-359f-a9a7-c4d51a001df11272461817
fbb84839-d7f2-363f-a497-68b74f2449f2,2026-06-24,41.699034,76b88c0d-830b-38ed-91c8-6b3757820cc05429571885
fccc0510-f20a-3f28-bf3c-66cfe9fa99d1,2026-06-24,14.950342,218810c6-5f55-31ef-942d-6b8f7944e4a79796581507
030041c0-f398-3572-9c7e-3edf3d9d2ea3,2026-06-25,5.325926,123b8640-546f-3146-aac1-b5e3a45883358031893487
03258615-f0ae-3265-b5eb-490bdff3232f,2026-06-25,6.969523,ec9b84cb-cfb5-3ef6-bd03-a93a08ac57152757515168
0769202c-7965-32a1-8d36-1cd52b64377d,2026-06-25,7.685555,03bfca79-bd1d-3217-a8ee-b032e1a5d4279777514889
0834a8d5-db47-3f2b-8f52-89726cb486de,2026-06-25,20.195521,adb191b8-a33a-343b-b97c-1c5b503b06aa2102226204
0d66e094-d57b-3221-bdb4-ff9f2a6fa6b6,2026-06-25,76.335357,a1f98fd1-522c-331e-93df-e0e3c705c1c60127744720
103be95c-0738-36fc-9aca-d07b1504909a,2026-06-25,114.343291,288d8971-0036-3b38-be44-cdab7d647fa95424134206
1094d4eb-2c4b-3c82-bb41-36696a775289,2026-06-25,74.440905,8348db4d-a8ba-3dc8-b03d-3f8345e1ce081137124557
1176a69b-fd42-3989-9822-360026e942a4,2026-06-25,119.422824,4b6c12aa-31db-353f-9880-bcdca16d2c971125384531
15d19e1d-74b8-3948-867f-63a4a1188539,2026-06-25,36.254635,3a0da385-e669-30df-8f17-ee93aea6a3a63054977077
15f19ccf-5f54-370e-914a-19ef0d6e7bfe,2026-06-25,100.168841,d0dca904-0a39-3f70-8f24-23b3f8543cae9283252446
17e9c47e-62ba-33a6-96e1-95ad3c636d22,2026-06-25,71.264648,77974123-fa35-3834-90f5-d19a2e752e979650064655
18d39ce1-5a60-3a9e-9621-bfa693409e77,2026-06-25,5.557981,136386ac-0d76-3f46-b05e-ad2dc8a2fa238045910511
1bdab13f-7bc5-3e3d-81c9-f9179619fd90,2026-06-25,4.919605,5351c2cb-b7f7-3a9c-acd5-db63cfafda343248281033
1c3f0a45-334a-3810-b02a-7ba9181fca95,2026-06-25,26.576959,f25a1909-b1f5-354d-9179-29694f6ccd7b0794803399
1eae9205-92f7-36a7-94c5-cb082b3e7211,2026-06-25,21.082798,dd4f2862-ad2c-38c4-98b8-9dfedc77a2173206733718
2111daa9-5dbb-36aa-b675-efab46559d5d,2026-06-25,6.92335,93fc0a2e-adf6-3b5c-a38a-8aaf0af2466c8463812397
2331b8d4-3563-3b2b-8bf1-ee54a482c609,2026-06-25,7.525057,0c4befad-a90a-3f28-8b16-9dd39cf80ecc8123775477
28cba5c0-c834-3c34-900a-9d6772fd9c30,2026-06-25,25.358542,1233b0a6-550e-3390-88ce-2a21eefafe917625072302
29513ef6-a0f9-30aa-b2a3-e67dd9c50f2d,2026-06-25,25.471035,4763c9d2-d480-368f-84c3-63cf0c346e577347437891
2b3c346c-5f49-3232-be35-3443261527b0,2026-06-25,10.356495,e6538295-3b6e-3154-9420-ec45501d20ae5856219597
2bf4e90b-5fb4-3eb6-92bd-c21ab46e7639,2026-06-25,15.258492,4835e147-ad32-3a9a-b1c1-4116ab8c15bf1573038869
2fdf5375-31c8-3c6a-9cf3-12465dbec4a5,2026-06-25,25.160219,fd3e2044-7bf6-3813-acab-9043d4cbda0b6568880041
363a066c-58b6-3bcf-a7b0-e9729a735ba7,2026-06-25,39.207747,29527eb9-d544-35c2-b9f1-bb262cf6b4159824252521
36f0982a-ff58-3c66-9847-439d640e7d96,2026-06-25,58.731427,50b96d70-0ca5-3d4f-bdec-3c9a5b48f6100810857519
3e7f3808-bc28-36c7-8251-a028f5ff5644,2026-06-25,14.327888,18ddeade-5928-3676-ae42-029acd2d6bcb2570795136
3fe600f0-c808-3676-90fe-909ea8b83ca6,2026-06-25,15.377216,89445095-871b-3498-be52-e63f6b0e774b5355986831
41219c74-897b-3ca9-87e5-43da9041ddd3,2026-06-25,60.331128,fbfd204b-197f-3c6c-95b1-4733172f5fca0533189354
423348ca-0838-3372-a616-b4cda0468666,2026-06-25,7.830511,c36a6f4f-bea8-35b0-b824-2c970e256ac26805083472
43538921-75c3-3004-917b-51c3d8e2a3a6,2026-06-25,16.382608,e213be6c-e983-37d3-b47d-03cfedb25b867590845836
43cc96db-6d25-3ad3-9163-10247bdd66bf,2026-06-25,19.561631,9eddeeed-8808-33dc-9ba2-905a79c87f321161343299
48a891ca-8770-3a95-9414-af5bad034e5a,2026-06-25,14.622997,6a2b2b4f-b163-3211-9417-7ab21b779b6e4168236426
4a7af055-4d5f-39bf-b0a0-3e957abd6b60,2026-06-25,33.834679,2d350fdb-0d58-3f71-94bc-a8c8ac08ee913457245518
4b3616f0-ccf1-31e3-810e-f668c2042b23,2026-06-25,30.259724,b68e0cee-582f-3f61-89e5-ca032d2062073327596356
4c8688bb-e063-39d5-af44-f884b8b1b22f,2026-06-25,52.781799,74ba4416-00a1-3f9b-8c10-30d3118fa7ce7583046913
4c9d57d4-cc8e-3ffa-a7a2-954c71ef5235,2026-06-25,32.914748,10cf198f-ca0e-3ab3-a33e-629868eaf1657063863282
4d62a2a6-a8bb-3084-8568-8b0c0e6c53f9,2026-06-25,9.273138,30709a03-df76-3a99-9f2c-8ccec86cb09e5850066452
4f630062-21f6-3266-9acd-c0827dbf5c05,2026-06-25,10.164741,8f29efaf-4f24-3d15-82d5-2fc874ce981c6011993181
509c1fe7-94b1-311d-9fd0-979b350e4d61,2026-06-25,99.755545,beeb8cb8-6b14-3b16-b8ec-735f810410575059189611
50be9c42-1c4b-3493-a07c-ffe59fd8491c,2026-06-25,82.944315,edb658c0-31b6-337f-a557-ae881cfe96142560471597
5113b093-acec-3c38-870f-b61a2dd6b880,2026-06-25,73.940532,6de2df31-0e47-37b7-af92-4257cf86aa933125819112
5498a54c-7cf2-3cbb-85d5-1078aa3be4a7,2026-06-25,40.728319,7f2eff44-b501-3d88-8b7a-bc0819c1cbd05256736696
55ad8c29-20dc-320f-8c21-ac3dfd7685ea,2026-06-25,24.947866,59813d11-bc16-3001-915e-9a9eff70c57f6619407622
55b0607e-f635-348a-bc83-f4e52515b7ec,2026-06-25,5.956138,118c8a35-e628-36a2-8499-91a87fa954ea9600440361
56ab4ff8-d4a1-314d-82eb-cc5055b8d77c,2026-06-25,22.962925,95b986e2-fb52-3222-9a4d-94390d8daa468577144310
57437979-1053-38bc-8abf-3f9eba7ffc49,2026-06-25,29.197324,66cc36c9-6f31-3eff-8201-8a0a7f0bd59a0688159859
591e07f6-72df-366d-a512-d5ee900f7c15,2026-06-25,22.758078,abb3cf38-3fad-3baa-af44-c9b4d24608456857996865
5a91fc01-e54a-36cc-b759-44260109d8b8,2026-06-25,2.599049,1356d797-66bc-3a72-b11f-7b3084dc9d272348624974
5b4c7154-ad7e-3526-aa3c-45e89d71e721,2026-06-25,87.721698,a5074e62-50d5-364b-aeef-675c60c2ee493068298762
5cb2e039-2dc8-3bad-9d23-4bfddc143afe,2026-06-25,68.97675,8a29b19a-f05e-35e9-8df7-d99b28bf8a8d3280431943
5d21d7da-3e33-3ab4-99ef-3ca2c2ff2c69,2026-06-25,14.097778,b03fc426-da51-3e1c-aa77-6b918bff0e513877121931
5de859d5-b06b-3878-b7f0-64c4e91191df,2026-06-25,7.449473,865e99a1-718b-338b-80ab-7bdcf6c522a91536159266
68b45261-85be-3d03-a069-5aa6ffe8e8ca,2026-06-25,56.591056,b6a7cc29-e0c8-36bf-9e06-ffc155431b242084275934
6e8a1cb9-329d-3c5e-8d21-4c46a734d1e9,2026-06-25,26.204082,b038cfcb-9c1e-3cde-8676-1be4c1366b8b3024374020
7254494c-fbeb-3dc4-80ee-30c6f6c22599,2026-06-25,14.077043,64848290-d9fb-3103-b306-a0129738ec0d3937403775
72e3323e-cebd-3aa6-a736-9022afb37e21,2026-06-25,18.303156,dd1d2448-04ec-3dd9-9b0e-69f5e79a93407723570593
745d78f2-7f7a-3cdd-af4f-c4c3f0a18dbb,2026-06-25,34.875327,f1df5283-191c-30dd-b238-da858232e5d08985022611
74cd4f7c-116b-3316-bf7f-eb46458694da,2026-06-25,82.224904,755c3974-2d2b-3242-8001-42f3d96983649032632994
760b65eb-45d9-332e-bbdd-15ad2c3223bc,2026-06-25,15.105638,4050495a-d74a-3f1b-b29d-db93ba2a71c15767916558
7fb6ff11-be82-30ff-ad1d-e44ada4f46db,2026-06-25,18.286091,44965c11-796e-3e8c-b92a-222141e2d34e4076630863
812c22d3-3843-3385-aa3b-aa8ae91b882a,2026-06-25,17.925302,e7cb4203-d63e-3d55-86b1-e2f3868974688509958032
82b47e6e-09d7-36e6-80ab-4506629ff46b,2026-06-25,21.03516,1695d743-ff11-3262-b7c5-f109ac7b016b5800029843
83ac466b-0a2c-3b9f-bc16-cc1733598dc1,2026-06-25,22.114586,fbb1458a-bb03-3a59-81a7-c4bfa04cd8482348091600
84851a10-43f1-3fc8-a358-06f529f15c33,2026-06-25,37.863956,209d6b5c-3879-3f87-9eb1-228cd3cf4edd0737879839
84f354b1-00ae-34ba-b443-ccd2efee613c,2026-06-25,12.973057,8a14f25e-1645-3406-a19d-b9806ef569954307313451
87ab0257-a9f6-3705-89f8-f63b9b8f2b0c,2026-06-25,21.218255,dd1dde98-5502-3952-90fe-dc66f816ed747906535428
8ca30a12-e5f4-3017-8037-1616e9ddbb5b,2026-06-25,7.441947,d980087a-73cd-3a85-914f-0dbeb6da2ff07929331557
8cb2a7d2-f605-3df9-981a-2c02b1d1a4e0,2026-06-25,19.038066,c8409fd1-44f6-341e-aa4a-fcdd48e1dec91197407417
8ce3a609-9e37-3b54-a602-9b395e5f5a76,2026-06-25,35.389105,140ba20d-dc2d-30f1-8369-9f0fcb7417216954795985
92de990d-30ce-38da-ad78-86a4a56c065b,2026-06-25,20.620741,5a8242fb-5aa7-3d5b-ac68-21ea53c5f9e87894148187
9317e817-504a-35a4-b7c3-68e90b432c45,2026-06-25,24.910063,bd68d9fe-0c5e-3648-8a84-d7649dbc11df2315333603
956008d9-c7c8-3450-a799-ccd802fc2078,2026-06-25,53.19261,ac8597c6-2e0c-3fce-bd96-0eeae07b92825791469057
960a5c04-f3ef-340c-af8a-48e88045ac24,2026-06-25,20.866217,485a6ee1-26d8-3d41-bd32-a72421af1a296123003165
9661bcb6-dd62-3576-b8b0-049874fff3a1,2026-06-25,1.894322,a765656c-b5ea-38d3-b817-93751b0015257870386126
96739dc1-9e37-3b11-8e79-e0a5a57062a1,2026-06-25,130.624067,7b60b05a-7946-3efd-a3a0-0ada59de74070619321536
96be8df1-0628-3c17-acd8-50a096438ea0,2026-06-25,25.145249,7b8d6a5a-3256-3096-8208-171b7eaab4737311108557
9bddd6f0-dd41-333e-aac7-f757b18ea2aa,2026-06-25,26.972537,c6545cb9-33df-373c-8ac9-ce43225c9d986458695776
9c2b569e-d3f4-3c78-a57e-4d73687d2dc2,2026-06-25,50.156907,bcf6894a-0424-3665-b520-2c34eeac116f1861409402
a0f95e73-3897-3dcc-9f5c-faad41b5219c,2026-06-25,86.695882,58b12641-aa5e-3c6d-97a0-f417dd0a469c4411625778
a12779cf-ff75-376e-9cb4-73e937a3c164,2026-06-25,18.876747,ba19c2fb-8246-3ab8-b894-67973ae2268a8549866658
a2de86e5-02cf-3c93-9b40-f9629530b7d1,2026-06-25,595.929221,bcd56054-ac31-3e6f-a2d9-f156a299929c4047783680
a3f48154-490b-350b-9f4e-74835b5aaaae,2026-06-25,12.464632,95ed8b8c-c59c-372a-b31e-6543997b82d74860620288
a5068583-4849-35ce-900f-e2ce7f309840,2026-06-25,34.579428,ccacfe15-f7bf-3c92-9308-98112a74aa440314647208
a513bb7e-87ac-35cd-b4a2-6d23427bd2fa,2026-06-25,10.559945,481dceb1-1678-3a7e-b288-d7e2bf0c062a7786339993
a8e332b8-087a-38b0-8c1b-64db4efadc7a,2026-06-25,39.953921,47b681e7-c3d8-31f6-ab69-43f82db88fa66316703417
acadf00f-5359-3905-a13e-213d751bffb2,2026-06-25,5.30931,2852258a-e2bf-3b5a-ad87-7915c236685c5632583391
ae5f3d2e-f527-359d-8bcf-846f320f8e57,2026-06-25,14.758681,22f94015-ff23-3150-ae0f-9ef0bb188a207912060816
b08b0516-052f-31ca-baee-415f1e9f6c1d,2026-06-25,20.238036,8eb78258-dbd8-30ca-8e2f-f57e8806b9340333593055
b095775a-2d08-336f-bccf-d2f71dc4ba3c,2026-06-25,4.161922,fb87865a-444a-3efc-ab25-247ac494cd574338526402
b1d22b60-1492-37de-a246-db25e91bfb1f,2026-06-25,32.965709,ba855984-6afa-3f25-82a9-033558199c9b4291338588
b32150f1-1acd-3990-ad31-f63fed66b1cf,2026-06-25,22.915172,27222e5f-5d35-3311-be74-7f592e6bb2553842641276
b5344373-538f-3f37-8982-c97e3158144a,2026-06-25,8.116162,2a20868d-41a0-350b-abd7-08a3f9d834063257215959
b571b5d8-c91f-3776-86bd-22c88c5580c2,2026-06-25,23.735661,afafa873-61a8-38e0-8977-cd70cd270f449777286253
b5b7bbb0-1312-34a4-8934-10fe49cea8ed,2026-06-25,23.601833,c1179ffe-16b5-3808-a61b-c697ad5655cd0958447347
bce50849-a0e7-3f2b-b22a-24ed60440705,2026-06-25,12.233543,ecbe8abc-16bb-3af7-8cf1-b6d262d3f9915691766209
beac6842-6d1c-39f8-bd3d-f2cbddfe2e23,2026-06-25,22.153487,71933d57-e488-3aa3-b364-7c195cfded299062716503
beb1d1c6-4fa9-36a8-a06f-1dc58ab74161,2026-06-25,3.900283,69be3936-f12c-34ad-b6bc-7a9f397f7d580253357983
c0f8ab9f-4b7b-3f4f-b576-f80ad3cb5399,2026-06-25,14.771907,ae6fce59-c426-3691-b4cc-2e7f01a5433a0719674315
c3f4e978-22c4-3743-a4d7-8dc20df21654,2026-06-25,24.176692,08043945-b9cb-35c8-8007-ea153d9880273125348988
c41f2431-16c5-3799-9be8-561415389d5f,2026-06-25,25.472021,35f5e81a-e25c-3ff4-892f-d89a5cfb53448046832917
c4b4c934-c94d-3170-bd1b-d7737b2ab490,2026-06-25,14.183634,ddfedfb4-a197-3bc5-b5b9-3413d396c9d18520739647
c4ec5436-0c6f-389c-b83d-e1f34b408946,2026-06-25,14.021525,6d73a170-b659-36fe-bc67-1faa907dd4b49647063385
c7599875-d64e-3ef2-8a6a-a218c4c24bfa,2026-06-25,10.581378,4acd48f6-3379-3b71-a45f-8ba6aad527457333951563
c8c964e3-6f43-33e9-8a11-e9eaf55933ba,2026-06-25,33.220571,db1bd750-5b46-3bea-9d82-c79a18a08d0d0806001910
caacaf00-76dc-3d35-955a-b0b7289c1497,2026-06-25,11.095449,5428bbad-02ec-3bbd-b559-a02cb4c2701a9853561586
ce7a22b8-f3c0-3690-acac-8b5a7bf4c798,2026-06-25,17.993852,75a3be66-cc33-35b3-aa17-355486d71eeb4926576029
d098b8be-5fd2-3aaf-b08a-03443b43e413,2026-06-25,17.296652,ebfca532-8531-3093-b085-d9b06d8a505a5090987086
d3c48311-d8dc-3e24-95dd-6d2bca767bff,2026-06-25,32.970622,84018d69-0a55-3d24-a877-97aaa31a46cf2815442486
d3d0b6a8-f422-3af5-a62e-826c20495095,2026-06-25,8.537696,9a1ea106-1b3c-358a-b321-05d0ef5590af7934449393
d6f76560-f2a1-3ae9-ab43-eaa1f2033306,2026-06-25,41.546692,df76341f-d9c1-31f1-a511-61e0bba9ac1a9330646801
d72106c4-021a-3b57-bf48-7b6f2c14df23,2026-06-25,11.954381,e7b18bc4-313f-33d3-ad46-7b5d777f74ca3565120826
d834b72d-c2cc-391e-8a0c-c3f147eeb522,2026-06-25,6.779772,62331e5f-4437-3168-b6e9-aa00c1ae49235115900219
d85f6c3e-620f-3cc3-9005-9e1beefefdc6,2026-06-25,8.197744,7a3476cf-c702-35d8-ab2c-c3c41701130b3532848987
d86225ec-57c8-3039-9b73-5067e9668517,2026-06-25,3.971845,9befbbd8-c5ed-3abc-9d19-377736924de73675696583
d940c628-4e61-3954-9aee-1aa0a0b6e21f,2026-06-25,17.613982,cbf31122-ee58-37d2-a16f-5d8ff6fcc1cb8640751006
dfc70541-9d37-355c-af06-9bf106459cdb,2026-06-25,9.876984,8d616aa1-7ca1-3b18-a990-d3dd7b63d8ea3801525816
e059f4f2-66b1-346c-8a33-8c16446a8657,2026-06-25,35.672105,2a7ac4ba-1536-3186-93b2-a2c27853a79e9011911429
e0ab7ac6-23e5-3ce5-aef4-d9e2e575bb7a,2026-06-25,6.518976,36f25be1-e4a7-34ea-a4d5-d394fb2065cc2046082019
e1ec776a-9a69-3e5d-a0c5-33a9250b1f19,2026-06-25,13.292506,8dbe6882-1128-323e-98cf-6c6c8fd5be7d0079256300
e41ed1fc-302f-351c-8dbd-1ccac5078a09,2026-06-25,16.607923,4a944e09-e32f-36d7-b5a4-e211ca471f446730403642
e6a4f012-2129-36d0-bf2f-6e3c384f5497,2026-06-25,15.68109,30a74d31-d91b-3ff9-b591-0ed7882600e46693238563
e71fe34e-9aa5-3ade-8054-a639af523373,2026-06-25,8.33571,b1e661de-87c5-37a4-b0ad-b47b375e798f8517162525
e76bb8c7-e2ca-3a2e-96b4-7d3717dfbe06,2026-06-25,31.825026,e755d9a3-e083-3c09-8b82-e48bcb43e7f81851692813
ea133f80-908c-3a40-af86-f0745e517fd2,2026-06-25,45.202128,7111b6e6-9d33-3f84-ae08-89cafad819261967282058
ebbf605d-a94c-3f16-9ae0-5449c87f4002,2026-06-25,55.9517,c01d7453-03eb-38be-bc95-24391aa315144796657446
ed0a8ed8-2282-3fec-82db-fafd297cdb61,2026-06-25,6.151045,4e3099ad-3bc5-3b23-837d-8c897adc8c894362553996
eeaba3bd-0e65-3eff-80b8-bb415d1cdc89,2026-06-25,12.209931,6d3df8ea-2edd-3fc0-8f44-b14a5c9f858f7358431617
f02cc034-f8c6-39b7-afff-343b04ff2064,2026-06-25,7.940138,4a495ff6-34e1-3d8e-9177-445cdfd39d764430640857
f1ebcf2f-e51e-373c-b8af-374b6efced62,2026-06-25,33.325892,a96795c7-1ef3-330f-9a52-bd611b998fc53408195367
f37b1d54-4726-3503-b093-7096160494d8,2026-06-25,10.804899,0701ba50-1c05-393a-97d1-5f4023a8749c6116792851
f55d8d9d-5df9-32e8-a43c-40e2d30fe83e,2026-06-25,17.303552,25ce49b4-0e30-37f6-83c9-8fdba57ec8554749707383
fbb84839-d7f2-363f-a497-68b74f2449f2,2026-06-25,29.991994,76b88c0d-830b-38ed-91c8-6b3757820cc05429571885
fccc0510-f20a-3f28-bf3c-66cfe9fa99d1,2026-06-25,6.705751,218810c6-5f55-31ef-942d-6b8f7944e4a79796581507
030041c0-f398-3572-9c7e-3edf3d9d2ea3,2026-06-26,7.177788,123b8640-546f-3146-aac1-b5e3a45883358031893487
04f49ac6-5f35-3df9-b623-c026f24561e1,2026-06-26,91.043756,4ccf4637-f73f-3ea2-bd9d-89cd0876527e2011240689
0769202c-7965-32a1-8d36-1cd52b64377d,2026-06-26,4.763908,03bfca79-bd1d-3217-a8ee-b032e1a5d4279777514889
0bd9c8a1-cf25-3dfe-9380-6143b1183f53,2026-06-26,49.111442,7ff7d9b9-eb8b-35f9-9265-8dd933d6e5f40824718437
0d66e094-d57b-3221-bdb4-ff9f2a6fa6b6,2026-06-26,34.049094,a1f98fd1-522c-331e-93df-e0e3c705c1c60127744720
0f7a9277-d005-30c0-8821-910389205cba,2026-06-26,11.598435,1498339f-636a-3ba6-8eaf-f82826cfc66b1703033271
103be95c-0738-36fc-9aca-d07b1504909a,2026-06-26,70.954093,288d8971-0036-3b38-be44-cdab7d647fa95424134206
1094d4eb-2c4b-3c82-bb41-36696a775289,2026-06-26,81.431369,8348db4d-a8ba-3dc8-b03d-3f8345e1ce081137124557
1176a69b-fd42-3989-9822-360026e942a4,2026-06-26,45.025406,4b6c12aa-31db-353f-9880-bcdca16d2c971125384531
15d19e1d-74b8-3948-867f-63a4a1188539,2026-06-26,63.52117,3a0da385-e669-30df-8f17-ee93aea6a3a63054977077
176efb99-8d0f-325e-a3e0-daa08e876832,2026-06-26,19.416515,c3c60fed-2c36-3d97-8b89-35c5cbbebe232642944088
17e9c47e-62ba-33a6-96e1-95ad3c636d22,2026-06-26,55.496785,77974123-fa35-3834-90f5-d19a2e752e979650064655
18a6d5f8-3203-3934-be7c-fef235f8d5ee,2026-06-26,10.763018,d0fc809f-656e-31a8-9e5e-192c6b636f8d5430933548
1bdab13f-7bc5-3e3d-81c9-f9179619fd90,2026-06-26,3.260707,5351c2cb-b7f7-3a9c-acd5-db63cfafda343248281033
1c3f0a45-334a-3810-b02a-7ba9181fca95,2026-06-26,7.249745,f25a1909-b1f5-354d-9179-29694f6ccd7b0794803399
2111daa9-5dbb-36aa-b675-efab46559d5d,2026-06-26,10.219765,93fc0a2e-adf6-3b5c-a38a-8aaf0af2466c8463812397
28cba5c0-c834-3c34-900a-9d6772fd9c30,2026-06-26,15.209441,1233b0a6-550e-3390-88ce-2a21eefafe917625072302
29768e10-7435-3d69-8503-a6f77e57bdcd,2026-06-26,5.563543,103d1a25-7f36-33f7-97c6-656f5dff4f1c8078021025
2b3c346c-5f49-3232-be35-3443261527b0,2026-06-26,4.619825,e6538295-3b6e-3154-9420-ec45501d20ae5856219597
2fd79494-a377-3a29-a882-b11802cfee0c,2026-06-26,11.980731,e50f86b5-d7cd-3a80-a5b4-78c659980b001758781599
2fdf5375-31c8-3c6a-9cf3-12465dbec4a5,2026-06-26,12.888276,fd3e2044-7bf6-3813-acab-9043d4cbda0b6568880041
323a2cac-7231-3d1b-90b0-babcb0cf55ba,2026-06-26,25.914189,6110ae57-4fb0-3294-9c39-0fdab85c823b7854159322
33a96067-0e23-3bf3-8d10-cbec5a261a65,2026-06-26,29.8321,4d63f0d2-85ca-3a28-b715-4147577bedb24364586828
363a066c-58b6-3bcf-a7b0-e9729a735ba7,2026-06-26,52.681339,29527eb9-d544-35c2-b9f1-bb262cf6b4159824252521
3c828a67-8a44-3a18-a2db-213948c73e01,2026-06-26,17.025245,4b9e8129-de42-3612-a62a-b99391f3a1c36185507295
3e7f3808-bc28-36c7-8251-a028f5ff5644,2026-06-26,35.838617,18ddeade-5928-3676-ae42-029acd2d6bcb2570795136
3fe600f0-c808-3676-90fe-909ea8b83ca6,2026-06-26,4.124519,89445095-871b-3498-be52-e63f6b0e774b5355986831
41219c74-897b-3ca9-87e5-43da9041ddd3,2026-06-26,42.191244,fbfd204b-197f-3c6c-95b1-4733172f5fca0533189354
4333cd5c-141e-38a1-af2a-a7df714feddb,2026-06-26,18.139586,3c3bc593-75a7-3bce-b04f-0d15bea76c784217531826
434188a4-f9da-364f-a6dc-53072f0ec1b3,2026-06-26,18.851605,e25f63b1-614b-3240-9c58-803a43e9bb435024428155
43538921-75c3-3004-917b-51c3d8e2a3a6,2026-06-26,16.101646,e213be6c-e983-37d3-b47d-03cfedb25b867590845836
4b3616f0-ccf1-31e3-810e-f668c2042b23,2026-06-26,17.301709,b68e0cee-582f-3f61-89e5-ca032d2062073327596356
4c9d57d4-cc8e-3ffa-a7a2-954c71ef5235,2026-06-26,65.679282,10cf198f-ca0e-3ab3-a33e-629868eaf1657063863282
4d62a2a6-a8bb-3084-8568-8b0c0e6c53f9,2026-06-26,7.292405,30709a03-df76-3a99-9f2c-8ccec86cb09e5850066452
4d8e0306-9402-312c-8735-520e75542ddf,2026-06-26,21.449793,fc890f93-7094-3cdc-9c17-a9bca9d2149d3600693627
4f630062-21f6-3266-9acd-c0827dbf5c05,2026-06-26,22.571603,8f29efaf-4f24-3d15-82d5-2fc874ce981c6011993181
509c1fe7-94b1-311d-9fd0-979b350e4d61,2026-06-26,66.599827,beeb8cb8-6b14-3b16-b8ec-735f810410575059189611
50be9c42-1c4b-3493-a07c-ffe59fd8491c,2026-06-26,48.363932,edb658c0-31b6-337f-a557-ae881cfe96142560471597
5113b093-acec-3c38-870f-b61a2dd6b880,2026-06-26,74.073814,6de2df31-0e47-37b7-af92-4257cf86aa933125819112
52412506-0a36-3bbc-b4ff-9579aa41f9b1,2026-06-26,7.949873,258df3e5-7e26-3a3f-9326-aace208da4a32337603841
5498a54c-7cf2-3cbb-85d5-1078aa3be4a7,2026-06-26,11.569302,7f2eff44-b501-3d88-8b7a-bc0819c1cbd05256736696
54de7dbc-3f9b-3702-b677-fee85da6201d,2026-06-26,5.390123,d44e39e8-4f08-3623-986b-2646518072bf1207235870
55ad8c29-20dc-320f-8c21-ac3dfd7685ea,2026-06-26,27.307519,59813d11-bc16-3001-915e-9a9eff70c57f6619407622
57437979-1053-38bc-8abf-3f9eba7ffc49,2026-06-26,35.779516,66cc36c9-6f31-3eff-8201-8a0a7f0bd59a0688159859
57d3f142-33f4-308b-ae84-b183cc99db1b,2026-06-26,19.309181,3347c53c-2e52-3fd7-91f9-f73a7872e66a1890146135
5a91fc01-e54a-36cc-b759-44260109d8b8,2026-06-26,10.732194,1356d797-66bc-3a72-b11f-7b3084dc9d272348624974
5b4c7154-ad7e-3526-aa3c-45e89d71e721,2026-06-26,80.342023,a5074e62-50d5-364b-aeef-675c60c2ee493068298762
5cb2e039-2dc8-3bad-9d23-4bfddc143afe,2026-06-26,48.89778,8a29b19a-f05e-35e9-8df7-d99b28bf8a8d3280431943
5d21d7da-3e33-3ab4-99ef-3ca2c2ff2c69,2026-06-26,14.073511,b03fc426-da51-3e1c-aa77-6b918bff0e513877121931
5d6ffe35-085b-3fc0-abf7-9f02a5c4fb33,2026-06-26,33.940096,03ffa46d-2a01-3d1e-b2b7-afc51d9158352243231721
5de859d5-b06b-3878-b7f0-64c4e91191df,2026-06-26,8.108625,865e99a1-718b-338b-80ab-7bdcf6c522a91536159266
5fa5d9c4-22b7-39f7-a3b2-d521ea60b47b,2026-06-26,14.690922,ab4ba1b3-b598-3bfb-8df0-768a0df60d506177714931
64b0ba20-1b28-3b6c-9ffc-402714ee0245,2026-06-26,12.764513,358bf36d-7dae-3d60-9132-32bf3090f2f25850796649
68b45261-85be-3d03-a069-5aa6ffe8e8ca,2026-06-26,44.635122,b6a7cc29-e0c8-36bf-9e06-ffc155431b242084275934
6a620372-f31e-349c-b6c6-0e040a3edb64,2026-06-26,12.934396,5585108c-6e05-3453-8c97-d5a03ce4ee0a5269991336
6e8a1cb9-329d-3c5e-8d21-4c46a734d1e9,2026-06-26,17.518844,b038cfcb-9c1e-3cde-8676-1be4c1366b8b3024374020
7254494c-fbeb-3dc4-80ee-30c6f6c22599,2026-06-26,7.547981,64848290-d9fb-3103-b306-a0129738ec0d3937403775
72e3323e-cebd-3aa6-a736-9022afb37e21,2026-06-26,41.950202,dd1d2448-04ec-3dd9-9b0e-69f5e79a93407723570593
745d78f2-7f7a-3cdd-af4f-c4c3f0a18dbb,2026-06-26,45.74251,f1df5283-191c-30dd-b238-da858232e5d08985022611
75b45819-0131-3505-a67e-213e6e87963f,2026-06-26,27.12658,8d74f7a3-14d2-3523-8682-8ea7628de4e11118376498
75be5782-378c-39b7-8d80-e4225331c478,2026-06-26,3.63488,e1d9f528-91ca-3b5f-b9e2-c2bc6c32dd155877684651
75c008ab-9d95-3b45-b06c-1ba571bc7895,2026-06-26,16.200869,ec573df9-2361-3e56-a35c-cf369728a6f02624538703
781a0729-d247-332a-a718-196cd4f0844f,2026-06-26,8.76863,c926082b-f5ea-39f0-9b3a-e5bce96b47c35305695375
79874361-3477-38db-9fbd-fc39d1713d69,2026-06-26,39.316178,241900d5-f58b-3b3f-8abc-638d1ad78e024760008737
7feb497b-3ee8-39fa-9cfd-72a898f4cf47,2026-06-26,2.39318,90e6638a-edc1-308e-9f27-d8a3719440025129345869
82a48b8e-4fa5-3f42-857c-71fbe24937aa,2026-06-26,24.716349,78999b98-2dd1-3379-978c-e2474a4a43306995668347
82b47e6e-09d7-36e6-80ab-4506629ff46b,2026-06-26,33.302044,1695d743-ff11-3262-b7c5-f109ac7b016b5800029843
834aa49a-5a2a-30db-8385-ad60aed26cd7,2026-06-26,86.423444,4b2f77f6-8ea8-3f4d-8688-fe485e1dd22d6927009123
83ac466b-0a2c-3b9f-bc16-cc1733598dc1,2026-06-26,18.722742,fbb1458a-bb03-3a59-81a7-c4bfa04cd8482348091600
84851a10-43f1-3fc8-a358-06f529f15c33,2026-06-26,56.852685,209d6b5c-3879-3f87-9eb1-228cd3cf4edd0737879839
84f354b1-00ae-34ba-b443-ccd2efee613c,2026-06-26,5.029743,8a14f25e-1645-3406-a19d-b9806ef569954307313451
85cb1e88-d121-35a6-a362-3cdc80917d44,2026-06-26,539.381354,1671f2df-523c-3e25-a845-e2ad655275ec3253687227
87ab0257-a9f6-3705-89f8-f63b9b8f2b0c,2026-06-26,11.98982,dd1dde98-5502-3952-90fe-dc66f816ed747906535428
8c272368-ac0c-3bc7-9568-cfbb26f8e749,2026-06-26,8.007063,9ef76979-dca8-3c79-9b0c-a7e5b98cc4183178708115
8c2e2c06-5c7a-359a-8e69-0efdfb7e79bb,2026-06-26,21.049284,02b8249b-d351-36b0-8f66-387e9b5ecd765409838852
8ca30a12-e5f4-3017-8037-1616e9ddbb5b,2026-06-26,11.070736,d980087a-73cd-3a85-914f-0dbeb6da2ff07929331557
8cb2a7d2-f605-3df9-981a-2c02b1d1a4e0,2026-06-26,19.52987,c8409fd1-44f6-341e-aa4a-fcdd48e1dec91197407417
8dc72d59-3896-3d24-a51b-3a8a9e1c6713,2026-06-26,33.768116,2bb55a33-fdd0-39b0-8fa8-bf8f9e9997f59421453150
92de990d-30ce-38da-ad78-86a4a56c065b,2026-06-26,13.130078,5a8242fb-5aa7-3d5b-ac68-21ea53c5f9e87894148187
9317e817-504a-35a4-b7c3-68e90b432c45,2026-06-26,23.401988,bd68d9fe-0c5e-3648-8a84-d7649dbc11df2315333603
9661bcb6-dd62-3576-b8b0-049874fff3a1,2026-06-26,3.045486,a765656c-b5ea-38d3-b817-93751b0015257870386126
96739dc1-9e37-3b11-8e79-e0a5a57062a1,2026-06-26,74.971046,7b60b05a-7946-3efd-a3a0-0ada59de74070619321536
96be8df1-0628-3c17-acd8-50a096438ea0,2026-06-26,16.174026,7b8d6a5a-3256-3096-8208-171b7eaab4737311108557
98b357c6-e458-3b53-bc66-c80eb105e3cf,2026-06-26,25.083898,6b5a4bec-b45d-3f6f-a9b0-769861cf16bd1539781265
9bffe43c-9c3e-3c3f-947d-b83b096a53f5,2026-06-26,13.034866,635d1fea-f7dc-33f1-a406-2689203c6ffe1836896463
a06461db-ef00-3481-9827-c829471e7245,2026-06-26,3.763378,5511d59c-db31-37fb-8790-ae49b8ec4ba25737611269
a0f95e73-3897-3dcc-9f5c-faad41b5219c,2026-06-26,75.454537,58b12641-aa5e-3c6d-97a0-f417dd0a469c4411625778
a12779cf-ff75-376e-9cb4-73e937a3c164,2026-06-26,25.531536,ba19c2fb-8246-3ab8-b894-67973ae2268a8549866658
a2de86e5-02cf-3c93-9b40-f9629530b7d1,2026-06-26,630.834045,bcd56054-ac31-3e6f-a2d9-f156a299929c4047783680
a3f48154-490b-350b-9f4e-74835b5aaaae,2026-06-26,16.004979,95ed8b8c-c59c-372a-b31e-6543997b82d74860620288
a4897e9b-7fc7-3e17-9b47-a254a0b85f27,2026-06-26,4.063638,304ab23b-6984-3fe6-a3fb-aa744a4d6cd05946845157
a5068583-4849-35ce-900f-e2ce7f309840,2026-06-26,18.231288,ccacfe15-f7bf-3c92-9308-98112a74aa440314647208
a513bb7e-87ac-35cd-b4a2-6d23427bd2fa,2026-06-26,10.107265,481dceb1-1678-3a7e-b288-d7e2bf0c062a7786339993
a67cec0f-eda0-3d47-af0e-2bd3262a8cf9,2026-06-26,30.826927,edd1002d-960d-3956-8ea2-8ffafe4e3f780323661523
a8e332b8-087a-38b0-8c1b-64db4efadc7a,2026-06-26,13.946118,47b681e7-c3d8-31f6-ab69-43f82db88fa66316703417
ab5f37ff-9008-3c2a-a32b-c29632f4ea67,2026-06-26,4.014422,0d40eb23-7edb-3787-8cb8-7b09de3075fc1665666263
ac429fef-9e6b-3e26-a5ea-3122c166230c,2026-06-26,64.452082,81f224a7-cb42-3ee9-9103-e81fcc20756c3353013338
acadf00f-5359-3905-a13e-213d751bffb2,2026-06-26,8.904787,2852258a-e2bf-3b5a-ad87-7915c236685c5632583391
ae5f3d2e-f527-359d-8bcf-846f320f8e57,2026-06-26,5.409215,22f94015-ff23-3150-ae0f-9ef0bb188a207912060816
af15418c-707a-3e54-a465-034a3b570a96,2026-06-26,23.17375,89b93f60-7af8-31b9-aacf-45885de7f2069142372275
b08b0516-052f-31ca-baee-415f1e9f6c1d,2026-06-26,19.54473,8eb78258-dbd8-30ca-8e2f-f57e8806b9340333593055
b1d22b60-1492-37de-a246-db25e91bfb1f,2026-06-26,22.424809,ba855984-6afa-3f25-82a9-033558199c9b4291338588
b32150f1-1acd-3990-ad31-f63fed66b1cf,2026-06-26,68.630269,27222e5f-5d35-3311-be74-7f592e6bb2553842641276
b5344373-538f-3f37-8982-c97e3158144a,2026-06-26,11.481691,2a20868d-41a0-350b-abd7-08a3f9d834063257215959
b571b5d8-c91f-3776-86bd-22c88c5580c2,2026-06-26,40.260755,afafa873-61a8-38e0-8977-cd70cd270f449777286253
b7f8d590-1a7d-3745-82cc-9e0c966c6306,2026-06-26,33.24037,65f0ec49-73ce-37cb-a381-28e7217750090455003993
b9f874e5-bbd8-332a-9f2e-a024bb815cf9,2026-06-26,126.734219,0183e024-3556-38ab-8f83-a2397dc1c7ff0961989030
bce50849-a0e7-3f2b-b22a-24ed60440705,2026-06-26,20.458936,ecbe8abc-16bb-3af7-8cf1-b6d262d3f9915691766209
beac6842-6d1c-39f8-bd3d-f2cbddfe2e23,2026-06-26,22.70223,71933d57-e488-3aa3-b364-7c195cfded299062716503
beb1d1c6-4fa9-36a8-a06f-1dc58ab74161,2026-06-26,9.926413,69be3936-f12c-34ad-b6bc-7a9f397f7d580253357983
c039e4c8-9c3b-3ae3-a2e7-b54c85d2cac7,2026-06-26,60.023984,ef0e0898-3920-39d5-9050-8c57b5cbcd1c9155184466
c0f8ab9f-4b7b-3f4f-b576-f80ad3cb5399,2026-06-26,24.73944,ae6fce59-c426-3691-b4cc-2e7f01a5433a0719674315
c3811eff-eb0f-3e83-943e-18b5d09919e4,2026-06-26,13.227591,b38c4c71-2ecc-3478-967b-30176508f2a82808970508
c3f4e978-22c4-3743-a4d7-8dc20df21654,2026-06-26,37.14694,08043945-b9cb-35c8-8007-ea153d9880273125348988
c41f2431-16c5-3799-9be8-561415389d5f,2026-06-26,10.02265,35f5e81a-e25c-3ff4-892f-d89a5cfb53448046832917
c4b4c934-c94d-3170-bd1b-d7737b2ab490,2026-06-26,16.692367,ddfedfb4-a197-3bc5-b5b9-3413d396c9d18520739647
c6c1b9c0-072d-3dbf-accc-4c8643cc0c4a,2026-06-26,33.792338,8e833220-412d-3626-aef6-f1d8e255b8961584029669
c7599875-d64e-3ef2-8a6a-a218c4c24bfa,2026-06-26,1.915752,4acd48f6-3379-3b71-a45f-8ba6aad527457333951563
cdcbe271-7336-35c3-a44f-1a90281b0857,2026-06-26,8.767381,cc4a0181-1f8b-3069-891f-8f8303116f410950083050
ce7a22b8-f3c0-3690-acac-8b5a7bf4c798,2026-06-26,56.391177,75a3be66-cc33-35b3-aa17-355486d71eeb4926576029
d16b7d90-92be-3869-95a7-7d511669811b,2026-06-26,17.412831,760b5b15-f871-3327-a1ef-e07e6f4cc11c2795438507
d320f92f-4cc3-395c-b6c7-3cb3c7cb3efe,2026-06-26,58.352492,db719257-f1df-3420-b485-acfb0da643a10140791541
d3d0b6a8-f422-3af5-a62e-826c20495095,2026-06-26,16.09872,9a1ea106-1b3c-358a-b321-05d0ef5590af7934449393
d834b72d-c2cc-391e-8a0c-c3f147eeb522,2026-06-26,30.798261,62331e5f-4437-3168-b6e9-aa00c1ae49235115900219
d85f6c3e-620f-3cc3-9005-9e1beefefdc6,2026-06-26,11.231796,7a3476cf-c702-35d8-ab2c-c3c41701130b3532848987
d86225ec-57c8-3039-9b73-5067e9668517,2026-06-26,2.890724,9befbbd8-c5ed-3abc-9d19-377736924de73675696583
d940c628-4e61-3954-9aee-1aa0a0b6e21f,2026-06-26,13.665896,cbf31122-ee58-37d2-a16f-5d8ff6fcc1cb8640751006
da8b7ad5-701e-38e4-af53-bcb52836386c,2026-06-26,15.797026,5a63d77e-0da6-3691-900f-f20d6593ab0a0016925614
de0bc8c0-4447-382c-b7c7-ce385510a49b,2026-06-26,26.420465,8d66b14e-bf47-35e5-b800-b55ca34760cf6094204743
e059f4f2-66b1-346c-8a33-8c16446a8657,2026-06-26,24.90359,2a7ac4ba-1536-3186-93b2-a2c27853a79e9011911429
e0ab7ac6-23e5-3ce5-aef4-d9e2e575bb7a,2026-06-26,4.356891,36f25be1-e4a7-34ea-a4d5-d394fb2065cc2046082019
e1ec776a-9a69-3e5d-a0c5-33a9250b1f19,2026-06-26,14.769621,8dbe6882-1128-323e-98cf-6c6c8fd5be7d0079256300
e2762d35-02bf-3212-869f-c8b0e7be182b,2026-06-26,38.866633,bd8b163f-0057-3ddc-93cb-786cf93c15bd3450373318
e41ed1fc-302f-351c-8dbd-1ccac5078a09,2026-06-26,20.37703,4a944e09-e32f-36d7-b5a4-e211ca471f446730403642
e69f5e43-374e-3577-a194-03eca473eb86,2026-06-26,30.77321,b994cb0e-9aaf-3dbd-a0ab-315cc16c435c1107868581
e71fe34e-9aa5-3ade-8054-a639af523373,2026-06-26,10.052923,b1e661de-87c5-37a4-b0ad-b47b375e798f8517162525
e76bb8c7-e2ca-3a2e-96b4-7d3717dfbe06,2026-06-26,9.749102,e755d9a3-e083-3c09-8b82-e48bcb43e7f81851692813
e83f5cbe-8539-3cbd-b749-7896bd48c47e,2026-06-26,95.81556,f37ca06e-914d-302f-a8eb-903b7734c0c39455202918
ea2319a1-87a9-39c7-978a-631828711569,2026-06-26,36.777567,aa7cd5d3-2fa7-342d-b330-88ea3eded8c73712328503
ed0a8ed8-2282-3fec-82db-fafd297cdb61,2026-06-26,8.31534,4e3099ad-3bc5-3b23-837d-8c897adc8c894362553996
eeaba3bd-0e65-3eff-80b8-bb415d1cdc89,2026-06-26,29.250279,6d3df8ea-2edd-3fc0-8f44-b14a5c9f858f7358431617
f02cc034-f8c6-39b7-afff-343b04ff2064,2026-06-26,13.548434,4a495ff6-34e1-3d8e-9177-445cdfd39d764430640857
f0699448-f713-378f-9e30-ac35b4b0ddbb,2026-06-26,20.689924,0fcce33d-eb23-3f5d-946b-53b6afe198987280446281
f1809858-d9d7-3db3-8cc3-5793c598044c,2026-06-26,72.507708,7697f751-8371-30c0-81c8-fcc775cadf993437132586
f55d8d9d-5df9-32e8-a43c-40e2d30fe83e,2026-06-26,26.730385,25ce49b4-0e30-37f6-83c9-8fdba57ec8554749707383
fccc0510-f20a-3f28-bf3c-66cfe9fa99d1,2026-06-26,21.791797,218810c6-5f55-31ef-942d-6b8f7944e4a79796581507
fe5c2831-6d72-3f57-b5da-21037ecbeb2f,2026-06-26,20.78704,caac5c39-53fe-3b0e-a941-3f0559293a333871484605
030041c0-f398-3572-9c7e-3edf3d9d2ea3,2026-06-29,11.07507,123b8640-546f-3146-aac1-b5e3a45883358031893487
0388e0d9-8d10-3b74-a111-fdac480a0825,2026-06-29,21.687598,6ebc7d27-88d5-35f2-857d-fc6f145b17b60057015050
04f49ac6-5f35-3df9-b623-c026f24561e1,2026-06-29,62.658015,4ccf4637-f73f-3ea2-bd9d-89cd0876527e2011240689
06e33f1d-dda0-31b8-915e-bde6cf9b4012,2026-06-29,37.887102,5c1c68c1-feaf-3d3a-8a14-7e795d01c1ba6471737628
0769202c-7965-32a1-8d36-1cd52b64377d,2026-06-29,17.391824,03bfca79-bd1d-3217-a8ee-b032e1a5d4279777514889
0bd9c8a1-cf25-3dfe-9380-6143b1183f53,2026-06-29,79.540747,7ff7d9b9-eb8b-35f9-9265-8dd933d6e5f40824718437
0d66e094-d57b-3221-bdb4-ff9f2a6fa6b6,2026-06-29,27.454788,a1f98fd1-522c-331e-93df-e0e3c705c1c60127744720
1094d4eb-2c4b-3c82-bb41-36696a775289,2026-06-29,84.905345,8348db4d-a8ba-3dc8-b03d-3f8345e1ce081137124557
1176a69b-fd42-3989-9822-360026e942a4,2026-06-29,54.332742,4b6c12aa-31db-353f-9880-bcdca16d2c971125384531
15d19e1d-74b8-3948-867f-63a4a1188539,2026-06-29,33.323511,3a0da385-e669-30df-8f17-ee93aea6a3a63054977077
15f19ccf-5f54-370e-914a-19ef0d6e7bfe,2026-06-29,138.895776,d0dca904-0a39-3f70-8f24-23b3f8543cae9283252446
176efb99-8d0f-325e-a3e0-daa08e876832,2026-06-29,10.843355,c3c60fed-2c36-3d97-8b89-35c5cbbebe232642944088
18a6d5f8-3203-3934-be7c-fef235f8d5ee,2026-06-29,33.723106,d0fc809f-656e-31a8-9e5e-192c6b636f8d5430933548
18d39ce1-5a60-3a9e-9621-bfa693409e77,2026-06-29,19.702559,136386ac-0d76-3f46-b05e-ad2dc8a2fa238045910511
19fa59d6-c1b5-3e11-ba74-ad111de5584f,2026-06-29,370.977553,fc4e8c60-faee-3c94-be88-2bedfd49a32f0411781020
1bdab13f-7bc5-3e3d-81c9-f9179619fd90,2026-06-29,6.948964,5351c2cb-b7f7-3a9c-acd5-db63cfafda343248281033
1c3f0a45-334a-3810-b02a-7ba9181fca95,2026-06-29,10.348004,f25a1909-b1f5-354d-9179-29694f6ccd7b0794803399
2111daa9-5dbb-36aa-b675-efab46559d5d,2026-06-29,8.169064,93fc0a2e-adf6-3b5c-a38a-8aaf0af2466c8463812397
2331b8d4-3563-3b2b-8bf1-ee54a482c609,2026-06-29,5.267498,0c4befad-a90a-3f28-8b16-9dd39cf80ecc8123775477
28cba5c0-c834-3c34-900a-9d6772fd9c30,2026-06-29,15.686145,1233b0a6-550e-3390-88ce-2a21eefafe917625072302
29513ef6-a0f9-30aa-b2a3-e67dd9c50f2d,2026-06-29,9.418905,4763c9d2-d480-368f-84c3-63cf0c346e577347437891
33a96067-0e23-3bf3-8d10-cbec5a261a65,2026-06-29,45.722059,4d63f0d2-85ca-3a28-b715-4147577bedb24364586828
363a066c-58b6-3bcf-a7b0-e9729a735ba7,2026-06-29,34.769979,29527eb9-d544-35c2-b9f1-bb262cf6b4159824252521
36f0982a-ff58-3c66-9847-439d640e7d96,2026-06-29,68.802469,50b96d70-0ca5-3d4f-bdec-3c9a5b48f6100810857519
3a95c147-b6b0-329f-88ad-464e73046bbe,2026-06-29,4.384219,a645382c-6cb6-3873-a916-6298b8109de48651485340
3e7f3808-bc28-36c7-8251-a028f5ff5644,2026-06-29,3.753067,18ddeade-5928-3676-ae42-029acd2d6bcb2570795136
3ec4aa61-73df-37f5-af33-ac50b24f1ab5,2026-06-29,27.6229,5530820d-9691-3c0b-895b-b218aa4b299c0225945614
41219c74-897b-3ca9-87e5-43da9041ddd3,2026-06-29,45.786055,fbfd204b-197f-3c6c-95b1-4733172f5fca0533189354
48a891ca-8770-3a95-9414-af5bad034e5a,2026-06-29,12.660055,6a2b2b4f-b163-3211-9417-7ab21b779b6e4168236426
4a7af055-4d5f-39bf-b0a0-3e957abd6b60,2026-06-29,14.746941,2d350fdb-0d58-3f71-94bc-a8c8ac08ee913457245518
4c9d57d4-cc8e-3ffa-a7a2-954c71ef5235,2026-06-29,52.882428,10cf198f-ca0e-3ab3-a33e-629868eaf1657063863282
4d8e0306-9402-312c-8735-520e75542ddf,2026-06-29,9.108204,fc890f93-7094-3cdc-9c17-a9bca9d2149d3600693627
4f630062-21f6-3266-9acd-c0827dbf5c05,2026-06-29,20.368175,8f29efaf-4f24-3d15-82d5-2fc874ce981c6011993181
509c1fe7-94b1-311d-9fd0-979b350e4d61,2026-06-29,126.759963,beeb8cb8-6b14-3b16-b8ec-735f810410575059189611
5113b093-acec-3c38-870f-b61a2dd6b880,2026-06-29,105.148028,6de2df31-0e47-37b7-af92-4257cf86aa933125819112
5498a54c-7cf2-3cbb-85d5-1078aa3be4a7,2026-06-29,26.47003,7f2eff44-b501-3d88-8b7a-bc0819c1cbd05256736696
54de7dbc-3f9b-3702-b677-fee85da6201d,2026-06-29,4.125186,d44e39e8-4f08-3623-986b-2646518072bf1207235870
55b0607e-f635-348a-bc83-f4e52515b7ec,2026-06-29,7.633812,118c8a35-e628-36a2-8499-91a87fa954ea9600440361
5656dbc0-5497-3227-a829-fd8eb574450e,2026-06-29,9.270934,a203c081-9992-358a-b291-2006588558ba6822670837
56ab4ff8-d4a1-314d-82eb-cc5055b8d77c,2026-06-29,7.024029,95b986e2-fb52-3222-9a4d-94390d8daa468577144310
57437979-1053-38bc-8abf-3f9eba7ffc49,2026-06-29,31.626782,66cc36c9-6f31-3eff-8201-8a0a7f0bd59a0688159859
577fb2a5-642d-3f7e-8720-21da3c10d3d9,2026-06-29,13.989262,2275bace-3655-3145-b773-9b9320588f9f1599611388
591e07f6-72df-366d-a512-d5ee900f7c15,2026-06-29,22.584655,abb3cf38-3fad-3baa-af44-c9b4d24608456857996865
5a3caea3-a6eb-3d9f-8553-ca013793121a,2026-06-29,11.306491,e7176e39-1b7f-3002-90a6-cf6d282c81526684381587
5b4c7154-ad7e-3526-aa3c-45e89d71e721,2026-06-29,98.644922,a5074e62-50d5-364b-aeef-675c60c2ee493068298762
5cb2e039-2dc8-3bad-9d23-4bfddc143afe,2026-06-29,85.419701,8a29b19a-f05e-35e9-8df7-d99b28bf8a8d3280431943
5d21d7da-3e33-3ab4-99ef-3ca2c2ff2c69,2026-06-29,4.848767,b03fc426-da51-3e1c-aa77-6b918bff0e513877121931
5de859d5-b06b-3878-b7f0-64c4e91191df,2026-06-29,2.99411,865e99a1-718b-338b-80ab-7bdcf6c522a91536159266
5f76ba6d-1bf0-3e51-b2e4-3a6d19bc39b9,2026-06-29,26.789675,c708bc56-c900-3691-a10c-994bfde2114d0282457351
5fa5d9c4-22b7-39f7-a3b2-d521ea60b47b,2026-06-29,12.60474,ab4ba1b3-b598-3bfb-8df0-768a0df60d506177714931
6001b0b7-96fc-3fe1-aef1-329c8e2f62ce,2026-06-29,12.862219,6e29cd08-5d8b-32dd-baf0-fc5123d964c69692072979
617065f0-5c37-32d6-a3d6-dc223ac898b3,2026-06-29,37.101565,ae562d52-09ae-3863-b5f0-5ae580696f0f2844325743
64b0ba20-1b28-3b6c-9ffc-402714ee0245,2026-06-29,15.310371,358bf36d-7dae-3d60-9132-32bf3090f2f25850796649
67039b27-800b-3a58-9a33-f99a6beae237,2026-06-29,21.210077,32a35d9f-d35e-32e9-9ab5-42a5e891929f6307601904
68b45261-85be-3d03-a069-5aa6ffe8e8ca,2026-06-29,51.049567,b6a7cc29-e0c8-36bf-9e06-ffc155431b242084275934
6c21f96e-4015-302f-a95a-0918b22b3ad8,2026-06-29,5.957083,2083bc7f-bc65-3533-b831-de38c4ce41a85705530326
7254494c-fbeb-3dc4-80ee-30c6f6c22599,2026-06-29,11.78323,64848290-d9fb-3103-b306-a0129738ec0d3937403775
72e3323e-cebd-3aa6-a736-9022afb37e21,2026-06-29,43.793172,dd1d2448-04ec-3dd9-9b0e-69f5e79a93407723570593
74cd4f7c-116b-3316-bf7f-eb46458694da,2026-06-29,97.350122,755c3974-2d2b-3242-8001-42f3d96983649032632994
75be5782-378c-39b7-8d80-e4225331c478,2026-06-29,7.585069,e1d9f528-91ca-3b5f-b9e2-c2bc6c32dd155877684651
7feb497b-3ee8-39fa-9cfd-72a898f4cf47,2026-06-29,10.744037,90e6638a-edc1-308e-9f27-d8a3719440025129345869
82b47e6e-09d7-36e6-80ab-4506629ff46b,2026-06-29,62.829105,1695d743-ff11-3262-b7c5-f109ac7b016b5800029843
834aa49a-5a2a-30db-8385-ad60aed26cd7,2026-06-29,82.225271,4b2f77f6-8ea8-3f4d-8688-fe485e1dd22d6927009123
84851a10-43f1-3fc8-a358-06f529f15c33,2026-06-29,49.5358,209d6b5c-3879-3f87-9eb1-228cd3cf4edd0737879839
84f354b1-00ae-34ba-b443-ccd2efee613c,2026-06-29,1.745978,8a14f25e-1645-3406-a19d-b9806ef569954307313451
85cb1e88-d121-35a6-a362-3cdc80917d44,2026-06-29,301.776103,1671f2df-523c-3e25-a845-e2ad655275ec3253687227
87ab0257-a9f6-3705-89f8-f63b9b8f2b0c,2026-06-29,10.780476,dd1dde98-5502-3952-90fe-dc66f816ed747906535428
8c2e2c06-5c7a-359a-8e69-0efdfb7e79bb,2026-06-29,13.543835,02b8249b-d351-36b0-8f66-387e9b5ecd765409838852
8c5b1f37-b3ea-3b4a-a4dd-fad03cfd11b6,2026-06-29,56.641243,5aa0a87f-17b4-3bc7-a55a-7d422bb28fcc9200948756
8cb2a7d2-f605-3df9-981a-2c02b1d1a4e0,2026-06-29,11.673773,c8409fd1-44f6-341e-aa4a-fcdd48e1dec91197407417
8dc72d59-3896-3d24-a51b-3a8a9e1c6713,2026-06-29,28.533435,2bb55a33-fdd0-39b0-8fa8-bf8f9e9997f59421453150
9317e817-504a-35a4-b7c3-68e90b432c45,2026-06-29,21.948372,bd68d9fe-0c5e-3648-8a84-d7649dbc11df2315333603
956008d9-c7c8-3450-a799-ccd802fc2078,2026-06-29,81.738516,ac8597c6-2e0c-3fce-bd96-0eeae07b92825791469057
960a5c04-f3ef-340c-af8a-48e88045ac24,2026-06-29,20.251088,485a6ee1-26d8-3d41-bd32-a72421af1a296123003165
9661bcb6-dd62-3576-b8b0-049874fff3a1,2026-06-29,5.936733,a765656c-b5ea-38d3-b817-93751b0015257870386126
96739dc1-9e37-3b11-8e79-e0a5a57062a1,2026-06-29,82.892047,7b60b05a-7946-3efd-a3a0-0ada59de74070619321536
9f49149d-e042-3a1f-bcae-0628143c89c0,2026-06-29,22.302068,1511a03d-af95-32d7-82d6-670e957e819a5636652911
9f556308-7e5a-375c-8130-c6284c3c5d5c,2026-06-29,22.548268,24110268-df67-321e-9581-bd29f27ea3618160468027
a0f95e73-3897-3dcc-9f5c-faad41b5219c,2026-06-29,139.313044,58b12641-aa5e-3c6d-97a0-f417dd0a469c4411625778
a2de86e5-02cf-3c93-9b40-f9629530b7d1,2026-06-29,621.210343,bcd56054-ac31-3e6f-a2d9-f156a299929c4047783680
a4897e9b-7fc7-3e17-9b47-a254a0b85f27,2026-06-29,7.608935,304ab23b-6984-3fe6-a3fb-aa744a4d6cd05946845157
a513bb7e-87ac-35cd-b4a2-6d23427bd2fa,2026-06-29,8.808632,481dceb1-1678-3a7e-b288-d7e2bf0c062a7786339993
a8e332b8-087a-38b0-8c1b-64db4efadc7a,2026-06-29,30.981809,47b681e7-c3d8-31f6-ab69-43f82db88fa66316703417
a96a11ac-c839-3a7d-8ca2-dd65ad906316,2026-06-29,67.546267,f0f3ba5d-6fb8-3960-852e-f6235a05b8309574349724
acadf00f-5359-3905-a13e-213d751bffb2,2026-06-29,4.464603,2852258a-e2bf-3b5a-ad87-7915c236685c5632583391
ae5f3d2e-f527-359d-8bcf-846f320f8e57,2026-06-29,22.449354,22f94015-ff23-3150-ae0f-9ef0bb188a207912060816
af753398-35e3-3c49-a7bb-31e2830197f3,2026-06-29,8.487863,b00ef48c-948b-3854-a6bb-ed2ca37487540169593901
b20c7e06-4ac3-32d4-be1f-8d8ca043e124,2026-06-29,38.91171,650b165d-6706-35fc-bfd9-fcbb4c66d7bc6712610403
b32150f1-1acd-3990-ad31-f63fed66b1cf,2026-06-29,57.872872,27222e5f-5d35-3311-be74-7f592e6bb2553842641276
b5344373-538f-3f37-8982-c97e3158144a,2026-06-29,8.657335,2a20868d-41a0-350b-abd7-08a3f9d834063257215959
b5b7bbb0-1312-34a4-8934-10fe49cea8ed,2026-06-29,41.30441,c1179ffe-16b5-3808-a61b-c697ad5655cd0958447347
b99742c8-7da0-3e81-ab3c-eb775e9f5d24,2026-06-29,36.998655,83de6687-9540-3db3-a6d6-f036d634a1c63930926163
bce50849-a0e7-3f2b-b22a-24ed60440705,2026-06-29,28.500553,ecbe8abc-16bb-3af7-8cf1-b6d262d3f9915691766209
bde82a06-b2ee-3309-b4b0-d268a38e4c2c,2026-06-29,154.362669,37f054fc-a7a4-3b27-aefa-23a338a7e9b08878786853
beac6842-6d1c-39f8-bd3d-f2cbddfe2e23,2026-06-29,25.622958,71933d57-e488-3aa3-b364-7c195cfded299062716503
beb1d1c6-4fa9-36a8-a06f-1dc58ab74161,2026-06-29,5.725702,69be3936-f12c-34ad-b6bc-7a9f397f7d580253357983
bf5e2c07-ebd1-3aab-ae92-933140999b06,2026-06-29,26.066578,e12f9949-3428-338b-a05b-b980386cf9872350056648
c0f8ab9f-4b7b-3f4f-b576-f80ad3cb5399,2026-06-29,15.875255,ae6fce59-c426-3691-b4cc-2e7f01a5433a0719674315
c3811eff-eb0f-3e83-943e-18b5d09919e4,2026-06-29,16.876088,b38c4c71-2ecc-3478-967b-30176508f2a82808970508
c3f4e978-22c4-3743-a4d7-8dc20df21654,2026-06-29,26.236197,08043945-b9cb-35c8-8007-ea153d9880273125348988
c4b4c934-c94d-3170-bd1b-d7737b2ab490,2026-06-29,6.295619,ddfedfb4-a197-3bc5-b5b9-3413d396c9d18520739647
c4ec5436-0c6f-389c-b83d-e1f34b408946,2026-06-29,10.632817,6d73a170-b659-36fe-bc67-1faa907dd4b49647063385
c6c1b9c0-072d-3dbf-accc-4c8643cc0c4a,2026-06-29,24.217186,8e833220-412d-3626-aef6-f1d8e255b8961584029669
c7599875-d64e-3ef2-8a6a-a218c4c24bfa,2026-06-29,10.286361,4acd48f6-3379-3b71-a45f-8ba6aad527457333951563
d098b8be-5fd2-3aaf-b08a-03443b43e413,2026-06-29,22.892798,ebfca532-8531-3093-b085-d9b06d8a505a5090987086
d320f92f-4cc3-395c-b6c7-3cb3c7cb3efe,2026-06-29,76.961601,db719257-f1df-3420-b485-acfb0da643a10140791541
d3c48311-d8dc-3e24-95dd-6d2bca767bff,2026-06-29,28.740537,84018d69-0a55-3d24-a877-97aaa31a46cf2815442486
d3d0b6a8-f422-3af5-a62e-826c20495095,2026-06-29,13.566842,9a1ea106-1b3c-358a-b321-05d0ef5590af7934449393
d6f76560-f2a1-3ae9-ab43-eaa1f2033306,2026-06-29,36.378166,df76341f-d9c1-31f1-a511-61e0bba9ac1a9330646801
d72106c4-021a-3b57-bf48-7b6f2c14df23,2026-06-29,13.460213,e7b18bc4-313f-33d3-ad46-7b5d777f74ca3565120826
d76f0b24-1370-3b6f-81fa-de61d93e7ebe,2026-06-29,4.992319,8bb85ae4-103e-305d-9e3e-d9c85ce4b4f27606140443
d834b72d-c2cc-391e-8a0c-c3f147eeb522,2026-06-29,24.833128,62331e5f-4437-3168-b6e9-aa00c1ae49235115900219
d85f6c3e-620f-3cc3-9005-9e1beefefdc6,2026-06-29,16.322935,7a3476cf-c702-35d8-ab2c-c3c41701130b3532848987
d86225ec-57c8-3039-9b73-5067e9668517,2026-06-29,2.422586,9befbbd8-c5ed-3abc-9d19-377736924de73675696583
d940c628-4e61-3954-9aee-1aa0a0b6e21f,2026-06-29,26.014059,cbf31122-ee58-37d2-a16f-5d8ff6fcc1cb8640751006
da8b7ad5-701e-38e4-af53-bcb52836386c,2026-06-29,8.875002,5a63d77e-0da6-3691-900f-f20d6593ab0a0016925614
de0bc8c0-4447-382c-b7c7-ce385510a49b,2026-06-29,38.712375,8d66b14e-bf47-35e5-b800-b55ca34760cf6094204743
dfc70541-9d37-355c-af06-9bf106459cdb,2026-06-29,6.384743,8d616aa1-7ca1-3b18-a990-d3dd7b63d8ea3801525816
e0ab7ac6-23e5-3ce5-aef4-d9e2e575bb7a,2026-06-29,4.72138,36f25be1-e4a7-34ea-a4d5-d394fb2065cc2046082019
e1ec776a-9a69-3e5d-a0c5-33a9250b1f19,2026-06-29,19.123209,8dbe6882-1128-323e-98cf-6c6c8fd5be7d0079256300
e2762d35-02bf-3212-869f-c8b0e7be182b,2026-06-29,55.675625,bd8b163f-0057-3ddc-93cb-786cf93c15bd3450373318
e402d019-6155-3bff-9228-4911ea446777,2026-06-29,81.242706,d454160e-2dc7-3ac7-86b9-e72c34ef16312394849607
e69f5e43-374e-3577-a194-03eca473eb86,2026-06-29,34.798363,b994cb0e-9aaf-3dbd-a0ab-315cc16c435c1107868581
e6a4f012-2129-36d0-bf2f-6e3c384f5497,2026-06-29,14.286321,30a74d31-d91b-3ff9-b591-0ed7882600e46693238563
e76bb8c7-e2ca-3a2e-96b4-7d3717dfbe06,2026-06-29,28.488578,e755d9a3-e083-3c09-8b82-e48bcb43e7f81851692813
e91fcfab-7cdf-31df-8933-e788688d8288,2026-06-29,23.419227,fe28678b-e200-3a9d-a1de-effda4879d2c1615844509
ea2319a1-87a9-39c7-978a-631828711569,2026-06-29,50.63507,aa7cd5d3-2fa7-342d-b330-88ea3eded8c73712328503
ebbf605d-a94c-3f16-9ae0-5449c87f4002,2026-06-29,53.709471,c01d7453-03eb-38be-bc95-24391aa315144796657446
eeaba3bd-0e65-3eff-80b8-bb415d1cdc89,2026-06-29,16.068234,6d3df8ea-2edd-3fc0-8f44-b14a5c9f858f7358431617
f02cc034-f8c6-39b7-afff-343b04ff2064,2026-06-29,18.565281,4a495ff6-34e1-3d8e-9177-445cdfd39d764430640857
f1809858-d9d7-3db3-8cc3-5793c598044c,2026-06-29,39.927259,7697f751-8371-30c0-81c8-fcc775cadf993437132586
f1ebcf2f-e51e-373c-b8af-374b6efced62,2026-06-29,29.880256,a96795c7-1ef3-330f-9a52-bd611b998fc53408195367
f28c27e1-116f-3bfa-87a3-a4aec05ef6ed,2026-06-29,39.136116,06747886-3cd5-3df7-b4e3-5300fd43ba8b6993791108
f37b1d54-4726-3503-b093-7096160494d8,2026-06-29,13.319507,0701ba50-1c05-393a-97d1-5f4023a8749c6116792851
f6d44ec5-a47a-3937-931c-9f8412b5fa88,2026-06-29,26.79301,6197876e-4ea6-3121-8a4b-12b6efea400a0240575023
fbb84839-d7f2-363f-a497-68b74f2449f2,2026-06-29,23.349867,76b88c0d-830b-38ed-91c8-6b3757820cc05429571885
fe5c2831-6d72-3f57-b5da-21037ecbeb2f,2026-06-29,11.821642,caac5c39-53fe-3b0e-a941-3f0559293a333871484605
030041c0-f398-3572-9c7e-3edf3d9d2ea3,2026-06-30,13.017209,123b8640-546f-3146-aac1-b5e3a45883358031893487
04f49ac6-5f35-3df9-b623-c026f24561e1,2026-06-30,48.312452,4ccf4637-f73f-3ea2-bd9d-89cd0876527e2011240689
06e33f1d-dda0-31b8-915e-bde6cf9b4012,2026-06-30,29.146892,5c1c68c1-feaf-3d3a-8a14-7e795d01c1ba6471737628
071015e8-3dae-3fe5-84fb-880f24672395,2026-06-30,47.627148,453d5359-3943-3fff-89a3-000f66b87f5c2508884910
0769202c-7965-32a1-8d36-1cd52b64377d,2026-06-30,2.192886,03bfca79-bd1d-3217-a8ee-b032e1a5d4279777514889
0bd9c8a1-cf25-3dfe-9380-6143b1183f53,2026-06-30,54.648616,7ff7d9b9-eb8b-35f9-9265-8dd933d6e5f40824718437
0d27bc97-59cd-32d0-9146-960993fea8f2,2026-06-30,5.253477,2f024d4b-7d63-3f13-9c02-6541cfb6efcb8610694866
0d66e094-d57b-3221-bdb4-ff9f2a6fa6b6,2026-06-30,56.518791,a1f98fd1-522c-331e-93df-e0e3c705c1c60127744720
0f7a9277-d005-30c0-8821-910389205cba,2026-06-30,4.444004,1498339f-636a-3ba6-8eaf-f82826cfc66b1703033271
1094d4eb-2c4b-3c82-bb41-36696a775289,2026-06-30,55.848671,8348db4d-a8ba-3dc8-b03d-3f8345e1ce081137124557
110fff46-fb0b-3e9a-9353-b15cf434f1b7,2026-06-30,10.832632,8266cc0f-826e-3c10-b1b7-12f6215fa3d12909001108
1176a69b-fd42-3989-9822-360026e942a4,2026-06-30,93.385654,4b6c12aa-31db-353f-9880-bcdca16d2c971125384531
15d19e1d-74b8-3948-867f-63a4a1188539,2026-06-30,56.703663,3a0da385-e669-30df-8f17-ee93aea6a3a63054977077
17e9c47e-62ba-33a6-96e1-95ad3c636d22,2026-06-30,48.916748,77974123-fa35-3834-90f5-d19a2e752e979650064655
18d39ce1-5a60-3a9e-9621-bfa693409e77,2026-06-30,10.642034,136386ac-0d76-3f46-b05e-ad2dc8a2fa238045910511
19fa59d6-c1b5-3e11-ba74-ad111de5584f,2026-06-30,356.743131,fc4e8c60-faee-3c94-be88-2bedfd49a32f0411781020
1bdab13f-7bc5-3e3d-81c9-f9179619fd90,2026-06-30,8.624973,5351c2cb-b7f7-3a9c-acd5-db63cfafda343248281033
1c3f0a45-334a-3810-b02a-7ba9181fca95,2026-06-30,28.529037,f25a1909-b1f5-354d-9179-29694f6ccd7b0794803399
1eae9205-92f7-36a7-94c5-cb082b3e7211,2026-06-30,17.344335,dd4f2862-ad2c-38c4-98b8-9dfedc77a2173206733718
21e18788-026e-37c1-9a0a-259c58a0fc50,2026-06-30,30.69798,6825bc20-32f9-371b-b653-a8454dd0cf4e9794303102
28cba5c0-c834-3c34-900a-9d6772fd9c30,2026-06-30,15.39937,1233b0a6-550e-3390-88ce-2a21eefafe917625072302
29513ef6-a0f9-30aa-b2a3-e67dd9c50f2d,2026-06-30,15.282774,4763c9d2-d480-368f-84c3-63cf0c346e577347437891
2fdf5375-31c8-3c6a-9cf3-12465dbec4a5,2026-06-30,24.018138,fd3e2044-7bf6-3813-acab-9043d4cbda0b6568880041
33a96067-0e23-3bf3-8d10-cbec5a261a65,2026-06-30,40.487035,4d63f0d2-85ca-3a28-b715-4147577bedb24364586828
363a066c-58b6-3bcf-a7b0-e9729a735ba7,2026-06-30,24.084565,29527eb9-d544-35c2-b9f1-bb262cf6b4159824252521
36f0982a-ff58-3c66-9847-439d640e7d96,2026-06-30,35.991706,50b96d70-0ca5-3d4f-bdec-3c9a5b48f6100810857519
3c828a67-8a44-3a18-a2db-213948c73e01,2026-06-30,22.810097,4b9e8129-de42-3612-a62a-b99391f3a1c36185507295
3e7f3808-bc28-36c7-8251-a028f5ff5644,2026-06-30,44.524832,18ddeade-5928-3676-ae42-029acd2d6bcb2570795136
3f3adad3-22df-3188-a572-bab43c8f0258,2026-06-30,101.51434,b2628cd8-ae87-339b-8a4a-eb87332124ab1738661597
3fe600f0-c808-3676-90fe-909ea8b83ca6,2026-06-30,5.906973,89445095-871b-3498-be52-e63f6b0e774b5355986831
41219c74-897b-3ca9-87e5-43da9041ddd3,2026-06-30,37.988797,fbfd204b-197f-3c6c-95b1-4733172f5fca0533189354
434188a4-f9da-364f-a6dc-53072f0ec1b3,2026-06-30,18.751802,e25f63b1-614b-3240-9c58-803a43e9bb435024428155
43cc96db-6d25-3ad3-9163-10247bdd66bf,2026-06-30,15.500906,9eddeeed-8808-33dc-9ba2-905a79c87f321161343299
460c19ec-738f-33e2-84b8-3a300f8ee989,2026-06-30,25.951155,96b09d04-ac8f-311f-bac8-ca0a14edd5799345959495
48a891ca-8770-3a95-9414-af5bad034e5a,2026-06-30,6.859514,6a2b2b4f-b163-3211-9417-7ab21b779b6e4168236426
48d69815-2eb5-3bb9-a39b-cbe1ceb52e99,2026-06-30,5.062419,6cfee349-1ef0-3fb2-815c-a8a1f54dfaf82072162601
4a7af055-4d5f-39bf-b0a0-3e957abd6b60,2026-06-30,25.867238,2d350fdb-0d58-3f71-94bc-a8c8ac08ee913457245518
4b3616f0-ccf1-31e3-810e-f668c2042b23,2026-06-30,21.721758,b68e0cee-582f-3f61-89e5-ca032d2062073327596356
4c8688bb-e063-39d5-af44-f884b8b1b22f,2026-06-30,85.156934,74ba4416-00a1-3f9b-8c10-30d3118fa7ce7583046913
4c9d57d4-cc8e-3ffa-a7a2-954c71ef5235,2026-06-30,38.012586,10cf198f-ca0e-3ab3-a33e-629868eaf1657063863282
4d8e0306-9402-312c-8735-520e75542ddf,2026-06-30,8.177295,fc890f93-7094-3cdc-9c17-a9bca9d2149d3600693627
4f630062-21f6-3266-9acd-c0827dbf5c05,2026-06-30,12.217669,8f29efaf-4f24-3d15-82d5-2fc874ce981c6011993181
509c1fe7-94b1-311d-9fd0-979b350e4d61,2026-06-30,106.53322,beeb8cb8-6b14-3b16-b8ec-735f810410575059189611
50be9c42-1c4b-3493-a07c-ffe59fd8491c,2026-06-30,56.801977,edb658c0-31b6-337f-a557-ae881cfe96142560471597
5113b093-acec-3c38-870f-b61a2dd6b880,2026-06-30,105.172568,6de2df31-0e47-37b7-af92-4257cf86aa933125819112
52412506-0a36-3bbc-b4ff-9579aa41f9b1,2026-06-30,3.913043,258df3e5-7e26-3a3f-9326-aace208da4a32337603841
524da203-40d7-33a6-8ab6-b21a0cef3c58,2026-06-30,23.343064,4b414f3b-b1d8-3f11-b80f-a4ce6c6d7a4c9655939769
5498a54c-7cf2-3cbb-85d5-1078aa3be4a7,2026-06-30,8.979543,7f2eff44-b501-3d88-8b7a-bc0819c1cbd05256736696
54de7dbc-3f9b-3702-b677-fee85da6201d,2026-06-30,4.944625,d44e39e8-4f08-3623-986b-2646518072bf1207235870
55ad8c29-20dc-320f-8c21-ac3dfd7685ea,2026-06-30,45.858576,59813d11-bc16-3001-915e-9a9eff70c57f6619407622
57437979-1053-38bc-8abf-3f9eba7ffc49,2026-06-30,25.318518,66cc36c9-6f31-3eff-8201-8a0a7f0bd59a0688159859
57d3f142-33f4-308b-ae84-b183cc99db1b,2026-06-30,12.770598,3347c53c-2e52-3fd7-91f9-f73a7872e66a1890146135
591e07f6-72df-366d-a512-d5ee900f7c15,2026-06-30,24.008595,abb3cf38-3fad-3baa-af44-c9b4d24608456857996865
5b4c7154-ad7e-3526-aa3c-45e89d71e721,2026-06-30,131.075626,a5074e62-50d5-364b-aeef-675c60c2ee493068298762
5d21d7da-3e33-3ab4-99ef-3ca2c2ff2c69,2026-06-30,13.957318,b03fc426-da51-3e1c-aa77-6b918bff0e513877121931
5fa5d9c4-22b7-39f7-a3b2-d521ea60b47b,2026-06-30,18.19904,ab4ba1b3-b598-3bfb-8df0-768a0df60d506177714931
6001b0b7-96fc-3fe1-aef1-329c8e2f62ce,2026-06-30,10.71793,6e29cd08-5d8b-32dd-baf0-fc5123d964c69692072979
617065f0-5c37-32d6-a3d6-dc223ac898b3,2026-06-30,21.697312,ae562d52-09ae-3863-b5f0-5ae580696f0f2844325743
6e8a1cb9-329d-3c5e-8d21-4c46a734d1e9,2026-06-30,52.986913,b038cfcb-9c1e-3cde-8676-1be4c1366b8b3024374020
75be5782-378c-39b7-8d80-e4225331c478,2026-06-30,10.498057,e1d9f528-91ca-3b5f-b9e2-c2bc6c32dd155877684651
75c008ab-9d95-3b45-b06c-1ba571bc7895,2026-06-30,10.683912,ec573df9-2361-3e56-a35c-cf369728a6f02624538703
760b65eb-45d9-332e-bbdd-15ad2c3223bc,2026-06-30,12.63356,4050495a-d74a-3f1b-b29d-db93ba2a71c15767916558
812c22d3-3843-3385-aa3b-aa8ae91b882a,2026-06-30,22.701648,e7cb4203-d63e-3d55-86b1-e2f3868974688509958032
82b47e6e-09d7-36e6-80ab-4506629ff46b,2026-06-30,47.483531,1695d743-ff11-3262-b7c5-f109ac7b016b5800029843
834aa49a-5a2a-30db-8385-ad60aed26cd7,2026-06-30,83.748694,4b2f77f6-8ea8-3f4d-8688-fe485e1dd22d6927009123
84851a10-43f1-3fc8-a358-06f529f15c33,2026-06-30,58.756908,209d6b5c-3879-3f87-9eb1-228cd3cf4edd0737879839
84f354b1-00ae-34ba-b443-ccd2efee613c,2026-06-30,4.068971,8a14f25e-1645-3406-a19d-b9806ef569954307313451
85cb1e88-d121-35a6-a362-3cdc80917d44,2026-06-30,484.363611,1671f2df-523c-3e25-a845-e2ad655275ec3253687227
87ab0257-a9f6-3705-89f8-f63b9b8f2b0c,2026-06-30,15.188639,dd1dde98-5502-3952-90fe-dc66f816ed747906535428
8c272368-ac0c-3bc7-9568-cfbb26f8e749,2026-06-30,9.059951,9ef76979-dca8-3c79-9b0c-a7e5b98cc4183178708115
8c2e2c06-5c7a-359a-8e69-0efdfb7e79bb,2026-06-30,11.07099,02b8249b-d351-36b0-8f66-387e9b5ecd765409838852
8ca30a12-e5f4-3017-8037-1616e9ddbb5b,2026-06-30,2.35123,d980087a-73cd-3a85-914f-0dbeb6da2ff07929331557
8cb2a7d2-f605-3df9-981a-2c02b1d1a4e0,2026-06-30,25.850899,c8409fd1-44f6-341e-aa4a-fcdd48e1dec91197407417
8ce3a609-9e37-3b54-a602-9b395e5f5a76,2026-06-30,39.186935,140ba20d-dc2d-30f1-8369-9f0fcb7417216954795985
8dc72d59-3896-3d24-a51b-3a8a9e1c6713,2026-06-30,16.024673,2bb55a33-fdd0-39b0-8fa8-bf8f9e9997f59421453150
929f777a-b8ac-3e16-8d77-e8ac77fd282c,2026-06-30,7.754147,1ffd69db-4324-35d3-bc6b-b90daffa00c05540448447
92de990d-30ce-38da-ad78-86a4a56c065b,2026-06-30,22.669116,5a8242fb-5aa7-3d5b-ac68-21ea53c5f9e87894148187
9317e817-504a-35a4-b7c3-68e90b432c45,2026-06-30,40.542944,bd68d9fe-0c5e-3648-8a84-d7649dbc11df2315333603
949ebf54-2340-343d-959a-0f34372577da,2026-06-30,63.111684,181570ff-51a4-3333-82ec-c322cfc915d01750361380
956008d9-c7c8-3450-a799-ccd802fc2078,2026-06-30,51.110844,ac8597c6-2e0c-3fce-bd96-0eeae07b92825791469057
9661bcb6-dd62-3576-b8b0-049874fff3a1,2026-06-30,6.284553,a765656c-b5ea-38d3-b817-93751b0015257870386126
96739dc1-9e37-3b11-8e79-e0a5a57062a1,2026-06-30,57.549721,7b60b05a-7946-3efd-a3a0-0ada59de74070619321536
9b195b8e-28d6-386e-8990-1a5bb4dd1bdb,2026-06-30,25.986377,193afc72-4494-30b1-beb3-cd4156f1c97d7901017989
9bddd6f0-dd41-333e-aac7-f757b18ea2aa,2026-06-30,28.889599,c6545cb9-33df-373c-8ac9-ce43225c9d986458695776
9f556308-7e5a-375c-8130-c6284c3c5d5c,2026-06-30,15.642919,24110268-df67-321e-9581-bd29f27ea3618160468027
a0f95e73-3897-3dcc-9f5c-faad41b5219c,2026-06-30,71.051666,58b12641-aa5e-3c6d-97a0-f417dd0a469c4411625778
a513bb7e-87ac-35cd-b4a2-6d23427bd2fa,2026-06-30,18.328118,481dceb1-1678-3a7e-b288-d7e2bf0c062a7786339993
a67cec0f-eda0-3d47-af0e-2bd3262a8cf9,2026-06-30,47.459055,edd1002d-960d-3956-8ea2-8ffafe4e3f780323661523
a8d7fd17-4556-3ba6-8223-e88d8ead8fb0,2026-06-30,19.438623,7d10e7ed-604b-3e03-a105-86eebe4f6d9d0233713485
ac429fef-9e6b-3e26-a5ea-3122c166230c,2026-06-30,43.268706,81f224a7-cb42-3ee9-9103-e81fcc20756c3353013338
af753398-35e3-3c49-a7bb-31e2830197f3,2026-06-30,23.175549,b00ef48c-948b-3854-a6bb-ed2ca37487540169593901
b08b0516-052f-31ca-baee-415f1e9f6c1d,2026-06-30,21.284142,8eb78258-dbd8-30ca-8e2f-f57e8806b9340333593055
b1d22b60-1492-37de-a246-db25e91bfb1f,2026-06-30,13.860543,ba855984-6afa-3f25-82a9-033558199c9b4291338588
b5344373-538f-3f37-8982-c97e3158144a,2026-06-30,6.804451,2a20868d-41a0-350b-abd7-08a3f9d834063257215959
b571b5d8-c91f-3776-86bd-22c88c5580c2,2026-06-30,31.851224,afafa873-61a8-38e0-8977-cd70cd270f449777286253
b7f8d590-1a7d-3745-82cc-9e0c966c6306,2026-06-30,17.345504,65f0ec49-73ce-37cb-a381-28e7217750090455003993
b99742c8-7da0-3e81-ab3c-eb775e9f5d24,2026-06-30,47.394382,83de6687-9540-3db3-a6d6-f036d634a1c63930926163
b9f874e5-bbd8-332a-9f2e-a024bb815cf9,2026-06-30,123.18616,0183e024-3556-38ab-8f83-a2397dc1c7ff0961989030
bce50849-a0e7-3f2b-b22a-24ed60440705,2026-06-30,16.298022,ecbe8abc-16bb-3af7-8cf1-b6d262d3f9915691766209
bde82a06-b2ee-3309-b4b0-d268a38e4c2c,2026-06-30,153.285624,37f054fc-a7a4-3b27-aefa-23a338a7e9b08878786853
beb1d1c6-4fa9-36a8-a06f-1dc58ab74161,2026-06-30,3.450469,69be3936-f12c-34ad-b6bc-7a9f397f7d580253357983
bf5e2c07-ebd1-3aab-ae92-933140999b06,2026-06-30,26.195518,e12f9949-3428-338b-a05b-b980386cf9872350056648
c039e4c8-9c3b-3ae3-a2e7-b54c85d2cac7,2026-06-30,90.612162,ef0e0898-3920-39d5-9050-8c57b5cbcd1c9155184466
c0f8ab9f-4b7b-3f4f-b576-f80ad3cb5399,2026-06-30,15.163713,ae6fce59-c426-3691-b4cc-2e7f01a5433a0719674315
c3f4e978-22c4-3743-a4d7-8dc20df21654,2026-06-30,30.514912,08043945-b9cb-35c8-8007-ea153d9880273125348988
c41f2431-16c5-3799-9be8-561415389d5f,2026-06-30,21.237977,35f5e81a-e25c-3ff4-892f-d89a5cfb53448046832917
c4b4c934-c94d-3170-bd1b-d7737b2ab490,2026-06-30,10.672267,ddfedfb4-a197-3bc5-b5b9-3413d396c9d18520739647
c4ec5436-0c6f-389c-b83d-e1f34b408946,2026-06-30,3.726716,6d73a170-b659-36fe-bc67-1faa907dd4b49647063385
c7599875-d64e-3ef2-8a6a-a218c4c24bfa,2026-06-30,3.694272,4acd48f6-3379-3b71-a45f-8ba6aad527457333951563
c8c964e3-6f43-33e9-8a11-e9eaf55933ba,2026-06-30,44.740591,db1bd750-5b46-3bea-9d82-c79a18a08d0d0806001910
ce7a22b8-f3c0-3690-acac-8b5a7bf4c798,2026-06-30,40.89963,75a3be66-cc33-35b3-aa17-355486d71eeb4926576029
d16b7d90-92be-3869-95a7-7d511669811b,2026-06-30,11.707293,760b5b15-f871-3327-a1ef-e07e6f4cc11c2795438507
d3c48311-d8dc-3e24-95dd-6d2bca767bff,2026-06-30,17.84404,84018d69-0a55-3d24-a877-97aaa31a46cf2815442486
d3d0b6a8-f422-3af5-a62e-826c20495095,2026-06-30,8.901946,9a1ea106-1b3c-358a-b321-05d0ef5590af7934449393
d6f76560-f2a1-3ae9-ab43-eaa1f2033306,2026-06-30,40.851261,df76341f-d9c1-31f1-a511-61e0bba9ac1a9330646801
d834b72d-c2cc-391e-8a0c-c3f147eeb522,2026-06-30,40.283744,62331e5f-4437-3168-b6e9-aa00c1ae49235115900219
d85f6c3e-620f-3cc3-9005-9e1beefefdc6,2026-06-30,16.842101,7a3476cf-c702-35d8-ab2c-c3c41701130b3532848987
da8b7ad5-701e-38e4-af53-bcb52836386c,2026-06-30,15.102424,5a63d77e-0da6-3691-900f-f20d6593ab0a0016925614
de0bc8c0-4447-382c-b7c7-ce385510a49b,2026-06-30,27.398005,8d66b14e-bf47-35e5-b800-b55ca34760cf6094204743
dee4128a-2091-303c-8411-15401a64ec03,2026-06-30,100.480039,7d2de236-8dd1-333c-b3b2-c7d8bd4250cd6306917490
dfc70541-9d37-355c-af06-9bf106459cdb,2026-06-30,11.917868,8d616aa1-7ca1-3b18-a990-d3dd7b63d8ea3801525816
e0ab7ac6-23e5-3ce5-aef4-d9e2e575bb7a,2026-06-30,1.64611,36f25be1-e4a7-34ea-a4d5-d394fb2065cc2046082019
e1ec776a-9a69-3e5d-a0c5-33a9250b1f19,2026-06-30,8.768838,8dbe6882-1128-323e-98cf-6c6c8fd5be7d0079256300
e69f5e43-374e-3577-a194-03eca473eb86,2026-06-30,39.166522,b994cb0e-9aaf-3dbd-a0ab-315cc16c435c1107868581
e6a4f012-2129-36d0-bf2f-6e3c384f5497,2026-06-30,14.234872,30a74d31-d91b-3ff9-b591-0ed7882600e46693238563
e76bb8c7-e2ca-3a2e-96b4-7d3717dfbe06,2026-06-30,22.95542,e755d9a3-e083-3c09-8b82-e48bcb43e7f81851692813
e91fcfab-7cdf-31df-8933-e788688d8288,2026-06-30,26.093669,fe28678b-e200-3a9d-a1de-effda4879d2c1615844509
ea2319a1-87a9-39c7-978a-631828711569,2026-06-30,12.131817,aa7cd5d3-2fa7-342d-b330-88ea3eded8c73712328503
ed0a8ed8-2282-3fec-82db-fafd297cdb61,2026-06-30,15.998693,4e3099ad-3bc5-3b23-837d-8c897adc8c894362553996
eeaba3bd-0e65-3eff-80b8-bb415d1cdc89,2026-06-30,41.378566,6d3df8ea-2edd-3fc0-8f44-b14a5c9f858f7358431617
f02cc034-f8c6-39b7-afff-343b04ff2064,2026-06-30,15.081311,4a495ff6-34e1-3d8e-9177-445cdfd39d764430640857
f0699448-f713-378f-9e30-ac35b4b0ddbb,2026-06-30,28.438699,0fcce33d-eb23-3f5d-946b-53b6afe198987280446281
f1809858-d9d7-3db3-8cc3-5793c598044c,2026-06-30,59.16342,7697f751-8371-30c0-81c8-fcc775cadf993437132586
f1ebcf2f-e51e-373c-b8af-374b6efced62,2026-06-30,40.009949,a96795c7-1ef3-330f-9a52-bd611b998fc53408195367
f2469968-f4ce-3c30-aece-76c96bba977f,2026-06-30,13.462007,c20d3ce4-526e-30be-a307-8d2e5de84a028227463090
f28c27e1-116f-3bfa-87a3-a4aec05ef6ed,2026-06-30,33.885177,06747886-3cd5-3df7-b4e3-5300fd43ba8b6993791108
f37b1d54-4726-3503-b093-7096160494d8,2026-06-30,33.488844,0701ba50-1c05-393a-97d1-5f4023a8749c6116792851
f55d8d9d-5df9-32e8-a43c-40e2d30fe83e,2026-06-30,18.125585,25ce49b4-0e30-37f6-83c9-8fdba57ec8554749707383
f5c21c69-5b03-320a-ae2e-2554aefff943,2026-06-30,72.108265,1733732a-abce-3040-96d5-89e43d8b44882339867108
fbb84839-d7f2-363f-a497-68b74f2449f2,2026-06-30,23.222911,76b88c0d-830b-38ed-91c8-6b3757820cc05429571885
fccc0510-f20a-3f28-bf3c-66cfe9fa99d1,2026-06-30,16.422565,218810c6-5f55-31ef-942d-6b8f7944e4a79796581507
fe5c2831-6d72-3f57-b5da-21037ecbeb2f,2026-06-30,6.491614,caac5c39-53fe-3b0e-a941-3f0559293a333871484605
02995d49-90df-31cf-97ba-5c229a76711f,2026-07-01,113.533368,16bfeb59-c1e9-3456-891d-bdc1da0007925452020064
030041c0-f398-3572-9c7e-3edf3d9d2ea3,2026-07-01,8.396494,123b8640-546f-3146-aac1-b5e3a45883358031893487
04f49ac6-5f35-3df9-b623-c026f24561e1,2026-07-01,38.692738,4ccf4637-f73f-3ea2-bd9d-89cd0876527e2011240689
0594d9cc-176f-3811-b8ff-1badba391ea1,2026-07-01,13.99617,7bf9e218-5646-3380-8098-8b14d617d4eb9836650145
0bd9c8a1-cf25-3dfe-9380-6143b1183f53,2026-07-01,80.813608,7ff7d9b9-eb8b-35f9-9265-8dd933d6e5f40824718437
0d27bc97-59cd-32d0-9146-960993fea8f2,2026-07-01,11.662236,2f024d4b-7d63-3f13-9c02-6541cfb6efcb8610694866
0d66e094-d57b-3221-bdb4-ff9f2a6fa6b6,2026-07-01,39.535972,a1f98fd1-522c-331e-93df-e0e3c705c1c60127744720
0f7a9277-d005-30c0-8821-910389205cba,2026-07-01,12.464734,1498339f-636a-3ba6-8eaf-f82826cfc66b1703033271
103be95c-0738-36fc-9aca-d07b1504909a,2026-07-01,98.545941,288d8971-0036-3b38-be44-cdab7d647fa95424134206
1094d4eb-2c4b-3c82-bb41-36696a775289,2026-07-01,72.132266,8348db4d-a8ba-3dc8-b03d-3f8345e1ce081137124557
1176a69b-fd42-3989-9822-360026e942a4,2026-07-01,66.933161,4b6c12aa-31db-353f-9880-bcdca16d2c971125384531
15d19e1d-74b8-3948-867f-63a4a1188539,2026-07-01,40.509422,3a0da385-e669-30df-8f17-ee93aea6a3a63054977077
176efb99-8d0f-325e-a3e0-daa08e876832,2026-07-01,18.218794,c3c60fed-2c36-3d97-8b89-35c5cbbebe232642944088
17e9c47e-62ba-33a6-96e1-95ad3c636d22,2026-07-01,38.625179,77974123-fa35-3834-90f5-d19a2e752e979650064655
18a6d5f8-3203-3934-be7c-fef235f8d5ee,2026-07-01,12.062968,d0fc809f-656e-31a8-9e5e-192c6b636f8d5430933548
1c3f0a45-334a-3810-b02a-7ba9181fca95,2026-07-01,28.645123,f25a1909-b1f5-354d-9179-29694f6ccd7b0794803399
1eae9205-92f7-36a7-94c5-cb082b3e7211,2026-07-01,22.107954,dd4f2862-ad2c-38c4-98b8-9dfedc77a2173206733718
2269fc50-2d42-3349-9d12-3bc08569d8ae,2026-07-01,21.869157,5bedbf8e-359c-38f3-981e-a44c610ee0489536718275
28cba5c0-c834-3c34-900a-9d6772fd9c30,2026-07-01,11.812888,1233b0a6-550e-3390-88ce-2a21eefafe917625072302
29513ef6-a0f9-30aa-b2a3-e67dd9c50f2d,2026-07-01,8.208219,4763c9d2-d480-368f-84c3-63cf0c346e577347437891
2fd79494-a377-3a29-a882-b11802cfee0c,2026-07-01,19.040481,e50f86b5-d7cd-3a80-a5b4-78c659980b001758781599
33a96067-0e23-3bf3-8d10-cbec5a261a65,2026-07-01,41.950408,4d63f0d2-85ca-3a28-b715-4147577bedb24364586828
3615a797-2def-32a3-a0ae-3a6e8eccf080,2026-07-01,22.396015,edfa21ff-76b9-3113-8d97-a175f873fb244866321730
363a066c-58b6-3bcf-a7b0-e9729a735ba7,2026-07-01,37.680066,29527eb9-d544-35c2-b9f1-bb262cf6b4159824252521
3ab4ce54-3bfa-3a09-8624-c69a02d77632,2026-07-01,2.115664,776a90be-9929-3c47-9f5d-5f73f58824c60497278972
3ec4aa61-73df-37f5-af33-ac50b24f1ab5,2026-07-01,35.373869,5530820d-9691-3c0b-895b-b218aa4b299c0225945614
3fe600f0-c808-3676-90fe-909ea8b83ca6,2026-07-01,2.359239,89445095-871b-3498-be52-e63f6b0e774b5355986831
41219c74-897b-3ca9-87e5-43da9041ddd3,2026-07-01,37.638504,fbfd204b-197f-3c6c-95b1-4733172f5fca0533189354
423348ca-0838-3372-a616-b4cda0468666,2026-07-01,7.33324,c36a6f4f-bea8-35b0-b824-2c970e256ac26805083472
434188a4-f9da-364f-a6dc-53072f0ec1b3,2026-07-01,38.56263,e25f63b1-614b-3240-9c58-803a43e9bb435024428155
43cc96db-6d25-3ad3-9163-10247bdd66bf,2026-07-01,13.196921,9eddeeed-8808-33dc-9ba2-905a79c87f321161343299
48a891ca-8770-3a95-9414-af5bad034e5a,2026-07-01,3.901348,6a2b2b4f-b163-3211-9417-7ab21b779b6e4168236426
48d69815-2eb5-3bb9-a39b-cbe1ceb52e99,2026-07-01,9.484559,6cfee349-1ef0-3fb2-815c-a8a1f54dfaf82072162601
4a7af055-4d5f-39bf-b0a0-3e957abd6b60,2026-07-01,13.499192,2d350fdb-0d58-3f71-94bc-a8c8ac08ee913457245518
4b3616f0-ccf1-31e3-810e-f668c2042b23,2026-07-01,22.065782,b68e0cee-582f-3f61-89e5-ca032d2062073327596356
4c9d57d4-cc8e-3ffa-a7a2-954c71ef5235,2026-07-01,59.531213,10cf198f-ca0e-3ab3-a33e-629868eaf1657063863282
4d62a2a6-a8bb-3084-8568-8b0c0e6c53f9,2026-07-01,14.21106,30709a03-df76-3a99-9f2c-8ccec86cb09e5850066452
4d8e0306-9402-312c-8735-520e75542ddf,2026-07-01,9.554029,fc890f93-7094-3cdc-9c17-a9bca9d2149d3600693627
4f630062-21f6-3266-9acd-c0827dbf5c05,2026-07-01,8.541732,8f29efaf-4f24-3d15-82d5-2fc874ce981c6011993181
5060be3d-9bbb-3f4e-955c-625e4390c6b7,2026-07-01,14.032425,2aff5a14-b04c-3fb3-98e6-5f847371e3ff9195279440
509c1fe7-94b1-311d-9fd0-979b350e4d61,2026-07-01,87.325087,beeb8cb8-6b14-3b16-b8ec-735f810410575059189611
50be9c42-1c4b-3493-a07c-ffe59fd8491c,2026-07-01,39.398604,edb658c0-31b6-337f-a557-ae881cfe96142560471597
5113b093-acec-3c38-870f-b61a2dd6b880,2026-07-01,73.033062,6de2df31-0e47-37b7-af92-4257cf86aa933125819112
54de7dbc-3f9b-3702-b677-fee85da6201d,2026-07-01,5.871953,d44e39e8-4f08-3623-986b-2646518072bf1207235870
55b0607e-f635-348a-bc83-f4e52515b7ec,2026-07-01,15.750415,118c8a35-e628-36a2-8499-91a87fa954ea9600440361
5656dbc0-5497-3227-a829-fd8eb574450e,2026-07-01,41.811389,a203c081-9992-358a-b291-2006588558ba6822670837
57437979-1053-38bc-8abf-3f9eba7ffc49,2026-07-01,19.413945,66cc36c9-6f31-3eff-8201-8a0a7f0bd59a0688159859
591e07f6-72df-366d-a512-d5ee900f7c15,2026-07-01,33.23463,abb3cf38-3fad-3baa-af44-c9b4d24608456857996865
5a91fc01-e54a-36cc-b759-44260109d8b8,2026-07-01,3.329839,1356d797-66bc-3a72-b11f-7b3084dc9d272348624974
5b4c7154-ad7e-3526-aa3c-45e89d71e721,2026-07-01,70.659173,a5074e62-50d5-364b-aeef-675c60c2ee493068298762
5cb2e039-2dc8-3bad-9d23-4bfddc143afe,2026-07-01,73.548559,8a29b19a-f05e-35e9-8df7-d99b28bf8a8d3280431943
5d6ffe35-085b-3fc0-abf7-9f02a5c4fb33,2026-07-01,19.824363,03ffa46d-2a01-3d1e-b2b7-afc51d9158352243231721
617065f0-5c37-32d6-a3d6-dc223ac898b3,2026-07-01,12.400391,ae562d52-09ae-3863-b5f0-5ae580696f0f2844325743
6c21f96e-4015-302f-a95a-0918b22b3ad8,2026-07-01,11.964613,2083bc7f-bc65-3533-b831-de38c4ce41a85705530326
6e8a1cb9-329d-3c5e-8d21-4c46a734d1e9,2026-07-01,56.200959,b038cfcb-9c1e-3cde-8676-1be4c1366b8b3024374020
7254494c-fbeb-3dc4-80ee-30c6f6c22599,2026-07-01,16.992798,64848290-d9fb-3103-b306-a0129738ec0d3937403775
72e3323e-cebd-3aa6-a736-9022afb37e21,2026-07-01,31.430599,dd1d2448-04ec-3dd9-9b0e-69f5e79a93407723570593
745d78f2-7f7a-3cdd-af4f-c4c3f0a18dbb,2026-07-01,26.375526,f1df5283-191c-30dd-b238-da858232e5d08985022611
74cd4f7c-116b-3316-bf7f-eb46458694da,2026-07-01,85.518485,755c3974-2d2b-3242-8001-42f3d96983649032632994
75be5782-378c-39b7-8d80-e4225331c478,2026-07-01,14.937303,e1d9f528-91ca-3b5f-b9e2-c2bc6c32dd155877684651
75c008ab-9d95-3b45-b06c-1ba571bc7895,2026-07-01,3.930193,ec573df9-2361-3e56-a35c-cf369728a6f02624538703
760b65eb-45d9-332e-bbdd-15ad2c3223bc,2026-07-01,38.660277,4050495a-d74a-3f1b-b29d-db93ba2a71c15767916558
781a0729-d247-332a-a718-196cd4f0844f,2026-07-01,5.115737,c926082b-f5ea-39f0-9b3a-e5bce96b47c35305695375
7825a025-23b9-3955-84e6-3a54c38e86e4,2026-07-01,19.74399,944aa6d5-032b-30c6-b177-dba1d9d44f1a2385396646
79874361-3477-38db-9fbd-fc39d1713d69,2026-07-01,19.399264,241900d5-f58b-3b3f-8abc-638d1ad78e024760008737
7a81ce3b-6d3e-3961-8d22-eadf3f5ec0bc,2026-07-01,14.382582,d3e55948-76d9-3a03-928c-dedc44e782891389752743
7f426754-4ea5-368b-9dba-da1364040455,2026-07-01,13.982181,cd02aa00-f588-3d6d-9bb6-d1cb464046df4699798471
7feb497b-3ee8-39fa-9cfd-72a898f4cf47,2026-07-01,12.698448,90e6638a-edc1-308e-9f27-d8a3719440025129345869
812c22d3-3843-3385-aa3b-aa8ae91b882a,2026-07-01,14.847581,e7cb4203-d63e-3d55-86b1-e2f3868974688509958032
83ac466b-0a2c-3b9f-bc16-cc1733598dc1,2026-07-01,39.34602,fbb1458a-bb03-3a59-81a7-c4bfa04cd8482348091600
84851a10-43f1-3fc8-a358-06f529f15c33,2026-07-01,38.306993,209d6b5c-3879-3f87-9eb1-228cd3cf4edd0737879839
84dcbd6d-e273-316b-8912-4ed74ff8a9be,2026-07-01,31.117682,a26b9066-44c7-31c3-b9fa-04e255b439490462824831
84f354b1-00ae-34ba-b443-ccd2efee613c,2026-07-01,4.486044,8a14f25e-1645-3406-a19d-b9806ef569954307313451
87ab0257-a9f6-3705-89f8-f63b9b8f2b0c,2026-07-01,6.30675,dd1dde98-5502-3952-90fe-dc66f816ed747906535428
8c272368-ac0c-3bc7-9568-cfbb26f8e749,2026-07-01,12.106685,9ef76979-dca8-3c79-9b0c-a7e5b98cc4183178708115
8c2e2c06-5c7a-359a-8e69-0efdfb7e79bb,2026-07-01,30.552649,02b8249b-d351-36b0-8f66-387e9b5ecd765409838852
8cb2a7d2-f605-3df9-981a-2c02b1d1a4e0,2026-07-01,18.929261,c8409fd1-44f6-341e-aa4a-fcdd48e1dec91197407417
8ce3a609-9e37-3b54-a602-9b395e5f5a76,2026-07-01,7.387357,140ba20d-dc2d-30f1-8369-9f0fcb7417216954795985
8dc72d59-3896-3d24-a51b-3a8a9e1c6713,2026-07-01,25.711064,2bb55a33-fdd0-39b0-8fa8-bf8f9e9997f59421453150
8e914a83-9f14-3c6e-8220-79cebd75eda8,2026-07-01,14.139009,561fc8fa-c73c-3cf0-a4da-ce7cc8fda80f4105333844
911d2093-d19c-3f31-815c-a2815fcd3901,2026-07-01,126.758461,f08546be-1bd1-3bd9-a186-1ac364a028663840464235
9317e817-504a-35a4-b7c3-68e90b432c45,2026-07-01,26.919127,bd68d9fe-0c5e-3648-8a84-d7649dbc11df2315333603
956008d9-c7c8-3450-a799-ccd802fc2078,2026-07-01,39.543535,ac8597c6-2e0c-3fce-bd96-0eeae07b92825791469057
9661bcb6-dd62-3576-b8b0-049874fff3a1,2026-07-01,1.423154,a765656c-b5ea-38d3-b817-93751b0015257870386126
96739dc1-9e37-3b11-8e79-e0a5a57062a1,2026-07-01,84.514966,7b60b05a-7946-3efd-a3a0-0ada59de74070619321536
96be8df1-0628-3c17-acd8-50a096438ea0,2026-07-01,33.74359,7b8d6a5a-3256-3096-8208-171b7eaab4737311108557
9b195b8e-28d6-386e-8990-1a5bb4dd1bdb,2026-07-01,14.148172,193afc72-4494-30b1-beb3-cd4156f1c97d7901017989
9bddd6f0-dd41-333e-aac7-f757b18ea2aa,2026-07-01,33.440519,c6545cb9-33df-373c-8ac9-ce43225c9d986458695776
9f49149d-e042-3a1f-bcae-0628143c89c0,2026-07-01,29.844756,1511a03d-af95-32d7-82d6-670e957e819a5636652911
9f556308-7e5a-375c-8130-c6284c3c5d5c,2026-07-01,17.259934,24110268-df67-321e-9581-bd29f27ea3618160468027
a2de86e5-02cf-3c93-9b40-f9629530b7d1,2026-07-01,695.062272,bcd56054-ac31-3e6f-a2d9-f156a299929c4047783680
a4897e9b-7fc7-3e17-9b47-a254a0b85f27,2026-07-01,21.28049,304ab23b-6984-3fe6-a3fb-aa744a4d6cd05946845157
a5068583-4849-35ce-900f-e2ce7f309840,2026-07-01,33.621452,ccacfe15-f7bf-3c92-9308-98112a74aa440314647208
a513bb7e-87ac-35cd-b4a2-6d23427bd2fa,2026-07-01,8.287227,481dceb1-1678-3a7e-b288-d7e2bf0c062a7786339993
a8e332b8-087a-38b0-8c1b-64db4efadc7a,2026-07-01,23.028434,47b681e7-c3d8-31f6-ab69-43f82db88fa66316703417
ad759908-6038-3c75-a6b2-7fd42a8a03f7,2026-07-01,41.780414,2ad373ae-0c89-3393-8c68-e3126543594f3130901658
af753398-35e3-3c49-a7bb-31e2830197f3,2026-07-01,8.773363,b00ef48c-948b-3854-a6bb-ed2ca37487540169593901
b32150f1-1acd-3990-ad31-f63fed66b1cf,2026-07-01,37.864034,27222e5f-5d35-3311-be74-7f592e6bb2553842641276
b571b5d8-c91f-3776-86bd-22c88c5580c2,2026-07-01,43.151527,afafa873-61a8-38e0-8977-cd70cd270f449777286253
b7f8d590-1a7d-3745-82cc-9e0c966c6306,2026-07-01,13.240278,65f0ec49-73ce-37cb-a381-28e7217750090455003993
b99742c8-7da0-3e81-ab3c-eb775e9f5d24,2026-07-01,73.97252,83de6687-9540-3db3-a6d6-f036d634a1c63930926163
b9f874e5-bbd8-332a-9f2e-a024bb815cf9,2026-07-01,70.643696,0183e024-3556-38ab-8f83-a2397dc1c7ff0961989030
bce50849-a0e7-3f2b-b22a-24ed60440705,2026-07-01,14.768859,ecbe8abc-16bb-3af7-8cf1-b6d262d3f9915691766209
bde82a06-b2ee-3309-b4b0-d268a38e4c2c,2026-07-01,56.304044,37f054fc-a7a4-3b27-aefa-23a338a7e9b08878786853
beac6842-6d1c-39f8-bd3d-f2cbddfe2e23,2026-07-01,42.504604,71933d57-e488-3aa3-b364-7c195cfded299062716503
beb1d1c6-4fa9-36a8-a06f-1dc58ab74161,2026-07-01,6.198596,69be3936-f12c-34ad-b6bc-7a9f397f7d580253357983
bf5e2c07-ebd1-3aab-ae92-933140999b06,2026-07-01,8.511538,e12f9949-3428-338b-a05b-b980386cf9872350056648
c0f8ab9f-4b7b-3f4f-b576-f80ad3cb5399,2026-07-01,10.58013,ae6fce59-c426-3691-b4cc-2e7f01a5433a0719674315
c3811eff-eb0f-3e83-943e-18b5d09919e4,2026-07-01,19.180382,b38c4c71-2ecc-3478-967b-30176508f2a82808970508
c3f4e978-22c4-3743-a4d7-8dc20df21654,2026-07-01,20.506159,08043945-b9cb-35c8-8007-ea153d9880273125348988
c41f2431-16c5-3799-9be8-561415389d5f,2026-07-01,7.512569,35f5e81a-e25c-3ff4-892f-d89a5cfb53448046832917
c4b4c934-c94d-3170-bd1b-d7737b2ab490,2026-07-01,23.652443,ddfedfb4-a197-3bc5-b5b9-3413d396c9d18520739647
c4ec5436-0c6f-389c-b83d-e1f34b408946,2026-07-01,8.209659,6d73a170-b659-36fe-bc67-1faa907dd4b49647063385
c6c1b9c0-072d-3dbf-accc-4c8643cc0c4a,2026-07-01,16.830096,8e833220-412d-3626-aef6-f1d8e255b8961584029669
c7599875-d64e-3ef2-8a6a-a218c4c24bfa,2026-07-01,8.684771,4acd48f6-3379-3b71-a45f-8ba6aad527457333951563
c8c964e3-6f43-33e9-8a11-e9eaf55933ba,2026-07-01,69.512304,db1bd750-5b46-3bea-9d82-c79a18a08d0d0806001910
cce1c127-2ff8-3ea0-a9b8-2df2cd888b5b,2026-07-01,68.544342,40fb0c0c-0006-3ab6-84ec-5dc4198294863739942525
cdcbe271-7336-35c3-a44f-1a90281b0857,2026-07-01,14.925528,cc4a0181-1f8b-3069-891f-8f8303116f410950083050
ce7a22b8-f3c0-3690-acac-8b5a7bf4c798,2026-07-01,17.526068,75a3be66-cc33-35b3-aa17-355486d71eeb4926576029
d098b8be-5fd2-3aaf-b08a-03443b43e413,2026-07-01,11.832487,ebfca532-8531-3093-b085-d9b06d8a505a5090987086
d16b7d90-92be-3869-95a7-7d511669811b,2026-07-01,25.475625,760b5b15-f871-3327-a1ef-e07e6f4cc11c2795438507
d3c48311-d8dc-3e24-95dd-6d2bca767bff,2026-07-01,17.115976,84018d69-0a55-3d24-a877-97aaa31a46cf2815442486
d3d0b6a8-f422-3af5-a62e-826c20495095,2026-07-01,30.188404,9a1ea106-1b3c-358a-b321-05d0ef5590af7934449393
d6f76560-f2a1-3ae9-ab43-eaa1f2033306,2026-07-01,39.902621,df76341f-d9c1-31f1-a511-61e0bba9ac1a9330646801
d834b72d-c2cc-391e-8a0c-c3f147eeb522,2026-07-01,17.921791,62331e5f-4437-3168-b6e9-aa00c1ae49235115900219
d85f6c3e-620f-3cc3-9005-9e1beefefdc6,2026-07-01,9.009136,7a3476cf-c702-35d8-ab2c-c3c41701130b3532848987
d86225ec-57c8-3039-9b73-5067e9668517,2026-07-01,4.101883,9befbbd8-c5ed-3abc-9d19-377736924de73675696583
da8b7ad5-701e-38e4-af53-bcb52836386c,2026-07-01,25.393741,5a63d77e-0da6-3691-900f-f20d6593ab0a0016925614
de0bc8c0-4447-382c-b7c7-ce385510a49b,2026-07-01,42.761387,8d66b14e-bf47-35e5-b800-b55ca34760cf6094204743
dee4128a-2091-303c-8411-15401a64ec03,2026-07-01,75.687934,7d2de236-8dd1-333c-b3b2-c7d8bd4250cd6306917490
dfc70541-9d37-355c-af06-9bf106459cdb,2026-07-01,20.515073,8d616aa1-7ca1-3b18-a990-d3dd7b63d8ea3801525816
e059f4f2-66b1-346c-8a33-8c16446a8657,2026-07-01,19.082692,2a7ac4ba-1536-3186-93b2-a2c27853a79e9011911429
e0ab7ac6-23e5-3ce5-aef4-d9e2e575bb7a,2026-07-01,4.393969,36f25be1-e4a7-34ea-a4d5-d394fb2065cc2046082019
e1ec776a-9a69-3e5d-a0c5-33a9250b1f19,2026-07-01,15.780495,8dbe6882-1128-323e-98cf-6c6c8fd5be7d0079256300
e402d019-6155-3bff-9228-4911ea446777,2026-07-01,50.791301,d454160e-2dc7-3ac7-86b9-e72c34ef16312394849607
e69f5e43-374e-3577-a194-03eca473eb86,2026-07-01,50.309053,b994cb0e-9aaf-3dbd-a0ab-315cc16c435c1107868581
e6a4f012-2129-36d0-bf2f-6e3c384f5497,2026-07-01,16.009141,30a74d31-d91b-3ff9-b591-0ed7882600e46693238563
e71fe34e-9aa5-3ade-8054-a639af523373,2026-07-01,10.512166,b1e661de-87c5-37a4-b0ad-b47b375e798f8517162525
e76bb8c7-e2ca-3a2e-96b4-7d3717dfbe06,2026-07-01,30.209221,e755d9a3-e083-3c09-8b82-e48bcb43e7f81851692813
e83f5cbe-8539-3cbd-b749-7896bd48c47e,2026-07-01,70.502572,f37ca06e-914d-302f-a8eb-903b7734c0c39455202918
e91fcfab-7cdf-31df-8933-e788688d8288,2026-07-01,4.229392,fe28678b-e200-3a9d-a1de-effda4879d2c1615844509
ea133f80-908c-3a40-af86-f0745e517fd2,2026-07-01,37.305962,7111b6e6-9d33-3f84-ae08-89cafad819261967282058
ed0a8ed8-2282-3fec-82db-fafd297cdb61,2026-07-01,12.962769,4e3099ad-3bc5-3b23-837d-8c897adc8c894362553996
eeaba3bd-0e65-3eff-80b8-bb415d1cdc89,2026-07-01,14.500886,6d3df8ea-2edd-3fc0-8f44-b14a5c9f858f7358431617
f02cc034-f8c6-39b7-afff-343b04ff2064,2026-07-01,12.38683,4a495ff6-34e1-3d8e-9177-445cdfd39d764430640857
f0699448-f713-378f-9e30-ac35b4b0ddbb,2026-07-01,31.611067,0fcce33d-eb23-3f5d-946b-53b6afe198987280446281
f166b497-832f-3b26-8149-b36820a1aebe,2026-07-01,3.258799,a7ce6c88-3186-35ed-a793-f40dc624f2bc4233811371
f28c27e1-116f-3bfa-87a3-a4aec05ef6ed,2026-07-01,60.627344,06747886-3cd5-3df7-b4e3-5300fd43ba8b6993791108
f37b1d54-4726-3503-b093-7096160494d8,2026-07-01,6.337464,0701ba50-1c05-393a-97d1-5f4023a8749c6116792851
f55d8d9d-5df9-32e8-a43c-40e2d30fe83e,2026-07-01,15.017967,25ce49b4-0e30-37f6-83c9-8fdba57ec8554749707383
f5c21c69-5b03-320a-ae2e-2554aefff943,2026-07-01,77.266923,1733732a-abce-3040-96d5-89e43d8b44882339867108
f6d44ec5-a47a-3937-931c-9f8412b5fa88,2026-07-01,10.839759,6197876e-4ea6-3121-8a4b-12b6efea400a0240575023
fbb84839-d7f2-363f-a497-68b74f2449f2,2026-07-01,24.45117,76b88c0d-830b-38ed-91c8-6b3757820cc05429571885
fccc0510-f20a-3f28-bf3c-66cfe9fa99d1,2026-07-01,14.840053,218810c6-5f55-31ef-942d-6b8f7944e4a79796581507
fe5c2831-6d72-3f57-b5da-21037ecbeb2f,2026-07-01,6.525161,caac5c39-53fe-3b0e-a941-3f0559293a333871484605
030041c0-f398-3572-9c7e-3edf3d9d2ea3,2026-07-02,2.886801,123b8640-546f-3146-aac1-b5e3a45883358031893487
0388e0d9-8d10-3b74-a111-fdac480a0825,2026-07-02,23.739829,6ebc7d27-88d5-35f2-857d-fc6f145b17b60057015050
0594d9cc-176f-3811-b8ff-1badba391ea1,2026-07-02,5.220655,7bf9e218-5646-3380-8098-8b14d617d4eb9836650145
06e33f1d-dda0-31b8-915e-bde6cf9b4012,2026-07-02,23.246409,5c1c68c1-feaf-3d3a-8a14-7e795d01c1ba6471737628
0769202c-7965-32a1-8d36-1cd52b64377d,2026-07-02,10.307242,03bfca79-bd1d-3217-a8ee-b032e1a5d4279777514889
0d06916c-fc74-37b3-8630-7f2eb8b27347,2026-07-02,45.434403,56ab425a-78d4-3e53-8a5d-bee6cc2ff1583272396058
0d27bc97-59cd-32d0-9146-960993fea8f2,2026-07-02,5.564322,2f024d4b-7d63-3f13-9c02-6541cfb6efcb8610694866
0d66e094-d57b-3221-bdb4-ff9f2a6fa6b6,2026-07-02,33.03325,a1f98fd1-522c-331e-93df-e0e3c705c1c60127744720
0f7a9277-d005-30c0-8821-910389205cba,2026-07-02,12.85793,1498339f-636a-3ba6-8eaf-f82826cfc66b1703033271
103be95c-0738-36fc-9aca-d07b1504909a,2026-07-02,75.572001,288d8971-0036-3b38-be44-cdab7d647fa95424134206
1094d4eb-2c4b-3c82-bb41-36696a775289,2026-07-02,78.611936,8348db4d-a8ba-3dc8-b03d-3f8345e1ce081137124557
15f19ccf-5f54-370e-914a-19ef0d6e7bfe,2026-07-02,144.058464,d0dca904-0a39-3f70-8f24-23b3f8543cae9283252446
176efb99-8d0f-325e-a3e0-daa08e876832,2026-07-02,18.830022,c3c60fed-2c36-3d97-8b89-35c5cbbebe232642944088
17e9c47e-62ba-33a6-96e1-95ad3c636d22,2026-07-02,94.662772,77974123-fa35-3834-90f5-d19a2e752e979650064655
19008d6d-be6f-38f0-8a72-4525e9b98022,2026-07-02,53.915059,4201befe-1bec-3dec-bd92-ac10a986017a9798478753
19fa59d6-c1b5-3e11-ba74-ad111de5584f,2026-07-02,211.469774,fc4e8c60-faee-3c94-be88-2bedfd49a32f0411781020
1b8ddec0-0b4d-34e9-a40b-e101144894e2,2026-07-02,7.669849,7913fc41-b771-3463-b2f6-c7c93d21f25a9278554410
1bdab13f-7bc5-3e3d-81c9-f9179619fd90,2026-07-02,9.092471,5351c2cb-b7f7-3a9c-acd5-db63cfafda343248281033
1c3f0a45-334a-3810-b02a-7ba9181fca95,2026-07-02,17.541324,f25a1909-b1f5-354d-9179-29694f6ccd7b0794803399
1eae9205-92f7-36a7-94c5-cb082b3e7211,2026-07-02,12.612028,dd4f2862-ad2c-38c4-98b8-9dfedc77a2173206733718
2111daa9-5dbb-36aa-b675-efab46559d5d,2026-07-02,5.120205,93fc0a2e-adf6-3b5c-a38a-8aaf0af2466c8463812397
2269fc50-2d42-3349-9d12-3bc08569d8ae,2026-07-02,12.262445,5bedbf8e-359c-38f3-981e-a44c610ee0489536718275
2331b8d4-3563-3b2b-8bf1-ee54a482c609,2026-07-02,3.703359,0c4befad-a90a-3f28-8b16-9dd39cf80ecc8123775477
28cba5c0-c834-3c34-900a-9d6772fd9c30,2026-07-02,38.891041,1233b0a6-550e-3390-88ce-2a21eefafe917625072302
2fd79494-a377-3a29-a882-b11802cfee0c,2026-07-02,16.270808,e50f86b5-d7cd-3a80-a5b4-78c659980b001758781599
2fdf5375-31c8-3c6a-9cf3-12465dbec4a5,2026-07-02,20.012725,fd3e2044-7bf6-3813-acab-9043d4cbda0b6568880041
33a96067-0e23-3bf3-8d10-cbec5a261a65,2026-07-02,26.02111,4d63f0d2-85ca-3a28-b715-4147577bedb24364586828
363a066c-58b6-3bcf-a7b0-e9729a735ba7,2026-07-02,25.054325,29527eb9-d544-35c2-b9f1-bb262cf6b4159824252521
3ab4ce54-3bfa-3a09-8624-c69a02d77632,2026-07-02,2.378637,776a90be-9929-3c47-9f5d-5f73f58824c60497278972
3c828a67-8a44-3a18-a2db-213948c73e01,2026-07-02,29.376468,4b9e8129-de42-3612-a62a-b99391f3a1c36185507295
3fe600f0-c808-3676-90fe-909ea8b83ca6,2026-07-02,7.940195,89445095-871b-3498-be52-e63f6b0e774b5355986831
41219c74-897b-3ca9-87e5-43da9041ddd3,2026-07-02,22.912352,fbfd204b-197f-3c6c-95b1-4733172f5fca0533189354
4333cd5c-141e-38a1-af2a-a7df714feddb,2026-07-02,13.323654,3c3bc593-75a7-3bce-b04f-0d15bea76c784217531826
43538921-75c3-3004-917b-51c3d8e2a3a6,2026-07-02,36.049907,e213be6c-e983-37d3-b47d-03cfedb25b867590845836
48a891ca-8770-3a95-9414-af5bad034e5a,2026-07-02,9.985409,6a2b2b4f-b163-3211-9417-7ab21b779b6e4168236426
48d69815-2eb5-3bb9-a39b-cbe1ceb52e99,2026-07-02,16.731941,6cfee349-1ef0-3fb2-815c-a8a1f54dfaf82072162601
4a7af055-4d5f-39bf-b0a0-3e957abd6b60,2026-07-02,63.505378,2d350fdb-0d58-3f71-94bc-a8c8ac08ee913457245518
4b3616f0-ccf1-31e3-810e-f668c2042b23,2026-07-02,39.698828,b68e0cee-582f-3f61-89e5-ca032d2062073327596356
4c8688bb-e063-39d5-af44-f884b8b1b22f,2026-07-02,40.739009,74ba4416-00a1-3f9b-8c10-30d3118fa7ce7583046913
4c9d57d4-cc8e-3ffa-a7a2-954c71ef5235,2026-07-02,34.744119,10cf198f-ca0e-3ab3-a33e-629868eaf1657063863282
4d8e0306-9402-312c-8735-520e75542ddf,2026-07-02,12.651336,fc890f93-7094-3cdc-9c17-a9bca9d2149d3600693627
4f630062-21f6-3266-9acd-c0827dbf5c05,2026-07-02,7.129454,8f29efaf-4f24-3d15-82d5-2fc874ce981c6011993181
509c1fe7-94b1-311d-9fd0-979b350e4d61,2026-07-02,87.853472,beeb8cb8-6b14-3b16-b8ec-735f810410575059189611
50be9c42-1c4b-3493-a07c-ffe59fd8491c,2026-07-02,52.811264,edb658c0-31b6-337f-a557-ae881cfe96142560471597
524da203-40d7-33a6-8ab6-b21a0cef3c58,2026-07-02,17.159973,4b414f3b-b1d8-3f11-b80f-a4ce6c6d7a4c9655939769
5498a54c-7cf2-3cbb-85d5-1078aa3be4a7,2026-07-02,36.648759,7f2eff44-b501-3d88-8b7a-bc0819c1cbd05256736696
54de7dbc-3f9b-3702-b677-fee85da6201d,2026-07-02,8.526694,d44e39e8-4f08-3623-986b-2646518072bf1207235870
55ad8c29-20dc-320f-8c21-ac3dfd7685ea,2026-07-02,27.74881,59813d11-bc16-3001-915e-9a9eff70c57f6619407622
55b0607e-f635-348a-bc83-f4e52515b7ec,2026-07-02,13.231769,118c8a35-e628-36a2-8499-91a87fa954ea9600440361
5656dbc0-5497-3227-a829-fd8eb574450e,2026-07-02,38.214905,a203c081-9992-358a-b291-2006588558ba6822670837
56ab4ff8-d4a1-314d-82eb-cc5055b8d77c,2026-07-02,24.484871,95b986e2-fb52-3222-9a4d-94390d8daa468577144310
57437979-1053-38bc-8abf-3f9eba7ffc49,2026-07-02,27.348416,66cc36c9-6f31-3eff-8201-8a0a7f0bd59a0688159859
57d3f142-33f4-308b-ae84-b183cc99db1b,2026-07-02,13.260868,3347c53c-2e52-3fd7-91f9-f73a7872e66a1890146135
591e07f6-72df-366d-a512-d5ee900f7c15,2026-07-02,32.146419,abb3cf38-3fad-3baa-af44-c9b4d24608456857996865
5a91fc01-e54a-36cc-b759-44260109d8b8,2026-07-02,3.795571,1356d797-66bc-3a72-b11f-7b3084dc9d272348624974
5cb2e039-2dc8-3bad-9d23-4bfddc143afe,2026-07-02,57.451263,8a29b19a-f05e-35e9-8df7-d99b28bf8a8d3280431943
5fa5d9c4-22b7-39f7-a3b2-d521ea60b47b,2026-07-02,13.560082,ab4ba1b3-b598-3bfb-8df0-768a0df60d506177714931
617065f0-5c37-32d6-a3d6-dc223ac898b3,2026-07-02,16.259221,ae562d52-09ae-3863-b5f0-5ae580696f0f2844325743
6c21f96e-4015-302f-a95a-0918b22b3ad8,2026-07-02,13.000207,2083bc7f-bc65-3533-b831-de38c4ce41a85705530326
72e3323e-cebd-3aa6-a736-9022afb37e21,2026-07-02,67.163249,dd1d2448-04ec-3dd9-9b0e-69f5e79a93407723570593
74cd4f7c-116b-3316-bf7f-eb46458694da,2026-07-02,54.561618,755c3974-2d2b-3242-8001-42f3d96983649032632994
75c008ab-9d95-3b45-b06c-1ba571bc7895,2026-07-02,11.547154,ec573df9-2361-3e56-a35c-cf369728a6f02624538703
7a7af6a0-86f2-31f0-bb17-7e3d8de4ba8a,2026-07-02,5.053446,122c429d-4933-3ed3-8c02-852801f2503e6499333998
7f426754-4ea5-368b-9dba-da1364040455,2026-07-02,9.858354,cd02aa00-f588-3d6d-9bb6-d1cb464046df4699798471
812c22d3-3843-3385-aa3b-aa8ae91b882a,2026-07-02,9.783649,e7cb4203-d63e-3d55-86b1-e2f3868974688509958032
82b47e6e-09d7-36e6-80ab-4506629ff46b,2026-07-02,37.989452,1695d743-ff11-3262-b7c5-f109ac7b016b5800029843
834aa49a-5a2a-30db-8385-ad60aed26cd7,2026-07-02,86.402917,4b2f77f6-8ea8-3f4d-8688-fe485e1dd22d6927009123
83ac466b-0a2c-3b9f-bc16-cc1733598dc1,2026-07-02,30.411237,fbb1458a-bb03-3a59-81a7-c4bfa04cd8482348091600
84851a10-43f1-3fc8-a358-06f529f15c33,2026-07-02,47.283444,209d6b5c-3879-3f87-9eb1-228cd3cf4edd0737879839
84f354b1-00ae-34ba-b443-ccd2efee613c,2026-07-02,11.775265,8a14f25e-1645-3406-a19d-b9806ef569954307313451
85cb1e88-d121-35a6-a362-3cdc80917d44,2026-07-02,392.821233,1671f2df-523c-3e25-a845-e2ad655275ec3253687227
87ab0257-a9f6-3705-89f8-f63b9b8f2b0c,2026-07-02,35.093501,dd1dde98-5502-3952-90fe-dc66f816ed747906535428
8c272368-ac0c-3bc7-9568-cfbb26f8e749,2026-07-02,8.198984,9ef76979-dca8-3c79-9b0c-a7e5b98cc4183178708115
8c5b1f37-b3ea-3b4a-a4dd-fad03cfd11b6,2026-07-02,38.058744,5aa0a87f-17b4-3bc7-a55a-7d422bb28fcc9200948756
8ca30a12-e5f4-3017-8037-1616e9ddbb5b,2026-07-02,12.346981,d980087a-73cd-3a85-914f-0dbeb6da2ff07929331557
8e914a83-9f14-3c6e-8220-79cebd75eda8,2026-07-02,8.476966,561fc8fa-c73c-3cf0-a4da-ce7cc8fda80f4105333844
929f777a-b8ac-3e16-8d77-e8ac77fd282c,2026-07-02,8.638727,1ffd69db-4324-35d3-bc6b-b90daffa00c05540448447
9317e817-504a-35a4-b7c3-68e90b432c45,2026-07-02,33.573897,bd68d9fe-0c5e-3648-8a84-d7649dbc11df2315333603
960a5c04-f3ef-340c-af8a-48e88045ac24,2026-07-02,9.229339,485a6ee1-26d8-3d41-bd32-a72421af1a296123003165
9661bcb6-dd62-3576-b8b0-049874fff3a1,2026-07-02,7.902075,a765656c-b5ea-38d3-b817-93751b0015257870386126
96739dc1-9e37-3b11-8e79-e0a5a57062a1,2026-07-02,92.977093,7b60b05a-7946-3efd-a3a0-0ada59de74070619321536
96be8df1-0628-3c17-acd8-50a096438ea0,2026-07-02,16.344904,7b8d6a5a-3256-3096-8208-171b7eaab4737311108557
9784049c-35d1-3534-8c4b-f4cea920d4ff,2026-07-02,12.329079,14447399-901c-34b2-b211-14fb9e9b062c7605520623
a0f95e73-3897-3dcc-9f5c-faad41b5219c,2026-07-02,198.688724,58b12641-aa5e-3c6d-97a0-f417dd0a469c4411625778
a3f48154-490b-350b-9f4e-74835b5aaaae,2026-07-02,7.478195,95ed8b8c-c59c-372a-b31e-6543997b82d74860620288
a5068583-4849-35ce-900f-e2ce7f309840,2026-07-02,32.698659,ccacfe15-f7bf-3c92-9308-98112a74aa440314647208
a513bb7e-87ac-35cd-b4a2-6d23427bd2fa,2026-07-02,12.48265,481dceb1-1678-3a7e-b288-d7e2bf0c062a7786339993
a67cec0f-eda0-3d47-af0e-2bd3262a8cf9,2026-07-02,41.665163,edd1002d-960d-3956-8ea2-8ffafe4e3f780323661523
a8e332b8-087a-38b0-8c1b-64db4efadc7a,2026-07-02,12.257854,47b681e7-c3d8-31f6-ab69-43f82db88fa66316703417
ac429fef-9e6b-3e26-a5ea-3122c166230c,2026-07-02,72.736613,81f224a7-cb42-3ee9-9103-e81fcc20756c3353013338
ae5f3d2e-f527-359d-8bcf-846f320f8e57,2026-07-02,34.343688,22f94015-ff23-3150-ae0f-9ef0bb188a207912060816
af753398-35e3-3c49-a7bb-31e2830197f3,2026-07-02,4.557932,b00ef48c-948b-3854-a6bb-ed2ca37487540169593901
b08b0516-052f-31ca-baee-415f1e9f6c1d,2026-07-02,31.026743,8eb78258-dbd8-30ca-8e2f-f57e8806b9340333593055
b095775a-2d08-336f-bccf-d2f71dc4ba3c,2026-07-02,5.900253,fb87865a-444a-3efc-ab25-247ac494cd574338526402
b32150f1-1acd-3990-ad31-f63fed66b1cf,2026-07-02,42.740517,27222e5f-5d35-3311-be74-7f592e6bb2553842641276
b5344373-538f-3f37-8982-c97e3158144a,2026-07-02,14.946356,2a20868d-41a0-350b-abd7-08a3f9d834063257215959
b571b5d8-c91f-3776-86bd-22c88c5580c2,2026-07-02,20.250092,afafa873-61a8-38e0-8977-cd70cd270f449777286253
b5b7bbb0-1312-34a4-8934-10fe49cea8ed,2026-07-02,60.988031,c1179ffe-16b5-3808-a61b-c697ad5655cd0958447347
b7f8d590-1a7d-3745-82cc-9e0c966c6306,2026-07-02,13.424139,65f0ec49-73ce-37cb-a381-28e7217750090455003993
b99742c8-7da0-3e81-ab3c-eb775e9f5d24,2026-07-02,36.073514,83de6687-9540-3db3-a6d6-f036d634a1c63930926163
bce50849-a0e7-3f2b-b22a-24ed60440705,2026-07-02,15.876529,ecbe8abc-16bb-3af7-8cf1-b6d262d3f9915691766209
beb1d1c6-4fa9-36a8-a06f-1dc58ab74161,2026-07-02,4.597412,69be3936-f12c-34ad-b6bc-7a9f397f7d580253357983
c0f8ab9f-4b7b-3f4f-b576-f80ad3cb5399,2026-07-02,15.938335,ae6fce59-c426-3691-b4cc-2e7f01a5433a0719674315
c3811eff-eb0f-3e83-943e-18b5d09919e4,2026-07-02,18.498907,b38c4c71-2ecc-3478-967b-30176508f2a82808970508
c3f4e978-22c4-3743-a4d7-8dc20df21654,2026-07-02,30.844371,08043945-b9cb-35c8-8007-ea153d9880273125348988
c4b4c934-c94d-3170-bd1b-d7737b2ab490,2026-07-02,5.677352,ddfedfb4-a197-3bc5-b5b9-3413d396c9d18520739647
c6c1b9c0-072d-3dbf-accc-4c8643cc0c4a,2026-07-02,29.198637,8e833220-412d-3626-aef6-f1d8e255b8961584029669
c7599875-d64e-3ef2-8a6a-a218c4c24bfa,2026-07-02,1.840329,4acd48f6-3379-3b71-a45f-8ba6aad527457333951563
c8c964e3-6f43-33e9-8a11-e9eaf55933ba,2026-07-02,39.235385,db1bd750-5b46-3bea-9d82-c79a18a08d0d0806001910
caacaf00-76dc-3d35-955a-b0b7289c1497,2026-07-02,1.624747,5428bbad-02ec-3bbd-b559-a02cb4c2701a9853561586
cdcbe271-7336-35c3-a44f-1a90281b0857,2026-07-02,25.761919,cc4a0181-1f8b-3069-891f-8f8303116f410950083050
ce7a22b8-f3c0-3690-acac-8b5a7bf4c798,2026-07-02,39.760397,75a3be66-cc33-35b3-aa17-355486d71eeb4926576029
d098b8be-5fd2-3aaf-b08a-03443b43e413,2026-07-02,13.928896,ebfca532-8531-3093-b085-d9b06d8a505a5090987086
d16b7d90-92be-3869-95a7-7d511669811b,2026-07-02,25.086648,760b5b15-f871-3327-a1ef-e07e6f4cc11c2795438507
d320f92f-4cc3-395c-b6c7-3cb3c7cb3efe,2026-07-02,96.982744,db719257-f1df-3420-b485-acfb0da643a10140791541
d3c48311-d8dc-3e24-95dd-6d2bca767bff,2026-07-02,23.983009,84018d69-0a55-3d24-a877-97aaa31a46cf2815442486
d3d0b6a8-f422-3af5-a62e-826c20495095,2026-07-02,10.363325,9a1ea106-1b3c-358a-b321-05d0ef5590af7934449393
d834b72d-c2cc-391e-8a0c-c3f147eeb522,2026-07-02,33.945833,62331e5f-4437-3168-b6e9-aa00c1ae49235115900219
d85f6c3e-620f-3cc3-9005-9e1beefefdc6,2026-07-02,13.869982,7a3476cf-c702-35d8-ab2c-c3c41701130b3532848987
da8b7ad5-701e-38e4-af53-bcb52836386c,2026-07-02,15.542365,5a63d77e-0da6-3691-900f-f20d6593ab0a0016925614
de0bc8c0-4447-382c-b7c7-ce385510a49b,2026-07-02,37.328897,8d66b14e-bf47-35e5-b800-b55ca34760cf6094204743
dfc70541-9d37-355c-af06-9bf106459cdb,2026-07-02,6.705956,8d616aa1-7ca1-3b18-a990-d3dd7b63d8ea3801525816
e0ab7ac6-23e5-3ce5-aef4-d9e2e575bb7a,2026-07-02,5.537296,36f25be1-e4a7-34ea-a4d5-d394fb2065cc2046082019
e69f5e43-374e-3577-a194-03eca473eb86,2026-07-02,34.245972,b994cb0e-9aaf-3dbd-a0ab-315cc16c435c1107868581
e6a4f012-2129-36d0-bf2f-6e3c384f5497,2026-07-02,18.811877,30a74d31-d91b-3ff9-b591-0ed7882600e46693238563
e71fe34e-9aa5-3ade-8054-a639af523373,2026-07-02,12.26501,b1e661de-87c5-37a4-b0ad-b47b375e798f8517162525
e76bb8c7-e2ca-3a2e-96b4-7d3717dfbe06,2026-07-02,21.352234,e755d9a3-e083-3c09-8b82-e48bcb43e7f81851692813
e91fcfab-7cdf-31df-8933-e788688d8288,2026-07-02,14.070335,fe28678b-e200-3a9d-a1de-effda4879d2c1615844509
ebbf605d-a94c-3f16-9ae0-5449c87f4002,2026-07-02,53.586359,c01d7453-03eb-38be-bc95-24391aa315144796657446
ed0a8ed8-2282-3fec-82db-fafd297cdb61,2026-07-02,7.184312,4e3099ad-3bc5-3b23-837d-8c897adc8c894362553996
eeaba3bd-0e65-3eff-80b8-bb415d1cdc89,2026-07-02,27.622575,6d3df8ea-2edd-3fc0-8f44-b14a5c9f858f7358431617
f02cc034-f8c6-39b7-afff-343b04ff2064,2026-07-02,15.606215,4a495ff6-34e1-3d8e-9177-445cdfd39d764430640857
f0699448-f713-378f-9e30-ac35b4b0ddbb,2026-07-02,26.910709,0fcce33d-eb23-3f5d-946b-53b6afe198987280446281
f1809858-d9d7-3db3-8cc3-5793c598044c,2026-07-02,40.80847,7697f751-8371-30c0-81c8-fcc775cadf993437132586
f28c27e1-116f-3bfa-87a3-a4aec05ef6ed,2026-07-02,20.989037,06747886-3cd5-3df7-b4e3-5300fd43ba8b6993791108
f6d44ec5-a47a-3937-931c-9f8412b5fa88,2026-07-02,30.094035,6197876e-4ea6-3121-8a4b-12b6efea400a0240575023
fccc0510-f20a-3f28-bf3c-66cfe9fa99d1,2026-07-02,29.997246,218810c6-5f55-31ef-942d-6b8f7944e4a79796581507
fe5c2831-6d72-3f57-b5da-21037ecbeb2f,2026-07-02,8.198235,caac5c39-53fe-3b0e-a941-3f0559293a333871484605
04f49ac6-5f35-3df9-b623-c026f24561e1,2026-07-03,46.629754,4ccf4637-f73f-3ea2-bd9d-89cd0876527e2011240689
0594d9cc-176f-3811-b8ff-1badba391ea1,2026-07-03,19.365779,7bf9e218-5646-3380-8098-8b14d617d4eb9836650145
0769202c-7965-32a1-8d36-1cd52b64377d,2026-07-03,21.9212,03bfca79-bd1d-3217-a8ee-b032e1a5d4279777514889
0bd9c8a1-cf25-3dfe-9380-6143b1183f53,2026-07-03,61.767777,7ff7d9b9-eb8b-35f9-9265-8dd933d6e5f40824718437
0d27bc97-59cd-32d0-9146-960993fea8f2,2026-07-03,5.662077,2f024d4b-7d63-3f13-9c02-6541cfb6efcb8610694866
0f7a9277-d005-30c0-8821-910389205cba,2026-07-03,13.92648,1498339f-636a-3ba6-8eaf-f82826cfc66b1703033271
103be95c-0738-36fc-9aca-d07b1504909a,2026-07-03,66.490198,288d8971-0036-3b38-be44-cdab7d647fa95424134206
1094d4eb-2c4b-3c82-bb41-36696a775289,2026-07-03,44.950171,8348db4d-a8ba-3dc8-b03d-3f8345e1ce081137124557
1176a69b-fd42-3989-9822-360026e942a4,2026-07-03,69.529846,4b6c12aa-31db-353f-9880-bcdca16d2c971125384531
15f19ccf-5f54-370e-914a-19ef0d6e7bfe,2026-07-03,126.849857,d0dca904-0a39-3f70-8f24-23b3f8543cae9283252446
176efb99-8d0f-325e-a3e0-daa08e876832,2026-07-03,17.332194,c3c60fed-2c36-3d97-8b89-35c5cbbebe232642944088
17e9c47e-62ba-33a6-96e1-95ad3c636d22,2026-07-03,73.962977,77974123-fa35-3834-90f5-d19a2e752e979650064655
18a6d5f8-3203-3934-be7c-fef235f8d5ee,2026-07-03,12.689351,d0fc809f-656e-31a8-9e5e-192c6b636f8d5430933548
19fa59d6-c1b5-3e11-ba74-ad111de5584f,2026-07-03,253.213722,fc4e8c60-faee-3c94-be88-2bedfd49a32f0411781020
1bdab13f-7bc5-3e3d-81c9-f9179619fd90,2026-07-03,10.090043,5351c2cb-b7f7-3a9c-acd5-db63cfafda343248281033
1c3f0a45-334a-3810-b02a-7ba9181fca95,2026-07-03,8.823487,f25a1909-b1f5-354d-9179-29694f6ccd7b0794803399
21e18788-026e-37c1-9a0a-259c58a0fc50,2026-07-03,37.478516,6825bc20-32f9-371b-b653-a8454dd0cf4e9794303102
2269fc50-2d42-3349-9d12-3bc08569d8ae,2026-07-03,9.116119,5bedbf8e-359c-38f3-981e-a44c610ee0489536718275
2331b8d4-3563-3b2b-8bf1-ee54a482c609,2026-07-03,4.24567,0c4befad-a90a-3f28-8b16-9dd39cf80ecc8123775477
28cba5c0-c834-3c34-900a-9d6772fd9c30,2026-07-03,18.280332,1233b0a6-550e-3390-88ce-2a21eefafe917625072302
29513ef6-a0f9-30aa-b2a3-e67dd9c50f2d,2026-07-03,18.868092,4763c9d2-d480-368f-84c3-63cf0c346e577347437891
29768e10-7435-3d69-8503-a6f77e57bdcd,2026-07-03,8.830307,103d1a25-7f36-33f7-97c6-656f5dff4f1c8078021025
2b3c346c-5f49-3232-be35-3443261527b0,2026-07-03,10.961746,e6538295-3b6e-3154-9420-ec45501d20ae5856219597
2fdf5375-31c8-3c6a-9cf3-12465dbec4a5,2026-07-03,26.093678,fd3e2044-7bf6-3813-acab-9043d4cbda0b6568880041
323a2cac-7231-3d1b-90b0-babcb0cf55ba,2026-07-03,34.185928,6110ae57-4fb0-3294-9c39-0fdab85c823b7854159322
33a96067-0e23-3bf3-8d10-cbec5a261a65,2026-07-03,26.385982,4d63f0d2-85ca-3a28-b715-4147577bedb24364586828
363a066c-58b6-3bcf-a7b0-e9729a735ba7,2026-07-03,28.438019,29527eb9-d544-35c2-b9f1-bb262cf6b4159824252521
36f0982a-ff58-3c66-9847-439d640e7d96,2026-07-03,29.25184,50b96d70-0ca5-3d4f-bdec-3c9a5b48f6100810857519
3ec4aa61-73df-37f5-af33-ac50b24f1ab5,2026-07-03,65.216961,5530820d-9691-3c0b-895b-b218aa4b299c0225945614
41219c74-897b-3ca9-87e5-43da9041ddd3,2026-07-03,43.664449,fbfd204b-197f-3c6c-95b1-4733172f5fca0533189354
423348ca-0838-3372-a616-b4cda0468666,2026-07-03,8.53547,c36a6f4f-bea8-35b0-b824-2c970e256ac26805083472
4333cd5c-141e-38a1-af2a-a7df714feddb,2026-07-03,9.248458,3c3bc593-75a7-3bce-b04f-0d15bea76c784217531826
434188a4-f9da-364f-a6dc-53072f0ec1b3,2026-07-03,40.956243,e25f63b1-614b-3240-9c58-803a43e9bb435024428155
43cc96db-6d25-3ad3-9163-10247bdd66bf,2026-07-03,28.48621,9eddeeed-8808-33dc-9ba2-905a79c87f321161343299
48a891ca-8770-3a95-9414-af5bad034e5a,2026-07-03,5.942769,6a2b2b4f-b163-3211-9417-7ab21b779b6e4168236426
48d69815-2eb5-3bb9-a39b-cbe1ceb52e99,2026-07-03,10.177311,6cfee349-1ef0-3fb2-815c-a8a1f54dfaf82072162601
4a7af055-4d5f-39bf-b0a0-3e957abd6b60,2026-07-03,17.854165,2d350fdb-0d58-3f71-94bc-a8c8ac08ee913457245518
4c8688bb-e063-39d5-af44-f884b8b1b22f,2026-07-03,73.067911,74ba4416-00a1-3f9b-8c10-30d3118fa7ce7583046913
4c9d57d4-cc8e-3ffa-a7a2-954c71ef5235,2026-07-03,38.9184,10cf198f-ca0e-3ab3-a33e-629868eaf1657063863282
4d8e0306-9402-312c-8735-520e75542ddf,2026-07-03,20.03127,fc890f93-7094-3cdc-9c17-a9bca9d2149d3600693627
4f630062-21f6-3266-9acd-c0827dbf5c05,2026-07-03,11.414458,8f29efaf-4f24-3d15-82d5-2fc874ce981c6011993181
4fbbedf8-7ea9-3ba5-8a18-f658a4f21605,2026-07-03,66.219028,0cbedb6f-5585-3d14-bb7a-52ed75958ad14113335693
50be9c42-1c4b-3493-a07c-ffe59fd8491c,2026-07-03,55.901785,edb658c0-31b6-337f-a557-ae881cfe96142560471597
5113b093-acec-3c38-870f-b61a2dd6b880,2026-07-03,37.959344,6de2df31-0e47-37b7-af92-4257cf86aa933125819112
524da203-40d7-33a6-8ab6-b21a0cef3c58,2026-07-03,30.773744,4b414f3b-b1d8-3f11-b80f-a4ce6c6d7a4c9655939769
5498a54c-7cf2-3cbb-85d5-1078aa3be4a7,2026-07-03,19.278922,7f2eff44-b501-3d88-8b7a-bc0819c1cbd05256736696
54de7dbc-3f9b-3702-b677-fee85da6201d,2026-07-03,8.648597,d44e39e8-4f08-3623-986b-2646518072bf1207235870
55b0607e-f635-348a-bc83-f4e52515b7ec,2026-07-03,11.766186,118c8a35-e628-36a2-8499-91a87fa954ea9600440361
5656dbc0-5497-3227-a829-fd8eb574450e,2026-07-03,25.264581,a203c081-9992-358a-b291-2006588558ba6822670837
56ab4ff8-d4a1-314d-82eb-cc5055b8d77c,2026-07-03,15.416258,95b986e2-fb52-3222-9a4d-94390d8daa468577144310
57437979-1053-38bc-8abf-3f9eba7ffc49,2026-07-03,35.951715,66cc36c9-6f31-3eff-8201-8a0a7f0bd59a0688159859
5a3caea3-a6eb-3d9f-8553-ca013793121a,2026-07-03,9.323689,e7176e39-1b7f-3002-90a6-cf6d282c81526684381587
5a91fc01-e54a-36cc-b759-44260109d8b8,2026-07-03,5.396738,1356d797-66bc-3a72-b11f-7b3084dc9d272348624974
5cb2e039-2dc8-3bad-9d23-4bfddc143afe,2026-07-03,41.802895,8a29b19a-f05e-35e9-8df7-d99b28bf8a8d3280431943
5d21d7da-3e33-3ab4-99ef-3ca2c2ff2c69,2026-07-03,10.647751,b03fc426-da51-3e1c-aa77-6b918bff0e513877121931
5f76ba6d-1bf0-3e51-b2e4-3a6d19bc39b9,2026-07-03,41.149073,c708bc56-c900-3691-a10c-994bfde2114d0282457351
5fa5d9c4-22b7-39f7-a3b2-d521ea60b47b,2026-07-03,11.181235,ab4ba1b3-b598-3bfb-8df0-768a0df60d506177714931
6001b0b7-96fc-3fe1-aef1-329c8e2f62ce,2026-07-03,9.99891,6e29cd08-5d8b-32dd-baf0-fc5123d964c69692072979
64b0ba20-1b28-3b6c-9ffc-402714ee0245,2026-07-03,19.258705,358bf36d-7dae-3d60-9132-32bf3090f2f25850796649
68b45261-85be-3d03-a069-5aa6ffe8e8ca,2026-07-03,70.962704,b6a7cc29-e0c8-36bf-9e06-ffc155431b242084275934
6a5b5baa-1f05-3d64-a1f4-6971499443c4,2026-07-03,19.529396,b0d9179b-e6c5-3e83-8c9b-5e28ab8ba0868396215767
6a620372-f31e-349c-b6c6-0e040a3edb64,2026-07-03,8.177971,5585108c-6e05-3453-8c97-d5a03ce4ee0a5269991336
6e8a1cb9-329d-3c5e-8d21-4c46a734d1e9,2026-07-03,18.134542,b038cfcb-9c1e-3cde-8676-1be4c1366b8b3024374020
72e3323e-cebd-3aa6-a736-9022afb37e21,2026-07-03,50.728258,dd1d2448-04ec-3dd9-9b0e-69f5e79a93407723570593
745d78f2-7f7a-3cdd-af4f-c4c3f0a18dbb,2026-07-03,27.009784,f1df5283-191c-30dd-b238-da858232e5d08985022611
75c008ab-9d95-3b45-b06c-1ba571bc7895,2026-07-03,13.336429,ec573df9-2361-3e56-a35c-cf369728a6f02624538703
760b65eb-45d9-332e-bbdd-15ad2c3223bc,2026-07-03,44.783926,4050495a-d74a-3f1b-b29d-db93ba2a71c15767916558
7825a025-23b9-3955-84e6-3a54c38e86e4,2026-07-03,24.719564,944aa6d5-032b-30c6-b177-dba1d9d44f1a2385396646
79874361-3477-38db-9fbd-fc39d1713d69,2026-07-03,26.64954,241900d5-f58b-3b3f-8abc-638d1ad78e024760008737
7feb497b-3ee8-39fa-9cfd-72a898f4cf47,2026-07-03,19.122501,90e6638a-edc1-308e-9f27-d8a3719440025129345869
812c22d3-3843-3385-aa3b-aa8ae91b882a,2026-07-03,14.381646,e7cb4203-d63e-3d55-86b1-e2f3868974688509958032
82b47e6e-09d7-36e6-80ab-4506629ff46b,2026-07-03,37.163385,1695d743-ff11-3262-b7c5-f109ac7b016b5800029843
834aa49a-5a2a-30db-8385-ad60aed26cd7,2026-07-03,122.198364,4b2f77f6-8ea8-3f4d-8688-fe485e1dd22d6927009123
84851a10-43f1-3fc8-a358-06f529f15c33,2026-07-03,38.220408,209d6b5c-3879-3f87-9eb1-228cd3cf4edd0737879839
84dcbd6d-e273-316b-8912-4ed74ff8a9be,2026-07-03,23.350591,a26b9066-44c7-31c3-b9fa-04e255b439490462824831
84f354b1-00ae-34ba-b443-ccd2efee613c,2026-07-03,3.712339,8a14f25e-1645-3406-a19d-b9806ef569954307313451
86a53618-ee86-3705-9b6b-f5372a406e5d,2026-07-03,4.668647,31eb179f-ca40-3562-abbc-7ab5302343cf3567482943
87ab0257-a9f6-3705-89f8-f63b9b8f2b0c,2026-07-03,10.413672,dd1dde98-5502-3952-90fe-dc66f816ed747906535428
8c272368-ac0c-3bc7-9568-cfbb26f8e749,2026-07-03,7.160453,9ef76979-dca8-3c79-9b0c-a7e5b98cc4183178708115
8c2e2c06-5c7a-359a-8e69-0efdfb7e79bb,2026-07-03,19.679335,02b8249b-d351-36b0-8f66-387e9b5ecd765409838852
8cb2a7d2-f605-3df9-981a-2c02b1d1a4e0,2026-07-03,11.516532,c8409fd1-44f6-341e-aa4a-fcdd48e1dec91197407417
8ce3a609-9e37-3b54-a602-9b395e5f5a76,2026-07-03,21.926232,140ba20d-dc2d-30f1-8369-9f0fcb7417216954795985
8dc72d59-3896-3d24-a51b-3a8a9e1c6713,2026-07-03,29.887973,2bb55a33-fdd0-39b0-8fa8-bf8f9e9997f59421453150
92de990d-30ce-38da-ad78-86a4a56c065b,2026-07-03,28.638749,5a8242fb-5aa7-3d5b-ac68-21ea53c5f9e87894148187
9317e817-504a-35a4-b7c3-68e90b432c45,2026-07-03,32.683928,bd68d9fe-0c5e-3648-8a84-d7649dbc11df2315333603
960a5c04-f3ef-340c-af8a-48e88045ac24,2026-07-03,20.185448,485a6ee1-26d8-3d41-bd32-a72421af1a296123003165
9661bcb6-dd62-3576-b8b0-049874fff3a1,2026-07-03,4.705513,a765656c-b5ea-38d3-b817-93751b0015257870386126
96739dc1-9e37-3b11-8e79-e0a5a57062a1,2026-07-03,64.744839,7b60b05a-7946-3efd-a3a0-0ada59de74070619321536
96be8df1-0628-3c17-acd8-50a096438ea0,2026-07-03,41.024853,7b8d6a5a-3256-3096-8208-171b7eaab4737311108557
9a736669-65a4-3b3e-a4b5-8f6ec9654a84,2026-07-03,24.016618,bd347e86-1b36-3407-80b6-78a2f2dae41e9793909208
9b195b8e-28d6-386e-8990-1a5bb4dd1bdb,2026-07-03,18.189511,193afc72-4494-30b1-beb3-cd4156f1c97d7901017989
9bddd6f0-dd41-333e-aac7-f757b18ea2aa,2026-07-03,34.191275,c6545cb9-33df-373c-8ac9-ce43225c9d986458695776
9bffe43c-9c3e-3c3f-947d-b83b096a53f5,2026-07-03,30.111867,635d1fea-f7dc-33f1-a406-2689203c6ffe1836896463
9f49149d-e042-3a1f-bcae-0628143c89c0,2026-07-03,32.92879,1511a03d-af95-32d7-82d6-670e957e819a5636652911
a0f95e73-3897-3dcc-9f5c-faad41b5219c,2026-07-03,131.999499,58b12641-aa5e-3c6d-97a0-f417dd0a469c4411625778
a12779cf-ff75-376e-9cb4-73e937a3c164,2026-07-03,30.103206,ba19c2fb-8246-3ab8-b894-67973ae2268a8549866658
a5068583-4849-35ce-900f-e2ce7f309840,2026-07-03,19.67928,ccacfe15-f7bf-3c92-9308-98112a74aa440314647208
a513bb7e-87ac-35cd-b4a2-6d23427bd2fa,2026-07-03,6.217346,481dceb1-1678-3a7e-b288-d7e2bf0c062a7786339993
a67cec0f-eda0-3d47-af0e-2bd3262a8cf9,2026-07-03,40.394079,edd1002d-960d-3956-8ea2-8ffafe4e3f780323661523
a8e332b8-087a-38b0-8c1b-64db4efadc7a,2026-07-03,41.48582,47b681e7-c3d8-31f6-ab69-43f82db88fa66316703417
ab5f37ff-9008-3c2a-a32b-c29632f4ea67,2026-07-03,16.124137,0d40eb23-7edb-3787-8cb8-7b09de3075fc1665666263
acadf00f-5359-3905-a13e-213d751bffb2,2026-07-03,10.660931,2852258a-e2bf-3b5a-ad87-7915c236685c5632583391
ae5f3d2e-f527-359d-8bcf-846f320f8e57,2026-07-03,21.234926,22f94015-ff23-3150-ae0f-9ef0bb188a207912060816
af753398-35e3-3c49-a7bb-31e2830197f3,2026-07-03,9.72182,b00ef48c-948b-3854-a6bb-ed2ca37487540169593901
b095775a-2d08-336f-bccf-d2f71dc4ba3c,2026-07-03,6.408245,fb87865a-444a-3efc-ab25-247ac494cd574338526402
b1d22b60-1492-37de-a246-db25e91bfb1f,2026-07-03,29.706966,ba855984-6afa-3f25-82a9-033558199c9b4291338588
b32150f1-1acd-3990-ad31-f63fed66b1cf,2026-07-03,27.403258,27222e5f-5d35-3311-be74-7f592e6bb2553842641276
b516e127-e0a8-3444-a387-7ee0a83c2029,2026-07-03,1.398069,cc30fb51-7115-329e-acbb-6cf3b4f138c85952469832
b571b5d8-c91f-3776-86bd-22c88c5580c2,2026-07-03,37.695163,afafa873-61a8-38e0-8977-cd70cd270f449777286253
b7f8d590-1a7d-3745-82cc-9e0c966c6306,2026-07-03,33.154802,65f0ec49-73ce-37cb-a381-28e7217750090455003993
b99742c8-7da0-3e81-ab3c-eb775e9f5d24,2026-07-03,45.365298,83de6687-9540-3db3-a6d6-f036d634a1c63930926163
b9f874e5-bbd8-332a-9f2e-a024bb815cf9,2026-07-03,89.023776,0183e024-3556-38ab-8f83-a2397dc1c7ff0961989030
bce50849-a0e7-3f2b-b22a-24ed60440705,2026-07-03,20.846388,ecbe8abc-16bb-3af7-8cf1-b6d262d3f9915691766209
beb1d1c6-4fa9-36a8-a06f-1dc58ab74161,2026-07-03,2.281143,69be3936-f12c-34ad-b6bc-7a9f397f7d580253357983
c039e4c8-9c3b-3ae3-a2e7-b54c85d2cac7,2026-07-03,49.854491,ef0e0898-3920-39d5-9050-8c57b5cbcd1c9155184466
c0f8ab9f-4b7b-3f4f-b576-f80ad3cb5399,2026-07-03,9.652374,ae6fce59-c426-3691-b4cc-2e7f01a5433a0719674315
c7599875-d64e-3ef2-8a6a-a218c4c24bfa,2026-07-03,10.624351,4acd48f6-3379-3b71-a45f-8ba6aad527457333951563
caacaf00-76dc-3d35-955a-b0b7289c1497,2026-07-03,2.571081,5428bbad-02ec-3bbd-b559-a02cb4c2701a9853561586
cce1c127-2ff8-3ea0-a9b8-2df2cd888b5b,2026-07-03,31.582546,40fb0c0c-0006-3ab6-84ec-5dc4198294863739942525
cdcbe271-7336-35c3-a44f-1a90281b0857,2026-07-03,12.817851,cc4a0181-1f8b-3069-891f-8f8303116f410950083050
ce7a22b8-f3c0-3690-acac-8b5a7bf4c798,2026-07-03,20.930215,75a3be66-cc33-35b3-aa17-355486d71eeb4926576029
d098b8be-5fd2-3aaf-b08a-03443b43e413,2026-07-03,12.552989,ebfca532-8531-3093-b085-d9b06d8a505a5090987086
d16b7d90-92be-3869-95a7-7d511669811b,2026-07-03,17.423362,760b5b15-f871-3327-a1ef-e07e6f4cc11c2795438507
d320f92f-4cc3-395c-b6c7-3cb3c7cb3efe,2026-07-03,74.984628,db719257-f1df-3420-b485-acfb0da643a10140791541
d3c48311-d8dc-3e24-95dd-6d2bca767bff,2026-07-03,13.079725,84018d69-0a55-3d24-a877-97aaa31a46cf2815442486
d6f76560-f2a1-3ae9-ab43-eaa1f2033306,2026-07-03,36.061653,df76341f-d9c1-31f1-a511-61e0bba9ac1a9330646801
d72106c4-021a-3b57-bf48-7b6f2c14df23,2026-07-03,11.324716,e7b18bc4-313f-33d3-ad46-7b5d777f74ca3565120826
d834b72d-c2cc-391e-8a0c-c3f147eeb522,2026-07-03,16.415575,62331e5f-4437-3168-b6e9-aa00c1ae49235115900219
d85f6c3e-620f-3cc3-9005-9e1beefefdc6,2026-07-03,14.366678,7a3476cf-c702-35d8-ab2c-c3c41701130b3532848987
d86225ec-57c8-3039-9b73-5067e9668517,2026-07-03,4.275584,9befbbd8-c5ed-3abc-9d19-377736924de73675696583
da8b7ad5-701e-38e4-af53-bcb52836386c,2026-07-03,7.950861,5a63d77e-0da6-3691-900f-f20d6593ab0a0016925614
dee4128a-2091-303c-8411-15401a64ec03,2026-07-03,67.740398,7d2de236-8dd1-333c-b3b2-c7d8bd4250cd6306917490
e059f4f2-66b1-346c-8a33-8c16446a8657,2026-07-03,25.609952,2a7ac4ba-1536-3186-93b2-a2c27853a79e9011911429
e0ab7ac6-23e5-3ce5-aef4-d9e2e575bb7a,2026-07-03,7.427808,36f25be1-e4a7-34ea-a4d5-d394fb2065cc2046082019
e402d019-6155-3bff-9228-4911ea446777,2026-07-03,60.083368,d454160e-2dc7-3ac7-86b9-e72c34ef16312394849607
e71fe34e-9aa5-3ade-8054-a639af523373,2026-07-03,14.258954,b1e661de-87c5-37a4-b0ad-b47b375e798f8517162525
e91fcfab-7cdf-31df-8933-e788688d8288,2026-07-03,44.644994,fe28678b-e200-3a9d-a1de-effda4879d2c1615844509
ed0a8ed8-2282-3fec-82db-fafd297cdb61,2026-07-03,9.607167,4e3099ad-3bc5-3b23-837d-8c897adc8c894362553996
eeaba3bd-0e65-3eff-80b8-bb415d1cdc89,2026-07-03,22.343687,6d3df8ea-2edd-3fc0-8f44-b14a5c9f858f7358431617
f02cc034-f8c6-39b7-afff-343b04ff2064,2026-07-03,13.110719,4a495ff6-34e1-3d8e-9177-445cdfd39d764430640857
f0699448-f713-378f-9e30-ac35b4b0ddbb,2026-07-03,15.044523,0fcce33d-eb23-3f5d-946b-53b6afe198987280446281
f1809858-d9d7-3db3-8cc3-5793c598044c,2026-07-03,30.578553,7697f751-8371-30c0-81c8-fcc775cadf993437132586
f37b1d54-4726-3503-b093-7096160494d8,2026-07-03,14.96987,0701ba50-1c05-393a-97d1-5f4023a8749c6116792851
f55d8d9d-5df9-32e8-a43c-40e2d30fe83e,2026-07-03,26.347786,25ce49b4-0e30-37f6-83c9-8fdba57ec8554749707383
f5a2ffe8-63a0-3fe0-82d0-e2780d9d29dc,2026-07-03,28.667618,33dd9c10-10b1-32fe-be4f-7be1047c9ed36643760194
f5c21c69-5b03-320a-ae2e-2554aefff943,2026-07-03,50.074109,1733732a-abce-3040-96d5-89e43d8b44882339867108
f6d44ec5-a47a-3937-931c-9f8412b5fa88,2026-07-03,21.051569,6197876e-4ea6-3121-8a4b-12b6efea400a0240575023
fccc0510-f20a-3f28-bf3c-66cfe9fa99d1,2026-07-03,21.315967,218810c6-5f55-31ef-942d-6b8f7944e4a79796581507
fe5c2831-6d72-3f57-b5da-21037ecbeb2f,2026-07-03,7.324812,caac5c39-53fe-3b0e-a941-3f0559293a333871484605
