"PersonId","Language","Suggestions","Share","PeriodStart","PeriodEnd"
"SYN00001","TypeScript",26,0.169934640522876,2026-01-04,2026-07-04
"SYN00001","Python",25,0.163398692810458,2026-01-04,2026-07-04
"SYN00001","Java",23,0.150326797385621,2026-01-04,2026-07-04
"SYN00001","Go",24,0.156862745098039,2026-01-04,2026-07-04
"SYN00001","C#",27,0.176470588235294,2026-01-04,2026-07-04
"SYN00001","SQL",28,0.183006535947712,2026-01-04,2026-07-04
"SYN00002","TypeScript",1,0.0454545454545455,2026-01-04,2026-07-04
"SYN00002","Python",6,0.272727272727273,2026-01-04,2026-07-04
"SYN00002","Java",6,0.272727272727273,2026-01-04,2026-07-04
"SYN00002","Go",2,0.0909090909090909,2026-01-04,2026-07-04
"SYN00002","C#",4,0.181818181818182,2026-01-04,2026-07-04
"SYN00002","SQL",3,0.136363636363636,2026-01-04,2026-07-04
"SYN00003","TypeScript",2,0.142857142857143,2026-01-04,2026-07-04
"SYN00003","Python",4,0.285714285714286,2026-01-04,2026-07-04
"SYN00003","Java",1,0.0714285714285714,2026-01-04,2026-07-04
"SYN00003","Go",4,0.285714285714286,2026-01-04,2026-07-04
"SYN00003","C#",1,0.0714285714285714,2026-01-04,2026-07-04
"SYN00003","SQL",2,0.142857142857143,2026-01-04,2026-07-04
"SYN00004","TypeScript",79,0.158,2026-01-04,2026-07-04
"SYN00004","Python",67,0.134,2026-01-04,2026-07-04
"SYN00004","Java",100,0.2,2026-01-04,2026-07-04
"SYN00004","Go",83,0.166,2026-01-04,2026-07-04
"SYN00004","C#",90,0.18,2026-01-04,2026-07-04
"SYN00004","SQL",81,0.162,2026-01-04,2026-07-04
"SYN00005","TypeScript",239,0.171203438395415,2026-01-04,2026-07-04
"SYN00005","Python",245,0.175501432664756,2026-01-04,2026-07-04
"SYN00005","Java",248,0.177650429799427,2026-01-04,2026-07-04
"SYN00005","Go",234,0.167621776504298,2026-01-04,2026-07-04
"SYN00005","C#",212,0.151862464183381,2026-01-04,2026-07-04
"SYN00005","SQL",218,0.156160458452722,2026-01-04,2026-07-04
"SYN00006","TypeScript",38,0.157676348547718,2026-01-04,2026-07-04
"SYN00006","Python",47,0.195020746887967,2026-01-04,2026-07-04
"SYN00006","Java",35,0.145228215767635,2026-01-04,2026-07-04
"SYN00006","Go",46,0.190871369294606,2026-01-04,2026-07-04
"SYN00006","C#",33,0.136929460580913,2026-01-04,2026-07-04
"SYN00006","SQL",42,0.174273858921162,2026-01-04,2026-07-04
"SYN00008","TypeScript",120,0.169252468265162,2026-01-04,2026-07-04
"SYN00008","Python",115,0.162200282087447,2026-01-04,2026-07-04
"SYN00008","Java",137,0.193229901269394,2026-01-04,2026-07-04
"SYN00008","Go",112,0.157968970380818,2026-01-04,2026-07-04
"SYN00008","C#",132,0.186177715091678,2026-01-04,2026-07-04
"SYN00008","SQL",93,0.131170662905501,2026-01-04,2026-07-04
"SYN00009","TypeScript",232,0.171724648408586,2026-01-04,2026-07-04
"SYN00009","Python",224,0.16580310880829,2026-01-04,2026-07-04
"SYN00009","Java",238,0.176165803108808,2026-01-04,2026-07-04
"SYN00009","Go",219,0.162102146558105,2026-01-04,2026-07-04
"SYN00009","C#",225,0.166543301258327,2026-01-04,2026-07-04
"SYN00009","SQL",213,0.157660991857883,2026-01-04,2026-07-04
"SYN00010","TypeScript",313,0.159531090723751,2026-01-04,2026-07-04
"SYN00010","Python",339,0.172782874617737,2026-01-04,2026-07-04
"SYN00010","Java",330,0.168195718654434,2026-01-04,2026-07-04
"SYN00010","Go",321,0.163608562691131,2026-01-04,2026-07-04
"SYN00010","C#",342,0.174311926605505,2026-01-04,2026-07-04
"SYN00010","SQL",317,0.161569826707441,2026-01-04,2026-07-04
"SYN00012","TypeScript",64,0.144469525959368,2026-01-04,2026-07-04
"SYN00012","Python",66,0.148984198645598,2026-01-04,2026-07-04
"SYN00012","Java",74,0.167042889390519,2026-01-04,2026-07-04
"SYN00012","Go",74,0.167042889390519,2026-01-04,2026-07-04
"SYN00012","C#",89,0.200902934537246,2026-01-04,2026-07-04
"SYN00012","SQL",76,0.171557562076749,2026-01-04,2026-07-04
"SYN00014","TypeScript",289,0.17420132610006,2026-01-04,2026-07-04
"SYN00014","Python",263,0.158529234478602,2026-01-04,2026-07-04
"SYN00014","Java",274,0.165159734779988,2026-01-04,2026-07-04
"SYN00014","Go",266,0.160337552742616,2026-01-04,2026-07-04
"SYN00014","C#",260,0.156720916214587,2026-01-04,2026-07-04
"SYN00014","SQL",307,0.185051235684147,2026-01-04,2026-07-04
"SYN00015","TypeScript",356,0.175110673880964,2026-01-04,2026-07-04
"SYN00015","Python",346,0.170191834727004,2026-01-04,2026-07-04
"SYN00015","Java",320,0.157402852926709,2026-01-04,2026-07-04
"SYN00015","Go",337,0.165764879488441,2026-01-04,2026-07-04
"SYN00015","C#",357,0.17560255779636,2026-01-04,2026-07-04
"SYN00015","SQL",317,0.155927201180521,2026-01-04,2026-07-04
"SYN00016","TypeScript",482,0.15870925255186,2026-01-04,2026-07-04
"SYN00016","Python",494,0.162660520250247,2026-01-04,2026-07-04
"SYN00016","Java",498,0.163977609483042,2026-01-04,2026-07-04
"SYN00016","Go",495,0.162989792558446,2026-01-04,2026-07-04
"SYN00016","C#",521,0.171550872571617,2026-01-04,2026-07-04
"SYN00016","SQL",547,0.180111952584788,2026-01-04,2026-07-04
"SYN00018","TypeScript",84,0.153846153846154,2026-01-04,2026-07-04
"SYN00018","Python",88,0.161172161172161,2026-01-04,2026-07-04
"SYN00018","Java",93,0.17032967032967,2026-01-04,2026-07-04
"SYN00018","Go",90,0.164835164835165,2026-01-04,2026-07-04
"SYN00018","C#",93,0.17032967032967,2026-01-04,2026-07-04
"SYN00018","SQL",98,0.179487179487179,2026-01-04,2026-07-04
"SYN00019","TypeScript",172,0.162264150943396,2026-01-04,2026-07-04
"SYN00019","Python",163,0.15377358490566,2026-01-04,2026-07-04
"SYN00019","Java",185,0.174528301886792,2026-01-04,2026-07-04
"SYN00019","Go",178,0.167924528301887,2026-01-04,2026-07-04
"SYN00019","C#",182,0.171698113207547,2026-01-04,2026-07-04
"SYN00019","SQL",180,0.169811320754717,2026-01-04,2026-07-04
"SYN00020","TypeScript",5,0.227272727272727,2026-01-04,2026-07-04
"SYN00020","Python",3,0.136363636363636,2026-01-04,2026-07-04
"SYN00020","Java",2,0.0909090909090909,2026-01-04,2026-07-04
"SYN00020","Go",5,0.227272727272727,2026-01-04,2026-07-04
"SYN00020","C#",3,0.136363636363636,2026-01-04,2026-07-04
"SYN00020","SQL",4,0.181818181818182,2026-01-04,2026-07-04
"SYN00021","TypeScript",38,0.172727272727273,2026-01-04,2026-07-04
"SYN00021","Python",34,0.154545454545455,2026-01-04,2026-07-04
"SYN00021","Java",34,0.154545454545455,2026-01-04,2026-07-04
"SYN00021","Go",33,0.15,2026-01-04,2026-07-04
"SYN00021","C#",43,0.195454545454545,2026-01-04,2026-07-04
"SYN00021","SQL",38,0.172727272727273,2026-01-04,2026-07-04
"SYN00022","TypeScript",416,0.166200559328805,2026-01-04,2026-07-04
"SYN00022","Python",408,0.163004394726328,2026-01-04,2026-07-04
"SYN00022","Java",421,0.168198162205354,2026-01-04,2026-07-04
"SYN00022","Go",431,0.17219336795845,2026-01-04,2026-07-04
"SYN00022","C#",410,0.163803435876948,2026-01-04,2026-07-04
"SYN00022","SQL",417,0.166600079904115,2026-01-04,2026-07-04
"SYN00024","TypeScript",180,0.180360721442886,2026-01-04,2026-07-04
"SYN00024","Python",168,0.168336673346693,2026-01-04,2026-07-04
"SYN00024","Java",173,0.173346693386774,2026-01-04,2026-07-04
"SYN00024","Go",158,0.158316633266533,2026-01-04,2026-07-04
"SYN00024","C#",151,0.151302605210421,2026-01-04,2026-07-04
"SYN00024","SQL",168,0.168336673346693,2026-01-04,2026-07-04
"SYN00025","TypeScript",8,0.125,2026-01-04,2026-07-04
"SYN00025","Python",11,0.171875,2026-01-04,2026-07-04
"SYN00025","Java",10,0.15625,2026-01-04,2026-07-04
"SYN00025","Go",19,0.296875,2026-01-04,2026-07-04
"SYN00025","C#",10,0.15625,2026-01-04,2026-07-04
"SYN00025","SQL",6,0.09375,2026-01-04,2026-07-04
"SYN00026","TypeScript",139,0.178433889602054,2026-01-04,2026-07-04
"SYN00026","Python",128,0.164313222079589,2026-01-04,2026-07-04
"SYN00026","Java",127,0.163029525032092,2026-01-04,2026-07-04
"SYN00026","Go",127,0.163029525032092,2026-01-04,2026-07-04
"SYN00026","C#",138,0.177150192554557,2026-01-04,2026-07-04
"SYN00026","SQL",120,0.154043645699615,2026-01-04,2026-07-04
"SYN00027","TypeScript",73,0.196765498652291,2026-01-04,2026-07-04
"SYN00027","Python",55,0.148247978436658,2026-01-04,2026-07-04
"SYN00027","Java",62,0.16711590296496,2026-01-04,2026-07-04
"SYN00027","Go",57,0.153638814016173,2026-01-04,2026-07-04
"SYN00027","C#",58,0.15633423180593,2026-01-04,2026-07-04
"SYN00027","SQL",66,0.177897574123989,2026-01-04,2026-07-04
"SYN00028","TypeScript",89,0.16390423572744,2026-01-04,2026-07-04
"SYN00028","Python",84,0.154696132596685,2026-01-04,2026-07-04
"SYN00028","Java",90,0.165745856353591,2026-01-04,2026-07-04
"SYN00028","Go",99,0.18232044198895,2026-01-04,2026-07-04
"SYN00028","C#",100,0.184162062615101,2026-01-04,2026-07-04
"SYN00028","SQL",81,0.149171270718232,2026-01-04,2026-07-04
"SYN00029","TypeScript",218,0.167950693374422,2026-01-04,2026-07-04
"SYN00029","Python",220,0.169491525423729,2026-01-04,2026-07-04
"SYN00029","Java",245,0.188751926040062,2026-01-04,2026-07-04
"SYN00029","Go",195,0.150231124807396,2026-01-04,2026-07-04
"SYN00029","C#",203,0.156394453004622,2026-01-04,2026-07-04
"SYN00029","SQL",217,0.167180277349769,2026-01-04,2026-07-04
"SYN00030","TypeScript",332,0.172736732570239,2026-01-04,2026-07-04
"SYN00030","Python",307,0.159729448491155,2026-01-04,2026-07-04
"SYN00030","Java",327,0.170135275754422,2026-01-04,2026-07-04
"SYN00030","Go",329,0.171175858480749,2026-01-04,2026-07-04
"SYN00030","C#",300,0.156087408949011,2026-01-04,2026-07-04
"SYN00030","SQL",327,0.170135275754422,2026-01-04,2026-07-04
"SYN00031","TypeScript",167,0.151680290644868,2026-01-04,2026-07-04
"SYN00031","Python",188,0.170753860127157,2026-01-04,2026-07-04
"SYN00031","Java",180,0.163487738419619,2026-01-04,2026-07-04
"SYN00031","Go",189,0.171662125340599,2026-01-04,2026-07-04
"SYN00031","C#",184,0.167120799273388,2026-01-04,2026-07-04
"SYN00031","SQL",193,0.175295186194369,2026-01-04,2026-07-04
"SYN00033","TypeScript",18,0.163636363636364,2026-01-04,2026-07-04
"SYN00033","Python",26,0.236363636363636,2026-01-04,2026-07-04
"SYN00033","Java",18,0.163636363636364,2026-01-04,2026-07-04
"SYN00033","Go",18,0.163636363636364,2026-01-04,2026-07-04
"SYN00033","C#",14,0.127272727272727,2026-01-04,2026-07-04
"SYN00033","SQL",16,0.145454545454545,2026-01-04,2026-07-04
"SYN00034","TypeScript",257,0.180858550316678,2026-01-04,2026-07-04
"SYN00034","Python",242,0.170302603800141,2026-01-04,2026-07-04
"SYN00034","Java",243,0.17100633356791,2026-01-04,2026-07-04
"SYN00034","Go",236,0.166080225193526,2026-01-04,2026-07-04
"SYN00034","C#",199,0.140042223786066,2026-01-04,2026-07-04
"SYN00034","SQL",244,0.171710063335679,2026-01-04,2026-07-04
"SYN00036","TypeScript",340,0.168650793650794,2026-01-04,2026-07-04
"SYN00036","Python",363,0.180059523809524,2026-01-04,2026-07-04
"SYN00036","Java",325,0.161210317460317,2026-01-04,2026-07-04
"SYN00036","Go",321,0.15922619047619,2026-01-04,2026-07-04
"SYN00036","C#",359,0.178075396825397,2026-01-04,2026-07-04
"SYN00036","SQL",308,0.152777777777778,2026-01-04,2026-07-04
"SYN00037","TypeScript",47,0.181467181467181,2026-01-04,2026-07-04
"SYN00037","Python",35,0.135135135135135,2026-01-04,2026-07-04
"SYN00037","Java",31,0.11969111969112,2026-01-04,2026-07-04
"SYN00037","Go",47,0.181467181467181,2026-01-04,2026-07-04
"SYN00037","C#",55,0.212355212355212,2026-01-04,2026-07-04
"SYN00037","SQL",44,0.16988416988417,2026-01-04,2026-07-04
"SYN00038","TypeScript",159,0.171891891891892,2026-01-04,2026-07-04
"SYN00038","Python",151,0.163243243243243,2026-01-04,2026-07-04
"SYN00038","Java",146,0.157837837837838,2026-01-04,2026-07-04
"SYN00038","Go",157,0.16972972972973,2026-01-04,2026-07-04
"SYN00038","C#",157,0.16972972972973,2026-01-04,2026-07-04
"SYN00038","SQL",155,0.167567567567568,2026-01-04,2026-07-04
"SYN00039","TypeScript",136,0.166056166056166,2026-01-04,2026-07-04
"SYN00039","Python",150,0.183150183150183,2026-01-04,2026-07-04
"SYN00039","Java",155,0.189255189255189,2026-01-04,2026-07-04
"SYN00039","Go",138,0.168498168498169,2026-01-04,2026-07-04
"SYN00039","C#",120,0.146520146520147,2026-01-04,2026-07-04
"SYN00039","SQL",120,0.146520146520147,2026-01-04,2026-07-04
"SYN00040","TypeScript",60,0.15625,2026-01-04,2026-07-04
"SYN00040","Python",58,0.151041666666667,2026-01-04,2026-07-04
"SYN00040","Java",62,0.161458333333333,2026-01-04,2026-07-04
"SYN00040","Go",67,0.174479166666667,2026-01-04,2026-07-04
"SYN00040","C#",65,0.169270833333333,2026-01-04,2026-07-04
"SYN00040","SQL",72,0.1875,2026-01-04,2026-07-04
"SYN00041","TypeScript",96,0.172043010752688,2026-01-04,2026-07-04
"SYN00041","Python",85,0.152329749103943,2026-01-04,2026-07-04
"SYN00041","Java",96,0.172043010752688,2026-01-04,2026-07-04
"SYN00041","Go",97,0.173835125448029,2026-01-04,2026-07-04
"SYN00041","C#",87,0.155913978494624,2026-01-04,2026-07-04
"SYN00041","SQL",97,0.173835125448029,2026-01-04,2026-07-04
"SYN00042","TypeScript",60,0.173913043478261,2026-01-04,2026-07-04
"SYN00042","Python",56,0.16231884057971,2026-01-04,2026-07-04
"SYN00042","Java",65,0.188405797101449,2026-01-04,2026-07-04
"SYN00042","Go",52,0.150724637681159,2026-01-04,2026-07-04
"SYN00042","C#",51,0.147826086956522,2026-01-04,2026-07-04
"SYN00042","SQL",61,0.176811594202899,2026-01-04,2026-07-04
"SYN00043","TypeScript",272,0.180730897009967,2026-01-04,2026-07-04
"SYN00043","Python",236,0.156810631229236,2026-01-04,2026-07-04
"SYN00043","Java",231,0.153488372093023,2026-01-04,2026-07-04
"SYN00043","Go",250,0.166112956810631,2026-01-04,2026-07-04
"SYN00043","C#",252,0.167441860465116,2026-01-04,2026-07-04
"SYN00043","SQL",264,0.175415282392027,2026-01-04,2026-07-04
"SYN00044","TypeScript",609,0.155635062611807,2026-01-04,2026-07-04
"SYN00044","Python",634,0.162024022489139,2026-01-04,2026-07-04
"SYN00044","Java",642,0.164068489649885,2026-01-04,2026-07-04
"SYN00044","Go",691,0.176590851009456,2026-01-04,2026-07-04
"SYN00044","C#",663,0.169435215946844,2026-01-04,2026-07-04
"SYN00044","SQL",674,0.17224635829287,2026-01-04,2026-07-04
"SYN00045","TypeScript",343,0.169634025717112,2026-01-04,2026-07-04
"SYN00045","Python",358,0.177052423343225,2026-01-04,2026-07-04
"SYN00045","Java",320,0.158259149357072,2026-01-04,2026-07-04
"SYN00045","Go",336,0.166172106824926,2026-01-04,2026-07-04
"SYN00045","C#",336,0.166172106824926,2026-01-04,2026-07-04
"SYN00045","SQL",329,0.16271018793274,2026-01-04,2026-07-04
"SYN00046","TypeScript",57,0.184466019417476,2026-01-04,2026-07-04
"SYN00046","Python",59,0.190938511326861,2026-01-04,2026-07-04
"SYN00046","Java",47,0.15210355987055,2026-01-04,2026-07-04
"SYN00046","Go",50,0.161812297734628,2026-01-04,2026-07-04
"SYN00046","C#",50,0.161812297734628,2026-01-04,2026-07-04
"SYN00046","SQL",46,0.148867313915858,2026-01-04,2026-07-04
"SYN00047","TypeScript",24,0.156862745098039,2026-01-04,2026-07-04
"SYN00047","Python",31,0.202614379084967,2026-01-04,2026-07-04
"SYN00047","Java",31,0.202614379084967,2026-01-04,2026-07-04
"SYN00047","Go",24,0.156862745098039,2026-01-04,2026-07-04
"SYN00047","C#",24,0.156862745098039,2026-01-04,2026-07-04
"SYN00047","SQL",19,0.124183006535948,2026-01-04,2026-07-04
"SYN00048","TypeScript",73,0.177184466019417,2026-01-04,2026-07-04
"SYN00048","Python",72,0.174757281553398,2026-01-04,2026-07-04
"SYN00048","Java",50,0.121359223300971,2026-01-04,2026-07-04
"SYN00048","Go",81,0.196601941747573,2026-01-04,2026-07-04
"SYN00048","C#",73,0.177184466019417,2026-01-04,2026-07-04
"SYN00048","SQL",63,0.152912621359223,2026-01-04,2026-07-04
"SYN00051","TypeScript",66,0.148314606741573,2026-01-04,2026-07-04
"SYN00051","Python",71,0.159550561797753,2026-01-04,2026-07-04
"SYN00051","Java",66,0.148314606741573,2026-01-04,2026-07-04
"SYN00051","Go",94,0.21123595505618,2026-01-04,2026-07-04
"SYN00051","C#",74,0.166292134831461,2026-01-04,2026-07-04
"SYN00051","SQL",74,0.166292134831461,2026-01-04,2026-07-04
"SYN00052","TypeScript",68,0.200589970501475,2026-01-04,2026-07-04
"SYN00052","Python",57,0.168141592920354,2026-01-04,2026-07-04
"SYN00052","Java",62,0.182890855457227,2026-01-04,2026-07-04
"SYN00052","Go",59,0.174041297935103,2026-01-04,2026-07-04
"SYN00052","C#",48,0.141592920353982,2026-01-04,2026-07-04
"SYN00052","SQL",45,0.132743362831858,2026-01-04,2026-07-04
"SYN00053","TypeScript",52,0.203921568627451,2026-01-04,2026-07-04
"SYN00053","Python",33,0.129411764705882,2026-01-04,2026-07-04
"SYN00053","Java",50,0.196078431372549,2026-01-04,2026-07-04
"SYN00053","Go",54,0.211764705882353,2026-01-04,2026-07-04
"SYN00053","C#",35,0.137254901960784,2026-01-04,2026-07-04
"SYN00053","SQL",31,0.12156862745098,2026-01-04,2026-07-04
"SYN00054","TypeScript",382,0.161864406779661,2026-01-04,2026-07-04
"SYN00054","Python",387,0.163983050847458,2026-01-04,2026-07-04
"SYN00054","Java",421,0.178389830508475,2026-01-04,2026-07-04
"SYN00054","Go",365,0.154661016949153,2026-01-04,2026-07-04
"SYN00054","C#",401,0.169915254237288,2026-01-04,2026-07-04
"SYN00054","SQL",404,0.171186440677966,2026-01-04,2026-07-04
"SYN00055","TypeScript",814,0.157843707581927,2026-01-04,2026-07-04
"SYN00055","Python",894,0.173356602675974,2026-01-04,2026-07-04
"SYN00055","Java",871,0.168896645336436,2026-01-04,2026-07-04
"SYN00055","Go",831,0.161140197789412,2026-01-04,2026-07-04
"SYN00055","C#",856,0.165987977506302,2026-01-04,2026-07-04
"SYN00055","SQL",891,0.172774869109948,2026-01-04,2026-07-04
"SYN00056","TypeScript",318,0.174246575342466,2026-01-04,2026-07-04
"SYN00056","Python",312,0.170958904109589,2026-01-04,2026-07-04
"SYN00056","Java",293,0.160547945205479,2026-01-04,2026-07-04
"SYN00056","Go",326,0.178630136986301,2026-01-04,2026-07-04
"SYN00056","C#",295,0.161643835616438,2026-01-04,2026-07-04
"SYN00056","SQL",281,0.153972602739726,2026-01-04,2026-07-04
"SYN00057","TypeScript",261,0.173768308921438,2026-01-04,2026-07-04
"SYN00057","Python",254,0.169107856191744,2026-01-04,2026-07-04
"SYN00057","Java",236,0.157123834886818,2026-01-04,2026-07-04
"SYN00057","Go",255,0.169773635153129,2026-01-04,2026-07-04
"SYN00057","C#",255,0.169773635153129,2026-01-04,2026-07-04
"SYN00057","SQL",241,0.160452729693742,2026-01-04,2026-07-04
"SYN00058","TypeScript",92,0.157804459691252,2026-01-04,2026-07-04
"SYN00058","Python",95,0.16295025728988,2026-01-04,2026-07-04
"SYN00058","Java",81,0.13893653516295,2026-01-04,2026-07-04
"SYN00058","Go",108,0.1852487135506,2026-01-04,2026-07-04
"SYN00058","C#",111,0.190394511149228,2026-01-04,2026-07-04
"SYN00058","SQL",96,0.164665523156089,2026-01-04,2026-07-04
"SYN00059","TypeScript",281,0.150508837707552,2026-01-04,2026-07-04
"SYN00059","Python",336,0.179967862881628,2026-01-04,2026-07-04
"SYN00059","Java",323,0.173004820567756,2026-01-04,2026-07-04
"SYN00059","Go",318,0.170326727370112,2026-01-04,2026-07-04
"SYN00059","C#",318,0.170326727370112,2026-01-04,2026-07-04
"SYN00059","SQL",291,0.155865024102839,2026-01-04,2026-07-04
"SYN00060","TypeScript",13,0.232142857142857,2026-01-04,2026-07-04
"SYN00060","Python",8,0.142857142857143,2026-01-04,2026-07-04
"SYN00060","Java",7,0.125,2026-01-04,2026-07-04
"SYN00060","Go",8,0.142857142857143,2026-01-04,2026-07-04
"SYN00060","C#",11,0.196428571428571,2026-01-04,2026-07-04
"SYN00060","SQL",9,0.160714285714286,2026-01-04,2026-07-04
"SYN00061","TypeScript",242,0.159105851413544,2026-01-04,2026-07-04
"SYN00061","Python",235,0.154503616042078,2026-01-04,2026-07-04
"SYN00061","Java",263,0.172912557527942,2026-01-04,2026-07-04
"SYN00061","Go",277,0.182117028270874,2026-01-04,2026-07-04
"SYN00061","C#",241,0.15844838921762,2026-01-04,2026-07-04
"SYN00061","SQL",263,0.172912557527942,2026-01-04,2026-07-04
"SYN00062","TypeScript",117,0.185126582278481,2026-01-04,2026-07-04
"SYN00062","Python",111,0.175632911392405,2026-01-04,2026-07-04
"SYN00062","Java",116,0.183544303797468,2026-01-04,2026-07-04
"SYN00062","Go",104,0.164556962025316,2026-01-04,2026-07-04
"SYN00062","C#",85,0.134493670886076,2026-01-04,2026-07-04
"SYN00062","SQL",99,0.156645569620253,2026-01-04,2026-07-04
"SYN00063","TypeScript",72,0.160356347438753,2026-01-04,2026-07-04
"SYN00063","Python",69,0.153674832962138,2026-01-04,2026-07-04
"SYN00063","Java",80,0.178173719376392,2026-01-04,2026-07-04
"SYN00063","Go",80,0.178173719376392,2026-01-04,2026-07-04
"SYN00063","C#",85,0.189309576837416,2026-01-04,2026-07-04
"SYN00063","SQL",63,0.140311804008909,2026-01-04,2026-07-04
"SYN00064","TypeScript",85,0.136876006441224,2026-01-04,2026-07-04
"SYN00064","Python",105,0.169082125603865,2026-01-04,2026-07-04
"SYN00064","Java",118,0.190016103059581,2026-01-04,2026-07-04
"SYN00064","Go",103,0.165861513687601,2026-01-04,2026-07-04
"SYN00064","C#",109,0.175523349436393,2026-01-04,2026-07-04
"SYN00064","SQL",101,0.162640901771337,2026-01-04,2026-07-04
"SYN00066","TypeScript",0,0,2026-01-04,2026-07-04
"SYN00066","Python",5,0.294117647058824,2026-01-04,2026-07-04
"SYN00066","Java",2,0.117647058823529,2026-01-04,2026-07-04
"SYN00066","Go",2,0.117647058823529,2026-01-04,2026-07-04
"SYN00066","C#",3,0.176470588235294,2026-01-04,2026-07-04
"SYN00066","SQL",5,0.294117647058824,2026-01-04,2026-07-04
"SYN00067","TypeScript",131,0.154481132075472,2026-01-04,2026-07-04
"SYN00067","Python",147,0.173349056603774,2026-01-04,2026-07-04
"SYN00067","Java",144,0.169811320754717,2026-01-04,2026-07-04
"SYN00067","Go",145,0.170990566037736,2026-01-04,2026-07-04
"SYN00067","C#",142,0.167452830188679,2026-01-04,2026-07-04
"SYN00067","SQL",139,0.163915094339623,2026-01-04,2026-07-04
"SYN00068","TypeScript",440,0.164424514200299,2026-01-04,2026-07-04
"SYN00068","Python",444,0.165919282511211,2026-01-04,2026-07-04
"SYN00068","Java",472,0.176382660687593,2026-01-04,2026-07-04
"SYN00068","Go",422,0.157698056801196,2026-01-04,2026-07-04
"SYN00068","C#",438,0.163677130044843,2026-01-04,2026-07-04
"SYN00068","SQL",460,0.171898355754858,2026-01-04,2026-07-04
"SYN00069","TypeScript",145,0.148717948717949,2026-01-04,2026-07-04
"SYN00069","Python",165,0.169230769230769,2026-01-04,2026-07-04
"SYN00069","Java",153,0.156923076923077,2026-01-04,2026-07-04
"SYN00069","Go",184,0.188717948717949,2026-01-04,2026-07-04
"SYN00069","C#",161,0.165128205128205,2026-01-04,2026-07-04
"SYN00069","SQL",167,0.171282051282051,2026-01-04,2026-07-04
"SYN00070","TypeScript",18,0.2,2026-01-04,2026-07-04
"SYN00070","Python",18,0.2,2026-01-04,2026-07-04
"SYN00070","Java",16,0.177777777777778,2026-01-04,2026-07-04
"SYN00070","Go",12,0.133333333333333,2026-01-04,2026-07-04
"SYN00070","C#",15,0.166666666666667,2026-01-04,2026-07-04
"SYN00070","SQL",11,0.122222222222222,2026-01-04,2026-07-04
"SYN00071","TypeScript",196,0.158704453441296,2026-01-04,2026-07-04
"SYN00071","Python",203,0.164372469635628,2026-01-04,2026-07-04
"SYN00071","Java",213,0.17246963562753,2026-01-04,2026-07-04
"SYN00071","Go",187,0.151417004048583,2026-01-04,2026-07-04
"SYN00071","C#",215,0.174089068825911,2026-01-04,2026-07-04
"SYN00071","SQL",221,0.178947368421053,2026-01-04,2026-07-04
"SYN00072","TypeScript",101,0.187037037037037,2026-01-04,2026-07-04
"SYN00072","Python",83,0.153703703703704,2026-01-04,2026-07-04
"SYN00072","Java",100,0.185185185185185,2026-01-04,2026-07-04
"SYN00072","Go",95,0.175925925925926,2026-01-04,2026-07-04
"SYN00072","C#",92,0.17037037037037,2026-01-04,2026-07-04
"SYN00072","SQL",69,0.127777777777778,2026-01-04,2026-07-04
"SYN00073","TypeScript",439,0.16647705726204,2026-01-04,2026-07-04
"SYN00073","Python",465,0.176336746302617,2026-01-04,2026-07-04
"SYN00073","Java",408,0.154721274175199,2026-01-04,2026-07-04
"SYN00073","Go",449,0.17026924535457,2026-01-04,2026-07-04
"SYN00073","C#",455,0.172544558210087,2026-01-04,2026-07-04
"SYN00073","SQL",421,0.159651118695487,2026-01-04,2026-07-04
"SYN00074","TypeScript",132,0.2,2026-01-04,2026-07-04
"SYN00074","Python",107,0.162121212121212,2026-01-04,2026-07-04
"SYN00074","Java",112,0.16969696969697,2026-01-04,2026-07-04
"SYN00074","Go",92,0.139393939393939,2026-01-04,2026-07-04
"SYN00074","C#",114,0.172727272727273,2026-01-04,2026-07-04
"SYN00074","SQL",103,0.156060606060606,2026-01-04,2026-07-04
"SYN00075","TypeScript",165,0.160349854227405,2026-01-04,2026-07-04
"SYN00075","Python",171,0.166180758017493,2026-01-04,2026-07-04
"SYN00075","Java",169,0.164237123420797,2026-01-04,2026-07-04
"SYN00075","Go",181,0.175898931000972,2026-01-04,2026-07-04
"SYN00075","C#",180,0.174927113702624,2026-01-04,2026-07-04
"SYN00075","SQL",163,0.158406219630709,2026-01-04,2026-07-04
"SYN00076","TypeScript",306,0.17936694021102,2026-01-04,2026-07-04
"SYN00076","Python",276,0.161781946072685,2026-01-04,2026-07-04
"SYN00076","Java",272,0.159437280187573,2026-01-04,2026-07-04
"SYN00076","Go",301,0.176436107854631,2026-01-04,2026-07-04
"SYN00076","C#",280,0.164126611957796,2026-01-04,2026-07-04
"SYN00076","SQL",271,0.158851113716295,2026-01-04,2026-07-04
"SYN00079","TypeScript",310,0.16967706622879,2026-01-04,2026-07-04
"SYN00079","Python",292,0.159824849480022,2026-01-04,2026-07-04
"SYN00079","Java",304,0.166392993979201,2026-01-04,2026-07-04
"SYN00079","Go",299,0.163656267104543,2026-01-04,2026-07-04
"SYN00079","C#",318,0.174055829228243,2026-01-04,2026-07-04
"SYN00079","SQL",304,0.166392993979201,2026-01-04,2026-07-04
"SYN00080","TypeScript",283,0.173832923832924,2026-01-04,2026-07-04
"SYN00080","Python",268,0.164619164619165,2026-01-04,2026-07-04
"SYN00080","Java",272,0.167076167076167,2026-01-04,2026-07-04
"SYN00080","Go",260,0.15970515970516,2026-01-04,2026-07-04
"SYN00080","C#",270,0.165847665847666,2026-01-04,2026-07-04
"SYN00080","SQL",275,0.168918918918919,2026-01-04,2026-07-04
"SYN00081","TypeScript",86,0.145762711864407,2026-01-04,2026-07-04
"SYN00081","Python",89,0.150847457627119,2026-01-04,2026-07-04
"SYN00081","Java",111,0.188135593220339,2026-01-04,2026-07-04
"SYN00081","Go",111,0.188135593220339,2026-01-04,2026-07-04
"SYN00081","C#",88,0.149152542372881,2026-01-04,2026-07-04
"SYN00081","SQL",105,0.177966101694915,2026-01-04,2026-07-04
"SYN00082","TypeScript",61,0.13034188034188,2026-01-04,2026-07-04
"SYN00082","Python",70,0.14957264957265,2026-01-04,2026-07-04
"SYN00082","Java",88,0.188034188034188,2026-01-04,2026-07-04
"SYN00082","Go",99,0.211538461538462,2026-01-04,2026-07-04
"SYN00082","C#",79,0.168803418803419,2026-01-04,2026-07-04
"SYN00082","SQL",71,0.151709401709402,2026-01-04,2026-07-04
"SYN00083","TypeScript",61,0.16991643454039,2026-01-04,2026-07-04
"SYN00083","Python",61,0.16991643454039,2026-01-04,2026-07-04
"SYN00083","Java",58,0.161559888579387,2026-01-04,2026-07-04
"SYN00083","Go",54,0.15041782729805,2026-01-04,2026-07-04
"SYN00083","C#",69,0.192200557103064,2026-01-04,2026-07-04
"SYN00083","SQL",56,0.155988857938719,2026-01-04,2026-07-04
"SYN00085","TypeScript",92,0.175908221797323,2026-01-04,2026-07-04
"SYN00085","Python",91,0.173996175908222,2026-01-04,2026-07-04
"SYN00085","Java",83,0.158699808795411,2026-01-04,2026-07-04
"SYN00085","Go",74,0.141491395793499,2026-01-04,2026-07-04
"SYN00085","C#",89,0.170172084130019,2026-01-04,2026-07-04
"SYN00085","SQL",94,0.179732313575526,2026-01-04,2026-07-04
"SYN00086","TypeScript",141,0.188,2026-01-04,2026-07-04
"SYN00086","Python",126,0.168,2026-01-04,2026-07-04
"SYN00086","Java",106,0.141333333333333,2026-01-04,2026-07-04
"SYN00086","Go",127,0.169333333333333,2026-01-04,2026-07-04
"SYN00086","C#",124,0.165333333333333,2026-01-04,2026-07-04
"SYN00086","SQL",126,0.168,2026-01-04,2026-07-04
"SYN00087","TypeScript",124,0.161879895561358,2026-01-04,2026-07-04
"SYN00087","Python",113,0.147519582245431,2026-01-04,2026-07-04
"SYN00087","Java",123,0.160574412532637,2026-01-04,2026-07-04
"SYN00087","Go",116,0.151436031331593,2026-01-04,2026-07-04
"SYN00087","C#",132,0.172323759791123,2026-01-04,2026-07-04
"SYN00087","SQL",158,0.206266318537859,2026-01-04,2026-07-04
"SYN00088","TypeScript",2,0.181818181818182,2026-01-04,2026-07-04
"SYN00088","Python",2,0.181818181818182,2026-01-04,2026-07-04
"SYN00088","Java",1,0.0909090909090909,2026-01-04,2026-07-04
"SYN00088","Go",2,0.181818181818182,2026-01-04,2026-07-04
"SYN00088","C#",1,0.0909090909090909,2026-01-04,2026-07-04
"SYN00088","SQL",3,0.272727272727273,2026-01-04,2026-07-04
"SYN00089","TypeScript",22,0.181818181818182,2026-01-04,2026-07-04
"SYN00089","Python",24,0.198347107438017,2026-01-04,2026-07-04
"SYN00089","Java",12,0.0991735537190083,2026-01-04,2026-07-04
"SYN00089","Go",23,0.190082644628099,2026-01-04,2026-07-04
"SYN00089","C#",19,0.15702479338843,2026-01-04,2026-07-04
"SYN00089","SQL",21,0.173553719008264,2026-01-04,2026-07-04
"SYN00090","TypeScript",98,0.1630615640599,2026-01-04,2026-07-04
"SYN00090","Python",104,0.173044925124792,2026-01-04,2026-07-04
"SYN00090","Java",90,0.149750415973378,2026-01-04,2026-07-04
"SYN00090","Go",103,0.171381031613977,2026-01-04,2026-07-04
"SYN00090","C#",103,0.171381031613977,2026-01-04,2026-07-04
"SYN00090","SQL",103,0.171381031613977,2026-01-04,2026-07-04
"SYN00091","TypeScript",44,0.169230769230769,2026-01-04,2026-07-04
"SYN00091","Python",42,0.161538461538462,2026-01-04,2026-07-04
"SYN00091","Java",37,0.142307692307692,2026-01-04,2026-07-04
"SYN00091","Go",43,0.165384615384615,2026-01-04,2026-07-04
"SYN00091","C#",45,0.173076923076923,2026-01-04,2026-07-04
"SYN00091","SQL",49,0.188461538461538,2026-01-04,2026-07-04
"SYN00092","TypeScript",118,0.155878467635403,2026-01-04,2026-07-04
"SYN00092","Python",127,0.16776750330251,2026-01-04,2026-07-04
"SYN00092","Java",129,0.170409511228534,2026-01-04,2026-07-04
"SYN00092","Go",112,0.147952443857332,2026-01-04,2026-07-04
"SYN00092","C#",131,0.173051519154557,2026-01-04,2026-07-04
"SYN00092","SQL",140,0.184940554821664,2026-01-04,2026-07-04
"SYN00093","TypeScript",270,0.166256157635468,2026-01-04,2026-07-04
"SYN00093","Python",279,0.17179802955665,2026-01-04,2026-07-04
"SYN00093","Java",258,0.158866995073892,2026-01-04,2026-07-04
"SYN00093","Go",301,0.185344827586207,2026-01-04,2026-07-04
"SYN00093","C#",259,0.15948275862069,2026-01-04,2026-07-04
"SYN00093","SQL",257,0.158251231527094,2026-01-04,2026-07-04
"SYN00094","TypeScript",29,0.18125,2026-01-04,2026-07-04
"SYN00094","Python",15,0.09375,2026-01-04,2026-07-04
"SYN00094","Java",28,0.175,2026-01-04,2026-07-04
"SYN00094","Go",36,0.225,2026-01-04,2026-07-04
"SYN00094","C#",29,0.18125,2026-01-04,2026-07-04
"SYN00094","SQL",23,0.14375,2026-01-04,2026-07-04
"SYN00095","TypeScript",438,0.177615571776156,2026-01-04,2026-07-04
"SYN00095","Python",392,0.158961881589619,2026-01-04,2026-07-04
"SYN00095","Java",387,0.156934306569343,2026-01-04,2026-07-04
"SYN00095","Go",415,0.168288726682887,2026-01-04,2026-07-04
"SYN00095","C#",403,0.163422546634225,2026-01-04,2026-07-04
"SYN00095","SQL",431,0.17477696674777,2026-01-04,2026-07-04
"SYN00096","TypeScript",662,0.16177908113392,2026-01-04,2026-07-04
"SYN00096","Python",690,0.168621700879765,2026-01-04,2026-07-04
"SYN00096","Java",659,0.161045943304008,2026-01-04,2026-07-04
"SYN00096","Go",694,0.169599217986315,2026-01-04,2026-07-04
"SYN00096","C#",661,0.161534701857282,2026-01-04,2026-07-04
"SYN00096","SQL",726,0.17741935483871,2026-01-04,2026-07-04
"SYN00097","TypeScript",267,0.165018541409147,2026-01-04,2026-07-04
"SYN00097","Python",287,0.177379480840544,2026-01-04,2026-07-04
"SYN00097","Java",273,0.168726823238566,2026-01-04,2026-07-04
"SYN00097","Go",237,0.146477132262052,2026-01-04,2026-07-04
"SYN00097","C#",272,0.168108776266996,2026-01-04,2026-07-04
"SYN00097","SQL",282,0.174289245982695,2026-01-04,2026-07-04
"SYN00098","TypeScript",206,0.190740740740741,2026-01-04,2026-07-04
"SYN00098","Python",163,0.150925925925926,2026-01-04,2026-07-04
"SYN00098","Java",148,0.137037037037037,2026-01-04,2026-07-04
"SYN00098","Go",191,0.176851851851852,2026-01-04,2026-07-04
"SYN00098","C#",178,0.164814814814815,2026-01-04,2026-07-04
"SYN00098","SQL",194,0.17962962962963,2026-01-04,2026-07-04
"SYN00099","TypeScript",44,0.204651162790698,2026-01-04,2026-07-04
"SYN00099","Python",30,0.13953488372093,2026-01-04,2026-07-04
"SYN00099","Java",35,0.162790697674419,2026-01-04,2026-07-04
"SYN00099","Go",36,0.167441860465116,2026-01-04,2026-07-04
"SYN00099","C#",27,0.125581395348837,2026-01-04,2026-07-04
"SYN00099","SQL",43,0.2,2026-01-04,2026-07-04
"SYN00100","TypeScript",187,0.186440677966102,2026-01-04,2026-07-04
"SYN00100","Python",176,0.175473579262213,2026-01-04,2026-07-04
"SYN00100","Java",151,0.150548354935194,2026-01-04,2026-07-04
"SYN00100","Go",174,0.173479561316052,2026-01-04,2026-07-04
"SYN00100","C#",154,0.153539381854437,2026-01-04,2026-07-04
"SYN00100","SQL",161,0.160518444666002,2026-01-04,2026-07-04
"SYN00102","TypeScript",118,0.183514774494557,2026-01-04,2026-07-04
"SYN00102","Python",90,0.139968895800933,2026-01-04,2026-07-04
"SYN00102","Java",112,0.174183514774495,2026-01-04,2026-07-04
"SYN00102","Go",113,0.175738724727838,2026-01-04,2026-07-04
"SYN00102","C#",104,0.161741835147745,2026-01-04,2026-07-04
"SYN00102","SQL",106,0.164852255054432,2026-01-04,2026-07-04
"SYN00103","TypeScript",16,0.117647058823529,2026-01-04,2026-07-04
"SYN00103","Python",20,0.147058823529412,2026-01-04,2026-07-04
"SYN00103","Java",17,0.125,2026-01-04,2026-07-04
"SYN00103","Go",34,0.25,2026-01-04,2026-07-04
"SYN00103","C#",22,0.161764705882353,2026-01-04,2026-07-04
"SYN00103","SQL",27,0.198529411764706,2026-01-04,2026-07-04
"SYN00104","TypeScript",142,0.157602663706992,2026-01-04,2026-07-04
"SYN00104","Python",135,0.149833518312986,2026-01-04,2026-07-04
"SYN00104","Java",160,0.177580466148724,2026-01-04,2026-07-04
"SYN00104","Go",168,0.18645948945616,2026-01-04,2026-07-04
"SYN00104","C#",144,0.159822419533851,2026-01-04,2026-07-04
"SYN00104","SQL",152,0.168701442841287,2026-01-04,2026-07-04
"SYN00105","TypeScript",274,0.170504044803983,2026-01-04,2026-07-04
"SYN00105","Python",260,0.161792159303049,2026-01-04,2026-07-04
"SYN00105","Java",249,0.154947106409459,2026-01-04,2026-07-04
"SYN00105","Go",282,0.17548226509023,2026-01-04,2026-07-04
"SYN00105","C#",266,0.165525824517735,2026-01-04,2026-07-04
"SYN00105","SQL",276,0.171748599875544,2026-01-04,2026-07-04
"SYN00106","TypeScript",235,0.164565826330532,2026-01-04,2026-07-04
"SYN00106","Python",243,0.170168067226891,2026-01-04,2026-07-04
"SYN00106","Java",235,0.164565826330532,2026-01-04,2026-07-04
"SYN00106","Go",254,0.177871148459384,2026-01-04,2026-07-04
"SYN00106","C#",232,0.162464985994398,2026-01-04,2026-07-04
"SYN00106","SQL",229,0.160364145658263,2026-01-04,2026-07-04
"SYN00107","TypeScript",358,0.159821428571429,2026-01-04,2026-07-04
"SYN00107","Python",389,0.173660714285714,2026-01-04,2026-07-04
"SYN00107","Java",382,0.170535714285714,2026-01-04,2026-07-04
"SYN00107","Go",362,0.161607142857143,2026-01-04,2026-07-04
"SYN00107","C#",376,0.167857142857143,2026-01-04,2026-07-04
"SYN00107","SQL",373,0.166517857142857,2026-01-04,2026-07-04
"SYN00108","TypeScript",47,0.190283400809717,2026-01-04,2026-07-04
"SYN00108","Python",36,0.145748987854251,2026-01-04,2026-07-04
"SYN00108","Java",34,0.137651821862348,2026-01-04,2026-07-04
"SYN00108","Go",30,0.121457489878543,2026-01-04,2026-07-04
"SYN00108","C#",50,0.202429149797571,2026-01-04,2026-07-04
"SYN00108","SQL",50,0.202429149797571,2026-01-04,2026-07-04
"SYN00109","TypeScript",111,0.146825396825397,2026-01-04,2026-07-04
"SYN00109","Python",127,0.167989417989418,2026-01-04,2026-07-04
"SYN00109","Java",130,0.171957671957672,2026-01-04,2026-07-04
"SYN00109","Go",147,0.194444444444444,2026-01-04,2026-07-04
"SYN00109","C#",119,0.157407407407407,2026-01-04,2026-07-04
"SYN00109","SQL",122,0.161375661375661,2026-01-04,2026-07-04
"SYN00111","TypeScript",238,0.16504854368932,2026-01-04,2026-07-04
"SYN00111","Python",233,0.161581137309293,2026-01-04,2026-07-04
"SYN00111","Java",238,0.16504854368932,2026-01-04,2026-07-04
"SYN00111","Go",258,0.178918169209431,2026-01-04,2026-07-04
"SYN00111","C#",230,0.159500693481276,2026-01-04,2026-07-04
"SYN00111","SQL",245,0.169902912621359,2026-01-04,2026-07-04
"SYN00112","TypeScript",19,0.125,2026-01-04,2026-07-04
"SYN00112","Python",24,0.157894736842105,2026-01-04,2026-07-04
"SYN00112","Java",28,0.184210526315789,2026-01-04,2026-07-04
"SYN00112","Go",28,0.184210526315789,2026-01-04,2026-07-04
"SYN00112","C#",29,0.190789473684211,2026-01-04,2026-07-04
"SYN00112","SQL",24,0.157894736842105,2026-01-04,2026-07-04
"SYN00114","TypeScript",74,0.144249512670565,2026-01-04,2026-07-04
"SYN00114","Python",91,0.177387914230019,2026-01-04,2026-07-04
"SYN00114","Java",85,0.165692007797271,2026-01-04,2026-07-04
"SYN00114","Go",92,0.179337231968811,2026-01-04,2026-07-04
"SYN00114","C#",82,0.159844054580897,2026-01-04,2026-07-04
"SYN00114","SQL",89,0.173489278752437,2026-01-04,2026-07-04
"SYN00115","TypeScript",74,0.142034548944338,2026-01-04,2026-07-04
"SYN00115","Python",68,0.130518234165067,2026-01-04,2026-07-04
"SYN00115","Java",97,0.186180422264875,2026-01-04,2026-07-04
"SYN00115","Go",100,0.191938579654511,2026-01-04,2026-07-04
"SYN00115","C#",75,0.143953934740883,2026-01-04,2026-07-04
"SYN00115","SQL",107,0.205374280230326,2026-01-04,2026-07-04
"SYN00116","TypeScript",374,0.163105102485826,2026-01-04,2026-07-04
"SYN00116","Python",371,0.161796772786742,2026-01-04,2026-07-04
"SYN00116","Java",398,0.1735717400785,2026-01-04,2026-07-04
"SYN00116","Go",393,0.171391190580026,2026-01-04,2026-07-04
"SYN00116","C#",386,0.168338421282163,2026-01-04,2026-07-04
"SYN00116","SQL",371,0.161796772786742,2026-01-04,2026-07-04
"SYN00117","TypeScript",196,0.181818181818182,2026-01-04,2026-07-04
"SYN00117","Python",181,0.167903525046382,2026-01-04,2026-07-04
"SYN00117","Java",169,0.156771799628942,2026-01-04,2026-07-04
"SYN00117","Go",189,0.175324675324675,2026-01-04,2026-07-04
"SYN00117","C#",171,0.158627087198516,2026-01-04,2026-07-04
"SYN00117","SQL",172,0.159554730983302,2026-01-04,2026-07-04
"SYN00118","TypeScript",35,0.172413793103448,2026-01-04,2026-07-04
"SYN00118","Python",36,0.177339901477833,2026-01-04,2026-07-04
"SYN00118","Java",29,0.142857142857143,2026-01-04,2026-07-04
"SYN00118","Go",38,0.187192118226601,2026-01-04,2026-07-04
"SYN00118","C#",21,0.103448275862069,2026-01-04,2026-07-04
"SYN00118","SQL",44,0.216748768472906,2026-01-04,2026-07-04
"SYN00119","TypeScript",110,0.149253731343284,2026-01-04,2026-07-04
"SYN00119","Python",128,0.173677069199457,2026-01-04,2026-07-04
"SYN00119","Java",138,0.187245590230665,2026-01-04,2026-07-04
"SYN00119","Go",126,0.170963364993216,2026-01-04,2026-07-04
"SYN00119","C#",118,0.16010854816825,2026-01-04,2026-07-04
"SYN00119","SQL",117,0.158751696065129,2026-01-04,2026-07-04
"SYN00120","TypeScript",30,0.158730158730159,2026-01-04,2026-07-04
"SYN00120","Python",38,0.201058201058201,2026-01-04,2026-07-04
"SYN00120","Java",28,0.148148148148148,2026-01-04,2026-07-04
"SYN00120","Go",32,0.169312169312169,2026-01-04,2026-07-04
"SYN00120","C#",28,0.148148148148148,2026-01-04,2026-07-04
"SYN00120","SQL",33,0.174603174603175,2026-01-04,2026-07-04
"SYN00122","TypeScript",501,0.165619834710744,2026-01-04,2026-07-04
"SYN00122","Python",536,0.177190082644628,2026-01-04,2026-07-04
"SYN00122","Java",484,0.16,2026-01-04,2026-07-04
"SYN00122","Go",504,0.166611570247934,2026-01-04,2026-07-04
"SYN00122","C#",467,0.154380165289256,2026-01-04,2026-07-04
"SYN00122","SQL",533,0.176198347107438,2026-01-04,2026-07-04
"SYN00123","TypeScript",113,0.147905759162304,2026-01-04,2026-07-04
"SYN00123","Python",147,0.192408376963351,2026-01-04,2026-07-04
"SYN00123","Java",126,0.164921465968586,2026-01-04,2026-07-04
"SYN00123","Go",143,0.18717277486911,2026-01-04,2026-07-04
"SYN00123","C#",113,0.147905759162304,2026-01-04,2026-07-04
"SYN00123","SQL",122,0.159685863874346,2026-01-04,2026-07-04
"SYN00124","TypeScript",167,0.166334661354582,2026-01-04,2026-07-04
"SYN00124","Python",174,0.173306772908367,2026-01-04,2026-07-04
"SYN00124","Java",161,0.160358565737052,2026-01-04,2026-07-04
"SYN00124","Go",151,0.150398406374502,2026-01-04,2026-07-04
"SYN00124","C#",173,0.172310756972112,2026-01-04,2026-07-04
"SYN00124","SQL",178,0.177290836653386,2026-01-04,2026-07-04
"SYN00125","TypeScript",41,0.164658634538153,2026-01-04,2026-07-04
"SYN00125","Python",43,0.172690763052209,2026-01-04,2026-07-04
"SYN00125","Java",43,0.172690763052209,2026-01-04,2026-07-04
"SYN00125","Go",43,0.172690763052209,2026-01-04,2026-07-04
"SYN00125","C#",42,0.168674698795181,2026-01-04,2026-07-04
"SYN00125","SQL",37,0.14859437751004,2026-01-04,2026-07-04
"SYN00126","TypeScript",44,0.183333333333333,2026-01-04,2026-07-04
"SYN00126","Python",37,0.154166666666667,2026-01-04,2026-07-04
"SYN00126","Java",53,0.220833333333333,2026-01-04,2026-07-04
"SYN00126","Go",26,0.108333333333333,2026-01-04,2026-07-04
"SYN00126","C#",35,0.145833333333333,2026-01-04,2026-07-04
"SYN00126","SQL",45,0.1875,2026-01-04,2026-07-04
"SYN00128","TypeScript",289,0.167148640832851,2026-01-04,2026-07-04
"SYN00128","Python",262,0.151532677848467,2026-01-04,2026-07-04
"SYN00128","Java",274,0.158473105841527,2026-01-04,2026-07-04
"SYN00128","Go",302,0.174667437825333,2026-01-04,2026-07-04
"SYN00128","C#",281,0.162521688837478,2026-01-04,2026-07-04
"SYN00128","SQL",321,0.185656448814344,2026-01-04,2026-07-04
"SYN00129","TypeScript",4,0.222222222222222,2026-01-04,2026-07-04
"SYN00129","Python",3,0.166666666666667,2026-01-04,2026-07-04
"SYN00129","Java",2,0.111111111111111,2026-01-04,2026-07-04
"SYN00129","Go",2,0.111111111111111,2026-01-04,2026-07-04
"SYN00129","C#",2,0.111111111111111,2026-01-04,2026-07-04
"SYN00129","SQL",5,0.277777777777778,2026-01-04,2026-07-04
"SYN00130","TypeScript",265,0.160411622276029,2026-01-04,2026-07-04
"SYN00130","Python",257,0.155569007263923,2026-01-04,2026-07-04
"SYN00130","Java",291,0.176150121065375,2026-01-04,2026-07-04
"SYN00130","Go",267,0.161622276029056,2026-01-04,2026-07-04
"SYN00130","C#",280,0.169491525423729,2026-01-04,2026-07-04
"SYN00130","SQL",292,0.176755447941889,2026-01-04,2026-07-04
"SYN00131","TypeScript",13,0.123809523809524,2026-01-04,2026-07-04
"SYN00131","Python",19,0.180952380952381,2026-01-04,2026-07-04
"SYN00131","Java",21,0.2,2026-01-04,2026-07-04
"SYN00131","Go",15,0.142857142857143,2026-01-04,2026-07-04
"SYN00131","C#",19,0.180952380952381,2026-01-04,2026-07-04
"SYN00131","SQL",18,0.171428571428571,2026-01-04,2026-07-04
"SYN00132","TypeScript",233,0.152088772845953,2026-01-04,2026-07-04
"SYN00132","Python",281,0.183420365535248,2026-01-04,2026-07-04
"SYN00132","Java",258,0.168407310704961,2026-01-04,2026-07-04
"SYN00132","Go",245,0.159921671018277,2026-01-04,2026-07-04
"SYN00132","C#",245,0.159921671018277,2026-01-04,2026-07-04
"SYN00132","SQL",270,0.176240208877285,2026-01-04,2026-07-04
"SYN00133","TypeScript",145,0.160753880266075,2026-01-04,2026-07-04
"SYN00133","Python",155,0.171840354767184,2026-01-04,2026-07-04
"SYN00133","Java",150,0.16629711751663,2026-01-04,2026-07-04
"SYN00133","Go",145,0.160753880266075,2026-01-04,2026-07-04
"SYN00133","C#",159,0.176274944567627,2026-01-04,2026-07-04
"SYN00133","SQL",148,0.164079822616408,2026-01-04,2026-07-04
"SYN00134","TypeScript",115,0.148387096774194,2026-01-04,2026-07-04
"SYN00134","Python",133,0.171612903225806,2026-01-04,2026-07-04
"SYN00134","Java",138,0.178064516129032,2026-01-04,2026-07-04
"SYN00134","Go",135,0.174193548387097,2026-01-04,2026-07-04
"SYN00134","C#",145,0.187096774193548,2026-01-04,2026-07-04
"SYN00134","SQL",109,0.140645161290323,2026-01-04,2026-07-04
"SYN00135","TypeScript",228,0.164383561643836,2026-01-04,2026-07-04
"SYN00135","Python",239,0.172314347512617,2026-01-04,2026-07-04
"SYN00135","Java",216,0.155731795241528,2026-01-04,2026-07-04
"SYN00135","Go",220,0.158615717375631,2026-01-04,2026-07-04
"SYN00135","C#",239,0.172314347512617,2026-01-04,2026-07-04
"SYN00135","SQL",245,0.176640230713771,2026-01-04,2026-07-04
"SYN00136","TypeScript",2,0.133333333333333,2026-01-04,2026-07-04
"SYN00136","Python",2,0.133333333333333,2026-01-04,2026-07-04
"SYN00136","Java",6,0.4,2026-01-04,2026-07-04
"SYN00136","Go",3,0.2,2026-01-04,2026-07-04
"SYN00136","C#",2,0.133333333333333,2026-01-04,2026-07-04
"SYN00136","SQL",0,0,2026-01-04,2026-07-04
"SYN00137","TypeScript",169,0.154761904761905,2026-01-04,2026-07-04
"SYN00137","Python",199,0.182234432234432,2026-01-04,2026-07-04
"SYN00137","Java",194,0.177655677655678,2026-01-04,2026-07-04
"SYN00137","Go",186,0.17032967032967,2026-01-04,2026-07-04
"SYN00137","C#",167,0.152930402930403,2026-01-04,2026-07-04
"SYN00137","SQL",177,0.162087912087912,2026-01-04,2026-07-04
"SYN00138","TypeScript",224,0.179919678714859,2026-01-04,2026-07-04
"SYN00138","Python",216,0.173493975903614,2026-01-04,2026-07-04
"SYN00138","Java",204,0.163855421686747,2026-01-04,2026-07-04
"SYN00138","Go",213,0.171084337349398,2026-01-04,2026-07-04
"SYN00138","C#",192,0.15421686746988,2026-01-04,2026-07-04
"SYN00138","SQL",196,0.157429718875502,2026-01-04,2026-07-04
"SYN00139","TypeScript",16,0.207792207792208,2026-01-04,2026-07-04
"SYN00139","Python",9,0.116883116883117,2026-01-04,2026-07-04
"SYN00139","Java",17,0.220779220779221,2026-01-04,2026-07-04
"SYN00139","Go",12,0.155844155844156,2026-01-04,2026-07-04
"SYN00139","C#",10,0.12987012987013,2026-01-04,2026-07-04
"SYN00139","SQL",13,0.168831168831169,2026-01-04,2026-07-04
"SYN00140","TypeScript",94,0.16998191681736,2026-01-04,2026-07-04
"SYN00140","Python",78,0.141048824593128,2026-01-04,2026-07-04
"SYN00140","Java",98,0.177215189873418,2026-01-04,2026-07-04
"SYN00140","Go",92,0.166365280289331,2026-01-04,2026-07-04
"SYN00140","C#",97,0.175406871609403,2026-01-04,2026-07-04
"SYN00140","SQL",94,0.16998191681736,2026-01-04,2026-07-04
"SYN00141","TypeScript",114,0.152202937249666,2026-01-04,2026-07-04
"SYN00141","Python",112,0.149532710280374,2026-01-04,2026-07-04
"SYN00141","Java",139,0.185580774365821,2026-01-04,2026-07-04
"SYN00141","Go",129,0.172229639519359,2026-01-04,2026-07-04
"SYN00141","C#",129,0.172229639519359,2026-01-04,2026-07-04
"SYN00141","SQL",126,0.168224299065421,2026-01-04,2026-07-04
"SYN00142","TypeScript",160,0.167014613778706,2026-01-04,2026-07-04
"SYN00142","Python",149,0.15553235908142,2026-01-04,2026-07-04
"SYN00142","Java",149,0.15553235908142,2026-01-04,2026-07-04
"SYN00142","Go",153,0.159707724425887,2026-01-04,2026-07-04
"SYN00142","C#",179,0.186847599164927,2026-01-04,2026-07-04
"SYN00142","SQL",168,0.175365344467641,2026-01-04,2026-07-04
"SYN00143","TypeScript",297,0.173887587822014,2026-01-04,2026-07-04
"SYN00143","Python",285,0.166861826697892,2026-01-04,2026-07-04
"SYN00143","Java",280,0.163934426229508,2026-01-04,2026-07-04
"SYN00143","Go",274,0.160421545667447,2026-01-04,2026-07-04
"SYN00143","C#",276,0.161592505854801,2026-01-04,2026-07-04
"SYN00143","SQL",296,0.173302107728337,2026-01-04,2026-07-04
"SYN00144","TypeScript",7,0.127272727272727,2026-01-04,2026-07-04
"SYN00144","Python",12,0.218181818181818,2026-01-04,2026-07-04
"SYN00144","Java",10,0.181818181818182,2026-01-04,2026-07-04
"SYN00144","Go",11,0.2,2026-01-04,2026-07-04
"SYN00144","C#",5,0.0909090909090909,2026-01-04,2026-07-04
"SYN00144","SQL",10,0.181818181818182,2026-01-04,2026-07-04
"SYN00145","TypeScript",518,0.166505946640951,2026-01-04,2026-07-04
"SYN00145","Python",523,0.168113146898103,2026-01-04,2026-07-04
"SYN00145","Java",538,0.17293474766956,2026-01-04,2026-07-04
"SYN00145","Go",511,0.164255866280939,2026-01-04,2026-07-04
"SYN00145","C#",520,0.167148826743812,2026-01-04,2026-07-04
"SYN00145","SQL",501,0.161041465766635,2026-01-04,2026-07-04
"SYN00146","TypeScript",48,0.19672131147541,2026-01-04,2026-07-04
"SYN00146","Python",32,0.131147540983607,2026-01-04,2026-07-04
"SYN00146","Java",45,0.184426229508197,2026-01-04,2026-07-04
"SYN00146","Go",36,0.147540983606557,2026-01-04,2026-07-04
"SYN00146","C#",41,0.168032786885246,2026-01-04,2026-07-04
"SYN00146","SQL",42,0.172131147540984,2026-01-04,2026-07-04
"SYN00147","TypeScript",91,0.151414309484193,2026-01-04,2026-07-04
"SYN00147","Python",107,0.178036605657238,2026-01-04,2026-07-04
"SYN00147","Java",95,0.158069883527454,2026-01-04,2026-07-04
"SYN00147","Go",101,0.168053244592346,2026-01-04,2026-07-04
"SYN00147","C#",96,0.15973377703827,2026-01-04,2026-07-04
"SYN00147","SQL",111,0.184692179700499,2026-01-04,2026-07-04
"SYN00149","TypeScript",6,0.193548387096774,2026-01-04,2026-07-04
"SYN00149","Python",1,0.032258064516129,2026-01-04,2026-07-04
"SYN00149","Java",4,0.129032258064516,2026-01-04,2026-07-04
"SYN00149","Go",4,0.129032258064516,2026-01-04,2026-07-04
"SYN00149","C#",7,0.225806451612903,2026-01-04,2026-07-04
"SYN00149","SQL",9,0.290322580645161,2026-01-04,2026-07-04
"SYN00150","TypeScript",3,0.115384615384615,2026-01-04,2026-07-04
"SYN00150","Python",5,0.192307692307692,2026-01-04,2026-07-04
"SYN00150","Java",3,0.115384615384615,2026-01-04,2026-07-04
"SYN00150","Go",4,0.153846153846154,2026-01-04,2026-07-04
"SYN00150","C#",7,0.269230769230769,2026-01-04,2026-07-04
"SYN00150","SQL",4,0.153846153846154,2026-01-04,2026-07-04
"SYN00151","TypeScript",655,0.165112175447441,2026-01-04,2026-07-04
"SYN00151","Python",686,0.172926644819763,2026-01-04,2026-07-04
"SYN00151","Java",654,0.16486009579027,2026-01-04,2026-07-04
"SYN00151","Go",664,0.167380892361986,2026-01-04,2026-07-04
"SYN00151","C#",656,0.165364255104613,2026-01-04,2026-07-04
"SYN00151","SQL",652,0.164355936475926,2026-01-04,2026-07-04
"SYN00152","TypeScript",44,0.156028368794326,2026-01-04,2026-07-04
"SYN00152","Python",42,0.148936170212766,2026-01-04,2026-07-04
"SYN00152","Java",49,0.173758865248227,2026-01-04,2026-07-04
"SYN00152","Go",40,0.141843971631206,2026-01-04,2026-07-04
"SYN00152","C#",54,0.191489361702128,2026-01-04,2026-07-04
"SYN00152","SQL",53,0.187943262411348,2026-01-04,2026-07-04
"SYN00153","TypeScript",270,0.162162162162162,2026-01-04,2026-07-04
"SYN00153","Python",260,0.156156156156156,2026-01-04,2026-07-04
"SYN00153","Java",307,0.184384384384384,2026-01-04,2026-07-04
"SYN00153","Go",269,0.161561561561562,2026-01-04,2026-07-04
"SYN00153","C#",258,0.154954954954955,2026-01-04,2026-07-04
"SYN00153","SQL",301,0.180780780780781,2026-01-04,2026-07-04
"SYN00157","TypeScript",198,0.159163987138264,2026-01-04,2026-07-04
"SYN00157","Python",183,0.147106109324759,2026-01-04,2026-07-04
"SYN00157","Java",216,0.173633440514469,2026-01-04,2026-07-04
"SYN00157","Go",241,0.193729903536977,2026-01-04,2026-07-04
"SYN00157","C#",199,0.159967845659164,2026-01-04,2026-07-04
"SYN00157","SQL",207,0.166398713826367,2026-01-04,2026-07-04
"SYN00158","TypeScript",188,0.179047619047619,2026-01-04,2026-07-04
"SYN00158","Python",191,0.181904761904762,2026-01-04,2026-07-04
"SYN00158","Java",161,0.153333333333333,2026-01-04,2026-07-04
"SYN00158","Go",157,0.14952380952381,2026-01-04,2026-07-04
"SYN00158","C#",166,0.158095238095238,2026-01-04,2026-07-04
"SYN00158","SQL",187,0.178095238095238,2026-01-04,2026-07-04
"SYN00159","TypeScript",300,0.16260162601626,2026-01-04,2026-07-04
"SYN00159","Python",296,0.160433604336043,2026-01-04,2026-07-04
"SYN00159","Java",311,0.168563685636856,2026-01-04,2026-07-04
"SYN00159","Go",293,0.158807588075881,2026-01-04,2026-07-04
"SYN00159","C#",354,0.191869918699187,2026-01-04,2026-07-04
"SYN00159","SQL",291,0.157723577235772,2026-01-04,2026-07-04
"SYN00160","TypeScript",105,0.179180887372014,2026-01-04,2026-07-04
"SYN00160","Python",90,0.15358361774744,2026-01-04,2026-07-04
"SYN00160","Java",95,0.162116040955631,2026-01-04,2026-07-04
"SYN00160","Go",104,0.177474402730375,2026-01-04,2026-07-04
"SYN00160","C#",92,0.156996587030717,2026-01-04,2026-07-04
"SYN00160","SQL",100,0.170648464163823,2026-01-04,2026-07-04
"SYN00161","TypeScript",45,0.145161290322581,2026-01-04,2026-07-04
"SYN00161","Python",59,0.190322580645161,2026-01-04,2026-07-04
"SYN00161","Java",49,0.158064516129032,2026-01-04,2026-07-04
"SYN00161","Go",51,0.164516129032258,2026-01-04,2026-07-04
"SYN00161","C#",56,0.180645161290323,2026-01-04,2026-07-04
"SYN00161","SQL",50,0.161290322580645,2026-01-04,2026-07-04
"SYN00162","TypeScript",653,0.169478328575136,2026-01-04,2026-07-04
"SYN00162","Python",630,0.16350895406177,2026-01-04,2026-07-04
"SYN00162","Java",648,0.168180638463535,2026-01-04,2026-07-04
"SYN00162","Go",620,0.160913573838567,2026-01-04,2026-07-04
"SYN00162","C#",660,0.171295094731378,2026-01-04,2026-07-04
"SYN00162","SQL",642,0.166623410329613,2026-01-04,2026-07-04
"SYN00163","TypeScript",138,0.16747572815534,2026-01-04,2026-07-04
"SYN00163","Python",135,0.163834951456311,2026-01-04,2026-07-04
"SYN00163","Java",137,0.16626213592233,2026-01-04,2026-07-04
"SYN00163","Go",137,0.16626213592233,2026-01-04,2026-07-04
"SYN00163","C#",133,0.161407766990291,2026-01-04,2026-07-04
"SYN00163","SQL",144,0.174757281553398,2026-01-04,2026-07-04
"SYN00164","TypeScript",48,0.173285198555957,2026-01-04,2026-07-04
"SYN00164","Python",43,0.155234657039711,2026-01-04,2026-07-04
"SYN00164","Java",51,0.184115523465704,2026-01-04,2026-07-04
"SYN00164","Go",54,0.194945848375451,2026-01-04,2026-07-04
"SYN00164","C#",35,0.126353790613718,2026-01-04,2026-07-04
"SYN00164","SQL",46,0.166064981949458,2026-01-04,2026-07-04
"SYN00168","TypeScript",239,0.170470756062767,2026-01-04,2026-07-04
"SYN00168","Python",205,0.146219686162625,2026-01-04,2026-07-04
"SYN00168","Java",261,0.186162624821683,2026-01-04,2026-07-04
"SYN00168","Go",226,0.161198288159772,2026-01-04,2026-07-04
"SYN00168","C#",252,0.179743223965763,2026-01-04,2026-07-04
"SYN00168","SQL",219,0.156205420827389,2026-01-04,2026-07-04
"SYN00169","TypeScript",243,0.1784140969163,2026-01-04,2026-07-04
"SYN00169","Python",237,0.174008810572687,2026-01-04,2026-07-04
"SYN00169","Java",210,0.154185022026432,2026-01-04,2026-07-04
"SYN00169","Go",205,0.150513950073421,2026-01-04,2026-07-04
"SYN00169","C#",220,0.161527165932452,2026-01-04,2026-07-04
"SYN00169","SQL",247,0.181350954478708,2026-01-04,2026-07-04
"SYN00170","TypeScript",182,0.17349857006673,2026-01-04,2026-07-04
"SYN00170","Python",180,0.171591992373689,2026-01-04,2026-07-04
"SYN00170","Java",170,0.162059103908484,2026-01-04,2026-07-04
"SYN00170","Go",162,0.15443279313632,2026-01-04,2026-07-04
"SYN00170","C#",167,0.159199237368923,2026-01-04,2026-07-04
"SYN00170","SQL",188,0.179218303145853,2026-01-04,2026-07-04
"SYN00171","TypeScript",101,0.181654676258993,2026-01-04,2026-07-04
"SYN00171","Python",101,0.181654676258993,2026-01-04,2026-07-04
"SYN00171","Java",90,0.161870503597122,2026-01-04,2026-07-04
"SYN00171","Go",79,0.142086330935252,2026-01-04,2026-07-04
"SYN00171","C#",83,0.149280575539568,2026-01-04,2026-07-04
"SYN00171","SQL",102,0.183453237410072,2026-01-04,2026-07-04
"SYN00173","TypeScript",96,0.175502742230347,2026-01-04,2026-07-04
"SYN00173","Python",98,0.179159049360146,2026-01-04,2026-07-04
"SYN00173","Java",73,0.13345521023766,2026-01-04,2026-07-04
"SYN00173","Go",89,0.162705667276051,2026-01-04,2026-07-04
"SYN00173","C#",91,0.16636197440585,2026-01-04,2026-07-04
"SYN00173","SQL",100,0.182815356489945,2026-01-04,2026-07-04
"SYN00174","TypeScript",150,0.167973124300112,2026-01-04,2026-07-04
"SYN00174","Python",145,0.162374020156775,2026-01-04,2026-07-04
"SYN00174","Java",147,0.16461366181411,2026-01-04,2026-07-04
"SYN00174","Go",144,0.161254199328108,2026-01-04,2026-07-04
"SYN00174","C#",160,0.179171332586786,2026-01-04,2026-07-04
"SYN00174","SQL",147,0.16461366181411,2026-01-04,2026-07-04
"SYN00175","TypeScript",87,0.174698795180723,2026-01-04,2026-07-04
"SYN00175","Python",79,0.15863453815261,2026-01-04,2026-07-04
"SYN00175","Java",92,0.184738955823293,2026-01-04,2026-07-04
"SYN00175","Go",73,0.146586345381526,2026-01-04,2026-07-04
"SYN00175","C#",79,0.15863453815261,2026-01-04,2026-07-04
"SYN00175","SQL",88,0.176706827309237,2026-01-04,2026-07-04
"SYN00176","TypeScript",204,0.166123778501629,2026-01-04,2026-07-04
"SYN00176","Python",209,0.170195439739414,2026-01-04,2026-07-04
"SYN00176","Java",199,0.162052117263844,2026-01-04,2026-07-04
"SYN00176","Go",196,0.159609120521173,2026-01-04,2026-07-04
"SYN00176","C#",208,0.169381107491857,2026-01-04,2026-07-04
"SYN00176","SQL",212,0.172638436482085,2026-01-04,2026-07-04
"SYN00177","TypeScript",1075,0.172885172081055,2026-01-04,2026-07-04
"SYN00177","Python",1004,0.161466709552911,2026-01-04,2026-07-04
"SYN00177","Java",1110,0.178513991637182,2026-01-04,2026-07-04
"SYN00177","Go",1043,0.167738822772596,2026-01-04,2026-07-04
"SYN00177","C#",952,0.153103891926665,2026-01-04,2026-07-04
"SYN00177","SQL",1034,0.166291412029591,2026-01-04,2026-07-04
"SYN00178","TypeScript",126,0.151442307692308,2026-01-04,2026-07-04
"SYN00178","Python",134,0.161057692307692,2026-01-04,2026-07-04
"SYN00178","Java",123,0.147836538461538,2026-01-04,2026-07-04
"SYN00178","Go",139,0.167067307692308,2026-01-04,2026-07-04
"SYN00178","C#",147,0.176682692307692,2026-01-04,2026-07-04
"SYN00178","SQL",163,0.195913461538462,2026-01-04,2026-07-04
"SYN00179","TypeScript",17,0.242857142857143,2026-01-04,2026-07-04
"SYN00179","Python",15,0.214285714285714,2026-01-04,2026-07-04
"SYN00179","Java",9,0.128571428571429,2026-01-04,2026-07-04
"SYN00179","Go",13,0.185714285714286,2026-01-04,2026-07-04
"SYN00179","C#",11,0.157142857142857,2026-01-04,2026-07-04
"SYN00179","SQL",5,0.0714285714285714,2026-01-04,2026-07-04
"SYN00180","TypeScript",500,0.170068027210884,2026-01-04,2026-07-04
"SYN00180","Python",473,0.160884353741497,2026-01-04,2026-07-04
"SYN00180","Java",477,0.162244897959184,2026-01-04,2026-07-04
"SYN00180","Go",481,0.163605442176871,2026-01-04,2026-07-04
"SYN00180","C#",508,0.172789115646259,2026-01-04,2026-07-04
"SYN00180","SQL",501,0.170408163265306,2026-01-04,2026-07-04
"SYN00181","TypeScript",118,0.153846153846154,2026-01-04,2026-07-04
"SYN00181","Python",138,0.179921773142112,2026-01-04,2026-07-04
"SYN00181","Java",134,0.17470664928292,2026-01-04,2026-07-04
"SYN00181","Go",139,0.18122555410691,2026-01-04,2026-07-04
"SYN00181","C#",127,0.165580182529335,2026-01-04,2026-07-04
"SYN00181","SQL",111,0.144719687092568,2026-01-04,2026-07-04
"SYN00183","TypeScript",27,0.146739130434783,2026-01-04,2026-07-04
"SYN00183","Python",27,0.146739130434783,2026-01-04,2026-07-04
"SYN00183","Java",35,0.190217391304348,2026-01-04,2026-07-04
"SYN00183","Go",30,0.16304347826087,2026-01-04,2026-07-04
"SYN00183","C#",28,0.152173913043478,2026-01-04,2026-07-04
"SYN00183","SQL",37,0.201086956521739,2026-01-04,2026-07-04
"SYN00184","TypeScript",235,0.165144061841181,2026-01-04,2026-07-04
"SYN00184","Python",243,0.170765987350668,2026-01-04,2026-07-04
"SYN00184","Java",228,0.160224877020379,2026-01-04,2026-07-04
"SYN00184","Go",249,0.174982431482783,2026-01-04,2026-07-04
"SYN00184","C#",213,0.149683766690091,2026-01-04,2026-07-04
"SYN00184","SQL",255,0.179198875614898,2026-01-04,2026-07-04
"SYN00185","TypeScript",312,0.170678336980306,2026-01-04,2026-07-04
"SYN00185","Python",314,0.171772428884026,2026-01-04,2026-07-04
"SYN00185","Java",286,0.156455142231947,2026-01-04,2026-07-04
"SYN00185","Go",309,0.169037199124726,2026-01-04,2026-07-04
"SYN00185","C#",281,0.153719912472648,2026-01-04,2026-07-04
"SYN00185","SQL",326,0.178336980306346,2026-01-04,2026-07-04
"SYN00186","TypeScript",132,0.184100418410042,2026-01-04,2026-07-04
"SYN00186","Python",120,0.167364016736402,2026-01-04,2026-07-04
"SYN00186","Java",109,0.152022315202232,2026-01-04,2026-07-04
"SYN00186","Go",126,0.175732217573222,2026-01-04,2026-07-04
"SYN00186","C#",111,0.154811715481172,2026-01-04,2026-07-04
"SYN00186","SQL",119,0.165969316596932,2026-01-04,2026-07-04
"SYN00187","TypeScript",138,0.163120567375887,2026-01-04,2026-07-04
"SYN00187","Python",153,0.180851063829787,2026-01-04,2026-07-04
"SYN00187","Java",146,0.1725768321513,2026-01-04,2026-07-04
"SYN00187","Go",144,0.170212765957447,2026-01-04,2026-07-04
"SYN00187","C#",127,0.150118203309693,2026-01-04,2026-07-04
"SYN00187","SQL",138,0.163120567375887,2026-01-04,2026-07-04
"SYN00189","TypeScript",329,0.165077772202709,2026-01-04,2026-07-04
"SYN00189","Python",339,0.170095333667837,2026-01-04,2026-07-04
"SYN00189","Java",295,0.148018063221274,2026-01-04,2026-07-04
"SYN00189","Go",366,0.183642749623683,2026-01-04,2026-07-04
"SYN00189","C#",335,0.168088309081786,2026-01-04,2026-07-04
"SYN00189","SQL",329,0.165077772202709,2026-01-04,2026-07-04
"SYN00191","TypeScript",13,0.191176470588235,2026-01-04,2026-07-04
"SYN00191","Python",15,0.220588235294118,2026-01-04,2026-07-04
"SYN00191","Java",7,0.102941176470588,2026-01-04,2026-07-04
"SYN00191","Go",14,0.205882352941176,2026-01-04,2026-07-04
"SYN00191","C#",6,0.0882352941176471,2026-01-04,2026-07-04
"SYN00191","SQL",13,0.191176470588235,2026-01-04,2026-07-04
"SYN00192","TypeScript",3,0.111111111111111,2026-01-04,2026-07-04
"SYN00192","Python",4,0.148148148148148,2026-01-04,2026-07-04
"SYN00192","Java",3,0.111111111111111,2026-01-04,2026-07-04
"SYN00192","Go",5,0.185185185185185,2026-01-04,2026-07-04
"SYN00192","C#",6,0.222222222222222,2026-01-04,2026-07-04
"SYN00192","SQL",6,0.222222222222222,2026-01-04,2026-07-04
"SYN00193","TypeScript",26,0.125,2026-01-04,2026-07-04
"SYN00193","Python",35,0.168269230769231,2026-01-04,2026-07-04
"SYN00193","Java",39,0.1875,2026-01-04,2026-07-04
"SYN00193","Go",31,0.149038461538462,2026-01-04,2026-07-04
"SYN00193","C#",45,0.216346153846154,2026-01-04,2026-07-04
"SYN00193","SQL",32,0.153846153846154,2026-01-04,2026-07-04
"SYN00194","TypeScript",0,0,2026-01-04,2026-07-04
"SYN00194","Python",2,0.285714285714286,2026-01-04,2026-07-04
"SYN00194","Java",0,0,2026-01-04,2026-07-04
"SYN00194","Go",2,0.285714285714286,2026-01-04,2026-07-04
"SYN00194","C#",2,0.285714285714286,2026-01-04,2026-07-04
"SYN00194","SQL",1,0.142857142857143,2026-01-04,2026-07-04
"SYN00195","TypeScript",53,0.134860050890585,2026-01-04,2026-07-04
"SYN00195","Python",63,0.16030534351145,2026-01-04,2026-07-04
"SYN00195","Java",81,0.206106870229008,2026-01-04,2026-07-04
"SYN00195","Go",66,0.16793893129771,2026-01-04,2026-07-04
"SYN00195","C#",59,0.150127226463104,2026-01-04,2026-07-04
"SYN00195","SQL",71,0.180661577608142,2026-01-04,2026-07-04
"SYN00197","TypeScript",55,0.160818713450292,2026-01-04,2026-07-04
"SYN00197","Python",58,0.169590643274854,2026-01-04,2026-07-04
"SYN00197","Java",59,0.172514619883041,2026-01-04,2026-07-04
"SYN00197","Go",58,0.169590643274854,2026-01-04,2026-07-04
"SYN00197","C#",58,0.169590643274854,2026-01-04,2026-07-04
"SYN00197","SQL",54,0.157894736842105,2026-01-04,2026-07-04
"SYN00198","TypeScript",31,0.172222222222222,2026-01-04,2026-07-04
"SYN00198","Python",21,0.116666666666667,2026-01-04,2026-07-04
"SYN00198","Java",28,0.155555555555556,2026-01-04,2026-07-04
"SYN00198","Go",36,0.2,2026-01-04,2026-07-04
"SYN00198","C#",29,0.161111111111111,2026-01-04,2026-07-04
"SYN00198","SQL",35,0.194444444444444,2026-01-04,2026-07-04
"SYN00199","TypeScript",276,0.162352941176471,2026-01-04,2026-07-04
"SYN00199","Python",284,0.167058823529412,2026-01-04,2026-07-04
"SYN00199","Java",291,0.171176470588235,2026-01-04,2026-07-04
"SYN00199","Go",267,0.157058823529412,2026-01-04,2026-07-04
"SYN00199","C#",303,0.178235294117647,2026-01-04,2026-07-04
"SYN00199","SQL",279,0.164117647058824,2026-01-04,2026-07-04
"SYN00200","TypeScript",2,0.125,2026-01-04,2026-07-04
"SYN00200","Python",3,0.1875,2026-01-04,2026-07-04
"SYN00200","Java",4,0.25,2026-01-04,2026-07-04
"SYN00200","Go",1,0.0625,2026-01-04,2026-07-04
"SYN00200","C#",6,0.375,2026-01-04,2026-07-04
"SYN00200","SQL",0,0,2026-01-04,2026-07-04
"SYN00201","TypeScript",21,0.144827586206897,2026-01-04,2026-07-04
"SYN00201","Python",22,0.151724137931034,2026-01-04,2026-07-04
"SYN00201","Java",24,0.16551724137931,2026-01-04,2026-07-04
"SYN00201","Go",31,0.213793103448276,2026-01-04,2026-07-04
"SYN00201","C#",22,0.151724137931034,2026-01-04,2026-07-04
"SYN00201","SQL",25,0.172413793103448,2026-01-04,2026-07-04
"SYN00202","TypeScript",109,0.194991055456172,2026-01-04,2026-07-04
"SYN00202","Python",80,0.143112701252236,2026-01-04,2026-07-04
"SYN00202","Java",79,0.141323792486583,2026-01-04,2026-07-04
"SYN00202","Go",101,0.180679785330948,2026-01-04,2026-07-04
"SYN00202","C#",93,0.166368515205725,2026-01-04,2026-07-04
"SYN00202","SQL",97,0.173524150268336,2026-01-04,2026-07-04
"SYN00203","TypeScript",17,0.204819277108434,2026-01-04,2026-07-04
"SYN00203","Python",8,0.0963855421686747,2026-01-04,2026-07-04
"SYN00203","Java",18,0.216867469879518,2026-01-04,2026-07-04
"SYN00203","Go",11,0.132530120481928,2026-01-04,2026-07-04
"SYN00203","C#",12,0.144578313253012,2026-01-04,2026-07-04
"SYN00203","SQL",17,0.204819277108434,2026-01-04,2026-07-04
"SYN00205","TypeScript",627,0.149214659685864,2026-01-04,2026-07-04
"SYN00205","Python",713,0.169681104236078,2026-01-04,2026-07-04
"SYN00205","Java",753,0.179200380771061,2026-01-04,2026-07-04
"SYN00205","Go",714,0.169919086149453,2026-01-04,2026-07-04
"SYN00205","C#",700,0.166587339362208,2026-01-04,2026-07-04
"SYN00205","SQL",695,0.165397429795336,2026-01-04,2026-07-04
"SYN00206","TypeScript",6,0.101694915254237,2026-01-04,2026-07-04
"SYN00206","Python",7,0.11864406779661,2026-01-04,2026-07-04
"SYN00206","Java",21,0.355932203389831,2026-01-04,2026-07-04
"SYN00206","Go",8,0.135593220338983,2026-01-04,2026-07-04
"SYN00206","C#",5,0.0847457627118644,2026-01-04,2026-07-04
"SYN00206","SQL",12,0.203389830508475,2026-01-04,2026-07-04
"SYN00208","TypeScript",164,0.143482064741907,2026-01-04,2026-07-04
"SYN00208","Python",190,0.166229221347332,2026-01-04,2026-07-04
"SYN00208","Java",209,0.182852143482065,2026-01-04,2026-07-04
"SYN00208","Go",176,0.153980752405949,2026-01-04,2026-07-04
"SYN00208","C#",195,0.170603674540682,2026-01-04,2026-07-04
"SYN00208","SQL",209,0.182852143482065,2026-01-04,2026-07-04
"SYN00209","TypeScript",44,0.162361623616236,2026-01-04,2026-07-04
"SYN00209","Python",55,0.202952029520295,2026-01-04,2026-07-04
"SYN00209","Java",37,0.136531365313653,2026-01-04,2026-07-04
"SYN00209","Go",39,0.143911439114391,2026-01-04,2026-07-04
"SYN00209","C#",51,0.188191881918819,2026-01-04,2026-07-04
"SYN00209","SQL",45,0.166051660516605,2026-01-04,2026-07-04
"SYN00210","TypeScript",93,0.164893617021277,2026-01-04,2026-07-04
"SYN00210","Python",87,0.154255319148936,2026-01-04,2026-07-04
"SYN00210","Java",94,0.166666666666667,2026-01-04,2026-07-04
"SYN00210","Go",102,0.180851063829787,2026-01-04,2026-07-04
"SYN00210","C#",94,0.166666666666667,2026-01-04,2026-07-04
"SYN00210","SQL",94,0.166666666666667,2026-01-04,2026-07-04
"SYN00211","TypeScript",53,0.189964157706093,2026-01-04,2026-07-04
"SYN00211","Python",43,0.154121863799283,2026-01-04,2026-07-04
"SYN00211","Java",44,0.157706093189964,2026-01-04,2026-07-04
"SYN00211","Go",49,0.175627240143369,2026-01-04,2026-07-04
"SYN00211","C#",44,0.157706093189964,2026-01-04,2026-07-04
"SYN00211","SQL",46,0.164874551971326,2026-01-04,2026-07-04
"SYN00212","TypeScript",78,0.194029850746269,2026-01-04,2026-07-04
"SYN00212","Python",72,0.17910447761194,2026-01-04,2026-07-04
"SYN00212","Java",58,0.144278606965174,2026-01-04,2026-07-04
"SYN00212","Go",56,0.139303482587065,2026-01-04,2026-07-04
"SYN00212","C#",77,0.191542288557214,2026-01-04,2026-07-04
"SYN00212","SQL",61,0.151741293532338,2026-01-04,2026-07-04
"SYN00213","TypeScript",116,0.180124223602484,2026-01-04,2026-07-04
"SYN00213","Python",113,0.175465838509317,2026-01-04,2026-07-04
"SYN00213","Java",96,0.149068322981366,2026-01-04,2026-07-04
"SYN00213","Go",107,0.166149068322981,2026-01-04,2026-07-04
"SYN00213","C#",102,0.158385093167702,2026-01-04,2026-07-04
"SYN00213","SQL",110,0.170807453416149,2026-01-04,2026-07-04
"SYN00215","TypeScript",98,0.164705882352941,2026-01-04,2026-07-04
"SYN00215","Python",105,0.176470588235294,2026-01-04,2026-07-04
"SYN00215","Java",98,0.164705882352941,2026-01-04,2026-07-04
"SYN00215","Go",102,0.171428571428571,2026-01-04,2026-07-04
"SYN00215","C#",92,0.154621848739496,2026-01-04,2026-07-04
"SYN00215","SQL",100,0.168067226890756,2026-01-04,2026-07-04
"SYN00216","TypeScript",31,0.164893617021277,2026-01-04,2026-07-04
"SYN00216","Python",35,0.186170212765957,2026-01-04,2026-07-04
"SYN00216","Java",23,0.122340425531915,2026-01-04,2026-07-04
"SYN00216","Go",40,0.212765957446809,2026-01-04,2026-07-04
"SYN00216","C#",31,0.164893617021277,2026-01-04,2026-07-04
"SYN00216","SQL",28,0.148936170212766,2026-01-04,2026-07-04
"SYN00217","TypeScript",171,0.173780487804878,2026-01-04,2026-07-04
"SYN00217","Python",169,0.171747967479675,2026-01-04,2026-07-04
"SYN00217","Java",163,0.165650406504065,2026-01-04,2026-07-04
"SYN00217","Go",179,0.181910569105691,2026-01-04,2026-07-04
"SYN00217","C#",142,0.144308943089431,2026-01-04,2026-07-04
"SYN00217","SQL",160,0.16260162601626,2026-01-04,2026-07-04
"SYN00218","TypeScript",202,0.162379421221865,2026-01-04,2026-07-04
"SYN00218","Python",208,0.167202572347267,2026-01-04,2026-07-04
"SYN00218","Java",205,0.164790996784566,2026-01-04,2026-07-04
"SYN00218","Go",201,0.161575562700965,2026-01-04,2026-07-04
"SYN00218","C#",230,0.184887459807074,2026-01-04,2026-07-04
"SYN00218","SQL",198,0.159163987138264,2026-01-04,2026-07-04
"SYN00219","TypeScript",100,0.169204737732657,2026-01-04,2026-07-04
"SYN00219","Python",91,0.153976311336717,2026-01-04,2026-07-04
"SYN00219","Java",103,0.174280879864636,2026-01-04,2026-07-04
"SYN00219","Go",92,0.155668358714044,2026-01-04,2026-07-04
"SYN00219","C#",98,0.165820642978003,2026-01-04,2026-07-04
"SYN00219","SQL",107,0.181049069373942,2026-01-04,2026-07-04
"SYN00220","TypeScript",6,0.171428571428571,2026-01-04,2026-07-04
"SYN00220","Python",5,0.142857142857143,2026-01-04,2026-07-04
"SYN00220","Java",4,0.114285714285714,2026-01-04,2026-07-04
"SYN00220","Go",5,0.142857142857143,2026-01-04,2026-07-04
"SYN00220","C#",6,0.171428571428571,2026-01-04,2026-07-04
"SYN00220","SQL",9,0.257142857142857,2026-01-04,2026-07-04
"SYN00221","TypeScript",106,0.164852255054432,2026-01-04,2026-07-04
"SYN00221","Python",112,0.174183514774495,2026-01-04,2026-07-04
"SYN00221","Java",94,0.146189735614308,2026-01-04,2026-07-04
"SYN00221","Go",113,0.175738724727838,2026-01-04,2026-07-04
"SYN00221","C#",111,0.172628304821151,2026-01-04,2026-07-04
"SYN00221","SQL",107,0.166407465007776,2026-01-04,2026-07-04
"SYN00222","TypeScript",113,0.151881720430108,2026-01-04,2026-07-04
"SYN00222","Python",111,0.149193548387097,2026-01-04,2026-07-04
"SYN00222","Java",139,0.186827956989247,2026-01-04,2026-07-04
"SYN00222","Go",117,0.157258064516129,2026-01-04,2026-07-04
"SYN00222","C#",135,0.181451612903226,2026-01-04,2026-07-04
"SYN00222","SQL",129,0.173387096774194,2026-01-04,2026-07-04
"SYN00223","TypeScript",61,0.163978494623656,2026-01-04,2026-07-04
"SYN00223","Python",49,0.131720430107527,2026-01-04,2026-07-04
"SYN00223","Java",57,0.153225806451613,2026-01-04,2026-07-04
"SYN00223","Go",76,0.204301075268817,2026-01-04,2026-07-04
"SYN00223","C#",70,0.188172043010753,2026-01-04,2026-07-04
"SYN00223","SQL",59,0.158602150537634,2026-01-04,2026-07-04
"SYN00224","TypeScript",20,0.24390243902439,2026-01-04,2026-07-04
"SYN00224","Python",8,0.0975609756097561,2026-01-04,2026-07-04
"SYN00224","Java",15,0.182926829268293,2026-01-04,2026-07-04
"SYN00224","Go",10,0.121951219512195,2026-01-04,2026-07-04
"SYN00224","C#",16,0.195121951219512,2026-01-04,2026-07-04
"SYN00224","SQL",13,0.158536585365854,2026-01-04,2026-07-04
"SYN00225","TypeScript",97,0.137784090909091,2026-01-04,2026-07-04
"SYN00225","Python",130,0.184659090909091,2026-01-04,2026-07-04
"SYN00225","Java",131,0.186079545454545,2026-01-04,2026-07-04
"SYN00225","Go",122,0.173295454545455,2026-01-04,2026-07-04
"SYN00225","C#",120,0.170454545454545,2026-01-04,2026-07-04
"SYN00225","SQL",104,0.147727272727273,2026-01-04,2026-07-04
"SYN00226","TypeScript",13,0.245283018867925,2026-01-04,2026-07-04
"SYN00226","Python",8,0.150943396226415,2026-01-04,2026-07-04
"SYN00226","Java",9,0.169811320754717,2026-01-04,2026-07-04
"SYN00226","Go",7,0.132075471698113,2026-01-04,2026-07-04
"SYN00226","C#",4,0.0754716981132075,2026-01-04,2026-07-04
"SYN00226","SQL",12,0.226415094339623,2026-01-04,2026-07-04
"SYN00227","TypeScript",270,0.163834951456311,2026-01-04,2026-07-04
"SYN00227","Python",268,0.162621359223301,2026-01-04,2026-07-04
"SYN00227","Java",287,0.174150485436893,2026-01-04,2026-07-04
"SYN00227","Go",262,0.158980582524272,2026-01-04,2026-07-04
"SYN00227","C#",282,0.171116504854369,2026-01-04,2026-07-04
"SYN00227","SQL",279,0.169296116504854,2026-01-04,2026-07-04
"SYN00228","TypeScript",103,0.165064102564103,2026-01-04,2026-07-04
"SYN00228","Python",106,0.169871794871795,2026-01-04,2026-07-04
"SYN00228","Java",107,0.171474358974359,2026-01-04,2026-07-04
"SYN00228","Go",112,0.179487179487179,2026-01-04,2026-07-04
"SYN00228","C#",97,0.155448717948718,2026-01-04,2026-07-04
"SYN00228","SQL",99,0.158653846153846,2026-01-04,2026-07-04
"SYN00229","TypeScript",100,0.198807157057654,2026-01-04,2026-07-04
"SYN00229","Python",75,0.149105367793241,2026-01-04,2026-07-04
"SYN00229","Java",75,0.149105367793241,2026-01-04,2026-07-04
"SYN00229","Go",79,0.157057654075547,2026-01-04,2026-07-04
"SYN00229","C#",79,0.157057654075547,2026-01-04,2026-07-04
"SYN00229","SQL",95,0.188866799204771,2026-01-04,2026-07-04
"SYN00230","TypeScript",8,0.275862068965517,2026-01-04,2026-07-04
"SYN00230","Python",3,0.103448275862069,2026-01-04,2026-07-04
"SYN00230","Java",9,0.310344827586207,2026-01-04,2026-07-04
"SYN00230","Go",2,0.0689655172413793,2026-01-04,2026-07-04
"SYN00230","C#",3,0.103448275862069,2026-01-04,2026-07-04
"SYN00230","SQL",4,0.137931034482759,2026-01-04,2026-07-04
"SYN00231","TypeScript",354,0.161422708618331,2026-01-04,2026-07-04
"SYN00231","Python",341,0.155494756041952,2026-01-04,2026-07-04
"SYN00231","Java",389,0.177382580939352,2026-01-04,2026-07-04
"SYN00231","Go",371,0.169174646602827,2026-01-04,2026-07-04
"SYN00231","C#",361,0.164614683082535,2026-01-04,2026-07-04
"SYN00231","SQL",377,0.171910624715002,2026-01-04,2026-07-04
"SYN00232","TypeScript",13,0.183098591549296,2026-01-04,2026-07-04
"SYN00232","Python",11,0.154929577464789,2026-01-04,2026-07-04
"SYN00232","Java",16,0.225352112676056,2026-01-04,2026-07-04
"SYN00232","Go",16,0.225352112676056,2026-01-04,2026-07-04
"SYN00232","C#",9,0.126760563380282,2026-01-04,2026-07-04
"SYN00232","SQL",6,0.0845070422535211,2026-01-04,2026-07-04
"SYN00233","TypeScript",278,0.179586563307494,2026-01-04,2026-07-04
"SYN00233","Python",247,0.159560723514212,2026-01-04,2026-07-04
"SYN00233","Java",251,0.162144702842377,2026-01-04,2026-07-04
"SYN00233","Go",250,0.161498708010336,2026-01-04,2026-07-04
"SYN00233","C#",264,0.170542635658915,2026-01-04,2026-07-04
"SYN00233","SQL",258,0.166666666666667,2026-01-04,2026-07-04
"SYN00234","TypeScript",276,0.175796178343949,2026-01-04,2026-07-04
"SYN00234","Python",265,0.168789808917197,2026-01-04,2026-07-04
"SYN00234","Java",270,0.171974522292994,2026-01-04,2026-07-04
"SYN00234","Go",265,0.168789808917197,2026-01-04,2026-07-04
"SYN00234","C#",238,0.151592356687898,2026-01-04,2026-07-04
"SYN00234","SQL",256,0.163057324840764,2026-01-04,2026-07-04
"SYN00235","TypeScript",118,0.16010854816825,2026-01-04,2026-07-04
"SYN00235","Python",112,0.151967435549525,2026-01-04,2026-07-04
"SYN00235","Java",135,0.183175033921303,2026-01-04,2026-07-04
"SYN00235","Go",134,0.181818181818182,2026-01-04,2026-07-04
"SYN00235","C#",118,0.16010854816825,2026-01-04,2026-07-04
"SYN00235","SQL",120,0.162822252374491,2026-01-04,2026-07-04
"SYN00237","TypeScript",85,0.15017667844523,2026-01-04,2026-07-04
"SYN00237","Python",96,0.169611307420495,2026-01-04,2026-07-04
"SYN00237","Java",105,0.185512367491166,2026-01-04,2026-07-04
"SYN00237","Go",92,0.162544169611307,2026-01-04,2026-07-04
"SYN00237","C#",92,0.162544169611307,2026-01-04,2026-07-04
"SYN00237","SQL",96,0.169611307420495,2026-01-04,2026-07-04
"SYN00238","TypeScript",521,0.161450263402541,2026-01-04,2026-07-04
"SYN00238","Python",529,0.163929346141927,2026-01-04,2026-07-04
"SYN00238","Java",536,0.166098543538891,2026-01-04,2026-07-04
"SYN00238","Go",544,0.168577626278277,2026-01-04,2026-07-04
"SYN00238","C#",558,0.172916021072203,2026-01-04,2026-07-04
"SYN00238","SQL",539,0.167028199566161,2026-01-04,2026-07-04
"SYN00239","TypeScript",29,0.168604651162791,2026-01-04,2026-07-04
"SYN00239","Python",28,0.162790697674419,2026-01-04,2026-07-04
"SYN00239","Java",29,0.168604651162791,2026-01-04,2026-07-04
"SYN00239","Go",34,0.197674418604651,2026-01-04,2026-07-04
"SYN00239","C#",31,0.180232558139535,2026-01-04,2026-07-04
"SYN00239","SQL",21,0.122093023255814,2026-01-04,2026-07-04
"SYN00240","TypeScript",62,0.149397590361446,2026-01-04,2026-07-04
"SYN00240","Python",70,0.168674698795181,2026-01-04,2026-07-04
"SYN00240","Java",71,0.171084337349398,2026-01-04,2026-07-04
"SYN00240","Go",75,0.180722891566265,2026-01-04,2026-07-04
"SYN00240","C#",64,0.15421686746988,2026-01-04,2026-07-04
"SYN00240","SQL",73,0.175903614457831,2026-01-04,2026-07-04
"SYN00241","TypeScript",79,0.140569395017794,2026-01-04,2026-07-04
"SYN00241","Python",96,0.170818505338078,2026-01-04,2026-07-04
"SYN00241","Java",107,0.190391459074733,2026-01-04,2026-07-04
"SYN00241","Go",87,0.154804270462633,2026-01-04,2026-07-04
"SYN00241","C#",97,0.172597864768683,2026-01-04,2026-07-04
"SYN00241","SQL",96,0.170818505338078,2026-01-04,2026-07-04
"SYN00242","TypeScript",42,0.152173913043478,2026-01-04,2026-07-04
"SYN00242","Python",47,0.170289855072464,2026-01-04,2026-07-04
"SYN00242","Java",51,0.184782608695652,2026-01-04,2026-07-04
"SYN00242","Go",50,0.181159420289855,2026-01-04,2026-07-04
"SYN00242","C#",45,0.16304347826087,2026-01-04,2026-07-04
"SYN00242","SQL",41,0.148550724637681,2026-01-04,2026-07-04
"SYN00243","TypeScript",723,0.16590178981184,2026-01-04,2026-07-04
"SYN00243","Python",740,0.169802661771455,2026-01-04,2026-07-04
"SYN00243","Java",704,0.16154199173933,2026-01-04,2026-07-04
"SYN00243","Go",745,0.170949977053694,2026-01-04,2026-07-04
"SYN00243","C#",716,0.164295548416705,2026-01-04,2026-07-04
"SYN00243","SQL",730,0.167508031206976,2026-01-04,2026-07-04
"SYN00245","TypeScript",215,0.16640866873065,2026-01-04,2026-07-04
"SYN00245","Python",234,0.181114551083591,2026-01-04,2026-07-04
"SYN00245","Java",224,0.173374613003096,2026-01-04,2026-07-04
"SYN00245","Go",207,0.160216718266254,2026-01-04,2026-07-04
"SYN00245","C#",212,0.164086687306502,2026-01-04,2026-07-04
"SYN00245","SQL",200,0.154798761609907,2026-01-04,2026-07-04
"SYN00247","TypeScript",74,0.132616487455197,2026-01-04,2026-07-04
"SYN00247","Python",80,0.14336917562724,2026-01-04,2026-07-04
"SYN00247","Java",94,0.168458781362007,2026-01-04,2026-07-04
"SYN00247","Go",94,0.168458781362007,2026-01-04,2026-07-04
"SYN00247","C#",107,0.191756272401434,2026-01-04,2026-07-04
"SYN00247","SQL",109,0.195340501792115,2026-01-04,2026-07-04
"SYN00249","TypeScript",8,0.181818181818182,2026-01-04,2026-07-04
"SYN00249","Python",7,0.159090909090909,2026-01-04,2026-07-04
"SYN00249","Java",6,0.136363636363636,2026-01-04,2026-07-04
"SYN00249","Go",11,0.25,2026-01-04,2026-07-04
"SYN00249","C#",7,0.159090909090909,2026-01-04,2026-07-04
"SYN00249","SQL",5,0.113636363636364,2026-01-04,2026-07-04
"SYN00250","TypeScript",31,0.164893617021277,2026-01-04,2026-07-04
"SYN00250","Python",20,0.106382978723404,2026-01-04,2026-07-04
"SYN00250","Java",45,0.23936170212766,2026-01-04,2026-07-04
"SYN00250","Go",28,0.148936170212766,2026-01-04,2026-07-04
"SYN00250","C#",33,0.175531914893617,2026-01-04,2026-07-04
"SYN00250","SQL",31,0.164893617021277,2026-01-04,2026-07-04
"SYN00251","TypeScript",69,0.158986175115207,2026-01-04,2026-07-04
"SYN00251","Python",77,0.17741935483871,2026-01-04,2026-07-04
"SYN00251","Java",76,0.175115207373272,2026-01-04,2026-07-04
"SYN00251","Go",66,0.152073732718894,2026-01-04,2026-07-04
"SYN00251","C#",64,0.147465437788018,2026-01-04,2026-07-04
"SYN00251","SQL",82,0.188940092165899,2026-01-04,2026-07-04
"SYN00252","TypeScript",110,0.17515923566879,2026-01-04,2026-07-04
"SYN00252","Python",86,0.136942675159236,2026-01-04,2026-07-04
"SYN00252","Java",95,0.151273885350318,2026-01-04,2026-07-04
"SYN00252","Go",111,0.176751592356688,2026-01-04,2026-07-04
"SYN00252","C#",109,0.173566878980892,2026-01-04,2026-07-04
"SYN00252","SQL",117,0.186305732484076,2026-01-04,2026-07-04
"SYN00255","TypeScript",49,0.162790697674419,2026-01-04,2026-07-04
"SYN00255","Python",53,0.176079734219269,2026-01-04,2026-07-04
"SYN00255","Java",47,0.156146179401993,2026-01-04,2026-07-04
"SYN00255","Go",53,0.176079734219269,2026-01-04,2026-07-04
"SYN00255","C#",51,0.169435215946844,2026-01-04,2026-07-04
"SYN00255","SQL",48,0.159468438538206,2026-01-04,2026-07-04
"SYN00256","TypeScript",738,0.164695380495425,2026-01-04,2026-07-04
"SYN00256","Python",730,0.162910064717697,2026-01-04,2026-07-04
"SYN00256","Java",749,0.167150189689801,2026-01-04,2026-07-04
"SYN00256","Go",751,0.167596518634233,2026-01-04,2026-07-04
"SYN00256","C#",781,0.174291452800714,2026-01-04,2026-07-04
"SYN00256","SQL",732,0.163356393662129,2026-01-04,2026-07-04
"SYN00257","TypeScript",274,0.167379352474038,2026-01-04,2026-07-04
"SYN00257","Python",281,0.171655467318265,2026-01-04,2026-07-04
"SYN00257","Java",250,0.15271838729383,2026-01-04,2026-07-04
"SYN00257","Go",259,0.158216249236408,2026-01-04,2026-07-04
"SYN00257","C#",279,0.170433720219914,2026-01-04,2026-07-04
"SYN00257","SQL",294,0.179596823457544,2026-01-04,2026-07-04
"SYN00258","TypeScript",89,0.155322862129145,2026-01-04,2026-07-04
"SYN00258","Python",84,0.146596858638743,2026-01-04,2026-07-04
"SYN00258","Java",101,0.176265270506108,2026-01-04,2026-07-04
"SYN00258","Go",92,0.160558464223386,2026-01-04,2026-07-04
"SYN00258","C#",105,0.183246073298429,2026-01-04,2026-07-04
"SYN00258","SQL",102,0.178010471204188,2026-01-04,2026-07-04
"SYN00260","TypeScript",695,0.161816065192084,2026-01-04,2026-07-04
"SYN00260","Python",755,0.175785797438882,2026-01-04,2026-07-04
"SYN00260","Java",742,0.172759022118743,2026-01-04,2026-07-04
"SYN00260","Go",699,0.162747380675204,2026-01-04,2026-07-04
"SYN00260","C#",722,0.168102444703143,2026-01-04,2026-07-04
"SYN00260","SQL",682,0.158789289871944,2026-01-04,2026-07-04
"SYN00261","TypeScript",50,0.142450142450142,2026-01-04,2026-07-04
"SYN00261","Python",60,0.170940170940171,2026-01-04,2026-07-04
"SYN00261","Java",52,0.148148148148148,2026-01-04,2026-07-04
"SYN00261","Go",62,0.176638176638177,2026-01-04,2026-07-04
"SYN00261","C#",70,0.199430199430199,2026-01-04,2026-07-04
"SYN00261","SQL",57,0.162393162393162,2026-01-04,2026-07-04
"SYN00262","TypeScript",110,0.154277699859748,2026-01-04,2026-07-04
"SYN00262","Python",116,0.162692847124825,2026-01-04,2026-07-04
"SYN00262","Java",140,0.196353436185133,2026-01-04,2026-07-04
"SYN00262","Go",135,0.189340813464236,2026-01-04,2026-07-04
"SYN00262","C#",104,0.14586255259467,2026-01-04,2026-07-04
"SYN00262","SQL",108,0.151472650771388,2026-01-04,2026-07-04
"SYN00264","TypeScript",267,0.185159500693481,2026-01-04,2026-07-04
"SYN00264","Python",217,0.150485436893204,2026-01-04,2026-07-04
"SYN00264","Java",244,0.169209431345354,2026-01-04,2026-07-04
"SYN00264","Go",230,0.159500693481276,2026-01-04,2026-07-04
"SYN00264","C#",241,0.167128987517337,2026-01-04,2026-07-04
"SYN00264","SQL",243,0.168515950069348,2026-01-04,2026-07-04
"SYN00266","TypeScript",353,0.152024117140396,2026-01-04,2026-07-04
"SYN00266","Python",381,0.164082687338501,2026-01-04,2026-07-04
"SYN00266","Java",420,0.180878552971576,2026-01-04,2026-07-04
"SYN00266","Go",394,0.169681309216193,2026-01-04,2026-07-04
"SYN00266","C#",379,0.163221360895779,2026-01-04,2026-07-04
"SYN00266","SQL",395,0.170111972437554,2026-01-04,2026-07-04
"SYN00267","TypeScript",36,0.222222222222222,2026-01-04,2026-07-04
"SYN00267","Python",21,0.12962962962963,2026-01-04,2026-07-04
"SYN00267","Java",39,0.240740740740741,2026-01-04,2026-07-04
"SYN00267","Go",25,0.154320987654321,2026-01-04,2026-07-04
"SYN00267","C#",20,0.123456790123457,2026-01-04,2026-07-04
"SYN00267","SQL",21,0.12962962962963,2026-01-04,2026-07-04
"SYN00268","TypeScript",133,0.184979137691238,2026-01-04,2026-07-04
"SYN00268","Python",132,0.183588317107093,2026-01-04,2026-07-04
"SYN00268","Java",128,0.178025034770515,2026-01-04,2026-07-04
"SYN00268","Go",99,0.13769123783032,2026-01-04,2026-07-04
"SYN00268","C#",113,0.157162726008345,2026-01-04,2026-07-04
"SYN00268","SQL",114,0.15855354659249,2026-01-04,2026-07-04
"SYN00269","TypeScript",8,0.140350877192982,2026-01-04,2026-07-04
"SYN00269","Python",8,0.140350877192982,2026-01-04,2026-07-04
"SYN00269","Java",10,0.175438596491228,2026-01-04,2026-07-04
"SYN00269","Go",4,0.0701754385964912,2026-01-04,2026-07-04
"SYN00269","C#",8,0.140350877192982,2026-01-04,2026-07-04
"SYN00269","SQL",19,0.333333333333333,2026-01-04,2026-07-04
"SYN00271","TypeScript",492,0.172874209416725,2026-01-04,2026-07-04
"SYN00271","Python",468,0.164441321152495,2026-01-04,2026-07-04
"SYN00271","Java",499,0.175333801827126,2026-01-04,2026-07-04
"SYN00271","Go",453,0.159170765987351,2026-01-04,2026-07-04
"SYN00271","C#",449,0.157765284609979,2026-01-04,2026-07-04
"SYN00271","SQL",485,0.170414617006325,2026-01-04,2026-07-04
"SYN00272","TypeScript",85,0.178571428571429,2026-01-04,2026-07-04
"SYN00272","Python",71,0.149159663865546,2026-01-04,2026-07-04
"SYN00272","Java",90,0.189075630252101,2026-01-04,2026-07-04
"SYN00272","Go",77,0.161764705882353,2026-01-04,2026-07-04
"SYN00272","C#",77,0.161764705882353,2026-01-04,2026-07-04
"SYN00272","SQL",76,0.159663865546218,2026-01-04,2026-07-04
"SYN00273","TypeScript",114,0.171428571428571,2026-01-04,2026-07-04
"SYN00273","Python",108,0.162406015037594,2026-01-04,2026-07-04
"SYN00273","Java",113,0.169924812030075,2026-01-04,2026-07-04
"SYN00273","Go",110,0.165413533834586,2026-01-04,2026-07-04
"SYN00273","C#",100,0.150375939849624,2026-01-04,2026-07-04
"SYN00273","SQL",120,0.180451127819549,2026-01-04,2026-07-04
"SYN00274","TypeScript",125,0.157629255989912,2026-01-04,2026-07-04
"SYN00274","Python",138,0.174022698612863,2026-01-04,2026-07-04
"SYN00274","Java",120,0.151324085750315,2026-01-04,2026-07-04
"SYN00274","Go",144,0.181588902900378,2026-01-04,2026-07-04
"SYN00274","C#",132,0.166456494325347,2026-01-04,2026-07-04
"SYN00274","SQL",134,0.168978562421185,2026-01-04,2026-07-04
"SYN00275","TypeScript",382,0.164584230934942,2026-01-04,2026-07-04
"SYN00275","Python",398,0.171477811288238,2026-01-04,2026-07-04
"SYN00275","Java",394,0.169754416199914,2026-01-04,2026-07-04
"SYN00275","Go",372,0.160275743214132,2026-01-04,2026-07-04
"SYN00275","C#",387,0.166738474795347,2026-01-04,2026-07-04
"SYN00275","SQL",388,0.167169323567428,2026-01-04,2026-07-04
"SYN00276","TypeScript",6,0.222222222222222,2026-01-04,2026-07-04
"SYN00276","Python",5,0.185185185185185,2026-01-04,2026-07-04
"SYN00276","Java",2,0.0740740740740741,2026-01-04,2026-07-04
"SYN00276","Go",5,0.185185185185185,2026-01-04,2026-07-04
"SYN00276","C#",5,0.185185185185185,2026-01-04,2026-07-04
"SYN00276","SQL",4,0.148148148148148,2026-01-04,2026-07-04
"SYN00277","TypeScript",345,0.170961347869177,2026-01-04,2026-07-04
"SYN00277","Python",366,0.181367690782953,2026-01-04,2026-07-04
"SYN00277","Java",319,0.158077304261645,2026-01-04,2026-07-04
"SYN00277","Go",323,0.16005946481665,2026-01-04,2026-07-04
"SYN00277","C#",335,0.166005946481665,2026-01-04,2026-07-04
"SYN00277","SQL",330,0.163528245787909,2026-01-04,2026-07-04
"SYN00278","TypeScript",149,0.157505285412262,2026-01-04,2026-07-04
"SYN00278","Python",186,0.19661733615222,2026-01-04,2026-07-04
"SYN00278","Java",154,0.162790697674419,2026-01-04,2026-07-04
"SYN00278","Go",155,0.16384778012685,2026-01-04,2026-07-04
"SYN00278","C#",159,0.168076109936575,2026-01-04,2026-07-04
"SYN00278","SQL",143,0.151162790697674,2026-01-04,2026-07-04
"SYN00279","TypeScript",338,0.173600410888546,2026-01-04,2026-07-04
"SYN00279","Python",343,0.176168464304058,2026-01-04,2026-07-04
"SYN00279","Java",313,0.160760143810991,2026-01-04,2026-07-04
"SYN00279","Go",341,0.175141242937853,2026-01-04,2026-07-04
"SYN00279","C#",317,0.1628145865434,2026-01-04,2026-07-04
"SYN00279","SQL",295,0.151515151515152,2026-01-04,2026-07-04
"SYN00281","TypeScript",279,0.164407778432528,2026-01-04,2026-07-04
"SYN00281","Python",280,0.164997053624042,2026-01-04,2026-07-04
"SYN00281","Java",275,0.16205067766647,2026-01-04,2026-07-04
"SYN00281","Go",262,0.154390100176783,2026-01-04,2026-07-04
"SYN00281","C#",314,0.185032410135533,2026-01-04,2026-07-04
"SYN00281","SQL",287,0.169121979964643,2026-01-04,2026-07-04
"SYN00282","TypeScript",13,0.166666666666667,2026-01-04,2026-07-04
"SYN00282","Python",13,0.166666666666667,2026-01-04,2026-07-04
"SYN00282","Java",10,0.128205128205128,2026-01-04,2026-07-04
"SYN00282","Go",11,0.141025641025641,2026-01-04,2026-07-04
"SYN00282","C#",18,0.230769230769231,2026-01-04,2026-07-04
"SYN00282","SQL",13,0.166666666666667,2026-01-04,2026-07-04
"SYN00283","TypeScript",402,0.15696993361968,2026-01-04,2026-07-04
"SYN00283","Python",453,0.176884029675908,2026-01-04,2026-07-04
"SYN00283","Java",418,0.163217493166732,2026-01-04,2026-07-04
"SYN00283","Go",456,0.17805544709098,2026-01-04,2026-07-04
"SYN00283","C#",406,0.158531823506443,2026-01-04,2026-07-04
"SYN00283","SQL",426,0.166341272940258,2026-01-04,2026-07-04
"SYN00284","TypeScript",226,0.181234963913392,2026-01-04,2026-07-04
"SYN00284","Python",216,0.173215717722534,2026-01-04,2026-07-04
"SYN00284","Java",194,0.155573376102646,2026-01-04,2026-07-04
"SYN00284","Go",205,0.16439454691259,2026-01-04,2026-07-04
"SYN00284","C#",204,0.163592622293504,2026-01-04,2026-07-04
"SYN00284","SQL",202,0.161988773055333,2026-01-04,2026-07-04
"SYN00285","TypeScript",93,0.14951768488746,2026-01-04,2026-07-04
"SYN00285","Python",96,0.154340836012862,2026-01-04,2026-07-04
"SYN00285","Java",108,0.173633440514469,2026-01-04,2026-07-04
"SYN00285","Go",121,0.194533762057878,2026-01-04,2026-07-04
"SYN00285","C#",114,0.183279742765273,2026-01-04,2026-07-04
"SYN00285","SQL",90,0.144694533762058,2026-01-04,2026-07-04
"SYN00286","TypeScript",20,0.202020202020202,2026-01-04,2026-07-04
"SYN00286","Python",19,0.191919191919192,2026-01-04,2026-07-04
"SYN00286","Java",18,0.181818181818182,2026-01-04,2026-07-04
"SYN00286","Go",17,0.171717171717172,2026-01-04,2026-07-04
"SYN00286","C#",14,0.141414141414141,2026-01-04,2026-07-04
"SYN00286","SQL",11,0.111111111111111,2026-01-04,2026-07-04
"SYN00287","TypeScript",78,0.130653266331658,2026-01-04,2026-07-04
"SYN00287","Python",100,0.16750418760469,2026-01-04,2026-07-04
"SYN00287","Java",114,0.190954773869347,2026-01-04,2026-07-04
"SYN00287","Go",102,0.170854271356784,2026-01-04,2026-07-04
"SYN00287","C#",103,0.172529313232831,2026-01-04,2026-07-04
"SYN00287","SQL",100,0.16750418760469,2026-01-04,2026-07-04
"SYN00289","TypeScript",171,0.145284621920136,2026-01-04,2026-07-04
"SYN00289","Python",192,0.163126593033135,2026-01-04,2026-07-04
"SYN00289","Java",193,0.163976210705183,2026-01-04,2026-07-04
"SYN00289","Go",220,0.186915887850467,2026-01-04,2026-07-04
"SYN00289","C#",192,0.163126593033135,2026-01-04,2026-07-04
"SYN00289","SQL",209,0.177570093457944,2026-01-04,2026-07-04
"SYN00290","TypeScript",177,0.158886894075404,2026-01-04,2026-07-04
"SYN00290","Python",195,0.175044883303411,2026-01-04,2026-07-04
"SYN00290","Java",184,0.165170556552962,2026-01-04,2026-07-04
"SYN00290","Go",202,0.181328545780969,2026-01-04,2026-07-04
"SYN00290","C#",183,0.16427289048474,2026-01-04,2026-07-04
"SYN00290","SQL",173,0.155296229802513,2026-01-04,2026-07-04
"SYN00291","TypeScript",3,0.1875,2026-01-04,2026-07-04
"SYN00291","Python",5,0.3125,2026-01-04,2026-07-04
"SYN00291","Java",3,0.1875,2026-01-04,2026-07-04
"SYN00291","Go",3,0.1875,2026-01-04,2026-07-04
"SYN00291","C#",0,0,2026-01-04,2026-07-04
"SYN00291","SQL",2,0.125,2026-01-04,2026-07-04
"SYN00292","TypeScript",16,0.153846153846154,2026-01-04,2026-07-04
"SYN00292","Python",21,0.201923076923077,2026-01-04,2026-07-04
"SYN00292","Java",12,0.115384615384615,2026-01-04,2026-07-04
"SYN00292","Go",14,0.134615384615385,2026-01-04,2026-07-04
"SYN00292","C#",20,0.192307692307692,2026-01-04,2026-07-04
"SYN00292","SQL",21,0.201923076923077,2026-01-04,2026-07-04
"SYN00293","TypeScript",204,0.168316831683168,2026-01-04,2026-07-04
"SYN00293","Python",212,0.174917491749175,2026-01-04,2026-07-04
"SYN00293","Java",193,0.159240924092409,2026-01-04,2026-07-04
"SYN00293","Go",221,0.182343234323432,2026-01-04,2026-07-04
"SYN00293","C#",195,0.160891089108911,2026-01-04,2026-07-04
"SYN00293","SQL",187,0.154290429042904,2026-01-04,2026-07-04
"SYN00294","TypeScript",49,0.201646090534979,2026-01-04,2026-07-04
"SYN00294","Python",44,0.181069958847737,2026-01-04,2026-07-04
"SYN00294","Java",43,0.176954732510288,2026-01-04,2026-07-04
"SYN00294","Go",40,0.164609053497942,2026-01-04,2026-07-04
"SYN00294","C#",38,0.156378600823045,2026-01-04,2026-07-04
"SYN00294","SQL",29,0.119341563786008,2026-01-04,2026-07-04
"SYN00295","TypeScript",130,0.157766990291262,2026-01-04,2026-07-04
"SYN00295","Python",147,0.178398058252427,2026-01-04,2026-07-04
"SYN00295","Java",134,0.162621359223301,2026-01-04,2026-07-04
"SYN00295","Go",142,0.172330097087379,2026-01-04,2026-07-04
"SYN00295","C#",127,0.154126213592233,2026-01-04,2026-07-04
"SYN00295","SQL",144,0.174757281553398,2026-01-04,2026-07-04
"SYN00296","TypeScript",107,0.18804920913884,2026-01-04,2026-07-04
"SYN00296","Python",103,0.181019332161687,2026-01-04,2026-07-04
"SYN00296","Java",88,0.154657293497364,2026-01-04,2026-07-04
"SYN00296","Go",103,0.181019332161687,2026-01-04,2026-07-04
"SYN00296","C#",100,0.175746924428823,2026-01-04,2026-07-04
"SYN00296","SQL",68,0.119507908611599,2026-01-04,2026-07-04
"SYN00298","TypeScript",5,0.0980392156862745,2026-01-04,2026-07-04
"SYN00298","Python",12,0.235294117647059,2026-01-04,2026-07-04
"SYN00298","Java",6,0.117647058823529,2026-01-04,2026-07-04
"SYN00298","Go",13,0.254901960784314,2026-01-04,2026-07-04
"SYN00298","C#",8,0.156862745098039,2026-01-04,2026-07-04
"SYN00298","SQL",7,0.137254901960784,2026-01-04,2026-07-04
"SYN00299","TypeScript",740,0.17169373549884,2026-01-04,2026-07-04
"SYN00299","Python",713,0.165429234338747,2026-01-04,2026-07-04
"SYN00299","Java",730,0.169373549883991,2026-01-04,2026-07-04
"SYN00299","Go",722,0.167517401392111,2026-01-04,2026-07-04
"SYN00299","C#",727,0.168677494199536,2026-01-04,2026-07-04
"SYN00299","SQL",678,0.157308584686775,2026-01-04,2026-07-04
"SYN00300","TypeScript",7,0.189189189189189,2026-01-04,2026-07-04
"SYN00300","Python",8,0.216216216216216,2026-01-04,2026-07-04
"SYN00300","Java",3,0.0810810810810811,2026-01-04,2026-07-04
"SYN00300","Go",3,0.0810810810810811,2026-01-04,2026-07-04
"SYN00300","C#",9,0.243243243243243,2026-01-04,2026-07-04
"SYN00300","SQL",7,0.189189189189189,2026-01-04,2026-07-04
"SYN00301","TypeScript",453,0.170878913617503,2026-01-04,2026-07-04
"SYN00301","Python",441,0.166352319879291,2026-01-04,2026-07-04
"SYN00301","Java",456,0.172010562052056,2026-01-04,2026-07-04
"SYN00301","Go",428,0.161448509996228,2026-01-04,2026-07-04
"SYN00301","C#",468,0.176537155790268,2026-01-04,2026-07-04
"SYN00301","SQL",405,0.152772538664655,2026-01-04,2026-07-04
"SYN00302","TypeScript",19,0.139705882352941,2026-01-04,2026-07-04
"SYN00302","Python",13,0.0955882352941176,2026-01-04,2026-07-04
"SYN00302","Java",20,0.147058823529412,2026-01-04,2026-07-04
"SYN00302","Go",25,0.183823529411765,2026-01-04,2026-07-04
"SYN00302","C#",29,0.213235294117647,2026-01-04,2026-07-04
"SYN00302","SQL",30,0.220588235294118,2026-01-04,2026-07-04
"SYN00303","TypeScript",65,0.164556962025316,2026-01-04,2026-07-04
"SYN00303","Python",53,0.134177215189873,2026-01-04,2026-07-04
"SYN00303","Java",72,0.182278481012658,2026-01-04,2026-07-04
"SYN00303","Go",63,0.159493670886076,2026-01-04,2026-07-04
"SYN00303","C#",62,0.156962025316456,2026-01-04,2026-07-04
"SYN00303","SQL",80,0.20253164556962,2026-01-04,2026-07-04
"SYN00304","TypeScript",50,0.15625,2026-01-04,2026-07-04
"SYN00304","Python",46,0.14375,2026-01-04,2026-07-04
"SYN00304","Java",61,0.190625,2026-01-04,2026-07-04
"SYN00304","Go",58,0.18125,2026-01-04,2026-07-04
"SYN00304","C#",54,0.16875,2026-01-04,2026-07-04
"SYN00304","SQL",51,0.159375,2026-01-04,2026-07-04
"SYN00305","TypeScript",172,0.16150234741784,2026-01-04,2026-07-04
"SYN00305","Python",173,0.162441314553991,2026-01-04,2026-07-04
"SYN00305","Java",174,0.163380281690141,2026-01-04,2026-07-04
"SYN00305","Go",188,0.176525821596244,2026-01-04,2026-07-04
"SYN00305","C#",180,0.169014084507042,2026-01-04,2026-07-04
"SYN00305","SQL",178,0.167136150234742,2026-01-04,2026-07-04
"SYN00306","TypeScript",720,0.169252468265162,2026-01-04,2026-07-04
"SYN00306","Python",718,0.168782322519981,2026-01-04,2026-07-04
"SYN00306","Java",695,0.1633756464504,2026-01-04,2026-07-04
"SYN00306","Go",688,0.161730136342266,2026-01-04,2026-07-04
"SYN00306","C#",699,0.164315937940762,2026-01-04,2026-07-04
"SYN00306","SQL",734,0.172543488481429,2026-01-04,2026-07-04
"SYN00307","TypeScript",281,0.194868238557559,2026-01-04,2026-07-04
"SYN00307","Python",251,0.174063800277393,2026-01-04,2026-07-04
"SYN00307","Java",211,0.146324549237171,2026-01-04,2026-07-04
"SYN00307","Go",252,0.174757281553398,2026-01-04,2026-07-04
"SYN00307","C#",217,0.150485436893204,2026-01-04,2026-07-04
"SYN00307","SQL",230,0.159500693481276,2026-01-04,2026-07-04
"SYN00308","TypeScript",196,0.179487179487179,2026-01-04,2026-07-04
"SYN00308","Python",188,0.172161172161172,2026-01-04,2026-07-04
"SYN00308","Java",194,0.177655677655678,2026-01-04,2026-07-04
"SYN00308","Go",176,0.161172161172161,2026-01-04,2026-07-04
"SYN00308","C#",171,0.156593406593407,2026-01-04,2026-07-04
"SYN00308","SQL",167,0.152930402930403,2026-01-04,2026-07-04
"SYN00309","TypeScript",35,0.265151515151515,2026-01-04,2026-07-04
"SYN00309","Python",23,0.174242424242424,2026-01-04,2026-07-04
"SYN00309","Java",10,0.0757575757575758,2026-01-04,2026-07-04
"SYN00309","Go",24,0.181818181818182,2026-01-04,2026-07-04
"SYN00309","C#",22,0.166666666666667,2026-01-04,2026-07-04
"SYN00309","SQL",18,0.136363636363636,2026-01-04,2026-07-04
"SYN00310","TypeScript",112,0.183908045977011,2026-01-04,2026-07-04
"SYN00310","Python",96,0.157635467980296,2026-01-04,2026-07-04
"SYN00310","Java",91,0.149425287356322,2026-01-04,2026-07-04
"SYN00310","Go",99,0.16256157635468,2026-01-04,2026-07-04
"SYN00310","C#",109,0.178981937602627,2026-01-04,2026-07-04
"SYN00310","SQL",102,0.167487684729064,2026-01-04,2026-07-04
"SYN00311","TypeScript",139,0.194950911640954,2026-01-04,2026-07-04
"SYN00311","Python",122,0.171107994389902,2026-01-04,2026-07-04
"SYN00311","Java",119,0.166900420757363,2026-01-04,2026-07-04
"SYN00311","Go",115,0.161290322580645,2026-01-04,2026-07-04
"SYN00311","C#",118,0.165497896213184,2026-01-04,2026-07-04
"SYN00311","SQL",100,0.140252454417952,2026-01-04,2026-07-04
"SYN00313","TypeScript",49,0.198380566801619,2026-01-04,2026-07-04
"SYN00313","Python",31,0.125506072874494,2026-01-04,2026-07-04
"SYN00313","Java",37,0.149797570850202,2026-01-04,2026-07-04
"SYN00313","Go",40,0.161943319838057,2026-01-04,2026-07-04
"SYN00313","C#",45,0.182186234817814,2026-01-04,2026-07-04
"SYN00313","SQL",45,0.182186234817814,2026-01-04,2026-07-04
"SYN00314","TypeScript",408,0.170141784820684,2026-01-04,2026-07-04
"SYN00314","Python",425,0.177231025854879,2026-01-04,2026-07-04
"SYN00314","Java",378,0.157631359466222,2026-01-04,2026-07-04
"SYN00314","Go",384,0.160133444537114,2026-01-04,2026-07-04
"SYN00314","C#",425,0.177231025854879,2026-01-04,2026-07-04
"SYN00314","SQL",378,0.157631359466222,2026-01-04,2026-07-04
"SYN00315","TypeScript",120,0.146520146520147,2026-01-04,2026-07-04
"SYN00315","Python",160,0.195360195360195,2026-01-04,2026-07-04
"SYN00315","Java",131,0.15995115995116,2026-01-04,2026-07-04
"SYN00315","Go",134,0.163614163614164,2026-01-04,2026-07-04
"SYN00315","C#",137,0.167277167277167,2026-01-04,2026-07-04
"SYN00315","SQL",137,0.167277167277167,2026-01-04,2026-07-04
"SYN00316","TypeScript",163,0.159647404505387,2026-01-04,2026-07-04
"SYN00316","Python",181,0.177277179236043,2026-01-04,2026-07-04
"SYN00316","Java",176,0.172380019588639,2026-01-04,2026-07-04
"SYN00316","Go",168,0.164544564152791,2026-01-04,2026-07-04
"SYN00316","C#",166,0.16258570029383,2026-01-04,2026-07-04
"SYN00316","SQL",167,0.16356513222331,2026-01-04,2026-07-04
"SYN00317","TypeScript",159,0.173202614379085,2026-01-04,2026-07-04
"SYN00317","Python",164,0.178649237472767,2026-01-04,2026-07-04
"SYN00317","Java",138,0.150326797385621,2026-01-04,2026-07-04
"SYN00317","Go",172,0.187363834422658,2026-01-04,2026-07-04
"SYN00317","C#",158,0.172113289760349,2026-01-04,2026-07-04
"SYN00317","SQL",127,0.138344226579521,2026-01-04,2026-07-04
"SYN00318","TypeScript",101,0.152567975830816,2026-01-04,2026-07-04
"SYN00318","Python",122,0.18429003021148,2026-01-04,2026-07-04
"SYN00318","Java",107,0.161631419939577,2026-01-04,2026-07-04
"SYN00318","Go",98,0.148036253776435,2026-01-04,2026-07-04
"SYN00318","C#",121,0.182779456193353,2026-01-04,2026-07-04
"SYN00318","SQL",113,0.170694864048338,2026-01-04,2026-07-04
"SYN00320","TypeScript",19,0.206521739130435,2026-01-04,2026-07-04
"SYN00320","Python",17,0.184782608695652,2026-01-04,2026-07-04
"SYN00320","Java",16,0.173913043478261,2026-01-04,2026-07-04
"SYN00320","Go",15,0.16304347826087,2026-01-04,2026-07-04
"SYN00320","C#",13,0.141304347826087,2026-01-04,2026-07-04
"SYN00320","SQL",12,0.130434782608696,2026-01-04,2026-07-04
"SYN00321","TypeScript",43,0.2,2026-01-04,2026-07-04
"SYN00321","Python",31,0.144186046511628,2026-01-04,2026-07-04
"SYN00321","Java",29,0.134883720930233,2026-01-04,2026-07-04
"SYN00321","Go",44,0.204651162790698,2026-01-04,2026-07-04
"SYN00321","C#",38,0.176744186046512,2026-01-04,2026-07-04
"SYN00321","SQL",30,0.13953488372093,2026-01-04,2026-07-04
"SYN00322","TypeScript",15,0.157894736842105,2026-01-04,2026-07-04
"SYN00322","Python",20,0.210526315789474,2026-01-04,2026-07-04
"SYN00322","Java",9,0.0947368421052632,2026-01-04,2026-07-04
"SYN00322","Go",16,0.168421052631579,2026-01-04,2026-07-04
"SYN00322","C#",17,0.178947368421053,2026-01-04,2026-07-04
"SYN00322","SQL",18,0.189473684210526,2026-01-04,2026-07-04
"SYN00323","TypeScript",687,0.16719396446824,2026-01-04,2026-07-04
"SYN00323","Python",646,0.15721586760769,2026-01-04,2026-07-04
"SYN00323","Java",647,0.157459235823801,2026-01-04,2026-07-04
"SYN00323","Go",680,0.165490386955464,2026-01-04,2026-07-04
"SYN00323","C#",713,0.173521538087126,2026-01-04,2026-07-04
"SYN00323","SQL",736,0.179119007057678,2026-01-04,2026-07-04
"SYN00324","TypeScript",158,0.157842157842158,2026-01-04,2026-07-04
"SYN00324","Python",167,0.166833166833167,2026-01-04,2026-07-04
"SYN00324","Java",166,0.165834165834166,2026-01-04,2026-07-04
"SYN00324","Go",166,0.165834165834166,2026-01-04,2026-07-04
"SYN00324","C#",156,0.155844155844156,2026-01-04,2026-07-04
"SYN00324","SQL",188,0.187812187812188,2026-01-04,2026-07-04
"SYN00325","TypeScript",97,0.178637200736648,2026-01-04,2026-07-04
"SYN00325","Python",92,0.169429097605893,2026-01-04,2026-07-04
"SYN00325","Java",78,0.143646408839779,2026-01-04,2026-07-04
"SYN00325","Go",99,0.18232044198895,2026-01-04,2026-07-04
"SYN00325","C#",75,0.138121546961326,2026-01-04,2026-07-04
"SYN00325","SQL",102,0.187845303867403,2026-01-04,2026-07-04
"SYN00327","TypeScript",19,0.132867132867133,2026-01-04,2026-07-04
"SYN00327","Python",23,0.160839160839161,2026-01-04,2026-07-04
"SYN00327","Java",23,0.160839160839161,2026-01-04,2026-07-04
"SYN00327","Go",32,0.223776223776224,2026-01-04,2026-07-04
"SYN00327","C#",26,0.181818181818182,2026-01-04,2026-07-04
"SYN00327","SQL",20,0.13986013986014,2026-01-04,2026-07-04
"SYN00328","TypeScript",47,0.175373134328358,2026-01-04,2026-07-04
"SYN00328","Python",46,0.171641791044776,2026-01-04,2026-07-04
"SYN00328","Java",43,0.16044776119403,2026-01-04,2026-07-04
"SYN00328","Go",41,0.152985074626866,2026-01-04,2026-07-04
"SYN00328","C#",44,0.164179104477612,2026-01-04,2026-07-04
"SYN00328","SQL",47,0.175373134328358,2026-01-04,2026-07-04
"SYN00329","TypeScript",102,0.168595041322314,2026-01-04,2026-07-04
"SYN00329","Python",93,0.153719008264463,2026-01-04,2026-07-04
"SYN00329","Java",100,0.165289256198347,2026-01-04,2026-07-04
"SYN00329","Go",113,0.186776859504132,2026-01-04,2026-07-04
"SYN00329","C#",92,0.152066115702479,2026-01-04,2026-07-04
"SYN00329","SQL",105,0.173553719008264,2026-01-04,2026-07-04
"SYN00330","TypeScript",89,0.159212880143113,2026-01-04,2026-07-04
"SYN00330","Python",94,0.168157423971377,2026-01-04,2026-07-04
"SYN00330","Java",106,0.189624329159213,2026-01-04,2026-07-04
"SYN00330","Go",88,0.15742397137746,2026-01-04,2026-07-04
"SYN00330","C#",102,0.182468694096601,2026-01-04,2026-07-04
"SYN00330","SQL",80,0.143112701252236,2026-01-04,2026-07-04
"SYN00331","TypeScript",4,0.121212121212121,2026-01-04,2026-07-04
"SYN00331","Python",6,0.181818181818182,2026-01-04,2026-07-04
"SYN00331","Java",4,0.121212121212121,2026-01-04,2026-07-04
"SYN00331","Go",8,0.242424242424242,2026-01-04,2026-07-04
"SYN00331","C#",9,0.272727272727273,2026-01-04,2026-07-04
"SYN00331","SQL",2,0.0606060606060606,2026-01-04,2026-07-04
"SYN00332","TypeScript",5,0.0909090909090909,2026-01-04,2026-07-04
"SYN00332","Python",15,0.272727272727273,2026-01-04,2026-07-04
"SYN00332","Java",9,0.163636363636364,2026-01-04,2026-07-04
"SYN00332","Go",7,0.127272727272727,2026-01-04,2026-07-04
"SYN00332","C#",12,0.218181818181818,2026-01-04,2026-07-04
"SYN00332","SQL",7,0.127272727272727,2026-01-04,2026-07-04
"SYN00336","TypeScript",178,0.182377049180328,2026-01-04,2026-07-04
"SYN00336","Python",158,0.161885245901639,2026-01-04,2026-07-04
"SYN00336","Java",156,0.159836065573771,2026-01-04,2026-07-04
"SYN00336","Go",140,0.14344262295082,2026-01-04,2026-07-04
"SYN00336","C#",169,0.173155737704918,2026-01-04,2026-07-04
"SYN00336","SQL",175,0.179303278688525,2026-01-04,2026-07-04
"SYN00337","TypeScript",0,0,2026-01-04,2026-07-04
"SYN00337","Python",3,0.272727272727273,2026-01-04,2026-07-04
"SYN00337","Java",1,0.0909090909090909,2026-01-04,2026-07-04
"SYN00337","Go",4,0.363636363636364,2026-01-04,2026-07-04
"SYN00337","C#",2,0.181818181818182,2026-01-04,2026-07-04
"SYN00337","SQL",1,0.0909090909090909,2026-01-04,2026-07-04
"SYN00338","TypeScript",148,0.151794871794872,2026-01-04,2026-07-04
"SYN00338","Python",163,0.167179487179487,2026-01-04,2026-07-04
"SYN00338","Java",163,0.167179487179487,2026-01-04,2026-07-04
"SYN00338","Go",162,0.166153846153846,2026-01-04,2026-07-04
"SYN00338","C#",184,0.188717948717949,2026-01-04,2026-07-04
"SYN00338","SQL",155,0.158974358974359,2026-01-04,2026-07-04
"SYN00339","TypeScript",74,0.152892561983471,2026-01-04,2026-07-04
"SYN00339","Python",92,0.190082644628099,2026-01-04,2026-07-04
"SYN00339","Java",72,0.148760330578512,2026-01-04,2026-07-04
"SYN00339","Go",86,0.177685950413223,2026-01-04,2026-07-04
"SYN00339","C#",82,0.169421487603306,2026-01-04,2026-07-04
"SYN00339","SQL",78,0.161157024793388,2026-01-04,2026-07-04
"SYN00340","TypeScript",119,0.158878504672897,2026-01-04,2026-07-04
"SYN00340","Python",131,0.174899866488652,2026-01-04,2026-07-04
"SYN00340","Java",121,0.16154873164219,2026-01-04,2026-07-04
"SYN00340","Go",132,0.176234979973298,2026-01-04,2026-07-04
"SYN00340","C#",135,0.180240320427236,2026-01-04,2026-07-04
"SYN00340","SQL",111,0.148197596795728,2026-01-04,2026-07-04
"SYN00341","TypeScript",65,0.16839378238342,2026-01-04,2026-07-04
"SYN00341","Python",71,0.183937823834197,2026-01-04,2026-07-04
"SYN00341","Java",62,0.160621761658031,2026-01-04,2026-07-04
"SYN00341","Go",48,0.124352331606218,2026-01-04,2026-07-04
"SYN00341","C#",70,0.181347150259067,2026-01-04,2026-07-04
"SYN00341","SQL",70,0.181347150259067,2026-01-04,2026-07-04
"SYN00343","TypeScript",111,0.176470588235294,2026-01-04,2026-07-04
"SYN00343","Python",129,0.205087440381558,2026-01-04,2026-07-04
"SYN00343","Java",90,0.14308426073132,2026-01-04,2026-07-04
"SYN00343","Go",102,0.162162162162162,2026-01-04,2026-07-04
"SYN00343","C#",96,0.152623211446741,2026-01-04,2026-07-04
"SYN00343","SQL",101,0.160572337042925,2026-01-04,2026-07-04
"SYN00345","TypeScript",171,0.157894736842105,2026-01-04,2026-07-04
"SYN00345","Python",175,0.161588180978763,2026-01-04,2026-07-04
"SYN00345","Java",186,0.171745152354571,2026-01-04,2026-07-04
"SYN00345","Go",181,0.167128347183749,2026-01-04,2026-07-04
"SYN00345","C#",193,0.178208679593721,2026-01-04,2026-07-04
"SYN00345","SQL",177,0.163434903047091,2026-01-04,2026-07-04
"SYN00346","TypeScript",144,0.181588902900378,2026-01-04,2026-07-04
"SYN00346","Python",140,0.176544766708701,2026-01-04,2026-07-04
"SYN00346","Java",140,0.176544766708701,2026-01-04,2026-07-04
"SYN00346","Go",117,0.147540983606557,2026-01-04,2026-07-04
"SYN00346","C#",122,0.153846153846154,2026-01-04,2026-07-04
"SYN00346","SQL",130,0.163934426229508,2026-01-04,2026-07-04
"SYN00347","TypeScript",54,0.171428571428571,2026-01-04,2026-07-04
"SYN00347","Python",62,0.196825396825397,2026-01-04,2026-07-04
"SYN00347","Java",42,0.133333333333333,2026-01-04,2026-07-04
"SYN00347","Go",57,0.180952380952381,2026-01-04,2026-07-04
"SYN00347","C#",49,0.155555555555556,2026-01-04,2026-07-04
"SYN00347","SQL",51,0.161904761904762,2026-01-04,2026-07-04
"SYN00348","TypeScript",7,0.137254901960784,2026-01-04,2026-07-04
"SYN00348","Python",13,0.254901960784314,2026-01-04,2026-07-04
"SYN00348","Java",10,0.196078431372549,2026-01-04,2026-07-04
"SYN00348","Go",3,0.0588235294117647,2026-01-04,2026-07-04
"SYN00348","C#",10,0.196078431372549,2026-01-04,2026-07-04
"SYN00348","SQL",8,0.156862745098039,2026-01-04,2026-07-04
"SYN00349","TypeScript",323,0.165726013340174,2026-01-04,2026-07-04
"SYN00349","Python",308,0.158029758850693,2026-01-04,2026-07-04
"SYN00349","Java",353,0.181118522319138,2026-01-04,2026-07-04
"SYN00349","Go",310,0.159055926115957,2026-01-04,2026-07-04
"SYN00349","C#",324,0.166239096972807,2026-01-04,2026-07-04
"SYN00349","SQL",331,0.169830682401231,2026-01-04,2026-07-04
"SYN00350","TypeScript",217,0.158278628738147,2026-01-04,2026-07-04
"SYN00350","Python",245,0.178701677607586,2026-01-04,2026-07-04
"SYN00350","Java",238,0.173595915390226,2026-01-04,2026-07-04
"SYN00350","Go",227,0.165572574762947,2026-01-04,2026-07-04
"SYN00350","C#",207,0.150984682713348,2026-01-04,2026-07-04
"SYN00350","SQL",237,0.172866520787746,2026-01-04,2026-07-04
"SYN00351","TypeScript",11,0.180327868852459,2026-01-04,2026-07-04
"SYN00351","Python",11,0.180327868852459,2026-01-04,2026-07-04
"SYN00351","Java",4,0.0655737704918033,2026-01-04,2026-07-04
"SYN00351","Go",12,0.19672131147541,2026-01-04,2026-07-04
"SYN00351","C#",13,0.213114754098361,2026-01-04,2026-07-04
"SYN00351","SQL",10,0.163934426229508,2026-01-04,2026-07-04
"SYN00352","TypeScript",120,0.152091254752852,2026-01-04,2026-07-04
"SYN00352","Python",146,0.185044359949303,2026-01-04,2026-07-04
"SYN00352","Java",131,0.166032953105196,2026-01-04,2026-07-04
"SYN00352","Go",121,0.153358681875792,2026-01-04,2026-07-04
"SYN00352","C#",137,0.173637515842839,2026-01-04,2026-07-04
"SYN00352","SQL",134,0.169835234474018,2026-01-04,2026-07-04
"SYN00353","TypeScript",307,0.177047289504037,2026-01-04,2026-07-04
"SYN00353","Python",287,0.165513264129181,2026-01-04,2026-07-04
"SYN00353","Java",281,0.162053056516724,2026-01-04,2026-07-04
"SYN00353","Go",287,0.165513264129181,2026-01-04,2026-07-04
"SYN00353","C#",270,0.155709342560554,2026-01-04,2026-07-04
"SYN00353","SQL",302,0.174163783160323,2026-01-04,2026-07-04
"SYN00355","TypeScript",97,0.18546845124283,2026-01-04,2026-07-04
"SYN00355","Python",100,0.191204588910134,2026-01-04,2026-07-04
"SYN00355","Java",83,0.158699808795411,2026-01-04,2026-07-04
"SYN00355","Go",70,0.133843212237094,2026-01-04,2026-07-04
"SYN00355","C#",88,0.168260038240918,2026-01-04,2026-07-04
"SYN00355","SQL",85,0.162523900573614,2026-01-04,2026-07-04
"SYN00356","TypeScript",325,0.159391858754291,2026-01-04,2026-07-04
"SYN00356","Python",333,0.163315350662089,2026-01-04,2026-07-04
"SYN00356","Java",367,0.17999019127023,2026-01-04,2026-07-04
"SYN00356","Go",351,0.172143207454635,2026-01-04,2026-07-04
"SYN00356","C#",314,0.153997057381069,2026-01-04,2026-07-04
"SYN00356","SQL",349,0.171162334477685,2026-01-04,2026-07-04
"SYN00357","TypeScript",211,0.190261496844004,2026-01-04,2026-07-04
"SYN00357","Python",185,0.166816952209197,2026-01-04,2026-07-04
"SYN00357","Java",182,0.164111812443643,2026-01-04,2026-07-04
"SYN00357","Go",171,0.15419296663661,2026-01-04,2026-07-04
"SYN00357","C#",173,0.155996393146979,2026-01-04,2026-07-04
"SYN00357","SQL",187,0.168620378719567,2026-01-04,2026-07-04
"SYN00358","TypeScript",276,0.172824045084534,2026-01-04,2026-07-04
"SYN00358","Python",253,0.158422041327489,2026-01-04,2026-07-04
"SYN00358","Java",280,0.175328741390106,2026-01-04,2026-07-04
"SYN00358","Go",271,0.169693174702567,2026-01-04,2026-07-04
"SYN00358","C#",256,0.160300563556669,2026-01-04,2026-07-04
"SYN00358","SQL",261,0.163431433938635,2026-01-04,2026-07-04
"SYN00359","TypeScript",282,0.154098360655738,2026-01-04,2026-07-04
"SYN00359","Python",319,0.17431693989071,2026-01-04,2026-07-04
"SYN00359","Java",307,0.16775956284153,2026-01-04,2026-07-04
"SYN00359","Go",279,0.152459016393443,2026-01-04,2026-07-04
"SYN00359","C#",325,0.177595628415301,2026-01-04,2026-07-04
"SYN00359","SQL",318,0.173770491803279,2026-01-04,2026-07-04
"SYN00360","TypeScript",186,0.14975845410628,2026-01-04,2026-07-04
"SYN00360","Python",207,0.166666666666667,2026-01-04,2026-07-04
"SYN00360","Java",215,0.173107890499195,2026-01-04,2026-07-04
"SYN00360","Go",213,0.171497584541063,2026-01-04,2026-07-04
"SYN00360","C#",215,0.173107890499195,2026-01-04,2026-07-04
"SYN00360","SQL",206,0.165861513687601,2026-01-04,2026-07-04
"SYN00362","TypeScript",119,0.161028416779432,2026-01-04,2026-07-04
"SYN00362","Python",136,0.18403247631935,2026-01-04,2026-07-04
"SYN00362","Java",131,0.177266576454668,2026-01-04,2026-07-04
"SYN00362","Go",103,0.139377537212449,2026-01-04,2026-07-04
"SYN00362","C#",131,0.177266576454668,2026-01-04,2026-07-04
"SYN00362","SQL",119,0.161028416779432,2026-01-04,2026-07-04
"SYN00363","TypeScript",1170,0.166358595194085,2026-01-04,2026-07-04
"SYN00363","Python",1201,0.170766387032561,2026-01-04,2026-07-04
"SYN00363","Java",1165,0.165647661026589,2026-01-04,2026-07-04
"SYN00363","Go",1133,0.161097682354614,2026-01-04,2026-07-04
"SYN00363","C#",1142,0.162377363856107,2026-01-04,2026-07-04
"SYN00363","SQL",1222,0.173752310536044,2026-01-04,2026-07-04
"SYN00364","TypeScript",183,0.174285714285714,2026-01-04,2026-07-04
"SYN00364","Python",167,0.159047619047619,2026-01-04,2026-07-04
"SYN00364","Java",165,0.157142857142857,2026-01-04,2026-07-04
"SYN00364","Go",187,0.178095238095238,2026-01-04,2026-07-04
"SYN00364","C#",182,0.173333333333333,2026-01-04,2026-07-04
"SYN00364","SQL",166,0.158095238095238,2026-01-04,2026-07-04
"SYN00365","TypeScript",39,0.156,2026-01-04,2026-07-04
"SYN00365","Python",37,0.148,2026-01-04,2026-07-04
"SYN00365","Java",33,0.132,2026-01-04,2026-07-04
"SYN00365","Go",66,0.264,2026-01-04,2026-07-04
"SYN00365","C#",32,0.128,2026-01-04,2026-07-04
"SYN00365","SQL",43,0.172,2026-01-04,2026-07-04
"SYN00366","TypeScript",79,0.176339285714286,2026-01-04,2026-07-04
"SYN00366","Python",77,0.171875,2026-01-04,2026-07-04
"SYN00366","Java",80,0.178571428571429,2026-01-04,2026-07-04
"SYN00366","Go",59,0.131696428571429,2026-01-04,2026-07-04
"SYN00366","C#",73,0.162946428571429,2026-01-04,2026-07-04
"SYN00366","SQL",80,0.178571428571429,2026-01-04,2026-07-04
"SYN00367","TypeScript",118,0.144607843137255,2026-01-04,2026-07-04
"SYN00367","Python",132,0.161764705882353,2026-01-04,2026-07-04
"SYN00367","Java",131,0.160539215686275,2026-01-04,2026-07-04
"SYN00367","Go",136,0.166666666666667,2026-01-04,2026-07-04
"SYN00367","C#",138,0.169117647058824,2026-01-04,2026-07-04
"SYN00367","SQL",161,0.197303921568627,2026-01-04,2026-07-04
"SYN00368","TypeScript",18,0.191489361702128,2026-01-04,2026-07-04
"SYN00368","Python",13,0.138297872340426,2026-01-04,2026-07-04
"SYN00368","Java",22,0.234042553191489,2026-01-04,2026-07-04
"SYN00368","Go",9,0.0957446808510638,2026-01-04,2026-07-04
"SYN00368","C#",16,0.170212765957447,2026-01-04,2026-07-04
"SYN00368","SQL",16,0.170212765957447,2026-01-04,2026-07-04
"SYN00369","TypeScript",34,0.157407407407407,2026-01-04,2026-07-04
"SYN00369","Python",46,0.212962962962963,2026-01-04,2026-07-04
"SYN00369","Java",28,0.12962962962963,2026-01-04,2026-07-04
"SYN00369","Go",34,0.157407407407407,2026-01-04,2026-07-04
"SYN00369","C#",35,0.162037037037037,2026-01-04,2026-07-04
"SYN00369","SQL",39,0.180555555555556,2026-01-04,2026-07-04
"SYN00370","TypeScript",499,0.163338788870704,2026-01-04,2026-07-04
"SYN00370","Python",512,0.16759410801964,2026-01-04,2026-07-04
"SYN00370","Java",498,0.163011456628478,2026-01-04,2026-07-04
"SYN00370","Go",520,0.170212765957447,2026-01-04,2026-07-04
"SYN00370","C#",518,0.169558101472995,2026-01-04,2026-07-04
"SYN00370","SQL",508,0.166284779050736,2026-01-04,2026-07-04
"SYN00371","TypeScript",253,0.150416171224732,2026-01-04,2026-07-04
"SYN00371","Python",276,0.164090368608799,2026-01-04,2026-07-04
"SYN00371","Java",269,0.159928656361474,2026-01-04,2026-07-04
"SYN00371","Go",277,0.164684898929845,2026-01-04,2026-07-04
"SYN00371","C#",328,0.19500594530321,2026-01-04,2026-07-04
"SYN00371","SQL",279,0.165873959571938,2026-01-04,2026-07-04
"SYN00373","TypeScript",77,0.169230769230769,2026-01-04,2026-07-04
"SYN00373","Python",74,0.162637362637363,2026-01-04,2026-07-04
"SYN00373","Java",76,0.167032967032967,2026-01-04,2026-07-04
"SYN00373","Go",72,0.158241758241758,2026-01-04,2026-07-04
"SYN00373","C#",84,0.184615384615385,2026-01-04,2026-07-04
"SYN00373","SQL",72,0.158241758241758,2026-01-04,2026-07-04
"SYN00374","TypeScript",15,0.230769230769231,2026-01-04,2026-07-04
"SYN00374","Python",17,0.261538461538462,2026-01-04,2026-07-04
"SYN00374","Java",8,0.123076923076923,2026-01-04,2026-07-04
"SYN00374","Go",8,0.123076923076923,2026-01-04,2026-07-04
"SYN00374","C#",11,0.169230769230769,2026-01-04,2026-07-04
"SYN00374","SQL",6,0.0923076923076923,2026-01-04,2026-07-04
"SYN00375","TypeScript",363,0.173933876377575,2026-01-04,2026-07-04
"SYN00375","Python",346,0.165788212745568,2026-01-04,2026-07-04
"SYN00375","Java",354,0.169621466219454,2026-01-04,2026-07-04
"SYN00375","Go",362,0.17345471969334,2026-01-04,2026-07-04
"SYN00375","C#",315,0.15093435553426,2026-01-04,2026-07-04
"SYN00375","SQL",347,0.166267369429804,2026-01-04,2026-07-04
"SYN00376","TypeScript",52,0.17687074829932,2026-01-04,2026-07-04
"SYN00376","Python",43,0.146258503401361,2026-01-04,2026-07-04
"SYN00376","Java",45,0.153061224489796,2026-01-04,2026-07-04
"SYN00376","Go",49,0.166666666666667,2026-01-04,2026-07-04
"SYN00376","C#",54,0.183673469387755,2026-01-04,2026-07-04
"SYN00376","SQL",51,0.173469387755102,2026-01-04,2026-07-04
"SYN00378","TypeScript",114,0.160789844851904,2026-01-04,2026-07-04
"SYN00378","Python",124,0.174894217207334,2026-01-04,2026-07-04
"SYN00378","Java",113,0.159379407616361,2026-01-04,2026-07-04
"SYN00378","Go",112,0.157968970380818,2026-01-04,2026-07-04
"SYN00378","C#",125,0.176304654442877,2026-01-04,2026-07-04
"SYN00378","SQL",121,0.170662905500705,2026-01-04,2026-07-04
"SYN00379","TypeScript",45,0.185185185185185,2026-01-04,2026-07-04
"SYN00379","Python",38,0.156378600823045,2026-01-04,2026-07-04
"SYN00379","Java",39,0.160493827160494,2026-01-04,2026-07-04
"SYN00379","Go",44,0.181069958847737,2026-01-04,2026-07-04
"SYN00379","C#",46,0.189300411522634,2026-01-04,2026-07-04
"SYN00379","SQL",31,0.127572016460905,2026-01-04,2026-07-04
"SYN00380","TypeScript",289,0.160377358490566,2026-01-04,2026-07-04
"SYN00380","Python",337,0.187014428412875,2026-01-04,2026-07-04
"SYN00380","Java",291,0.161487236403996,2026-01-04,2026-07-04
"SYN00380","Go",303,0.168146503884573,2026-01-04,2026-07-04
"SYN00380","C#",294,0.16315205327414,2026-01-04,2026-07-04
"SYN00380","SQL",288,0.159822419533851,2026-01-04,2026-07-04
"SYN00381","TypeScript",527,0.162403697996918,2026-01-04,2026-07-04
"SYN00381","Python",529,0.163020030816641,2026-01-04,2026-07-04
"SYN00381","Java",546,0.168258859784284,2026-01-04,2026-07-04
"SYN00381","Go",544,0.167642526964561,2026-01-04,2026-07-04
"SYN00381","C#",559,0.172265023112481,2026-01-04,2026-07-04
"SYN00381","SQL",540,0.166409861325116,2026-01-04,2026-07-04
"SYN00382","TypeScript",509,0.174733951253004,2026-01-04,2026-07-04
"SYN00382","Python",492,0.168898043254377,2026-01-04,2026-07-04
"SYN00382","Java",474,0.162718846549949,2026-01-04,2026-07-04
"SYN00382","Go",462,0.15859938208033,2026-01-04,2026-07-04
"SYN00382","C#",483,0.165808444902163,2026-01-04,2026-07-04
"SYN00382","SQL",493,0.169241331960179,2026-01-04,2026-07-04
"SYN00383","TypeScript",84,0.179871520342612,2026-01-04,2026-07-04
"SYN00383","Python",66,0.141327623126338,2026-01-04,2026-07-04
"SYN00383","Java",75,0.160599571734475,2026-01-04,2026-07-04
"SYN00383","Go",78,0.167023554603854,2026-01-04,2026-07-04
"SYN00383","C#",86,0.184154175588865,2026-01-04,2026-07-04
"SYN00383","SQL",78,0.167023554603854,2026-01-04,2026-07-04
"SYN00384","TypeScript",326,0.174986580783682,2026-01-04,2026-07-04
"SYN00384","Python",320,0.171765968867418,2026-01-04,2026-07-04
"SYN00384","Java",299,0.160493827160494,2026-01-04,2026-07-04
"SYN00384","Go",292,0.156736446591519,2026-01-04,2026-07-04
"SYN00384","C#",343,0.184111647879764,2026-01-04,2026-07-04
"SYN00384","SQL",283,0.151905528717123,2026-01-04,2026-07-04
"SYN00385","TypeScript",269,0.166873449131514,2026-01-04,2026-07-04
"SYN00385","Python",264,0.163771712158809,2026-01-04,2026-07-04
"SYN00385","Java",278,0.172456575682382,2026-01-04,2026-07-04
"SYN00385","Go",285,0.176799007444169,2026-01-04,2026-07-04
"SYN00385","C#",265,0.16439205955335,2026-01-04,2026-07-04
"SYN00385","SQL",251,0.155707196029777,2026-01-04,2026-07-04
"SYN00386","TypeScript",398,0.152373660030628,2026-01-04,2026-07-04
"SYN00386","Python",442,0.169218989280245,2026-01-04,2026-07-04
"SYN00386","Java",409,0.156584992343032,2026-01-04,2026-07-04
"SYN00386","Go",445,0.170367534456355,2026-01-04,2026-07-04
"SYN00386","C#",464,0.177641653905054,2026-01-04,2026-07-04
"SYN00386","SQL",454,0.173813169984686,2026-01-04,2026-07-04
"SYN00388","TypeScript",60,0.174927113702624,2026-01-04,2026-07-04
"SYN00388","Python",54,0.157434402332362,2026-01-04,2026-07-04
"SYN00388","Java",60,0.174927113702624,2026-01-04,2026-07-04
"SYN00388","Go",55,0.160349854227405,2026-01-04,2026-07-04
"SYN00388","C#",51,0.14868804664723,2026-01-04,2026-07-04
"SYN00388","SQL",63,0.183673469387755,2026-01-04,2026-07-04
"SYN00390","TypeScript",102,0.166394779771615,2026-01-04,2026-07-04
"SYN00390","Python",94,0.153344208809135,2026-01-04,2026-07-04
"SYN00390","Java",105,0.171288743882545,2026-01-04,2026-07-04
"SYN00390","Go",111,0.181076672104405,2026-01-04,2026-07-04
"SYN00390","C#",96,0.156606851549755,2026-01-04,2026-07-04
"SYN00390","SQL",105,0.171288743882545,2026-01-04,2026-07-04
"SYN00391","TypeScript",273,0.167279411764706,2026-01-04,2026-07-04
"SYN00391","Python",271,0.166053921568627,2026-01-04,2026-07-04
"SYN00391","Java",285,0.174632352941176,2026-01-04,2026-07-04
"SYN00391","Go",249,0.152573529411765,2026-01-04,2026-07-04
"SYN00391","C#",266,0.162990196078431,2026-01-04,2026-07-04
"SYN00391","SQL",288,0.176470588235294,2026-01-04,2026-07-04
"SYN00392","TypeScript",255,0.158385093167702,2026-01-04,2026-07-04
"SYN00392","Python",276,0.171428571428571,2026-01-04,2026-07-04
"SYN00392","Java",280,0.173913043478261,2026-01-04,2026-07-04
"SYN00392","Go",278,0.172670807453416,2026-01-04,2026-07-04
"SYN00392","C#",261,0.162111801242236,2026-01-04,2026-07-04
"SYN00392","SQL",260,0.161490683229814,2026-01-04,2026-07-04
"SYN00393","TypeScript",219,0.172034564021995,2026-01-04,2026-07-04
"SYN00393","Python",195,0.153181461115475,2026-01-04,2026-07-04
"SYN00393","Java",213,0.167321288295365,2026-01-04,2026-07-04
"SYN00393","Go",213,0.167321288295365,2026-01-04,2026-07-04
"SYN00393","C#",227,0.178318931657502,2026-01-04,2026-07-04
"SYN00393","SQL",206,0.161822466614297,2026-01-04,2026-07-04
"SYN00394","TypeScript",186,0.165333333333333,2026-01-04,2026-07-04
"SYN00394","Python",190,0.168888888888889,2026-01-04,2026-07-04
"SYN00394","Java",199,0.176888888888889,2026-01-04,2026-07-04
"SYN00394","Go",201,0.178666666666667,2026-01-04,2026-07-04
"SYN00394","C#",190,0.168888888888889,2026-01-04,2026-07-04
"SYN00394","SQL",159,0.141333333333333,2026-01-04,2026-07-04
"SYN00395","TypeScript",199,0.175021987686895,2026-01-04,2026-07-04
"SYN00395","Python",182,0.160070360598065,2026-01-04,2026-07-04
"SYN00395","Java",182,0.160070360598065,2026-01-04,2026-07-04
"SYN00395","Go",185,0.162708883025506,2026-01-04,2026-07-04
"SYN00395","C#",194,0.170624450307828,2026-01-04,2026-07-04
"SYN00395","SQL",195,0.171503957783641,2026-01-04,2026-07-04
"SYN00396","TypeScript",5,0.119047619047619,2026-01-04,2026-07-04
"SYN00396","Python",6,0.142857142857143,2026-01-04,2026-07-04
"SYN00396","Java",8,0.19047619047619,2026-01-04,2026-07-04
"SYN00396","Go",8,0.19047619047619,2026-01-04,2026-07-04
"SYN00396","C#",10,0.238095238095238,2026-01-04,2026-07-04
"SYN00396","SQL",5,0.119047619047619,2026-01-04,2026-07-04
"SYN00397","TypeScript",33,0.150684931506849,2026-01-04,2026-07-04
"SYN00397","Python",41,0.187214611872146,2026-01-04,2026-07-04
"SYN00397","Java",38,0.17351598173516,2026-01-04,2026-07-04
"SYN00397","Go",41,0.187214611872146,2026-01-04,2026-07-04
"SYN00397","C#",36,0.164383561643836,2026-01-04,2026-07-04
"SYN00397","SQL",30,0.136986301369863,2026-01-04,2026-07-04
"SYN00398","TypeScript",133,0.190271816881259,2026-01-04,2026-07-04
"SYN00398","Python",99,0.141630901287554,2026-01-04,2026-07-04
"SYN00398","Java",120,0.171673819742489,2026-01-04,2026-07-04
"SYN00398","Go",108,0.15450643776824,2026-01-04,2026-07-04
"SYN00398","C#",111,0.158798283261803,2026-01-04,2026-07-04
"SYN00398","SQL",128,0.183118741058655,2026-01-04,2026-07-04
"SYN00399","TypeScript",65,0.164141414141414,2026-01-04,2026-07-04
"SYN00399","Python",76,0.191919191919192,2026-01-04,2026-07-04
"SYN00399","Java",69,0.174242424242424,2026-01-04,2026-07-04
"SYN00399","Go",70,0.176767676767677,2026-01-04,2026-07-04
"SYN00399","C#",59,0.148989898989899,2026-01-04,2026-07-04
"SYN00399","SQL",57,0.143939393939394,2026-01-04,2026-07-04
"SYN00400","TypeScript",211,0.163819875776398,2026-01-04,2026-07-04
"SYN00400","Python",236,0.183229813664596,2026-01-04,2026-07-04
"SYN00400","Java",205,0.15916149068323,2026-01-04,2026-07-04
"SYN00400","Go",229,0.177795031055901,2026-01-04,2026-07-04
"SYN00400","C#",211,0.163819875776398,2026-01-04,2026-07-04
"SYN00400","SQL",196,0.152173913043478,2026-01-04,2026-07-04
"SYN00401","TypeScript",271,0.166564228641672,2026-01-04,2026-07-04
"SYN00401","Python",268,0.164720344191764,2026-01-04,2026-07-04
"SYN00401","Java",278,0.170866625691457,2026-01-04,2026-07-04
"SYN00401","Go",276,0.169637369391518,2026-01-04,2026-07-04
"SYN00401","C#",257,0.157959434542102,2026-01-04,2026-07-04
"SYN00401","SQL",277,0.170251997541487,2026-01-04,2026-07-04
"SYN00402","TypeScript",440,0.17309205350118,2026-01-04,2026-07-04
"SYN00402","Python",413,0.162470495672699,2026-01-04,2026-07-04
"SYN00402","Java",417,0.164044059795437,2026-01-04,2026-07-04
"SYN00402","Go",436,0.171518489378442,2026-01-04,2026-07-04
"SYN00402","C#",433,0.170338316286389,2026-01-04,2026-07-04
"SYN00402","SQL",403,0.158536585365854,2026-01-04,2026-07-04
"SYN00403","TypeScript",95,0.178907721280603,2026-01-04,2026-07-04
"SYN00403","Python",97,0.182674199623352,2026-01-04,2026-07-04
"SYN00403","Java",89,0.167608286252354,2026-01-04,2026-07-04
"SYN00403","Go",89,0.167608286252354,2026-01-04,2026-07-04
"SYN00403","C#",85,0.160075329566855,2026-01-04,2026-07-04
"SYN00403","SQL",76,0.143126177024482,2026-01-04,2026-07-04
"SYN00405","TypeScript",9,0.195652173913043,2026-01-04,2026-07-04
"SYN00405","Python",7,0.152173913043478,2026-01-04,2026-07-04
"SYN00405","Java",6,0.130434782608696,2026-01-04,2026-07-04
"SYN00405","Go",8,0.173913043478261,2026-01-04,2026-07-04
"SYN00405","C#",7,0.152173913043478,2026-01-04,2026-07-04
"SYN00405","SQL",9,0.195652173913043,2026-01-04,2026-07-04
"SYN00406","TypeScript",1568,0.169844020797227,2026-01-04,2026-07-04
"SYN00406","Python",1499,0.162370017331023,2026-01-04,2026-07-04
"SYN00406","Java",1566,0.169627383015598,2026-01-04,2026-07-04
"SYN00406","Go",1535,0.166269497400347,2026-01-04,2026-07-04
"SYN00406","C#",1559,0.168869150779896,2026-01-04,2026-07-04
"SYN00406","SQL",1505,0.16301993067591,2026-01-04,2026-07-04
"SYN00407","TypeScript",132,0.157142857142857,2026-01-04,2026-07-04
"SYN00407","Python",136,0.161904761904762,2026-01-04,2026-07-04
"SYN00407","Java",147,0.175,2026-01-04,2026-07-04
"SYN00407","Go",131,0.155952380952381,2026-01-04,2026-07-04
"SYN00407","C#",147,0.175,2026-01-04,2026-07-04
"SYN00407","SQL",147,0.175,2026-01-04,2026-07-04
"SYN00408","TypeScript",48,0.16,2026-01-04,2026-07-04
"SYN00408","Python",54,0.18,2026-01-04,2026-07-04
"SYN00408","Java",57,0.19,2026-01-04,2026-07-04
"SYN00408","Go",46,0.153333333333333,2026-01-04,2026-07-04
"SYN00408","C#",47,0.156666666666667,2026-01-04,2026-07-04
"SYN00408","SQL",48,0.16,2026-01-04,2026-07-04
"SYN00409","TypeScript",141,0.154945054945055,2026-01-04,2026-07-04
"SYN00409","Python",148,0.162637362637363,2026-01-04,2026-07-04
"SYN00409","Java",143,0.157142857142857,2026-01-04,2026-07-04
"SYN00409","Go",154,0.169230769230769,2026-01-04,2026-07-04
"SYN00409","C#",172,0.189010989010989,2026-01-04,2026-07-04
"SYN00409","SQL",152,0.167032967032967,2026-01-04,2026-07-04
"SYN00410","TypeScript",136,0.166259168704156,2026-01-04,2026-07-04
"SYN00410","Python",134,0.163814180929095,2026-01-04,2026-07-04
"SYN00410","Java",124,0.15158924205379,2026-01-04,2026-07-04
"SYN00410","Go",142,0.17359413202934,2026-01-04,2026-07-04
"SYN00410","C#",141,0.172371638141809,2026-01-04,2026-07-04
"SYN00410","SQL",141,0.172371638141809,2026-01-04,2026-07-04
"SYN00411","TypeScript",1,0.166666666666667,2026-01-04,2026-07-04
"SYN00411","Python",0,0,2026-01-04,2026-07-04
"SYN00411","Java",3,0.5,2026-01-04,2026-07-04
"SYN00411","Go",0,0,2026-01-04,2026-07-04
"SYN00411","C#",2,0.333333333333333,2026-01-04,2026-07-04
"SYN00411","SQL",0,0,2026-01-04,2026-07-04
"SYN00412","TypeScript",3,0.272727272727273,2026-01-04,2026-07-04
"SYN00412","Python",3,0.272727272727273,2026-01-04,2026-07-04
"SYN00412","Java",3,0.272727272727273,2026-01-04,2026-07-04
"SYN00412","Go",1,0.0909090909090909,2026-01-04,2026-07-04
"SYN00412","C#",0,0,2026-01-04,2026-07-04
"SYN00412","SQL",1,0.0909090909090909,2026-01-04,2026-07-04
"SYN00413","TypeScript",21,0.15,2026-01-04,2026-07-04
"SYN00413","Python",25,0.178571428571429,2026-01-04,2026-07-04
"SYN00413","Java",25,0.178571428571429,2026-01-04,2026-07-04
"SYN00413","Go",26,0.185714285714286,2026-01-04,2026-07-04
"SYN00413","C#",22,0.157142857142857,2026-01-04,2026-07-04
"SYN00413","SQL",21,0.15,2026-01-04,2026-07-04
"SYN00414","TypeScript",125,0.16914749661705,2026-01-04,2026-07-04
"SYN00414","Python",125,0.16914749661705,2026-01-04,2026-07-04
"SYN00414","Java",119,0.161028416779432,2026-01-04,2026-07-04
"SYN00414","Go",116,0.156968876860622,2026-01-04,2026-07-04
"SYN00414","C#",135,0.182679296346414,2026-01-04,2026-07-04
"SYN00414","SQL",119,0.161028416779432,2026-01-04,2026-07-04
"SYN00415","TypeScript",59,0.165266106442577,2026-01-04,2026-07-04
"SYN00415","Python",58,0.162464985994398,2026-01-04,2026-07-04
"SYN00415","Java",71,0.198879551820728,2026-01-04,2026-07-04
"SYN00415","Go",57,0.159663865546218,2026-01-04,2026-07-04
"SYN00415","C#",51,0.142857142857143,2026-01-04,2026-07-04
"SYN00415","SQL",61,0.170868347338936,2026-01-04,2026-07-04
"SYN00416","TypeScript",616,0.168998628257888,2026-01-04,2026-07-04
"SYN00416","Python",657,0.180246913580247,2026-01-04,2026-07-04
"SYN00416","Java",631,0.173113854595336,2026-01-04,2026-07-04
"SYN00416","Go",578,0.158573388203018,2026-01-04,2026-07-04
"SYN00416","C#",599,0.164334705075446,2026-01-04,2026-07-04
"SYN00416","SQL",564,0.154732510288066,2026-01-04,2026-07-04
"SYN00418","TypeScript",247,0.173090399439383,2026-01-04,2026-07-04
"SYN00418","Python",241,0.168885774351787,2026-01-04,2026-07-04
"SYN00418","Java",220,0.1541695865452,2026-01-04,2026-07-04
"SYN00418","Go",245,0.171688857743518,2026-01-04,2026-07-04
"SYN00418","C#",238,0.166783461807989,2026-01-04,2026-07-04
"SYN00418","SQL",236,0.165381920112123,2026-01-04,2026-07-04
"SYN00419","TypeScript",130,0.167310167310167,2026-01-04,2026-07-04
"SYN00419","Python",130,0.167310167310167,2026-01-04,2026-07-04
"SYN00419","Java",127,0.163449163449163,2026-01-04,2026-07-04
"SYN00419","Go",123,0.158301158301158,2026-01-04,2026-07-04
"SYN00419","C#",137,0.176319176319176,2026-01-04,2026-07-04
"SYN00419","SQL",130,0.167310167310167,2026-01-04,2026-07-04
"SYN00421","TypeScript",428,0.167580266249021,2026-01-04,2026-07-04
"SYN00421","Python",405,0.158574784651527,2026-01-04,2026-07-04
"SYN00421","Java",412,0.16131558339859,2026-01-04,2026-07-04
"SYN00421","Go",435,0.170321064996085,2026-01-04,2026-07-04
"SYN00421","C#",441,0.172670321064996,2026-01-04,2026-07-04
"SYN00421","SQL",433,0.169537979639781,2026-01-04,2026-07-04
"SYN00422","TypeScript",42,0.180257510729614,2026-01-04,2026-07-04
"SYN00422","Python",39,0.167381974248927,2026-01-04,2026-07-04
"SYN00422","Java",32,0.137339055793991,2026-01-04,2026-07-04
"SYN00422","Go",38,0.163090128755365,2026-01-04,2026-07-04
"SYN00422","C#",39,0.167381974248927,2026-01-04,2026-07-04
"SYN00422","SQL",43,0.184549356223176,2026-01-04,2026-07-04
"SYN00423","TypeScript",85,0.182403433476395,2026-01-04,2026-07-04
"SYN00423","Python",82,0.175965665236052,2026-01-04,2026-07-04
"SYN00423","Java",64,0.137339055793991,2026-01-04,2026-07-04
"SYN00423","Go",72,0.15450643776824,2026-01-04,2026-07-04
"SYN00423","C#",80,0.171673819742489,2026-01-04,2026-07-04
"SYN00423","SQL",83,0.178111587982833,2026-01-04,2026-07-04
"SYN00426","TypeScript",161,0.194444444444444,2026-01-04,2026-07-04
"SYN00426","Python",128,0.154589371980676,2026-01-04,2026-07-04
"SYN00426","Java",152,0.183574879227053,2026-01-04,2026-07-04
"SYN00426","Go",129,0.155797101449275,2026-01-04,2026-07-04
"SYN00426","C#",137,0.165458937198068,2026-01-04,2026-07-04
"SYN00426","SQL",121,0.146135265700483,2026-01-04,2026-07-04
"SYN00428","TypeScript",85,0.160377358490566,2026-01-04,2026-07-04
"SYN00428","Python",96,0.181132075471698,2026-01-04,2026-07-04
"SYN00428","Java",75,0.141509433962264,2026-01-04,2026-07-04
"SYN00428","Go",105,0.19811320754717,2026-01-04,2026-07-04
"SYN00428","C#",84,0.158490566037736,2026-01-04,2026-07-04
"SYN00428","SQL",85,0.160377358490566,2026-01-04,2026-07-04
"SYN00429","TypeScript",909,0.178937007874016,2026-01-04,2026-07-04
"SYN00429","Python",849,0.167125984251969,2026-01-04,2026-07-04
"SYN00429","Java",803,0.158070866141732,2026-01-04,2026-07-04
"SYN00429","Go",842,0.165748031496063,2026-01-04,2026-07-04
"SYN00429","C#",855,0.168307086614173,2026-01-04,2026-07-04
"SYN00429","SQL",822,0.161811023622047,2026-01-04,2026-07-04
"SYN00430","TypeScript",524,0.166243654822335,2026-01-04,2026-07-04
"SYN00430","Python",519,0.164657360406091,2026-01-04,2026-07-04
"SYN00430","Java",567,0.17988578680203,2026-01-04,2026-07-04
"SYN00430","Go",523,0.165926395939086,2026-01-04,2026-07-04
"SYN00430","C#",521,0.165291878172589,2026-01-04,2026-07-04
"SYN00430","SQL",498,0.157994923857868,2026-01-04,2026-07-04
"SYN00431","TypeScript",580,0.170337738619677,2026-01-04,2026-07-04
"SYN00431","Python",564,0.165638766519824,2026-01-04,2026-07-04
"SYN00431","Java",577,0.169456681350954,2026-01-04,2026-07-04
"SYN00431","Go",573,0.168281938325991,2026-01-04,2026-07-04
"SYN00431","C#",567,0.166519823788546,2026-01-04,2026-07-04
"SYN00431","SQL",544,0.159765051395007,2026-01-04,2026-07-04
"SYN00432","TypeScript",121,0.159630606860158,2026-01-04,2026-07-04
"SYN00432","Python",126,0.16622691292876,2026-01-04,2026-07-04
"SYN00432","Java",134,0.176781002638522,2026-01-04,2026-07-04
"SYN00432","Go",138,0.182058047493404,2026-01-04,2026-07-04
"SYN00432","C#",121,0.159630606860158,2026-01-04,2026-07-04
"SYN00432","SQL",118,0.155672823218997,2026-01-04,2026-07-04
"SYN00433","TypeScript",12,0.19047619047619,2026-01-04,2026-07-04
"SYN00433","Python",5,0.0793650793650794,2026-01-04,2026-07-04
"SYN00433","Java",13,0.206349206349206,2026-01-04,2026-07-04
"SYN00433","Go",5,0.0793650793650794,2026-01-04,2026-07-04
"SYN00433","C#",19,0.301587301587302,2026-01-04,2026-07-04
"SYN00433","SQL",9,0.142857142857143,2026-01-04,2026-07-04
"SYN00435","TypeScript",66,0.189111747851003,2026-01-04,2026-07-04
"SYN00435","Python",50,0.143266475644699,2026-01-04,2026-07-04
"SYN00435","Java",56,0.160458452722063,2026-01-04,2026-07-04
"SYN00435","Go",51,0.146131805157593,2026-01-04,2026-07-04
"SYN00435","C#",64,0.183381088825215,2026-01-04,2026-07-04
"SYN00435","SQL",62,0.177650429799427,2026-01-04,2026-07-04
"SYN00436","TypeScript",39,0.136363636363636,2026-01-04,2026-07-04
"SYN00436","Python",32,0.111888111888112,2026-01-04,2026-07-04
"SYN00436","Java",33,0.115384615384615,2026-01-04,2026-07-04
"SYN00436","Go",72,0.251748251748252,2026-01-04,2026-07-04
"SYN00436","C#",48,0.167832167832168,2026-01-04,2026-07-04
"SYN00436","SQL",62,0.216783216783217,2026-01-04,2026-07-04
"SYN00438","TypeScript",17,0.191011235955056,2026-01-04,2026-07-04
"SYN00438","Python",10,0.112359550561798,2026-01-04,2026-07-04
"SYN00438","Java",15,0.168539325842697,2026-01-04,2026-07-04
"SYN00438","Go",17,0.191011235955056,2026-01-04,2026-07-04
"SYN00438","C#",16,0.179775280898876,2026-01-04,2026-07-04
"SYN00438","SQL",14,0.157303370786517,2026-01-04,2026-07-04
"SYN00439","TypeScript",119,0.172214182344428,2026-01-04,2026-07-04
"SYN00439","Python",113,0.163531114327062,2026-01-04,2026-07-04
"SYN00439","Java",110,0.159189580318379,2026-01-04,2026-07-04
"SYN00439","Go",119,0.172214182344428,2026-01-04,2026-07-04
"SYN00439","C#",120,0.173661360347323,2026-01-04,2026-07-04
"SYN00439","SQL",110,0.159189580318379,2026-01-04,2026-07-04
"SYN00441","TypeScript",651,0.165102713669795,2026-01-04,2026-07-04
"SYN00441","Python",658,0.166878011666244,2026-01-04,2026-07-04
"SYN00441","Java",665,0.168653309662693,2026-01-04,2026-07-04
"SYN00441","Go",672,0.170428607659143,2026-01-04,2026-07-04
"SYN00441","C#",627,0.159015977681968,2026-01-04,2026-07-04
"SYN00441","SQL",670,0.169921379660157,2026-01-04,2026-07-04
"SYN00442","TypeScript",140,0.169491525423729,2026-01-04,2026-07-04
"SYN00442","Python",149,0.180387409200969,2026-01-04,2026-07-04
"SYN00442","Java",137,0.165859564164649,2026-01-04,2026-07-04
"SYN00442","Go",149,0.180387409200969,2026-01-04,2026-07-04
"SYN00442","C#",132,0.159806295399516,2026-01-04,2026-07-04
"SYN00442","SQL",119,0.144067796610169,2026-01-04,2026-07-04
"SYN00443","TypeScript",285,0.178125,2026-01-04,2026-07-04
"SYN00443","Python",255,0.159375,2026-01-04,2026-07-04
"SYN00443","Java",268,0.1675,2026-01-04,2026-07-04
"SYN00443","Go",275,0.171875,2026-01-04,2026-07-04
"SYN00443","C#",275,0.171875,2026-01-04,2026-07-04
"SYN00443","SQL",242,0.15125,2026-01-04,2026-07-04
"SYN00444","TypeScript",95,0.182692307692308,2026-01-04,2026-07-04
"SYN00444","Python",89,0.171153846153846,2026-01-04,2026-07-04
"SYN00444","Java",87,0.167307692307692,2026-01-04,2026-07-04
"SYN00444","Go",83,0.159615384615385,2026-01-04,2026-07-04
"SYN00444","C#",92,0.176923076923077,2026-01-04,2026-07-04
"SYN00444","SQL",74,0.142307692307692,2026-01-04,2026-07-04
"SYN00446","TypeScript",182,0.171536286522149,2026-01-04,2026-07-04
"SYN00446","Python",161,0.151743638077286,2026-01-04,2026-07-04
"SYN00446","Java",172,0.162111215834119,2026-01-04,2026-07-04
"SYN00446","Go",189,0.17813383600377,2026-01-04,2026-07-04
"SYN00446","C#",176,0.165881244109331,2026-01-04,2026-07-04
"SYN00446","SQL",181,0.170593779453346,2026-01-04,2026-07-04
"SYN00447","TypeScript",1309,0.164405928158754,2026-01-04,2026-07-04
"SYN00447","Python",1371,0.172192916352675,2026-01-04,2026-07-04
"SYN00447","Java",1312,0.164782717910073,2026-01-04,2026-07-04
"SYN00447","Go",1280,0.160763627229339,2026-01-04,2026-07-04
"SYN00447","C#",1354,0.170057774428536,2026-01-04,2026-07-04
"SYN00447","SQL",1336,0.167797035920623,2026-01-04,2026-07-04
"SYN00448","TypeScript",134,0.162818955042527,2026-01-04,2026-07-04
"SYN00448","Python",129,0.156743620899149,2026-01-04,2026-07-04
"SYN00448","Java",132,0.160388821385176,2026-01-04,2026-07-04
"SYN00448","Go",144,0.174969623329283,2026-01-04,2026-07-04
"SYN00448","C#",130,0.157958687727825,2026-01-04,2026-07-04
"SYN00448","SQL",154,0.187120291616039,2026-01-04,2026-07-04
"SYN00449","TypeScript",46,0.173584905660377,2026-01-04,2026-07-04
"SYN00449","Python",39,0.147169811320755,2026-01-04,2026-07-04
"SYN00449","Java",43,0.162264150943396,2026-01-04,2026-07-04
"SYN00449","Go",43,0.162264150943396,2026-01-04,2026-07-04
"SYN00449","C#",43,0.162264150943396,2026-01-04,2026-07-04
"SYN00449","SQL",51,0.192452830188679,2026-01-04,2026-07-04
"SYN00450","TypeScript",411,0.168166939443535,2026-01-04,2026-07-04
"SYN00450","Python",366,0.149754500818331,2026-01-04,2026-07-04
"SYN00450","Java",424,0.173486088379705,2026-01-04,2026-07-04
"SYN00450","Go",402,0.164484451718494,2026-01-04,2026-07-04
"SYN00450","C#",413,0.1689852700491,2026-01-04,2026-07-04
"SYN00450","SQL",428,0.175122749590835,2026-01-04,2026-07-04
"SYN00451","TypeScript",240,0.158835208471211,2026-01-04,2026-07-04
"SYN00451","Python",254,0.168100595632032,2026-01-04,2026-07-04
"SYN00451","Java",232,0.153540701522171,2026-01-04,2026-07-04
"SYN00451","Go",272,0.180013236267373,2026-01-04,2026-07-04
"SYN00451","C#",284,0.187954996690933,2026-01-04,2026-07-04
"SYN00451","SQL",229,0.151555261416281,2026-01-04,2026-07-04
"SYN00452","TypeScript",157,0.16972972972973,2026-01-04,2026-07-04
"SYN00452","Python",164,0.177297297297297,2026-01-04,2026-07-04
"SYN00452","Java",156,0.168648648648649,2026-01-04,2026-07-04
"SYN00452","Go",161,0.174054054054054,2026-01-04,2026-07-04
"SYN00452","C#",128,0.138378378378378,2026-01-04,2026-07-04
"SYN00452","SQL",159,0.171891891891892,2026-01-04,2026-07-04
"SYN00455","TypeScript",73,0.179802955665025,2026-01-04,2026-07-04
"SYN00455","Python",60,0.147783251231527,2026-01-04,2026-07-04
"SYN00455","Java",63,0.155172413793103,2026-01-04,2026-07-04
"SYN00455","Go",72,0.177339901477833,2026-01-04,2026-07-04
"SYN00455","C#",64,0.157635467980296,2026-01-04,2026-07-04
"SYN00455","SQL",74,0.182266009852217,2026-01-04,2026-07-04
"SYN00457","TypeScript",60,0.196078431372549,2026-01-04,2026-07-04
"SYN00457","Python",47,0.15359477124183,2026-01-04,2026-07-04
"SYN00457","Java",48,0.156862745098039,2026-01-04,2026-07-04
"SYN00457","Go",50,0.163398692810458,2026-01-04,2026-07-04
"SYN00457","C#",49,0.160130718954248,2026-01-04,2026-07-04
"SYN00457","SQL",52,0.169934640522876,2026-01-04,2026-07-04
"SYN00458","TypeScript",2,0.142857142857143,2026-01-04,2026-07-04
"SYN00458","Python",1,0.0714285714285714,2026-01-04,2026-07-04
"SYN00458","Java",5,0.357142857142857,2026-01-04,2026-07-04
"SYN00458","Go",2,0.142857142857143,2026-01-04,2026-07-04
"SYN00458","C#",2,0.142857142857143,2026-01-04,2026-07-04
"SYN00458","SQL",2,0.142857142857143,2026-01-04,2026-07-04
"SYN00459","TypeScript",278,0.16547619047619,2026-01-04,2026-07-04
"SYN00459","Python",278,0.16547619047619,2026-01-04,2026-07-04
"SYN00459","Java",272,0.161904761904762,2026-01-04,2026-07-04
"SYN00459","Go",304,0.180952380952381,2026-01-04,2026-07-04
"SYN00459","C#",283,0.168452380952381,2026-01-04,2026-07-04
"SYN00459","SQL",265,0.157738095238095,2026-01-04,2026-07-04
"SYN00460","TypeScript",90,0.177514792899408,2026-01-04,2026-07-04
"SYN00460","Python",93,0.183431952662722,2026-01-04,2026-07-04
"SYN00460","Java",61,0.120315581854043,2026-01-04,2026-07-04
"SYN00460","Go",91,0.179487179487179,2026-01-04,2026-07-04
"SYN00460","C#",96,0.189349112426035,2026-01-04,2026-07-04
"SYN00460","SQL",76,0.149901380670611,2026-01-04,2026-07-04
"SYN00462","TypeScript",362,0.183198380566802,2026-01-04,2026-07-04
"SYN00462","Python",355,0.179655870445344,2026-01-04,2026-07-04
"SYN00462","Java",325,0.164473684210526,2026-01-04,2026-07-04
"SYN00462","Go",289,0.146255060728745,2026-01-04,2026-07-04
"SYN00462","C#",315,0.159412955465587,2026-01-04,2026-07-04
"SYN00462","SQL",330,0.167004048582996,2026-01-04,2026-07-04
"SYN00463","TypeScript",99,0.159420289855072,2026-01-04,2026-07-04
"SYN00463","Python",93,0.14975845410628,2026-01-04,2026-07-04
"SYN00463","Java",114,0.183574879227053,2026-01-04,2026-07-04
"SYN00463","Go",104,0.167471819645733,2026-01-04,2026-07-04
"SYN00463","C#",99,0.159420289855072,2026-01-04,2026-07-04
"SYN00463","SQL",112,0.180354267310789,2026-01-04,2026-07-04
"SYN00464","TypeScript",179,0.155923344947735,2026-01-04,2026-07-04
"SYN00464","Python",173,0.150696864111498,2026-01-04,2026-07-04
"SYN00464","Java",209,0.18205574912892,2026-01-04,2026-07-04
"SYN00464","Go",177,0.15418118466899,2026-01-04,2026-07-04
"SYN00464","C#",203,0.176829268292683,2026-01-04,2026-07-04
"SYN00464","SQL",207,0.180313588850174,2026-01-04,2026-07-04
"SYN00466","TypeScript",302,0.158032443746729,2026-01-04,2026-07-04
"SYN00466","Python",337,0.176347462061748,2026-01-04,2026-07-04
"SYN00466","Java",325,0.170068027210884,2026-01-04,2026-07-04
"SYN00466","Go",332,0.173731030873888,2026-01-04,2026-07-04
"SYN00466","C#",300,0.156985871271586,2026-01-04,2026-07-04
"SYN00466","SQL",315,0.164835164835165,2026-01-04,2026-07-04
"SYN00467","TypeScript",127,0.18955223880597,2026-01-04,2026-07-04
"SYN00467","Python",124,0.185074626865672,2026-01-04,2026-07-04
"SYN00467","Java",103,0.153731343283582,2026-01-04,2026-07-04
"SYN00467","Go",107,0.159701492537313,2026-01-04,2026-07-04
"SYN00467","C#",88,0.13134328358209,2026-01-04,2026-07-04
"SYN00467","SQL",121,0.180597014925373,2026-01-04,2026-07-04
"SYN00469","TypeScript",94,0.175046554934823,2026-01-04,2026-07-04
"SYN00469","Python",74,0.13780260707635,2026-01-04,2026-07-04
"SYN00469","Java",95,0.176908752327747,2026-01-04,2026-07-04
"SYN00469","Go",93,0.173184357541899,2026-01-04,2026-07-04
"SYN00469","C#",86,0.160148975791434,2026-01-04,2026-07-04
"SYN00469","SQL",95,0.176908752327747,2026-01-04,2026-07-04
"SYN00470","TypeScript",4,0.173913043478261,2026-01-04,2026-07-04
"SYN00470","Python",5,0.217391304347826,2026-01-04,2026-07-04
"SYN00470","Java",5,0.217391304347826,2026-01-04,2026-07-04
"SYN00470","Go",6,0.260869565217391,2026-01-04,2026-07-04
"SYN00470","C#",1,0.0434782608695652,2026-01-04,2026-07-04
"SYN00470","SQL",2,0.0869565217391304,2026-01-04,2026-07-04
"SYN00473","TypeScript",303,0.156266116554925,2026-01-04,2026-07-04
"SYN00473","Python",323,0.166580711707066,2026-01-04,2026-07-04
"SYN00473","Java",339,0.174832387828778,2026-01-04,2026-07-04
"SYN00473","Go",317,0.163486333161423,2026-01-04,2026-07-04
"SYN00473","C#",326,0.168127900979887,2026-01-04,2026-07-04
"SYN00473","SQL",331,0.170706549767922,2026-01-04,2026-07-04
"SYN00474","TypeScript",115,0.161516853932584,2026-01-04,2026-07-04
"SYN00474","Python",110,0.154494382022472,2026-01-04,2026-07-04
"SYN00474","Java",128,0.179775280898876,2026-01-04,2026-07-04
"SYN00474","Go",104,0.146067415730337,2026-01-04,2026-07-04
"SYN00474","C#",137,0.192415730337079,2026-01-04,2026-07-04
"SYN00474","SQL",118,0.165730337078652,2026-01-04,2026-07-04
"SYN00475","TypeScript",62,0.143518518518519,2026-01-04,2026-07-04
"SYN00475","Python",78,0.180555555555556,2026-01-04,2026-07-04
"SYN00475","Java",86,0.199074074074074,2026-01-04,2026-07-04
"SYN00475","Go",60,0.138888888888889,2026-01-04,2026-07-04
"SYN00475","C#",69,0.159722222222222,2026-01-04,2026-07-04
"SYN00475","SQL",77,0.178240740740741,2026-01-04,2026-07-04
"SYN00477","TypeScript",50,0.138888888888889,2026-01-04,2026-07-04
"SYN00477","Python",55,0.152777777777778,2026-01-04,2026-07-04
"SYN00477","Java",60,0.166666666666667,2026-01-04,2026-07-04
"SYN00477","Go",66,0.183333333333333,2026-01-04,2026-07-04
"SYN00477","C#",66,0.183333333333333,2026-01-04,2026-07-04
"SYN00477","SQL",63,0.175,2026-01-04,2026-07-04
"SYN00478","TypeScript",64,0.166666666666667,2026-01-04,2026-07-04
"SYN00478","Python",68,0.177083333333333,2026-01-04,2026-07-04
"SYN00478","Java",67,0.174479166666667,2026-01-04,2026-07-04
"SYN00478","Go",52,0.135416666666667,2026-01-04,2026-07-04
"SYN00478","C#",71,0.184895833333333,2026-01-04,2026-07-04
"SYN00478","SQL",62,0.161458333333333,2026-01-04,2026-07-04
"SYN00481","TypeScript",13,0.1625,2026-01-04,2026-07-04
"SYN00481","Python",7,0.0875,2026-01-04,2026-07-04
"SYN00481","Java",15,0.1875,2026-01-04,2026-07-04
"SYN00481","Go",16,0.2,2026-01-04,2026-07-04
"SYN00481","C#",17,0.2125,2026-01-04,2026-07-04
"SYN00481","SQL",12,0.15,2026-01-04,2026-07-04
"SYN00482","TypeScript",337,0.158737635421573,2026-01-04,2026-07-04
"SYN00482","Python",370,0.17428167687235,2026-01-04,2026-07-04
"SYN00482","Java",368,0.173339613754122,2026-01-04,2026-07-04
"SYN00482","Go",345,0.162505887894489,2026-01-04,2026-07-04
"SYN00482","C#",343,0.16156382477626,2026-01-04,2026-07-04
"SYN00482","SQL",360,0.169571361281206,2026-01-04,2026-07-04
"SYN00483","TypeScript",38,0.137184115523466,2026-01-04,2026-07-04
"SYN00483","Python",41,0.148014440433213,2026-01-04,2026-07-04
"SYN00483","Java",48,0.173285198555957,2026-01-04,2026-07-04
"SYN00483","Go",41,0.148014440433213,2026-01-04,2026-07-04
"SYN00483","C#",53,0.191335740072202,2026-01-04,2026-07-04
"SYN00483","SQL",56,0.202166064981949,2026-01-04,2026-07-04
"SYN00485","TypeScript",250,0.161707632600259,2026-01-04,2026-07-04
"SYN00485","Python",256,0.165588615782665,2026-01-04,2026-07-04
"SYN00485","Java",253,0.163648124191462,2026-01-04,2026-07-04
"SYN00485","Go",240,0.155239327296248,2026-01-04,2026-07-04
"SYN00485","C#",261,0.16882276843467,2026-01-04,2026-07-04
"SYN00485","SQL",286,0.184993531694696,2026-01-04,2026-07-04
"SYN00488","TypeScript",15,0.159574468085106,2026-01-04,2026-07-04
"SYN00488","Python",12,0.127659574468085,2026-01-04,2026-07-04
"SYN00488","Java",11,0.117021276595745,2026-01-04,2026-07-04
"SYN00488","Go",18,0.191489361702128,2026-01-04,2026-07-04
"SYN00488","C#",17,0.180851063829787,2026-01-04,2026-07-04
"SYN00488","SQL",21,0.223404255319149,2026-01-04,2026-07-04
"SYN00489","TypeScript",6,0.176470588235294,2026-01-04,2026-07-04
"SYN00489","Python",6,0.176470588235294,2026-01-04,2026-07-04
"SYN00489","Java",7,0.205882352941176,2026-01-04,2026-07-04
"SYN00489","Go",3,0.0882352941176471,2026-01-04,2026-07-04
"SYN00489","C#",5,0.147058823529412,2026-01-04,2026-07-04
"SYN00489","SQL",7,0.205882352941176,2026-01-04,2026-07-04
"SYN00490","TypeScript",279,0.153212520593081,2026-01-04,2026-07-04
"SYN00490","Python",316,0.173531026908292,2026-01-04,2026-07-04
"SYN00490","Java",291,0.159802306425041,2026-01-04,2026-07-04
"SYN00490","Go",320,0.175727622185612,2026-01-04,2026-07-04
"SYN00490","C#",292,0.160351455244371,2026-01-04,2026-07-04
"SYN00490","SQL",323,0.177375068643602,2026-01-04,2026-07-04
"SYN00491","TypeScript",613,0.17060951850821,2026-01-04,2026-07-04
"SYN00491","Python",546,0.151962148622321,2026-01-04,2026-07-04
"SYN00491","Java",595,0.165599777344837,2026-01-04,2026-07-04
"SYN00491","Go",622,0.173114389089897,2026-01-04,2026-07-04
"SYN00491","C#",602,0.167548010019482,2026-01-04,2026-07-04
"SYN00491","SQL",615,0.171166156415252,2026-01-04,2026-07-04
"SYN00492","TypeScript",91,0.172348484848485,2026-01-04,2026-07-04
"SYN00492","Python",88,0.166666666666667,2026-01-04,2026-07-04
"SYN00492","Java",90,0.170454545454545,2026-01-04,2026-07-04
"SYN00492","Go",85,0.160984848484848,2026-01-04,2026-07-04
"SYN00492","C#",93,0.176136363636364,2026-01-04,2026-07-04
"SYN00492","SQL",81,0.153409090909091,2026-01-04,2026-07-04
"SYN00493","TypeScript",82,0.161735700197239,2026-01-04,2026-07-04
"SYN00493","Python",71,0.140039447731755,2026-01-04,2026-07-04
"SYN00493","Java",92,0.181459566074951,2026-01-04,2026-07-04
"SYN00493","Go",94,0.185404339250493,2026-01-04,2026-07-04
"SYN00493","C#",88,0.173570019723866,2026-01-04,2026-07-04
"SYN00493","SQL",80,0.157790927021696,2026-01-04,2026-07-04
"SYN00494","TypeScript",2,0.0540540540540541,2026-01-04,2026-07-04
"SYN00494","Python",8,0.216216216216216,2026-01-04,2026-07-04
"SYN00494","Java",7,0.189189189189189,2026-01-04,2026-07-04
"SYN00494","Go",7,0.189189189189189,2026-01-04,2026-07-04
"SYN00494","C#",4,0.108108108108108,2026-01-04,2026-07-04
"SYN00494","SQL",9,0.243243243243243,2026-01-04,2026-07-04
"SYN00495","TypeScript",148,0.165548098434004,2026-01-04,2026-07-04
"SYN00495","Python",133,0.148769574944072,2026-01-04,2026-07-04
"SYN00495","Java",156,0.174496644295302,2026-01-04,2026-07-04
"SYN00495","Go",147,0.164429530201342,2026-01-04,2026-07-04
"SYN00495","C#",152,0.170022371364653,2026-01-04,2026-07-04
"SYN00495","SQL",158,0.176733780760626,2026-01-04,2026-07-04
"SYN00496","TypeScript",73,0.168591224018476,2026-01-04,2026-07-04
"SYN00496","Python",70,0.161662817551963,2026-01-04,2026-07-04
"SYN00496","Java",72,0.166281755196305,2026-01-04,2026-07-04
"SYN00496","Go",71,0.163972286374134,2026-01-04,2026-07-04
"SYN00496","C#",65,0.150115473441109,2026-01-04,2026-07-04
"SYN00496","SQL",82,0.189376443418014,2026-01-04,2026-07-04
"SYN00497","TypeScript",406,0.161431411530815,2026-01-04,2026-07-04
"SYN00497","Python",389,0.154671968190855,2026-01-04,2026-07-04
"SYN00497","Java",403,0.160238568588469,2026-01-04,2026-07-04
"SYN00497","Go",458,0.182107355864811,2026-01-04,2026-07-04
"SYN00497","C#",427,0.169781312127237,2026-01-04,2026-07-04
"SYN00497","SQL",432,0.171769383697813,2026-01-04,2026-07-04
"SYN00498","TypeScript",235,0.181467181467181,2026-01-04,2026-07-04
"SYN00498","Python",202,0.155984555984556,2026-01-04,2026-07-04
"SYN00498","Java",218,0.168339768339768,2026-01-04,2026-07-04
"SYN00498","Go",212,0.163706563706564,2026-01-04,2026-07-04
"SYN00498","C#",228,0.176061776061776,2026-01-04,2026-07-04
"SYN00498","SQL",200,0.154440154440154,2026-01-04,2026-07-04
"SYN00499","TypeScript",113,0.160056657223796,2026-01-04,2026-07-04
"SYN00499","Python",105,0.148725212464589,2026-01-04,2026-07-04
"SYN00499","Java",122,0.172804532577904,2026-01-04,2026-07-04
"SYN00499","Go",130,0.18413597733711,2026-01-04,2026-07-04
"SYN00499","C#",119,0.168555240793201,2026-01-04,2026-07-04
"SYN00499","SQL",117,0.165722379603399,2026-01-04,2026-07-04
"SYN00500","TypeScript",110,0.162241887905605,2026-01-04,2026-07-04
"SYN00500","Python",106,0.156342182890855,2026-01-04,2026-07-04
"SYN00500","Java",120,0.176991150442478,2026-01-04,2026-07-04
"SYN00500","Go",115,0.169616519174041,2026-01-04,2026-07-04
"SYN00500","C#",114,0.168141592920354,2026-01-04,2026-07-04
"SYN00500","SQL",113,0.166666666666667,2026-01-04,2026-07-04
"SYN00502","TypeScript",33,0.171875,2026-01-04,2026-07-04
"SYN00502","Python",33,0.171875,2026-01-04,2026-07-04
"SYN00502","Java",21,0.109375,2026-01-04,2026-07-04
"SYN00502","Go",40,0.208333333333333,2026-01-04,2026-07-04
"SYN00502","C#",33,0.171875,2026-01-04,2026-07-04
"SYN00502","SQL",32,0.166666666666667,2026-01-04,2026-07-04
"SYN00503","TypeScript",305,0.159769512833944,2026-01-04,2026-07-04
"SYN00503","Python",315,0.165007857517025,2026-01-04,2026-07-04
"SYN00503","Java",310,0.162388685175485,2026-01-04,2026-07-04
"SYN00503","Go",335,0.175484546883185,2026-01-04,2026-07-04
"SYN00503","C#",322,0.168674698795181,2026-01-04,2026-07-04
"SYN00503","SQL",322,0.168674698795181,2026-01-04,2026-07-04
"SYN00504","TypeScript",154,0.186893203883495,2026-01-04,2026-07-04
"SYN00504","Python",117,0.141990291262136,2026-01-04,2026-07-04
"SYN00504","Java",143,0.173543689320388,2026-01-04,2026-07-04
"SYN00504","Go",138,0.16747572815534,2026-01-04,2026-07-04
"SYN00504","C#",132,0.160194174757282,2026-01-04,2026-07-04
"SYN00504","SQL",140,0.169902912621359,2026-01-04,2026-07-04
"SYN00505","TypeScript",111,0.168949771689498,2026-01-04,2026-07-04
"SYN00505","Python",117,0.178082191780822,2026-01-04,2026-07-04
"SYN00505","Java",99,0.150684931506849,2026-01-04,2026-07-04
"SYN00505","Go",110,0.167427701674277,2026-01-04,2026-07-04
"SYN00505","C#",119,0.181126331811263,2026-01-04,2026-07-04
"SYN00505","SQL",101,0.153729071537291,2026-01-04,2026-07-04
"SYN00506","TypeScript",179,0.163321167883212,2026-01-04,2026-07-04
"SYN00506","Python",216,0.197080291970803,2026-01-04,2026-07-04
"SYN00506","Java",156,0.142335766423358,2026-01-04,2026-07-04
"SYN00506","Go",211,0.192518248175182,2026-01-04,2026-07-04
"SYN00506","C#",168,0.153284671532847,2026-01-04,2026-07-04
"SYN00506","SQL",166,0.151459854014599,2026-01-04,2026-07-04
"SYN00507","TypeScript",77,0.154618473895582,2026-01-04,2026-07-04
"SYN00507","Python",88,0.176706827309237,2026-01-04,2026-07-04
"SYN00507","Java",87,0.174698795180723,2026-01-04,2026-07-04
"SYN00507","Go",83,0.166666666666667,2026-01-04,2026-07-04
"SYN00507","C#",74,0.14859437751004,2026-01-04,2026-07-04
"SYN00507","SQL",89,0.178714859437751,2026-01-04,2026-07-04
"SYN00508","TypeScript",6,0.24,2026-01-04,2026-07-04
"SYN00508","Python",5,0.2,2026-01-04,2026-07-04
"SYN00508","Java",7,0.28,2026-01-04,2026-07-04
"SYN00508","Go",2,0.08,2026-01-04,2026-07-04
"SYN00508","C#",4,0.16,2026-01-04,2026-07-04
"SYN00508","SQL",1,0.04,2026-01-04,2026-07-04
"SYN00509","TypeScript",207,0.18956043956044,2026-01-04,2026-07-04
"SYN00509","Python",168,0.153846153846154,2026-01-04,2026-07-04
"SYN00509","Java",164,0.15018315018315,2026-01-04,2026-07-04
"SYN00509","Go",195,0.178571428571429,2026-01-04,2026-07-04
"SYN00509","C#",167,0.152930402930403,2026-01-04,2026-07-04
"SYN00509","SQL",191,0.174908424908425,2026-01-04,2026-07-04
"SYN00511","TypeScript",80,0.152963671128107,2026-01-04,2026-07-04
"SYN00511","Python",105,0.200764818355641,2026-01-04,2026-07-04
"SYN00511","Java",89,0.170172084130019,2026-01-04,2026-07-04
"SYN00511","Go",82,0.15678776290631,2026-01-04,2026-07-04
"SYN00511","C#",85,0.162523900573614,2026-01-04,2026-07-04
"SYN00511","SQL",82,0.15678776290631,2026-01-04,2026-07-04
"SYN00512","TypeScript",50,0.168918918918919,2026-01-04,2026-07-04
"SYN00512","Python",52,0.175675675675676,2026-01-04,2026-07-04
"SYN00512","Java",55,0.185810810810811,2026-01-04,2026-07-04
"SYN00512","Go",44,0.148648648648649,2026-01-04,2026-07-04
"SYN00512","C#",44,0.148648648648649,2026-01-04,2026-07-04
"SYN00512","SQL",51,0.172297297297297,2026-01-04,2026-07-04
"SYN00514","TypeScript",549,0.167582417582418,2026-01-04,2026-07-04
"SYN00514","Python",587,0.179181929181929,2026-01-04,2026-07-04
"SYN00514","Java",544,0.166056166056166,2026-01-04,2026-07-04
"SYN00514","Go",534,0.163003663003663,2026-01-04,2026-07-04
"SYN00514","C#",541,0.165140415140415,2026-01-04,2026-07-04
"SYN00514","SQL",521,0.159035409035409,2026-01-04,2026-07-04
"SYN00515","TypeScript",62,0.169398907103825,2026-01-04,2026-07-04
"SYN00515","Python",57,0.155737704918033,2026-01-04,2026-07-04
"SYN00515","Java",65,0.177595628415301,2026-01-04,2026-07-04
"SYN00515","Go",46,0.12568306010929,2026-01-04,2026-07-04
"SYN00515","C#",66,0.180327868852459,2026-01-04,2026-07-04
"SYN00515","SQL",70,0.191256830601093,2026-01-04,2026-07-04
"SYN00516","TypeScript",5,0.263157894736842,2026-01-04,2026-07-04
"SYN00516","Python",5,0.263157894736842,2026-01-04,2026-07-04
"SYN00516","Java",4,0.210526315789474,2026-01-04,2026-07-04
"SYN00516","Go",4,0.210526315789474,2026-01-04,2026-07-04
"SYN00516","C#",1,0.0526315789473684,2026-01-04,2026-07-04
"SYN00516","SQL",0,0,2026-01-04,2026-07-04
"SYN00518","TypeScript",89,0.164814814814815,2026-01-04,2026-07-04
"SYN00518","Python",100,0.185185185185185,2026-01-04,2026-07-04
"SYN00518","Java",96,0.177777777777778,2026-01-04,2026-07-04
"SYN00518","Go",88,0.162962962962963,2026-01-04,2026-07-04
"SYN00518","C#",87,0.161111111111111,2026-01-04,2026-07-04
"SYN00518","SQL",80,0.148148148148148,2026-01-04,2026-07-04
"SYN00519","TypeScript",15,0.306122448979592,2026-01-04,2026-07-04
"SYN00519","Python",7,0.142857142857143,2026-01-04,2026-07-04
"SYN00519","Java",8,0.163265306122449,2026-01-04,2026-07-04
"SYN00519","Go",4,0.0816326530612245,2026-01-04,2026-07-04
"SYN00519","C#",8,0.163265306122449,2026-01-04,2026-07-04
"SYN00519","SQL",7,0.142857142857143,2026-01-04,2026-07-04
"SYN00521","TypeScript",105,0.158371040723982,2026-01-04,2026-07-04
"SYN00521","Python",107,0.161387631975867,2026-01-04,2026-07-04
"SYN00521","Java",105,0.158371040723982,2026-01-04,2026-07-04
"SYN00521","Go",114,0.171945701357466,2026-01-04,2026-07-04
"SYN00521","C#",113,0.170437405731523,2026-01-04,2026-07-04
"SYN00521","SQL",119,0.179487179487179,2026-01-04,2026-07-04
"SYN00522","TypeScript",220,0.162962962962963,2026-01-04,2026-07-04
"SYN00522","Python",236,0.174814814814815,2026-01-04,2026-07-04
"SYN00522","Java",215,0.159259259259259,2026-01-04,2026-07-04
"SYN00522","Go",229,0.16962962962963,2026-01-04,2026-07-04
"SYN00522","C#",218,0.161481481481481,2026-01-04,2026-07-04
"SYN00522","SQL",232,0.171851851851852,2026-01-04,2026-07-04
"SYN00524","TypeScript",295,0.170915411355736,2026-01-04,2026-07-04
"SYN00524","Python",254,0.147161066048667,2026-01-04,2026-07-04
"SYN00524","Java",299,0.173232908458864,2026-01-04,2026-07-04
"SYN00524","Go",296,0.171494785631518,2026-01-04,2026-07-04
"SYN00524","C#",280,0.162224797219003,2026-01-04,2026-07-04
"SYN00524","SQL",302,0.174971031286211,2026-01-04,2026-07-04
"SYN00526","TypeScript",201,0.169763513513514,2026-01-04,2026-07-04
"SYN00526","Python",164,0.138513513513514,2026-01-04,2026-07-04
"SYN00526","Java",192,0.162162162162162,2026-01-04,2026-07-04
"SYN00526","Go",204,0.172297297297297,2026-01-04,2026-07-04
"SYN00526","C#",194,0.163851351351351,2026-01-04,2026-07-04
"SYN00526","SQL",229,0.193412162162162,2026-01-04,2026-07-04
"SYN00527","TypeScript",420,0.165811290959337,2026-01-04,2026-07-04
"SYN00527","Python",431,0.170153967627319,2026-01-04,2026-07-04
"SYN00527","Java",415,0.163837347019345,2026-01-04,2026-07-04
"SYN00527","Go",399,0.15752072641137,2026-01-04,2026-07-04
"SYN00527","C#",427,0.168574812475326,2026-01-04,2026-07-04
"SYN00527","SQL",441,0.174101855507304,2026-01-04,2026-07-04
"SYN00530","TypeScript",37,0.15546218487395,2026-01-04,2026-07-04
"SYN00530","Python",46,0.19327731092437,2026-01-04,2026-07-04
"SYN00530","Java",35,0.147058823529412,2026-01-04,2026-07-04
"SYN00530","Go",43,0.180672268907563,2026-01-04,2026-07-04
"SYN00530","C#",37,0.15546218487395,2026-01-04,2026-07-04
"SYN00530","SQL",40,0.168067226890756,2026-01-04,2026-07-04
"SYN00531","TypeScript",31,0.152709359605911,2026-01-04,2026-07-04
"SYN00531","Python",36,0.177339901477833,2026-01-04,2026-07-04
"SYN00531","Java",32,0.157635467980296,2026-01-04,2026-07-04
"SYN00531","Go",40,0.197044334975369,2026-01-04,2026-07-04
"SYN00531","C#",28,0.137931034482759,2026-01-04,2026-07-04
"SYN00531","SQL",36,0.177339901477833,2026-01-04,2026-07-04
"SYN00533","TypeScript",3,0.157894736842105,2026-01-04,2026-07-04
"SYN00533","Python",4,0.210526315789474,2026-01-04,2026-07-04
"SYN00533","Java",1,0.0526315789473684,2026-01-04,2026-07-04
"SYN00533","Go",4,0.210526315789474,2026-01-04,2026-07-04
"SYN00533","C#",4,0.210526315789474,2026-01-04,2026-07-04
"SYN00533","SQL",3,0.157894736842105,2026-01-04,2026-07-04
"SYN00534","TypeScript",16,0.153846153846154,2026-01-04,2026-07-04
"SYN00534","Python",13,0.125,2026-01-04,2026-07-04
"SYN00534","Java",17,0.163461538461538,2026-01-04,2026-07-04
"SYN00534","Go",17,0.163461538461538,2026-01-04,2026-07-04
"SYN00534","C#",20,0.192307692307692,2026-01-04,2026-07-04
"SYN00534","SQL",21,0.201923076923077,2026-01-04,2026-07-04
"SYN00535","TypeScript",483,0.172932330827068,2026-01-04,2026-07-04
"SYN00535","Python",453,0.16219119226638,2026-01-04,2026-07-04
"SYN00535","Java",485,0.173648406731114,2026-01-04,2026-07-04
"SYN00535","Go",436,0.156104547081991,2026-01-04,2026-07-04
"SYN00535","C#",462,0.165413533834586,2026-01-04,2026-07-04
"SYN00535","SQL",474,0.169709989258861,2026-01-04,2026-07-04
"SYN00536","TypeScript",381,0.152522017614091,2026-01-04,2026-07-04
"SYN00536","Python",403,0.1613290632506,2026-01-04,2026-07-04
"SYN00536","Java",445,0.178142514011209,2026-01-04,2026-07-04
"SYN00536","Go",422,0.168935148118495,2026-01-04,2026-07-04
"SYN00536","C#",428,0.171337069655725,2026-01-04,2026-07-04
"SYN00536","SQL",419,0.16773418734988,2026-01-04,2026-07-04
"SYN00537","TypeScript",3,0.25,2026-01-04,2026-07-04
"SYN00537","Python",3,0.25,2026-01-04,2026-07-04
"SYN00537","Java",2,0.166666666666667,2026-01-04,2026-07-04
"SYN00537","Go",4,0.333333333333333,2026-01-04,2026-07-04
"SYN00537","C#",0,0,2026-01-04,2026-07-04
"SYN00537","SQL",0,0,2026-01-04,2026-07-04
"SYN00538","TypeScript",576,0.182915211178152,2026-01-04,2026-07-04
"SYN00538","Python",514,0.163226421086059,2026-01-04,2026-07-04
"SYN00538","Java",515,0.163543982216577,2026-01-04,2026-07-04
"SYN00538","Go",529,0.167989838043823,2026-01-04,2026-07-04
"SYN00538","C#",515,0.163543982216577,2026-01-04,2026-07-04
"SYN00538","SQL",500,0.158780565258812,2026-01-04,2026-07-04
"SYN00539","TypeScript",58,0.178461538461538,2026-01-04,2026-07-04
"SYN00539","Python",54,0.166153846153846,2026-01-04,2026-07-04
"SYN00539","Java",55,0.169230769230769,2026-01-04,2026-07-04
"SYN00539","Go",55,0.169230769230769,2026-01-04,2026-07-04
"SYN00539","C#",51,0.156923076923077,2026-01-04,2026-07-04
"SYN00539","SQL",52,0.16,2026-01-04,2026-07-04
"SYN00540","TypeScript",7,0.189189189189189,2026-01-04,2026-07-04
"SYN00540","Python",7,0.189189189189189,2026-01-04,2026-07-04
"SYN00540","Java",4,0.108108108108108,2026-01-04,2026-07-04
"SYN00540","Go",9,0.243243243243243,2026-01-04,2026-07-04
"SYN00540","C#",6,0.162162162162162,2026-01-04,2026-07-04
"SYN00540","SQL",4,0.108108108108108,2026-01-04,2026-07-04
"SYN00542","TypeScript",286,0.165509259259259,2026-01-04,2026-07-04
"SYN00542","Python",325,0.188078703703704,2026-01-04,2026-07-04
"SYN00542","Java",270,0.15625,2026-01-04,2026-07-04
"SYN00542","Go",276,0.159722222222222,2026-01-04,2026-07-04
"SYN00542","C#",252,0.145833333333333,2026-01-04,2026-07-04
"SYN00542","SQL",319,0.184606481481481,2026-01-04,2026-07-04
"SYN00543","TypeScript",2,0.25,2026-01-04,2026-07-04
"SYN00543","Python",2,0.25,2026-01-04,2026-07-04
"SYN00543","Java",0,0,2026-01-04,2026-07-04
"SYN00543","Go",2,0.25,2026-01-04,2026-07-04
"SYN00543","C#",0,0,2026-01-04,2026-07-04
"SYN00543","SQL",2,0.25,2026-01-04,2026-07-04
"SYN00544","TypeScript",23,0.171641791044776,2026-01-04,2026-07-04
"SYN00544","Python",20,0.149253731343284,2026-01-04,2026-07-04
"SYN00544","Java",19,0.141791044776119,2026-01-04,2026-07-04
"SYN00544","Go",25,0.186567164179104,2026-01-04,2026-07-04
"SYN00544","C#",17,0.126865671641791,2026-01-04,2026-07-04
"SYN00544","SQL",30,0.223880597014925,2026-01-04,2026-07-04
"SYN00545","TypeScript",515,0.159789016444307,2026-01-04,2026-07-04
"SYN00545","Python",558,0.173130623642569,2026-01-04,2026-07-04
"SYN00545","Java",584,0.181197641948495,2026-01-04,2026-07-04
"SYN00545","Go",517,0.160409556313993,2026-01-04,2026-07-04
"SYN00545","C#",511,0.158547936704933,2026-01-04,2026-07-04
"SYN00545","SQL",538,0.166925224945703,2026-01-04,2026-07-04
"SYN00546","TypeScript",434,0.165838746656477,2026-01-04,2026-07-04
"SYN00546","Python",441,0.168513565150936,2026-01-04,2026-07-04
"SYN00546","Java",436,0.166602980512037,2026-01-04,2026-07-04
"SYN00546","Go",448,0.171188383645395,2026-01-04,2026-07-04
"SYN00546","C#",470,0.179594956056553,2026-01-04,2026-07-04
"SYN00546","SQL",388,0.148261367978601,2026-01-04,2026-07-04
"SYN00547","TypeScript",130,0.17687074829932,2026-01-04,2026-07-04
"SYN00547","Python",127,0.172789115646259,2026-01-04,2026-07-04
"SYN00547","Java",126,0.171428571428571,2026-01-04,2026-07-04
"SYN00547","Go",120,0.163265306122449,2026-01-04,2026-07-04
"SYN00547","C#",115,0.156462585034014,2026-01-04,2026-07-04
"SYN00547","SQL",117,0.159183673469388,2026-01-04,2026-07-04
"SYN00548","TypeScript",56,0.177777777777778,2026-01-04,2026-07-04
"SYN00548","Python",45,0.142857142857143,2026-01-04,2026-07-04
"SYN00548","Java",56,0.177777777777778,2026-01-04,2026-07-04
"SYN00548","Go",62,0.196825396825397,2026-01-04,2026-07-04
"SYN00548","C#",47,0.149206349206349,2026-01-04,2026-07-04
"SYN00548","SQL",49,0.155555555555556,2026-01-04,2026-07-04
"SYN00549","TypeScript",138,0.163313609467456,2026-01-04,2026-07-04
"SYN00549","Python",139,0.164497041420118,2026-01-04,2026-07-04
"SYN00549","Java",154,0.182248520710059,2026-01-04,2026-07-04
"SYN00549","Go",135,0.159763313609467,2026-01-04,2026-07-04
"SYN00549","C#",143,0.169230769230769,2026-01-04,2026-07-04
"SYN00549","SQL",136,0.16094674556213,2026-01-04,2026-07-04
"SYN00550","TypeScript",118,0.163208852005533,2026-01-04,2026-07-04
"SYN00550","Python",114,0.157676348547718,2026-01-04,2026-07-04
"SYN00550","Java",109,0.15076071922545,2026-01-04,2026-07-04
"SYN00550","Go",130,0.179806362378976,2026-01-04,2026-07-04
"SYN00550","C#",129,0.178423236514523,2026-01-04,2026-07-04
"SYN00550","SQL",123,0.170124481327801,2026-01-04,2026-07-04
"SYN00551","TypeScript",128,0.185507246376812,2026-01-04,2026-07-04
"SYN00551","Python",114,0.165217391304348,2026-01-04,2026-07-04
"SYN00551","Java",109,0.157971014492754,2026-01-04,2026-07-04
"SYN00551","Go",118,0.171014492753623,2026-01-04,2026-07-04
"SYN00551","C#",108,0.156521739130435,2026-01-04,2026-07-04
"SYN00551","SQL",113,0.163768115942029,2026-01-04,2026-07-04
"SYN00552","TypeScript",363,0.155860884499785,2026-01-04,2026-07-04
"SYN00552","Python",389,0.167024474023186,2026-01-04,2026-07-04
"SYN00552","Java",414,0.177758694718763,2026-01-04,2026-07-04
"SYN00552","Go",408,0.175182481751825,2026-01-04,2026-07-04
"SYN00552","C#",374,0.160583941605839,2026-01-04,2026-07-04
"SYN00552","SQL",381,0.163589523400601,2026-01-04,2026-07-04
"SYN00553","TypeScript",182,0.183467741935484,2026-01-04,2026-07-04
"SYN00553","Python",166,0.167338709677419,2026-01-04,2026-07-04
"SYN00553","Java",161,0.162298387096774,2026-01-04,2026-07-04
"SYN00553","Go",167,0.168346774193548,2026-01-04,2026-07-04
"SYN00553","C#",162,0.163306451612903,2026-01-04,2026-07-04
"SYN00553","SQL",154,0.155241935483871,2026-01-04,2026-07-04
"SYN00554","TypeScript",445,0.175265852697913,2026-01-04,2026-07-04
"SYN00554","Python",417,0.164237888932651,2026-01-04,2026-07-04
"SYN00554","Java",429,0.168964159117763,2026-01-04,2026-07-04
"SYN00554","Go",411,0.161874753840095,2026-01-04,2026-07-04
"SYN00554","C#",415,0.163450177235132,2026-01-04,2026-07-04
"SYN00554","SQL",422,0.166207168176447,2026-01-04,2026-07-04
"SYN00555","TypeScript",174,0.147457627118644,2026-01-04,2026-07-04
"SYN00555","Python",192,0.16271186440678,2026-01-04,2026-07-04
"SYN00555","Java",197,0.166949152542373,2026-01-04,2026-07-04
"SYN00555","Go",192,0.16271186440678,2026-01-04,2026-07-04
"SYN00555","C#",230,0.194915254237288,2026-01-04,2026-07-04
"SYN00555","SQL",195,0.165254237288136,2026-01-04,2026-07-04
"SYN00557","TypeScript",65,0.150462962962963,2026-01-04,2026-07-04
"SYN00557","Python",87,0.201388888888889,2026-01-04,2026-07-04
"SYN00557","Java",83,0.19212962962963,2026-01-04,2026-07-04
"SYN00557","Go",65,0.150462962962963,2026-01-04,2026-07-04
"SYN00557","C#",68,0.157407407407407,2026-01-04,2026-07-04
"SYN00557","SQL",64,0.148148148148148,2026-01-04,2026-07-04
"SYN00558","TypeScript",155,0.17032967032967,2026-01-04,2026-07-04
"SYN00558","Python",141,0.154945054945055,2026-01-04,2026-07-04
"SYN00558","Java",161,0.176923076923077,2026-01-04,2026-07-04
"SYN00558","Go",145,0.159340659340659,2026-01-04,2026-07-04
"SYN00558","C#",156,0.171428571428571,2026-01-04,2026-07-04
"SYN00558","SQL",152,0.167032967032967,2026-01-04,2026-07-04
"SYN00559","TypeScript",98,0.159349593495935,2026-01-04,2026-07-04
"SYN00559","Python",94,0.152845528455285,2026-01-04,2026-07-04
"SYN00559","Java",97,0.157723577235772,2026-01-04,2026-07-04
"SYN00559","Go",123,0.2,2026-01-04,2026-07-04
"SYN00559","C#",99,0.160975609756098,2026-01-04,2026-07-04
"SYN00559","SQL",104,0.169105691056911,2026-01-04,2026-07-04
"SYN00561","TypeScript",30,0.172413793103448,2026-01-04,2026-07-04
"SYN00561","Python",34,0.195402298850575,2026-01-04,2026-07-04
"SYN00561","Java",28,0.160919540229885,2026-01-04,2026-07-04
"SYN00561","Go",29,0.166666666666667,2026-01-04,2026-07-04
"SYN00561","C#",30,0.172413793103448,2026-01-04,2026-07-04
"SYN00561","SQL",23,0.132183908045977,2026-01-04,2026-07-04
"SYN00562","TypeScript",129,0.141447368421053,2026-01-04,2026-07-04
"SYN00562","Python",173,0.18969298245614,2026-01-04,2026-07-04
"SYN00562","Java",147,0.161184210526316,2026-01-04,2026-07-04
"SYN00562","Go",159,0.174342105263158,2026-01-04,2026-07-04
"SYN00562","C#",148,0.162280701754386,2026-01-04,2026-07-04
"SYN00562","SQL",156,0.171052631578947,2026-01-04,2026-07-04
"SYN00563","TypeScript",301,0.156201349247535,2026-01-04,2026-07-04
"SYN00563","Python",346,0.179553710430721,2026-01-04,2026-07-04
"SYN00563","Java",321,0.166580176440062,2026-01-04,2026-07-04
"SYN00563","Go",314,0.162947586922678,2026-01-04,2026-07-04
"SYN00563","C#",329,0.170731707317073,2026-01-04,2026-07-04
"SYN00563","SQL",316,0.16398546964193,2026-01-04,2026-07-04
"SYN00564","TypeScript",153,0.178114086146682,2026-01-04,2026-07-04
"SYN00564","Python",161,0.187427240977881,2026-01-04,2026-07-04
"SYN00564","Java",136,0.158323632130384,2026-01-04,2026-07-04
"SYN00564","Go",138,0.160651920838184,2026-01-04,2026-07-04
"SYN00564","C#",137,0.159487776484284,2026-01-04,2026-07-04
"SYN00564","SQL",134,0.155995343422584,2026-01-04,2026-07-04
"SYN00565","TypeScript",66,0.188034188034188,2026-01-04,2026-07-04
"SYN00565","Python",45,0.128205128205128,2026-01-04,2026-07-04
"SYN00565","Java",56,0.15954415954416,2026-01-04,2026-07-04
"SYN00565","Go",70,0.199430199430199,2026-01-04,2026-07-04
"SYN00565","C#",66,0.188034188034188,2026-01-04,2026-07-04
"SYN00565","SQL",48,0.136752136752137,2026-01-04,2026-07-04
"SYN00566","TypeScript",698,0.175244790359026,2026-01-04,2026-07-04
"SYN00566","Python",670,0.168214913381873,2026-01-04,2026-07-04
"SYN00566","Java",649,0.162942505649008,2026-01-04,2026-07-04
"SYN00566","Go",670,0.168214913381873,2026-01-04,2026-07-04
"SYN00566","C#",643,0.161436103439618,2026-01-04,2026-07-04
"SYN00566","SQL",653,0.163946773788602,2026-01-04,2026-07-04
"SYN00567","TypeScript",125,0.162127107652399,2026-01-04,2026-07-04
"SYN00567","Python",121,0.156939040207523,2026-01-04,2026-07-04
"SYN00567","Java",140,0.181582360570687,2026-01-04,2026-07-04
"SYN00567","Go",126,0.163424124513619,2026-01-04,2026-07-04
"SYN00567","C#",125,0.162127107652399,2026-01-04,2026-07-04
"SYN00567","SQL",134,0.173800259403372,2026-01-04,2026-07-04
"SYN00568","TypeScript",88,0.195121951219512,2026-01-04,2026-07-04
"SYN00568","Python",84,0.186252771618625,2026-01-04,2026-07-04
"SYN00568","Java",64,0.141906873614191,2026-01-04,2026-07-04
"SYN00568","Go",78,0.172949002217295,2026-01-04,2026-07-04
"SYN00568","C#",54,0.119733924611973,2026-01-04,2026-07-04
"SYN00568","SQL",83,0.184035476718404,2026-01-04,2026-07-04
"SYN00569","TypeScript",82,0.174840085287846,2026-01-04,2026-07-04
"SYN00569","Python",80,0.170575692963753,2026-01-04,2026-07-04
"SYN00569","Java",79,0.168443496801706,2026-01-04,2026-07-04
"SYN00569","Go",87,0.185501066098081,2026-01-04,2026-07-04
"SYN00569","C#",75,0.159914712153518,2026-01-04,2026-07-04
"SYN00569","SQL",66,0.140724946695096,2026-01-04,2026-07-04
"SYN00571","TypeScript",322,0.156614785992218,2026-01-04,2026-07-04
"SYN00571","Python",331,0.160992217898833,2026-01-04,2026-07-04
"SYN00571","Java",352,0.171206225680934,2026-01-04,2026-07-04
"SYN00571","Go",351,0.170719844357977,2026-01-04,2026-07-04
"SYN00571","C#",351,0.170719844357977,2026-01-04,2026-07-04
"SYN00571","SQL",349,0.169747081712062,2026-01-04,2026-07-04
"SYN00572","TypeScript",60,0.181818181818182,2026-01-04,2026-07-04
"SYN00572","Python",58,0.175757575757576,2026-01-04,2026-07-04
"SYN00572","Java",54,0.163636363636364,2026-01-04,2026-07-04
"SYN00572","Go",52,0.157575757575758,2026-01-04,2026-07-04
"SYN00572","C#",57,0.172727272727273,2026-01-04,2026-07-04
"SYN00572","SQL",49,0.148484848484848,2026-01-04,2026-07-04
"SYN00573","TypeScript",156,0.182030338389732,2026-01-04,2026-07-04
"SYN00573","Python",123,0.143523920653442,2026-01-04,2026-07-04
"SYN00573","Java",146,0.170361726954492,2026-01-04,2026-07-04
"SYN00573","Go",157,0.183197199533256,2026-01-04,2026-07-04
"SYN00573","C#",131,0.152858809801634,2026-01-04,2026-07-04
"SYN00573","SQL",144,0.168028004667445,2026-01-04,2026-07-04
"SYN00574","TypeScript",21,0.16030534351145,2026-01-04,2026-07-04
"SYN00574","Python",18,0.137404580152672,2026-01-04,2026-07-04
"SYN00574","Java",29,0.221374045801527,2026-01-04,2026-07-04
"SYN00574","Go",19,0.145038167938931,2026-01-04,2026-07-04
"SYN00574","C#",25,0.190839694656489,2026-01-04,2026-07-04
"SYN00574","SQL",19,0.145038167938931,2026-01-04,2026-07-04
"SYN00575","TypeScript",89,0.157522123893805,2026-01-04,2026-07-04
"SYN00575","Python",89,0.157522123893805,2026-01-04,2026-07-04
"SYN00575","Java",81,0.143362831858407,2026-01-04,2026-07-04
"SYN00575","Go",109,0.192920353982301,2026-01-04,2026-07-04
"SYN00575","C#",105,0.185840707964602,2026-01-04,2026-07-04
"SYN00575","SQL",92,0.16283185840708,2026-01-04,2026-07-04
"SYN00576","TypeScript",78,0.196969696969697,2026-01-04,2026-07-04
"SYN00576","Python",63,0.159090909090909,2026-01-04,2026-07-04
"SYN00576","Java",75,0.189393939393939,2026-01-04,2026-07-04
"SYN00576","Go",56,0.141414141414141,2026-01-04,2026-07-04
"SYN00576","C#",58,0.146464646464646,2026-01-04,2026-07-04
"SYN00576","SQL",66,0.166666666666667,2026-01-04,2026-07-04
"SYN00577","TypeScript",83,0.184035476718404,2026-01-04,2026-07-04
"SYN00577","Python",70,0.155210643015521,2026-01-04,2026-07-04
"SYN00577","Java",75,0.16629711751663,2026-01-04,2026-07-04
"SYN00577","Go",75,0.16629711751663,2026-01-04,2026-07-04
"SYN00577","C#",68,0.150776053215078,2026-01-04,2026-07-04
"SYN00577","SQL",80,0.177383592017738,2026-01-04,2026-07-04
"SYN00578","TypeScript",316,0.162970603403816,2026-01-04,2026-07-04
"SYN00578","Python",331,0.170706549767922,2026-01-04,2026-07-04
"SYN00578","Java",302,0.155750386797318,2026-01-04,2026-07-04
"SYN00578","Go",353,0.182052604435276,2026-01-04,2026-07-04
"SYN00578","C#",321,0.165549252191851,2026-01-04,2026-07-04
"SYN00578","SQL",316,0.162970603403816,2026-01-04,2026-07-04
"SYN00579","TypeScript",117,0.146616541353383,2026-01-04,2026-07-04
"SYN00579","Python",137,0.171679197994987,2026-01-04,2026-07-04
"SYN00579","Java",140,0.175438596491228,2026-01-04,2026-07-04
"SYN00579","Go",143,0.179197994987469,2026-01-04,2026-07-04
"SYN00579","C#",123,0.154135338345865,2026-01-04,2026-07-04
"SYN00579","SQL",138,0.172932330827068,2026-01-04,2026-07-04
"SYN00580","TypeScript",300,0.154718927282104,2026-01-04,2026-07-04
"SYN00580","Python",331,0.170706549767922,2026-01-04,2026-07-04
"SYN00580","Java",303,0.156266116554925,2026-01-04,2026-07-04
"SYN00580","Go",362,0.186694172253739,2026-01-04,2026-07-04
"SYN00580","C#",336,0.173285198555957,2026-01-04,2026-07-04
"SYN00580","SQL",307,0.158329035585353,2026-01-04,2026-07-04
"SYN00581","TypeScript",346,0.168780487804878,2026-01-04,2026-07-04
"SYN00581","Python",355,0.173170731707317,2026-01-04,2026-07-04
"SYN00581","Java",347,0.169268292682927,2026-01-04,2026-07-04
"SYN00581","Go",346,0.168780487804878,2026-01-04,2026-07-04
"SYN00581","C#",314,0.153170731707317,2026-01-04,2026-07-04
"SYN00581","SQL",342,0.166829268292683,2026-01-04,2026-07-04
"SYN00582","TypeScript",29,0.223076923076923,2026-01-04,2026-07-04
"SYN00582","Python",23,0.176923076923077,2026-01-04,2026-07-04
"SYN00582","Java",28,0.215384615384615,2026-01-04,2026-07-04
"SYN00582","Go",23,0.176923076923077,2026-01-04,2026-07-04
"SYN00582","C#",9,0.0692307692307692,2026-01-04,2026-07-04
"SYN00582","SQL",18,0.138461538461538,2026-01-04,2026-07-04
"SYN00583","TypeScript",585,0.153221581980094,2026-01-04,2026-07-04
"SYN00583","Python",563,0.147459402828706,2026-01-04,2026-07-04
"SYN00583","Java",694,0.181770560502881,2026-01-04,2026-07-04
"SYN00583","Go",645,0.168936616029335,2026-01-04,2026-07-04
"SYN00583","C#",654,0.171293871136721,2026-01-04,2026-07-04
"SYN00583","SQL",677,0.177317967522263,2026-01-04,2026-07-04
"SYN00584","TypeScript",141,0.155973451327434,2026-01-04,2026-07-04
"SYN00584","Python",154,0.170353982300885,2026-01-04,2026-07-04
"SYN00584","Java",148,0.163716814159292,2026-01-04,2026-07-04
"SYN00584","Go",156,0.172566371681416,2026-01-04,2026-07-04
"SYN00584","C#",152,0.168141592920354,2026-01-04,2026-07-04
"SYN00584","SQL",153,0.169247787610619,2026-01-04,2026-07-04
"SYN00585","TypeScript",201,0.161705551086082,2026-01-04,2026-07-04
"SYN00585","Python",198,0.15929203539823,2026-01-04,2026-07-04
"SYN00585","Java",217,0.174577634754626,2026-01-04,2026-07-04
"SYN00585","Go",204,0.164119066773934,2026-01-04,2026-07-04
"SYN00585","C#",219,0.176186645213194,2026-01-04,2026-07-04
"SYN00585","SQL",204,0.164119066773934,2026-01-04,2026-07-04
"SYN00586","TypeScript",110,0.150068212824011,2026-01-04,2026-07-04
"SYN00586","Python",141,0.192360163710778,2026-01-04,2026-07-04
"SYN00586","Java",142,0.193724420190996,2026-01-04,2026-07-04
"SYN00586","Go",98,0.133697135061392,2026-01-04,2026-07-04
"SYN00586","C#",114,0.155525238744884,2026-01-04,2026-07-04
"SYN00586","SQL",128,0.17462482946794,2026-01-04,2026-07-04
"SYN00587","TypeScript",189,0.167256637168142,2026-01-04,2026-07-04
"SYN00587","Python",191,0.169026548672566,2026-01-04,2026-07-04
"SYN00587","Java",182,0.161061946902655,2026-01-04,2026-07-04
"SYN00587","Go",186,0.164601769911504,2026-01-04,2026-07-04
"SYN00587","C#",194,0.171681415929204,2026-01-04,2026-07-04
"SYN00587","SQL",188,0.166371681415929,2026-01-04,2026-07-04
"SYN00588","TypeScript",95,0.165217391304348,2026-01-04,2026-07-04
"SYN00588","Python",90,0.156521739130435,2026-01-04,2026-07-04
"SYN00588","Java",106,0.184347826086957,2026-01-04,2026-07-04
"SYN00588","Go",106,0.184347826086957,2026-01-04,2026-07-04
"SYN00588","C#",91,0.158260869565217,2026-01-04,2026-07-04
"SYN00588","SQL",87,0.151304347826087,2026-01-04,2026-07-04
"SYN00590","TypeScript",87,0.194196428571429,2026-01-04,2026-07-04
"SYN00590","Python",72,0.160714285714286,2026-01-04,2026-07-04
"SYN00590","Java",67,0.149553571428571,2026-01-04,2026-07-04
"SYN00590","Go",83,0.185267857142857,2026-01-04,2026-07-04
"SYN00590","C#",60,0.133928571428571,2026-01-04,2026-07-04
"SYN00590","SQL",79,0.176339285714286,2026-01-04,2026-07-04
"SYN00591","TypeScript",170,0.164251207729469,2026-01-04,2026-07-04
"SYN00591","Python",168,0.16231884057971,2026-01-04,2026-07-04
"SYN00591","Java",152,0.146859903381643,2026-01-04,2026-07-04
"SYN00591","Go",168,0.16231884057971,2026-01-04,2026-07-04
"SYN00591","C#",188,0.181642512077295,2026-01-04,2026-07-04
"SYN00591","SQL",189,0.182608695652174,2026-01-04,2026-07-04
"SYN00592","TypeScript",10,0.153846153846154,2026-01-04,2026-07-04
"SYN00592","Python",13,0.2,2026-01-04,2026-07-04
"SYN00592","Java",9,0.138461538461538,2026-01-04,2026-07-04
"SYN00592","Go",10,0.153846153846154,2026-01-04,2026-07-04
"SYN00592","C#",12,0.184615384615385,2026-01-04,2026-07-04
"SYN00592","SQL",11,0.169230769230769,2026-01-04,2026-07-04
"SYN00593","TypeScript",112,0.186978297161937,2026-01-04,2026-07-04
"SYN00593","Python",110,0.183639398998331,2026-01-04,2026-07-04
"SYN00593","Java",99,0.165275459098498,2026-01-04,2026-07-04
"SYN00593","Go",106,0.176961602671119,2026-01-04,2026-07-04
"SYN00593","C#",88,0.146911519198664,2026-01-04,2026-07-04
"SYN00593","SQL",84,0.140233722871452,2026-01-04,2026-07-04
"SYN00594","TypeScript",123,0.2,2026-01-04,2026-07-04
"SYN00594","Python",109,0.177235772357724,2026-01-04,2026-07-04
"SYN00594","Java",104,0.169105691056911,2026-01-04,2026-07-04
"SYN00594","Go",100,0.16260162601626,2026-01-04,2026-07-04
"SYN00594","C#",88,0.143089430894309,2026-01-04,2026-07-04
"SYN00594","SQL",91,0.147967479674797,2026-01-04,2026-07-04
"SYN00595","TypeScript",120,0.167832167832168,2026-01-04,2026-07-04
"SYN00595","Python",111,0.155244755244755,2026-01-04,2026-07-04
"SYN00595","Java",121,0.169230769230769,2026-01-04,2026-07-04
"SYN00595","Go",124,0.173426573426573,2026-01-04,2026-07-04
"SYN00595","C#",118,0.165034965034965,2026-01-04,2026-07-04
"SYN00595","SQL",121,0.169230769230769,2026-01-04,2026-07-04
"SYN00596","TypeScript",130,0.179063360881543,2026-01-04,2026-07-04
"SYN00596","Python",109,0.150137741046832,2026-01-04,2026-07-04
"SYN00596","Java",114,0.15702479338843,2026-01-04,2026-07-04
"SYN00596","Go",131,0.180440771349862,2026-01-04,2026-07-04
"SYN00596","C#",135,0.18595041322314,2026-01-04,2026-07-04
"SYN00596","SQL",107,0.147382920110193,2026-01-04,2026-07-04
"SYN00597","TypeScript",275,0.156784492588369,2026-01-04,2026-07-04
"SYN00597","Python",300,0.171037628278221,2026-01-04,2026-07-04
"SYN00597","Java",296,0.168757126567845,2026-01-04,2026-07-04
"SYN00597","Go",278,0.158494868871152,2026-01-04,2026-07-04
"SYN00597","C#",296,0.168757126567845,2026-01-04,2026-07-04
"SYN00597","SQL",309,0.176168757126568,2026-01-04,2026-07-04
"SYN00598","TypeScript",135,0.17578125,2026-01-04,2026-07-04
"SYN00598","Python",115,0.149739583333333,2026-01-04,2026-07-04
"SYN00598","Java",126,0.1640625,2026-01-04,2026-07-04
"SYN00598","Go",127,0.165364583333333,2026-01-04,2026-07-04
"SYN00598","C#",140,0.182291666666667,2026-01-04,2026-07-04
"SYN00598","SQL",125,0.162760416666667,2026-01-04,2026-07-04
"SYN00599","TypeScript",246,0.154425612052731,2026-01-04,2026-07-04
"SYN00599","Python",291,0.182674199623352,2026-01-04,2026-07-04
"SYN00599","Java",257,0.161330822347771,2026-01-04,2026-07-04
"SYN00599","Go",273,0.171374764595104,2026-01-04,2026-07-04
"SYN00599","C#",270,0.169491525423729,2026-01-04,2026-07-04
"SYN00599","SQL",256,0.160703075957313,2026-01-04,2026-07-04
"SYN00600","TypeScript",122,0.187116564417178,2026-01-04,2026-07-04
"SYN00600","Python",108,0.165644171779141,2026-01-04,2026-07-04
"SYN00600","Java",106,0.162576687116564,2026-01-04,2026-07-04
"SYN00600","Go",98,0.150306748466258,2026-01-04,2026-07-04
"SYN00600","C#",105,0.161042944785276,2026-01-04,2026-07-04
"SYN00600","SQL",113,0.173312883435583,2026-01-04,2026-07-04
"SYN00601","TypeScript",142,0.192151556156969,2026-01-04,2026-07-04
"SYN00601","Python",115,0.155615696887686,2026-01-04,2026-07-04
"SYN00601","Java",127,0.171853856562923,2026-01-04,2026-07-04
"SYN00601","Go",126,0.170500676589986,2026-01-04,2026-07-04
"SYN00601","C#",124,0.167794316644114,2026-01-04,2026-07-04
"SYN00601","SQL",105,0.142083897158322,2026-01-04,2026-07-04
"SYN00602","TypeScript",69,0.141683778234086,2026-01-04,2026-07-04
"SYN00602","Python",76,0.15605749486653,2026-01-04,2026-07-04
"SYN00602","Java",96,0.197125256673511,2026-01-04,2026-07-04
"SYN00602","Go",91,0.186858316221766,2026-01-04,2026-07-04
"SYN00602","C#",87,0.17864476386037,2026-01-04,2026-07-04
"SYN00602","SQL",68,0.139630390143737,2026-01-04,2026-07-04
"SYN00603","TypeScript",485,0.163025210084034,2026-01-04,2026-07-04
"SYN00603","Python",520,0.174789915966387,2026-01-04,2026-07-04
"SYN00603","Java",479,0.161008403361345,2026-01-04,2026-07-04
"SYN00603","Go",471,0.158319327731092,2026-01-04,2026-07-04
"SYN00603","C#",522,0.17546218487395,2026-01-04,2026-07-04
"SYN00603","SQL",498,0.167394957983193,2026-01-04,2026-07-04
"SYN00604","TypeScript",243,0.146473779385172,2026-01-04,2026-07-04
"SYN00604","Python",299,0.180229053646775,2026-01-04,2026-07-04
"SYN00604","Java",257,0.154912597950573,2026-01-04,2026-07-04
"SYN00604","Go",263,0.158529234478602,2026-01-04,2026-07-04
"SYN00604","C#",316,0.19047619047619,2026-01-04,2026-07-04
"SYN00604","SQL",281,0.169379144062688,2026-01-04,2026-07-04
"SYN00605","TypeScript",124,0.148502994011976,2026-01-04,2026-07-04
"SYN00605","Python",137,0.164071856287425,2026-01-04,2026-07-04
"SYN00605","Java",142,0.170059880239521,2026-01-04,2026-07-04
"SYN00605","Go",154,0.184431137724551,2026-01-04,2026-07-04
"SYN00605","C#",123,0.147305389221557,2026-01-04,2026-07-04
"SYN00605","SQL",155,0.18562874251497,2026-01-04,2026-07-04
"SYN00606","TypeScript",221,0.174290220820189,2026-01-04,2026-07-04
"SYN00606","Python",199,0.156940063091483,2026-01-04,2026-07-04
"SYN00606","Java",209,0.164826498422713,2026-01-04,2026-07-04
"SYN00606","Go",206,0.162460567823344,2026-01-04,2026-07-04
"SYN00606","C#",224,0.176656151419558,2026-01-04,2026-07-04
"SYN00606","SQL",209,0.164826498422713,2026-01-04,2026-07-04
"SYN00607","TypeScript",53,0.176079734219269,2026-01-04,2026-07-04
"SYN00607","Python",39,0.129568106312292,2026-01-04,2026-07-04
"SYN00607","Java",58,0.192691029900332,2026-01-04,2026-07-04
"SYN00607","Go",53,0.176079734219269,2026-01-04,2026-07-04
"SYN00607","C#",49,0.162790697674419,2026-01-04,2026-07-04
"SYN00607","SQL",49,0.162790697674419,2026-01-04,2026-07-04
"SYN00608","TypeScript",685,0.17073778664008,2026-01-04,2026-07-04
"SYN00608","Python",676,0.168494516450648,2026-01-04,2026-07-04
"SYN00608","Java",653,0.162761714855434,2026-01-04,2026-07-04
"SYN00608","Go",656,0.163509471585244,2026-01-04,2026-07-04
"SYN00608","C#",664,0.165503489531406,2026-01-04,2026-07-04
"SYN00608","SQL",678,0.168993020937188,2026-01-04,2026-07-04
"SYN00609","TypeScript",209,0.160645657186779,2026-01-04,2026-07-04
"SYN00609","Python",219,0.168332052267487,2026-01-04,2026-07-04
"SYN00609","Java",232,0.178324365872406,2026-01-04,2026-07-04
"SYN00609","Go",209,0.160645657186779,2026-01-04,2026-07-04
"SYN00609","C#",210,0.16141429669485,2026-01-04,2026-07-04
"SYN00609","SQL",222,0.170637970791699,2026-01-04,2026-07-04
"SYN00610","TypeScript",82,0.218085106382979,2026-01-04,2026-07-04
"SYN00610","Python",61,0.162234042553191,2026-01-04,2026-07-04
"SYN00610","Java",69,0.183510638297872,2026-01-04,2026-07-04
"SYN00610","Go",56,0.148936170212766,2026-01-04,2026-07-04
"SYN00610","C#",59,0.156914893617021,2026-01-04,2026-07-04
"SYN00610","SQL",49,0.13031914893617,2026-01-04,2026-07-04
"SYN00612","TypeScript",101,0.187732342007435,2026-01-04,2026-07-04
"SYN00612","Python",75,0.139405204460967,2026-01-04,2026-07-04
"SYN00612","Java",91,0.169144981412639,2026-01-04,2026-07-04
"SYN00612","Go",91,0.169144981412639,2026-01-04,2026-07-04
"SYN00612","C#",90,0.16728624535316,2026-01-04,2026-07-04
"SYN00612","SQL",90,0.16728624535316,2026-01-04,2026-07-04
"SYN00613","TypeScript",161,0.168586387434555,2026-01-04,2026-07-04
"SYN00613","Python",159,0.166492146596859,2026-01-04,2026-07-04
"SYN00613","Java",153,0.16020942408377,2026-01-04,2026-07-04
"SYN00613","Go",161,0.168586387434555,2026-01-04,2026-07-04
"SYN00613","C#",151,0.158115183246073,2026-01-04,2026-07-04
"SYN00613","SQL",170,0.178010471204188,2026-01-04,2026-07-04
"SYN00614","TypeScript",321,0.177054605626034,2026-01-04,2026-07-04
"SYN00614","Python",287,0.158301158301158,2026-01-04,2026-07-04
"SYN00614","Java",301,0.166023166023166,2026-01-04,2026-07-04
"SYN00614","Go",302,0.166574738003309,2026-01-04,2026-07-04
"SYN00614","C#",297,0.163816878102592,2026-01-04,2026-07-04
"SYN00614","SQL",305,0.16822945394374,2026-01-04,2026-07-04
"SYN00617","TypeScript",112,0.151967435549525,2026-01-04,2026-07-04
"SYN00617","Python",126,0.170963364993216,2026-01-04,2026-07-04
"SYN00617","Java",125,0.169606512890095,2026-01-04,2026-07-04
"SYN00617","Go",123,0.166892808683853,2026-01-04,2026-07-04
"SYN00617","C#",131,0.17774762550882,2026-01-04,2026-07-04
"SYN00617","SQL",120,0.162822252374491,2026-01-04,2026-07-04
"SYN00618","TypeScript",23,0.219047619047619,2026-01-04,2026-07-04
"SYN00618","Python",20,0.19047619047619,2026-01-04,2026-07-04
"SYN00618","Java",13,0.123809523809524,2026-01-04,2026-07-04
"SYN00618","Go",17,0.161904761904762,2026-01-04,2026-07-04
"SYN00618","C#",12,0.114285714285714,2026-01-04,2026-07-04
"SYN00618","SQL",20,0.19047619047619,2026-01-04,2026-07-04
"SYN00619","TypeScript",219,0.148979591836735,2026-01-04,2026-07-04
"SYN00619","Python",248,0.168707482993197,2026-01-04,2026-07-04
"SYN00619","Java",248,0.168707482993197,2026-01-04,2026-07-04
"SYN00619","Go",239,0.162585034013605,2026-01-04,2026-07-04
"SYN00619","C#",255,0.173469387755102,2026-01-04,2026-07-04
"SYN00619","SQL",261,0.177551020408163,2026-01-04,2026-07-04
"SYN00620","TypeScript",311,0.158511722731906,2026-01-04,2026-07-04
"SYN00620","Python",335,0.170744138634047,2026-01-04,2026-07-04
"SYN00620","Java",329,0.167686034658512,2026-01-04,2026-07-04
"SYN00620","Go",330,0.168195718654434,2026-01-04,2026-07-04
"SYN00620","C#",311,0.158511722731906,2026-01-04,2026-07-04
"SYN00620","SQL",346,0.176350662589195,2026-01-04,2026-07-04
"SYN00621","TypeScript",811,0.161232604373757,2026-01-04,2026-07-04
"SYN00621","Python",878,0.17455268389662,2026-01-04,2026-07-04
"SYN00621","Java",884,0.175745526838966,2026-01-04,2026-07-04
"SYN00621","Go",820,0.163021868787276,2026-01-04,2026-07-04
"SYN00621","C#",840,0.166998011928429,2026-01-04,2026-07-04
"SYN00621","SQL",797,0.15844930417495,2026-01-04,2026-07-04
"SYN00622","TypeScript",114,0.162162162162162,2026-01-04,2026-07-04
"SYN00622","Python",125,0.177809388335704,2026-01-04,2026-07-04
"SYN00622","Java",107,0.152204836415363,2026-01-04,2026-07-04
"SYN00622","Go",112,0.159317211948791,2026-01-04,2026-07-04
"SYN00622","C#",114,0.162162162162162,2026-01-04,2026-07-04
"SYN00622","SQL",131,0.186344238975818,2026-01-04,2026-07-04
"SYN00623","TypeScript",229,0.171278982797307,2026-01-04,2026-07-04
"SYN00623","Python",206,0.154076290201945,2026-01-04,2026-07-04
"SYN00623","Java",216,0.161555721765146,2026-01-04,2026-07-04
"SYN00623","Go",211,0.157816005983545,2026-01-04,2026-07-04
"SYN00623","C#",244,0.182498130142109,2026-01-04,2026-07-04
"SYN00623","SQL",231,0.172774869109948,2026-01-04,2026-07-04
"SYN00624","TypeScript",344,0.160597572362278,2026-01-04,2026-07-04
"SYN00624","Python",361,0.168534080298786,2026-01-04,2026-07-04
"SYN00624","Java",330,0.15406162464986,2026-01-04,2026-07-04
"SYN00624","Go",352,0.164332399626517,2026-01-04,2026-07-04
"SYN00624","C#",361,0.168534080298786,2026-01-04,2026-07-04
"SYN00624","SQL",394,0.183940242763772,2026-01-04,2026-07-04
"SYN00626","TypeScript",138,0.166265060240964,2026-01-04,2026-07-04
"SYN00626","Python",146,0.175903614457831,2026-01-04,2026-07-04
"SYN00626","Java",146,0.175903614457831,2026-01-04,2026-07-04
"SYN00626","Go",138,0.166265060240964,2026-01-04,2026-07-04
"SYN00626","C#",115,0.13855421686747,2026-01-04,2026-07-04
"SYN00626","SQL",147,0.17710843373494,2026-01-04,2026-07-04
"SYN00627","TypeScript",195,0.171957671957672,2026-01-04,2026-07-04
"SYN00627","Python",203,0.179012345679012,2026-01-04,2026-07-04
"SYN00627","Java",197,0.173721340388007,2026-01-04,2026-07-04
"SYN00627","Go",162,0.142857142857143,2026-01-04,2026-07-04
"SYN00627","C#",199,0.175485008818342,2026-01-04,2026-07-04
"SYN00627","SQL",178,0.156966490299824,2026-01-04,2026-07-04
"SYN00628","TypeScript",59,0.184375,2026-01-04,2026-07-04
"SYN00628","Python",51,0.159375,2026-01-04,2026-07-04
"SYN00628","Java",53,0.165625,2026-01-04,2026-07-04
"SYN00628","Go",48,0.15,2026-01-04,2026-07-04
"SYN00628","C#",52,0.1625,2026-01-04,2026-07-04
"SYN00628","SQL",57,0.178125,2026-01-04,2026-07-04
"SYN00629","TypeScript",237,0.163335630599587,2026-01-04,2026-07-04
"SYN00629","Python",238,0.164024810475534,2026-01-04,2026-07-04
"SYN00629","Java",234,0.161268090971744,2026-01-04,2026-07-04
"SYN00629","Go",248,0.17091660923501,2026-01-04,2026-07-04
"SYN00629","C#",235,0.161957270847691,2026-01-04,2026-07-04
"SYN00629","SQL",259,0.178497587870434,2026-01-04,2026-07-04
"SYN00630","TypeScript",287,0.163068181818182,2026-01-04,2026-07-04
"SYN00630","Python",294,0.167045454545455,2026-01-04,2026-07-04
"SYN00630","Java",277,0.157386363636364,2026-01-04,2026-07-04
"SYN00630","Go",300,0.170454545454545,2026-01-04,2026-07-04
"SYN00630","C#",293,0.166477272727273,2026-01-04,2026-07-04
"SYN00630","SQL",309,0.175568181818182,2026-01-04,2026-07-04
"SYN00632","TypeScript",88,0.187633262260128,2026-01-04,2026-07-04
"SYN00632","Python",70,0.149253731343284,2026-01-04,2026-07-04
"SYN00632","Java",72,0.153518123667377,2026-01-04,2026-07-04
"SYN00632","Go",85,0.181236673773987,2026-01-04,2026-07-04
"SYN00632","C#",78,0.166311300639659,2026-01-04,2026-07-04
"SYN00632","SQL",76,0.162046908315565,2026-01-04,2026-07-04
"SYN00633","TypeScript",115,0.172413793103448,2026-01-04,2026-07-04
"SYN00633","Python",118,0.176911544227886,2026-01-04,2026-07-04
"SYN00633","Java",111,0.166416791604198,2026-01-04,2026-07-04
"SYN00633","Go",104,0.15592203898051,2026-01-04,2026-07-04
"SYN00633","C#",113,0.169415292353823,2026-01-04,2026-07-04
"SYN00633","SQL",106,0.158920539730135,2026-01-04,2026-07-04
"SYN00635","TypeScript",106,0.17124394184168,2026-01-04,2026-07-04
"SYN00635","Python",89,0.143780290791599,2026-01-04,2026-07-04
"SYN00635","Java",107,0.172859450726979,2026-01-04,2026-07-04
"SYN00635","Go",97,0.15670436187399,2026-01-04,2026-07-04
"SYN00635","C#",120,0.193861066235864,2026-01-04,2026-07-04
"SYN00635","SQL",100,0.161550888529887,2026-01-04,2026-07-04
"SYN00636","TypeScript",37,0.145098039215686,2026-01-04,2026-07-04
"SYN00636","Python",51,0.2,2026-01-04,2026-07-04
"SYN00636","Java",35,0.137254901960784,2026-01-04,2026-07-04
"SYN00636","Go",35,0.137254901960784,2026-01-04,2026-07-04
"SYN00636","C#",47,0.184313725490196,2026-01-04,2026-07-04
"SYN00636","SQL",50,0.196078431372549,2026-01-04,2026-07-04
"SYN00637","TypeScript",129,0.156363636363636,2026-01-04,2026-07-04
"SYN00637","Python",140,0.16969696969697,2026-01-04,2026-07-04
"SYN00637","Java",140,0.16969696969697,2026-01-04,2026-07-04
"SYN00637","Go",142,0.172121212121212,2026-01-04,2026-07-04
"SYN00637","C#",134,0.162424242424242,2026-01-04,2026-07-04
"SYN00637","SQL",140,0.16969696969697,2026-01-04,2026-07-04
"SYN00638","TypeScript",31,0.135964912280702,2026-01-04,2026-07-04
"SYN00638","Python",32,0.140350877192982,2026-01-04,2026-07-04
"SYN00638","Java",35,0.153508771929825,2026-01-04,2026-07-04
"SYN00638","Go",46,0.201754385964912,2026-01-04,2026-07-04
"SYN00638","C#",40,0.175438596491228,2026-01-04,2026-07-04
"SYN00638","SQL",44,0.192982456140351,2026-01-04,2026-07-04
"SYN00639","TypeScript",7,0.142857142857143,2026-01-04,2026-07-04
"SYN00639","Python",6,0.122448979591837,2026-01-04,2026-07-04
"SYN00639","Java",8,0.163265306122449,2026-01-04,2026-07-04
"SYN00639","Go",11,0.224489795918367,2026-01-04,2026-07-04
"SYN00639","C#",6,0.122448979591837,2026-01-04,2026-07-04
"SYN00639","SQL",11,0.224489795918367,2026-01-04,2026-07-04
"SYN00640","TypeScript",12,0.24,2026-01-04,2026-07-04
"SYN00640","Python",5,0.1,2026-01-04,2026-07-04
"SYN00640","Java",5,0.1,2026-01-04,2026-07-04
"SYN00640","Go",11,0.22,2026-01-04,2026-07-04
"SYN00640","C#",10,0.2,2026-01-04,2026-07-04
"SYN00640","SQL",7,0.14,2026-01-04,2026-07-04
"SYN00641","TypeScript",95,0.16994633273703,2026-01-04,2026-07-04
"SYN00641","Python",98,0.175313059033989,2026-01-04,2026-07-04
"SYN00641","Java",86,0.153846153846154,2026-01-04,2026-07-04
"SYN00641","Go",99,0.177101967799642,2026-01-04,2026-07-04
"SYN00641","C#",85,0.152057245080501,2026-01-04,2026-07-04
"SYN00641","SQL",96,0.171735241502683,2026-01-04,2026-07-04
"SYN00642","TypeScript",142,0.174661746617466,2026-01-04,2026-07-04
"SYN00642","Python",143,0.175891758917589,2026-01-04,2026-07-04
"SYN00642","Java",125,0.153751537515375,2026-01-04,2026-07-04
"SYN00642","Go",125,0.153751537515375,2026-01-04,2026-07-04
"SYN00642","C#",136,0.167281672816728,2026-01-04,2026-07-04
"SYN00642","SQL",142,0.174661746617466,2026-01-04,2026-07-04
"SYN00643","TypeScript",5,0.116279069767442,2026-01-04,2026-07-04
"SYN00643","Python",7,0.162790697674419,2026-01-04,2026-07-04
"SYN00643","Java",6,0.13953488372093,2026-01-04,2026-07-04
"SYN00643","Go",9,0.209302325581395,2026-01-04,2026-07-04
"SYN00643","C#",8,0.186046511627907,2026-01-04,2026-07-04
"SYN00643","SQL",8,0.186046511627907,2026-01-04,2026-07-04
"SYN00644","TypeScript",396,0.156089869925108,2026-01-04,2026-07-04
"SYN00644","Python",414,0.163184864012613,2026-01-04,2026-07-04
"SYN00644","Java",429,0.169097359085534,2026-01-04,2026-07-04
"SYN00644","Go",432,0.170279858100118,2026-01-04,2026-07-04
"SYN00644","C#",424,0.16712652739456,2026-01-04,2026-07-04
"SYN00644","SQL",442,0.174221521482065,2026-01-04,2026-07-04
"SYN00645","TypeScript",9,0.214285714285714,2026-01-04,2026-07-04
"SYN00645","Python",9,0.214285714285714,2026-01-04,2026-07-04
"SYN00645","Java",5,0.119047619047619,2026-01-04,2026-07-04
"SYN00645","Go",5,0.119047619047619,2026-01-04,2026-07-04
"SYN00645","C#",8,0.19047619047619,2026-01-04,2026-07-04
"SYN00645","SQL",6,0.142857142857143,2026-01-04,2026-07-04
"SYN00646","TypeScript",3,0.12,2026-01-04,2026-07-04
"SYN00646","Python",6,0.24,2026-01-04,2026-07-04
"SYN00646","Java",4,0.16,2026-01-04,2026-07-04
"SYN00646","Go",4,0.16,2026-01-04,2026-07-04
"SYN00646","C#",5,0.2,2026-01-04,2026-07-04
"SYN00646","SQL",3,0.12,2026-01-04,2026-07-04
"SYN00647","TypeScript",177,0.170356111645813,2026-01-04,2026-07-04
"SYN00647","Python",166,0.159769008662175,2026-01-04,2026-07-04
"SYN00647","Java",160,0.153994225216554,2026-01-04,2026-07-04
"SYN00647","Go",171,0.164581328200193,2026-01-04,2026-07-04
"SYN00647","C#",182,0.175168431183831,2026-01-04,2026-07-04
"SYN00647","SQL",183,0.176130895091434,2026-01-04,2026-07-04
"SYN00649","TypeScript",31,0.150485436893204,2026-01-04,2026-07-04
"SYN00649","Python",44,0.213592233009709,2026-01-04,2026-07-04
"SYN00649","Java",27,0.131067961165049,2026-01-04,2026-07-04
"SYN00649","Go",27,0.131067961165049,2026-01-04,2026-07-04
"SYN00649","C#",41,0.199029126213592,2026-01-04,2026-07-04
"SYN00649","SQL",36,0.174757281553398,2026-01-04,2026-07-04
"SYN00651","TypeScript",39,0.147727272727273,2026-01-04,2026-07-04
"SYN00651","Python",47,0.178030303030303,2026-01-04,2026-07-04
"SYN00651","Java",48,0.181818181818182,2026-01-04,2026-07-04
"SYN00651","Go",48,0.181818181818182,2026-01-04,2026-07-04
"SYN00651","C#",43,0.162878787878788,2026-01-04,2026-07-04
"SYN00651","SQL",39,0.147727272727273,2026-01-04,2026-07-04
"SYN00653","TypeScript",920,0.163323273566483,2026-01-04,2026-07-04
"SYN00653","Python",913,0.162080596484999,2026-01-04,2026-07-04
"SYN00653","Java",937,0.166341203621516,2026-01-04,2026-07-04
"SYN00653","Go",947,0.168116456595065,2026-01-04,2026-07-04
"SYN00653","C#",965,0.171311911947453,2026-01-04,2026-07-04
"SYN00653","SQL",951,0.168826557784484,2026-01-04,2026-07-04
"SYN00654","TypeScript",247,0.178726483357453,2026-01-04,2026-07-04
"SYN00654","Python",215,0.155571635311143,2026-01-04,2026-07-04
"SYN00654","Java",234,0.16931982633864,2026-01-04,2026-07-04
"SYN00654","Go",242,0.175108538350217,2026-01-04,2026-07-04
"SYN00654","C#",216,0.15629522431259,2026-01-04,2026-07-04
"SYN00654","SQL",228,0.164978292329957,2026-01-04,2026-07-04
"SYN00655","TypeScript",499,0.184132841328413,2026-01-04,2026-07-04
"SYN00655","Python",437,0.161254612546125,2026-01-04,2026-07-04
"SYN00655","Java",438,0.161623616236162,2026-01-04,2026-07-04
"SYN00655","Go",432,0.159409594095941,2026-01-04,2026-07-04
"SYN00655","C#",426,0.15719557195572,2026-01-04,2026-07-04
"SYN00655","SQL",478,0.176383763837638,2026-01-04,2026-07-04
"SYN00656","TypeScript",27,0.162650602409639,2026-01-04,2026-07-04
"SYN00656","Python",21,0.126506024096386,2026-01-04,2026-07-04
"SYN00656","Java",28,0.168674698795181,2026-01-04,2026-07-04
"SYN00656","Go",37,0.22289156626506,2026-01-04,2026-07-04
"SYN00656","C#",27,0.162650602409639,2026-01-04,2026-07-04
"SYN00656","SQL",26,0.156626506024096,2026-01-04,2026-07-04
"SYN00657","TypeScript",33,0.20625,2026-01-04,2026-07-04
"SYN00657","Python",24,0.15,2026-01-04,2026-07-04
"SYN00657","Java",20,0.125,2026-01-04,2026-07-04
"SYN00657","Go",30,0.1875,2026-01-04,2026-07-04
"SYN00657","C#",20,0.125,2026-01-04,2026-07-04
"SYN00657","SQL",33,0.20625,2026-01-04,2026-07-04
"SYN00658","TypeScript",540,0.157987126974839,2026-01-04,2026-07-04
"SYN00658","Python",551,0.161205383265067,2026-01-04,2026-07-04
"SYN00658","Java",567,0.165886483323581,2026-01-04,2026-07-04
"SYN00658","Go",581,0.169982445874781,2026-01-04,2026-07-04
"SYN00658","C#",617,0.180514921006437,2026-01-04,2026-07-04
"SYN00658","SQL",562,0.164423639555295,2026-01-04,2026-07-04
"SYN00659","TypeScript",379,0.166739991201056,2026-01-04,2026-07-04
"SYN00659","Python",386,0.169819621645403,2026-01-04,2026-07-04
"SYN00659","Java",393,0.172899252089749,2026-01-04,2026-07-04
"SYN00659","Go",369,0.162340519137703,2026-01-04,2026-07-04
"SYN00659","C#",377,0.165860096788385,2026-01-04,2026-07-04
"SYN00659","SQL",369,0.162340519137703,2026-01-04,2026-07-04
"SYN00660","TypeScript",123,0.165322580645161,2026-01-04,2026-07-04
"SYN00660","Python",148,0.198924731182796,2026-01-04,2026-07-04
"SYN00660","Java",129,0.173387096774194,2026-01-04,2026-07-04
"SYN00660","Go",114,0.153225806451613,2026-01-04,2026-07-04
"SYN00660","C#",111,0.149193548387097,2026-01-04,2026-07-04
"SYN00660","SQL",119,0.15994623655914,2026-01-04,2026-07-04
"SYN00661","TypeScript",193,0.159109645507007,2026-01-04,2026-07-04
"SYN00661","Python",191,0.157460840890355,2026-01-04,2026-07-04
"SYN00661","Java",201,0.165704863973619,2026-01-04,2026-07-04
"SYN00661","Go",200,0.164880461665293,2026-01-04,2026-07-04
"SYN00661","C#",220,0.181368507831822,2026-01-04,2026-07-04
"SYN00661","SQL",208,0.171475680131904,2026-01-04,2026-07-04
"SYN00662","TypeScript",285,0.158157602663707,2026-01-04,2026-07-04
"SYN00662","Python",292,0.16204217536071,2026-01-04,2026-07-04
"SYN00662","Java",338,0.187569367369589,2026-01-04,2026-07-04
"SYN00662","Go",293,0.162597114317425,2026-01-04,2026-07-04
"SYN00662","C#",288,0.159822419533851,2026-01-04,2026-07-04
"SYN00662","SQL",306,0.169811320754717,2026-01-04,2026-07-04
"SYN00664","TypeScript",9,0.214285714285714,2026-01-04,2026-07-04
"SYN00664","Python",7,0.166666666666667,2026-01-04,2026-07-04
"SYN00664","Java",8,0.19047619047619,2026-01-04,2026-07-04
"SYN00664","Go",5,0.119047619047619,2026-01-04,2026-07-04
"SYN00664","C#",7,0.166666666666667,2026-01-04,2026-07-04
"SYN00664","SQL",6,0.142857142857143,2026-01-04,2026-07-04
"SYN00665","TypeScript",343,0.160580524344569,2026-01-04,2026-07-04
"SYN00665","Python",356,0.166666666666667,2026-01-04,2026-07-04
"SYN00665","Java",382,0.178838951310861,2026-01-04,2026-07-04
"SYN00665","Go",362,0.169475655430712,2026-01-04,2026-07-04
"SYN00665","C#",340,0.159176029962547,2026-01-04,2026-07-04
"SYN00665","SQL",353,0.165262172284644,2026-01-04,2026-07-04
"SYN00666","TypeScript",394,0.165894736842105,2026-01-04,2026-07-04
"SYN00666","Python",395,0.166315789473684,2026-01-04,2026-07-04
"SYN00666","Java",396,0.166736842105263,2026-01-04,2026-07-04
"SYN00666","Go",401,0.168842105263158,2026-01-04,2026-07-04
"SYN00666","C#",403,0.169684210526316,2026-01-04,2026-07-04
"SYN00666","SQL",386,0.162526315789474,2026-01-04,2026-07-04
"SYN00667","TypeScript",68,0.170854271356784,2026-01-04,2026-07-04
"SYN00667","Python",63,0.158291457286432,2026-01-04,2026-07-04
"SYN00667","Java",69,0.173366834170854,2026-01-04,2026-07-04
"SYN00667","Go",67,0.168341708542714,2026-01-04,2026-07-04
"SYN00667","C#",64,0.160804020100503,2026-01-04,2026-07-04
"SYN00667","SQL",67,0.168341708542714,2026-01-04,2026-07-04
"SYN00668","TypeScript",583,0.174342105263158,2026-01-04,2026-07-04
"SYN00668","Python",547,0.163576555023923,2026-01-04,2026-07-04
"SYN00668","Java",577,0.172547846889952,2026-01-04,2026-07-04
"SYN00668","Go",536,0.160287081339713,2026-01-04,2026-07-04
"SYN00668","C#",555,0.165968899521531,2026-01-04,2026-07-04
"SYN00668","SQL",546,0.163277511961722,2026-01-04,2026-07-04
"SYN00669","TypeScript",2,0.0869565217391304,2026-01-04,2026-07-04
"SYN00669","Python",4,0.173913043478261,2026-01-04,2026-07-04
"SYN00669","Java",6,0.260869565217391,2026-01-04,2026-07-04
"SYN00669","Go",3,0.130434782608696,2026-01-04,2026-07-04
"SYN00669","C#",2,0.0869565217391304,2026-01-04,2026-07-04
"SYN00669","SQL",6,0.260869565217391,2026-01-04,2026-07-04
"SYN00670","TypeScript",45,0.122282608695652,2026-01-04,2026-07-04
"SYN00670","Python",71,0.192934782608696,2026-01-04,2026-07-04
"SYN00670","Java",68,0.184782608695652,2026-01-04,2026-07-04
"SYN00670","Go",67,0.182065217391304,2026-01-04,2026-07-04
"SYN00670","C#",61,0.165760869565217,2026-01-04,2026-07-04
"SYN00670","SQL",56,0.152173913043478,2026-01-04,2026-07-04
"SYN00671","TypeScript",39,0.154761904761905,2026-01-04,2026-07-04
"SYN00671","Python",40,0.158730158730159,2026-01-04,2026-07-04
"SYN00671","Java",40,0.158730158730159,2026-01-04,2026-07-04
"SYN00671","Go",45,0.178571428571429,2026-01-04,2026-07-04
"SYN00671","C#",45,0.178571428571429,2026-01-04,2026-07-04
"SYN00671","SQL",43,0.170634920634921,2026-01-04,2026-07-04
"SYN00672","TypeScript",377,0.168303571428571,2026-01-04,2026-07-04
"SYN00672","Python",346,0.154464285714286,2026-01-04,2026-07-04
"SYN00672","Java",369,0.164732142857143,2026-01-04,2026-07-04
"SYN00672","Go",380,0.169642857142857,2026-01-04,2026-07-04
"SYN00672","C#",410,0.183035714285714,2026-01-04,2026-07-04
"SYN00672","SQL",358,0.159821428571429,2026-01-04,2026-07-04
"SYN00673","TypeScript",397,0.178106774338268,2026-01-04,2026-07-04
"SYN00673","Python",337,0.1511888739345,2026-01-04,2026-07-04
"SYN00673","Java",380,0.170480035890534,2026-01-04,2026-07-04
"SYN00673","Go",360,0.161507402422611,2026-01-04,2026-07-04
"SYN00673","C#",364,0.163301929116196,2026-01-04,2026-07-04
"SYN00673","SQL",391,0.175414984297891,2026-01-04,2026-07-04
"SYN00674","TypeScript",297,0.178592904389657,2026-01-04,2026-07-04
"SYN00674","Python",253,0.15213469633193,2026-01-04,2026-07-04
"SYN00674","Java",281,0.168971737823211,2026-01-04,2026-07-04
"SYN00674","Go",267,0.160553217077571,2026-01-04,2026-07-04
"SYN00674","C#",270,0.162357185808779,2026-01-04,2026-07-04
"SYN00674","SQL",295,0.177390258568851,2026-01-04,2026-07-04
"SYN00675","TypeScript",673,0.162129607323536,2026-01-04,2026-07-04
"SYN00675","Python",705,0.169838593110094,2026-01-04,2026-07-04
"SYN00675","Java",674,0.162370513129366,2026-01-04,2026-07-04
"SYN00675","Go",715,0.172247651168393,2026-01-04,2026-07-04
"SYN00675","C#",684,0.164779571187666,2026-01-04,2026-07-04
"SYN00675","SQL",700,0.168634064080944,2026-01-04,2026-07-04
"SYN00676","TypeScript",78,0.191176470588235,2026-01-04,2026-07-04
"SYN00676","Python",55,0.134803921568627,2026-01-04,2026-07-04
"SYN00676","Java",67,0.16421568627451,2026-01-04,2026-07-04
"SYN00676","Go",74,0.181372549019608,2026-01-04,2026-07-04
"SYN00676","C#",69,0.169117647058824,2026-01-04,2026-07-04
"SYN00676","SQL",65,0.159313725490196,2026-01-04,2026-07-04
"SYN00677","TypeScript",169,0.171922685656155,2026-01-04,2026-07-04
"SYN00677","Python",176,0.179043743641913,2026-01-04,2026-07-04
"SYN00677","Java",180,0.183112919633774,2026-01-04,2026-07-04
"SYN00677","Go",146,0.14852492370295,2026-01-04,2026-07-04
"SYN00677","C#",153,0.155645981688708,2026-01-04,2026-07-04
"SYN00677","SQL",159,0.1617497456765,2026-01-04,2026-07-04
"SYN00678","TypeScript",34,0.186813186813187,2026-01-04,2026-07-04
"SYN00678","Python",32,0.175824175824176,2026-01-04,2026-07-04
"SYN00678","Java",33,0.181318681318681,2026-01-04,2026-07-04
"SYN00678","Go",31,0.17032967032967,2026-01-04,2026-07-04
"SYN00678","C#",29,0.159340659340659,2026-01-04,2026-07-04
"SYN00678","SQL",23,0.126373626373626,2026-01-04,2026-07-04
"SYN00679","TypeScript",1,0.0909090909090909,2026-01-04,2026-07-04
"SYN00679","Python",2,0.181818181818182,2026-01-04,2026-07-04
"SYN00679","Java",2,0.181818181818182,2026-01-04,2026-07-04
"SYN00679","Go",4,0.363636363636364,2026-01-04,2026-07-04
"SYN00679","C#",1,0.0909090909090909,2026-01-04,2026-07-04
"SYN00679","SQL",1,0.0909090909090909,2026-01-04,2026-07-04
"SYN00681","TypeScript",213,0.158482142857143,2026-01-04,2026-07-04
"SYN00681","Python",211,0.156994047619048,2026-01-04,2026-07-04
"SYN00681","Java",230,0.171130952380952,2026-01-04,2026-07-04
"SYN00681","Go",239,0.177827380952381,2026-01-04,2026-07-04
"SYN00681","C#",228,0.169642857142857,2026-01-04,2026-07-04
"SYN00681","SQL",223,0.165922619047619,2026-01-04,2026-07-04
"SYN00683","TypeScript",87,0.176470588235294,2026-01-04,2026-07-04
"SYN00683","Python",101,0.204868154158215,2026-01-04,2026-07-04
"SYN00683","Java",67,0.135902636916836,2026-01-04,2026-07-04
"SYN00683","Go",78,0.158215010141988,2026-01-04,2026-07-04
"SYN00683","C#",84,0.170385395537525,2026-01-04,2026-07-04
"SYN00683","SQL",76,0.154158215010142,2026-01-04,2026-07-04
"SYN00684","TypeScript",109,0.151810584958217,2026-01-04,2026-07-04
"SYN00684","Python",129,0.17966573816156,2026-01-04,2026-07-04
"SYN00684","Java",112,0.155988857938719,2026-01-04,2026-07-04
"SYN00684","Go",121,0.168523676880223,2026-01-04,2026-07-04
"SYN00684","C#",120,0.167130919220056,2026-01-04,2026-07-04
"SYN00684","SQL",127,0.176880222841226,2026-01-04,2026-07-04
"SYN00685","TypeScript",90,0.167910447761194,2026-01-04,2026-07-04
"SYN00685","Python",84,0.156716417910448,2026-01-04,2026-07-04
"SYN00685","Java",94,0.175373134328358,2026-01-04,2026-07-04
"SYN00685","Go",73,0.136194029850746,2026-01-04,2026-07-04
"SYN00685","C#",105,0.19589552238806,2026-01-04,2026-07-04
"SYN00685","SQL",90,0.167910447761194,2026-01-04,2026-07-04
"SYN00686","TypeScript",71,0.160270880361174,2026-01-04,2026-07-04
"SYN00686","Python",74,0.167042889390519,2026-01-04,2026-07-04
"SYN00686","Java",63,0.142212189616253,2026-01-04,2026-07-04
"SYN00686","Go",77,0.173814898419865,2026-01-04,2026-07-04
"SYN00686","C#",79,0.178329571106095,2026-01-04,2026-07-04
"SYN00686","SQL",79,0.178329571106095,2026-01-04,2026-07-04
"SYN00687","TypeScript",6,0.130434782608696,2026-01-04,2026-07-04
"SYN00687","Python",14,0.304347826086957,2026-01-04,2026-07-04
"SYN00687","Java",3,0.0652173913043478,2026-01-04,2026-07-04
"SYN00687","Go",9,0.195652173913043,2026-01-04,2026-07-04
"SYN00687","C#",10,0.217391304347826,2026-01-04,2026-07-04
"SYN00687","SQL",4,0.0869565217391304,2026-01-04,2026-07-04
"SYN00688","TypeScript",224,0.166295471417966,2026-01-04,2026-07-04
"SYN00688","Python",214,0.15887156644395,2026-01-04,2026-07-04
"SYN00688","Java",209,0.155159613956941,2026-01-04,2026-07-04
"SYN00688","Go",234,0.173719376391982,2026-01-04,2026-07-04
"SYN00688","C#",219,0.162583518930958,2026-01-04,2026-07-04
"SYN00688","SQL",247,0.183370452858203,2026-01-04,2026-07-04
"SYN00689","TypeScript",225,0.161754133716751,2026-01-04,2026-07-04
"SYN00689","Python",233,0.167505391804457,2026-01-04,2026-07-04
"SYN00689","Java",216,0.155283968368081,2026-01-04,2026-07-04
"SYN00689","Go",244,0.175413371675054,2026-01-04,2026-07-04
"SYN00689","C#",228,0.163910855499641,2026-01-04,2026-07-04
"SYN00689","SQL",245,0.176132278936017,2026-01-04,2026-07-04
"SYN00690","TypeScript",89,0.166979362101313,2026-01-04,2026-07-04
"SYN00690","Python",76,0.142589118198874,2026-01-04,2026-07-04
"SYN00690","Java",97,0.181988742964353,2026-01-04,2026-07-04
"SYN00690","Go",87,0.163227016885553,2026-01-04,2026-07-04
"SYN00690","C#",95,0.178236397748593,2026-01-04,2026-07-04
"SYN00690","SQL",89,0.166979362101313,2026-01-04,2026-07-04
"SYN00691","TypeScript",176,0.179775280898876,2026-01-04,2026-07-04
"SYN00691","Python",156,0.159346271705822,2026-01-04,2026-07-04
"SYN00691","Java",166,0.169560776302349,2026-01-04,2026-07-04
"SYN00691","Go",159,0.16241062308478,2026-01-04,2026-07-04
"SYN00691","C#",153,0.156281920326864,2026-01-04,2026-07-04
"SYN00691","SQL",169,0.172625127681307,2026-01-04,2026-07-04
"SYN00694","TypeScript",95,0.158862876254181,2026-01-04,2026-07-04
"SYN00694","Python",111,0.18561872909699,2026-01-04,2026-07-04
"SYN00694","Java",92,0.153846153846154,2026-01-04,2026-07-04
"SYN00694","Go",93,0.155518394648829,2026-01-04,2026-07-04
"SYN00694","C#",96,0.160535117056856,2026-01-04,2026-07-04
"SYN00694","SQL",111,0.18561872909699,2026-01-04,2026-07-04
"SYN00695","TypeScript",363,0.155393835616438,2026-01-04,2026-07-04
"SYN00695","Python",392,0.167808219178082,2026-01-04,2026-07-04
"SYN00695","Java",352,0.150684931506849,2026-01-04,2026-07-04
"SYN00695","Go",404,0.172945205479452,2026-01-04,2026-07-04
"SYN00695","C#",430,0.184075342465753,2026-01-04,2026-07-04
"SYN00695","SQL",395,0.169092465753425,2026-01-04,2026-07-04
"SYN00696","TypeScript",52,0.191176470588235,2026-01-04,2026-07-04
"SYN00696","Python",53,0.194852941176471,2026-01-04,2026-07-04
"SYN00696","Java",42,0.154411764705882,2026-01-04,2026-07-04
"SYN00696","Go",35,0.128676470588235,2026-01-04,2026-07-04
"SYN00696","C#",48,0.176470588235294,2026-01-04,2026-07-04
"SYN00696","SQL",42,0.154411764705882,2026-01-04,2026-07-04
"SYN00697","TypeScript",659,0.160145808019441,2026-01-04,2026-07-04
"SYN00697","Python",668,0.162332928311057,2026-01-04,2026-07-04
"SYN00697","Java",655,0.159173754556501,2026-01-04,2026-07-04
"SYN00697","Go",708,0.172053462940462,2026-01-04,2026-07-04
"SYN00697","C#",734,0.178371810449575,2026-01-04,2026-07-04
"SYN00697","SQL",691,0.167922235722965,2026-01-04,2026-07-04
"SYN00698","TypeScript",85,0.16798418972332,2026-01-04,2026-07-04
"SYN00698","Python",97,0.191699604743083,2026-01-04,2026-07-04
"SYN00698","Java",72,0.142292490118577,2026-01-04,2026-07-04
"SYN00698","Go",86,0.1699604743083,2026-01-04,2026-07-04
"SYN00698","C#",85,0.16798418972332,2026-01-04,2026-07-04
"SYN00698","SQL",81,0.160079051383399,2026-01-04,2026-07-04
"SYN00699","TypeScript",16,0.128,2026-01-04,2026-07-04
"SYN00699","Python",16,0.128,2026-01-04,2026-07-04
"SYN00699","Java",18,0.144,2026-01-04,2026-07-04
"SYN00699","Go",21,0.168,2026-01-04,2026-07-04
"SYN00699","C#",25,0.2,2026-01-04,2026-07-04
"SYN00699","SQL",29,0.232,2026-01-04,2026-07-04
"SYN00700","TypeScript",78,0.189320388349515,2026-01-04,2026-07-04
"SYN00700","Python",64,0.155339805825243,2026-01-04,2026-07-04
"SYN00700","Java",80,0.194174757281553,2026-01-04,2026-07-04
"SYN00700","Go",60,0.145631067961165,2026-01-04,2026-07-04
"SYN00700","C#",65,0.157766990291262,2026-01-04,2026-07-04
"SYN00700","SQL",65,0.157766990291262,2026-01-04,2026-07-04
"SYN00701","TypeScript",14,0.159090909090909,2026-01-04,2026-07-04
"SYN00701","Python",14,0.159090909090909,2026-01-04,2026-07-04
"SYN00701","Java",14,0.159090909090909,2026-01-04,2026-07-04
"SYN00701","Go",14,0.159090909090909,2026-01-04,2026-07-04
"SYN00701","C#",14,0.159090909090909,2026-01-04,2026-07-04
"SYN00701","SQL",18,0.204545454545455,2026-01-04,2026-07-04
"SYN00703","TypeScript",352,0.16379711493718,2026-01-04,2026-07-04
"SYN00703","Python",378,0.175895765472313,2026-01-04,2026-07-04
"SYN00703","Java",375,0.174499767333644,2026-01-04,2026-07-04
"SYN00703","Go",339,0.157747789669614,2026-01-04,2026-07-04
"SYN00703","C#",351,0.16333178222429,2026-01-04,2026-07-04
"SYN00703","SQL",354,0.16472778036296,2026-01-04,2026-07-04
"SYN00704","TypeScript",14,0.197183098591549,2026-01-04,2026-07-04
"SYN00704","Python",12,0.169014084507042,2026-01-04,2026-07-04
"SYN00704","Java",6,0.0845070422535211,2026-01-04,2026-07-04
"SYN00704","Go",9,0.126760563380282,2026-01-04,2026-07-04
"SYN00704","C#",15,0.211267605633803,2026-01-04,2026-07-04
"SYN00704","SQL",15,0.211267605633803,2026-01-04,2026-07-04
"SYN00705","TypeScript",63,0.16710875331565,2026-01-04,2026-07-04
"SYN00705","Python",61,0.161803713527851,2026-01-04,2026-07-04
"SYN00705","Java",59,0.156498673740053,2026-01-04,2026-07-04
"SYN00705","Go",70,0.185676392572944,2026-01-04,2026-07-04
"SYN00705","C#",46,0.122015915119363,2026-01-04,2026-07-04
"SYN00705","SQL",78,0.206896551724138,2026-01-04,2026-07-04
"SYN00706","TypeScript",24,0.163265306122449,2026-01-04,2026-07-04
"SYN00706","Python",20,0.136054421768707,2026-01-04,2026-07-04
"SYN00706","Java",28,0.19047619047619,2026-01-04,2026-07-04
"SYN00706","Go",21,0.142857142857143,2026-01-04,2026-07-04
"SYN00706","C#",26,0.17687074829932,2026-01-04,2026-07-04
"SYN00706","SQL",28,0.19047619047619,2026-01-04,2026-07-04
"SYN00707","TypeScript",242,0.178072111846946,2026-01-04,2026-07-04
"SYN00707","Python",222,0.163355408388521,2026-01-04,2026-07-04
"SYN00707","Java",212,0.155997056659308,2026-01-04,2026-07-04
"SYN00707","Go",228,0.167770419426049,2026-01-04,2026-07-04
"SYN00707","C#",222,0.163355408388521,2026-01-04,2026-07-04
"SYN00707","SQL",233,0.171449595290655,2026-01-04,2026-07-04
"SYN00708","TypeScript",4,0.153846153846154,2026-01-04,2026-07-04
"SYN00708","Python",4,0.153846153846154,2026-01-04,2026-07-04
"SYN00708","Java",7,0.269230769230769,2026-01-04,2026-07-04
"SYN00708","Go",3,0.115384615384615,2026-01-04,2026-07-04
"SYN00708","C#",3,0.115384615384615,2026-01-04,2026-07-04
"SYN00708","SQL",5,0.192307692307692,2026-01-04,2026-07-04
"SYN00709","TypeScript",337,0.178306878306878,2026-01-04,2026-07-04
"SYN00709","Python",333,0.176190476190476,2026-01-04,2026-07-04
"SYN00709","Java",278,0.147089947089947,2026-01-04,2026-07-04
"SYN00709","Go",309,0.163492063492063,2026-01-04,2026-07-04
"SYN00709","C#",326,0.172486772486772,2026-01-04,2026-07-04
"SYN00709","SQL",307,0.162433862433862,2026-01-04,2026-07-04
"SYN00711","TypeScript",926,0.172793431610375,2026-01-04,2026-07-04
"SYN00711","Python",850,0.158611681283822,2026-01-04,2026-07-04
"SYN00711","Java",939,0.175219257324128,2026-01-04,2026-07-04
"SYN00711","Go",899,0.167755178204889,2026-01-04,2026-07-04
"SYN00711","C#",902,0.168314984138832,2026-01-04,2026-07-04
"SYN00711","SQL",843,0.157305467437955,2026-01-04,2026-07-04
"SYN00712","TypeScript",368,0.15793991416309,2026-01-04,2026-07-04
"SYN00712","Python",395,0.169527896995708,2026-01-04,2026-07-04
"SYN00712","Java",381,0.163519313304721,2026-01-04,2026-07-04
"SYN00712","Go",397,0.170386266094421,2026-01-04,2026-07-04
"SYN00712","C#",385,0.165236051502146,2026-01-04,2026-07-04
"SYN00712","SQL",404,0.173390557939914,2026-01-04,2026-07-04
"SYN00713","TypeScript",131,0.158212560386473,2026-01-04,2026-07-04
"SYN00713","Python",135,0.16304347826087,2026-01-04,2026-07-04
"SYN00713","Java",143,0.172705314009662,2026-01-04,2026-07-04
"SYN00713","Go",143,0.172705314009662,2026-01-04,2026-07-04
"SYN00713","C#",141,0.170289855072464,2026-01-04,2026-07-04
"SYN00713","SQL",135,0.16304347826087,2026-01-04,2026-07-04
"SYN00714","TypeScript",147,0.148185483870968,2026-01-04,2026-07-04
"SYN00714","Python",169,0.170362903225806,2026-01-04,2026-07-04
"SYN00714","Java",169,0.170362903225806,2026-01-04,2026-07-04
"SYN00714","Go",163,0.164314516129032,2026-01-04,2026-07-04
"SYN00714","C#",182,0.183467741935484,2026-01-04,2026-07-04
"SYN00714","SQL",162,0.163306451612903,2026-01-04,2026-07-04
"SYN00715","TypeScript",6,0.117647058823529,2026-01-04,2026-07-04
"SYN00715","Python",12,0.235294117647059,2026-01-04,2026-07-04
"SYN00715","Java",4,0.0784313725490196,2026-01-04,2026-07-04
"SYN00715","Go",12,0.235294117647059,2026-01-04,2026-07-04
"SYN00715","C#",9,0.176470588235294,2026-01-04,2026-07-04
"SYN00715","SQL",8,0.156862745098039,2026-01-04,2026-07-04
"SYN00716","TypeScript",531,0.163384615384615,2026-01-04,2026-07-04
"SYN00716","Python",537,0.165230769230769,2026-01-04,2026-07-04
"SYN00716","Java",541,0.166461538461538,2026-01-04,2026-07-04
"SYN00716","Go",529,0.162769230769231,2026-01-04,2026-07-04
"SYN00716","C#",558,0.171692307692308,2026-01-04,2026-07-04
"SYN00716","SQL",554,0.170461538461538,2026-01-04,2026-07-04
"SYN00717","TypeScript",9,0.310344827586207,2026-01-04,2026-07-04
"SYN00717","Python",3,0.103448275862069,2026-01-04,2026-07-04
"SYN00717","Java",6,0.206896551724138,2026-01-04,2026-07-04
"SYN00717","Go",5,0.172413793103448,2026-01-04,2026-07-04
"SYN00717","C#",5,0.172413793103448,2026-01-04,2026-07-04
"SYN00717","SQL",1,0.0344827586206897,2026-01-04,2026-07-04
"SYN00718","TypeScript",111,0.166416791604198,2026-01-04,2026-07-04
"SYN00718","Python",111,0.166416791604198,2026-01-04,2026-07-04
"SYN00718","Java",111,0.166416791604198,2026-01-04,2026-07-04
"SYN00718","Go",105,0.157421289355322,2026-01-04,2026-07-04
"SYN00718","C#",115,0.172413793103448,2026-01-04,2026-07-04
"SYN00718","SQL",114,0.170914542728636,2026-01-04,2026-07-04
"SYN00719","TypeScript",233,0.171071953010279,2026-01-04,2026-07-04
"SYN00719","Python",209,0.15345080763583,2026-01-04,2026-07-04
"SYN00719","Java",256,0.187958883994126,2026-01-04,2026-07-04
"SYN00719","Go",203,0.149045521292217,2026-01-04,2026-07-04
"SYN00719","C#",226,0.165932452276065,2026-01-04,2026-07-04
"SYN00719","SQL",235,0.172540381791483,2026-01-04,2026-07-04
"SYN00720","TypeScript",2,0.166666666666667,2026-01-04,2026-07-04
"SYN00720","Python",3,0.25,2026-01-04,2026-07-04
"SYN00720","Java",1,0.0833333333333333,2026-01-04,2026-07-04
"SYN00720","Go",2,0.166666666666667,2026-01-04,2026-07-04
"SYN00720","C#",2,0.166666666666667,2026-01-04,2026-07-04
"SYN00720","SQL",2,0.166666666666667,2026-01-04,2026-07-04
"SYN00721","TypeScript",292,0.166857142857143,2026-01-04,2026-07-04
"SYN00721","Python",272,0.155428571428571,2026-01-04,2026-07-04
"SYN00721","Java",291,0.166285714285714,2026-01-04,2026-07-04
"SYN00721","Go",297,0.169714285714286,2026-01-04,2026-07-04
"SYN00721","C#",303,0.173142857142857,2026-01-04,2026-07-04
"SYN00721","SQL",295,0.168571428571429,2026-01-04,2026-07-04
"SYN00724","TypeScript",200,0.158730158730159,2026-01-04,2026-07-04
"SYN00724","Python",201,0.15952380952381,2026-01-04,2026-07-04
"SYN00724","Java",234,0.185714285714286,2026-01-04,2026-07-04
"SYN00724","Go",182,0.144444444444444,2026-01-04,2026-07-04
"SYN00724","C#",218,0.173015873015873,2026-01-04,2026-07-04
"SYN00724","SQL",225,0.178571428571429,2026-01-04,2026-07-04
"SYN00725","TypeScript",5,0.121951219512195,2026-01-04,2026-07-04
"SYN00725","Python",7,0.170731707317073,2026-01-04,2026-07-04
"SYN00725","Java",6,0.146341463414634,2026-01-04,2026-07-04
"SYN00725","Go",5,0.121951219512195,2026-01-04,2026-07-04
"SYN00725","C#",12,0.292682926829268,2026-01-04,2026-07-04
"SYN00725","SQL",6,0.146341463414634,2026-01-04,2026-07-04
"SYN00727","TypeScript",262,0.171018276762402,2026-01-04,2026-07-04
"SYN00727","Python",251,0.163838120104439,2026-01-04,2026-07-04
"SYN00727","Java",268,0.174934725848564,2026-01-04,2026-07-04
"SYN00727","Go",239,0.156005221932115,2026-01-04,2026-07-04
"SYN00727","C#",250,0.163185378590078,2026-01-04,2026-07-04
"SYN00727","SQL",262,0.171018276762402,2026-01-04,2026-07-04
"SYN00728","TypeScript",167,0.17093142272262,2026-01-04,2026-07-04
"SYN00728","Python",168,0.171954964176049,2026-01-04,2026-07-04
"SYN00728","Java",159,0.162743091095189,2026-01-04,2026-07-04
"SYN00728","Go",161,0.164790174002047,2026-01-04,2026-07-04
"SYN00728","C#",160,0.163766632548618,2026-01-04,2026-07-04
"SYN00728","SQL",162,0.165813715455476,2026-01-04,2026-07-04
"SYN00729","TypeScript",230,0.18578352180937,2026-01-04,2026-07-04
"SYN00729","Python",215,0.173667205169628,2026-01-04,2026-07-04
"SYN00729","Java",203,0.163974151857835,2026-01-04,2026-07-04
"SYN00729","Go",194,0.15670436187399,2026-01-04,2026-07-04
"SYN00729","C#",211,0.170436187399031,2026-01-04,2026-07-04
"SYN00729","SQL",185,0.149434571890145,2026-01-04,2026-07-04
"SYN00730","TypeScript",10,0.135135135135135,2026-01-04,2026-07-04
"SYN00730","Python",10,0.135135135135135,2026-01-04,2026-07-04
"SYN00730","Java",14,0.189189189189189,2026-01-04,2026-07-04
"SYN00730","Go",14,0.189189189189189,2026-01-04,2026-07-04
"SYN00730","C#",17,0.22972972972973,2026-01-04,2026-07-04
"SYN00730","SQL",9,0.121621621621622,2026-01-04,2026-07-04
"SYN00731","TypeScript",217,0.165144596651446,2026-01-04,2026-07-04
"SYN00731","Python",205,0.156012176560122,2026-01-04,2026-07-04
"SYN00731","Java",206,0.156773211567732,2026-01-04,2026-07-04
"SYN00731","Go",246,0.187214611872146,2026-01-04,2026-07-04
"SYN00731","C#",218,0.165905631659056,2026-01-04,2026-07-04
"SYN00731","SQL",222,0.168949771689498,2026-01-04,2026-07-04
"SYN00732","TypeScript",154,0.144736842105263,2026-01-04,2026-07-04
"SYN00732","Python",172,0.161654135338346,2026-01-04,2026-07-04
"SYN00732","Java",177,0.166353383458647,2026-01-04,2026-07-04
"SYN00732","Go",194,0.182330827067669,2026-01-04,2026-07-04
"SYN00732","C#",171,0.160714285714286,2026-01-04,2026-07-04
"SYN00732","SQL",196,0.184210526315789,2026-01-04,2026-07-04
"SYN00733","TypeScript",409,0.169288079470199,2026-01-04,2026-07-04
"SYN00733","Python",406,0.168046357615894,2026-01-04,2026-07-04
"SYN00733","Java",393,0.162665562913907,2026-01-04,2026-07-04
"SYN00733","Go",383,0.158526490066225,2026-01-04,2026-07-04
"SYN00733","C#",434,0.179635761589404,2026-01-04,2026-07-04
"SYN00733","SQL",391,0.161837748344371,2026-01-04,2026-07-04
"SYN00736","TypeScript",106,0.156342182890855,2026-01-04,2026-07-04
"SYN00736","Python",100,0.147492625368732,2026-01-04,2026-07-04
"SYN00736","Java",122,0.179941002949853,2026-01-04,2026-07-04
"SYN00736","Go",131,0.193215339233038,2026-01-04,2026-07-04
"SYN00736","C#",118,0.174041297935103,2026-01-04,2026-07-04
"SYN00736","SQL",101,0.148967551622419,2026-01-04,2026-07-04
"SYN00737","TypeScript",108,0.169544740973312,2026-01-04,2026-07-04
"SYN00737","Python",112,0.175824175824176,2026-01-04,2026-07-04
"SYN00737","Java",98,0.153846153846154,2026-01-04,2026-07-04
"SYN00737","Go",105,0.164835164835165,2026-01-04,2026-07-04
"SYN00737","C#",116,0.182103610675039,2026-01-04,2026-07-04
"SYN00737","SQL",98,0.153846153846154,2026-01-04,2026-07-04
"SYN00738","TypeScript",316,0.159757330637007,2026-01-04,2026-07-04
"SYN00738","Python",337,0.170374115267947,2026-01-04,2026-07-04
"SYN00738","Java",346,0.174924165824065,2026-01-04,2026-07-04
"SYN00738","Go",327,0.165318503538928,2026-01-04,2026-07-04
"SYN00738","C#",324,0.163801820020222,2026-01-04,2026-07-04
"SYN00738","SQL",328,0.16582406471183,2026-01-04,2026-07-04
"SYN00739","TypeScript",545,0.154961615012795,2026-01-04,2026-07-04
"SYN00739","Python",611,0.173727608757464,2026-01-04,2026-07-04
"SYN00739","Java",598,0.170031276656241,2026-01-04,2026-07-04
"SYN00739","Go",595,0.169178276940574,2026-01-04,2026-07-04
"SYN00739","C#",598,0.170031276656241,2026-01-04,2026-07-04
"SYN00739","SQL",570,0.162069945976685,2026-01-04,2026-07-04
"SYN00740","TypeScript",164,0.184269662921348,2026-01-04,2026-07-04
"SYN00740","Python",139,0.156179775280899,2026-01-04,2026-07-04
"SYN00740","Java",169,0.189887640449438,2026-01-04,2026-07-04
"SYN00740","Go",158,0.17752808988764,2026-01-04,2026-07-04
"SYN00740","C#",130,0.146067415730337,2026-01-04,2026-07-04
"SYN00740","SQL",130,0.146067415730337,2026-01-04,2026-07-04
"SYN00741","TypeScript",285,0.183634020618557,2026-01-04,2026-07-04
"SYN00741","Python",237,0.15270618556701,2026-01-04,2026-07-04
"SYN00741","Java",275,0.177190721649485,2026-01-04,2026-07-04
"SYN00741","Go",230,0.14819587628866,2026-01-04,2026-07-04
"SYN00741","C#",244,0.157216494845361,2026-01-04,2026-07-04
"SYN00741","SQL",281,0.181056701030928,2026-01-04,2026-07-04
"SYN00742","TypeScript",203,0.155794320798158,2026-01-04,2026-07-04
"SYN00742","Python",192,0.14735226400614,2026-01-04,2026-07-04
"SYN00742","Java",221,0.169608595548734,2026-01-04,2026-07-04
"SYN00742","Go",232,0.178050652340752,2026-01-04,2026-07-04
"SYN00742","C#",225,0.172678434382195,2026-01-04,2026-07-04
"SYN00742","SQL",230,0.176515732924021,2026-01-04,2026-07-04
"SYN00743","TypeScript",606,0.167310877967974,2026-01-04,2026-07-04
"SYN00743","Python",614,0.169519602429597,2026-01-04,2026-07-04
"SYN00743","Java",579,0.159856432909994,2026-01-04,2026-07-04
"SYN00743","Go",626,0.172832689122032,2026-01-04,2026-07-04
"SYN00743","C#",604,0.166758696852568,2026-01-04,2026-07-04
"SYN00743","SQL",593,0.163721700717835,2026-01-04,2026-07-04
"SYN00744","TypeScript",120,0.134228187919463,2026-01-04,2026-07-04
"SYN00744","Python",162,0.181208053691275,2026-01-04,2026-07-04
"SYN00744","Java",167,0.186800894854586,2026-01-04,2026-07-04
"SYN00744","Go",164,0.1834451901566,2026-01-04,2026-07-04
"SYN00744","C#",141,0.157718120805369,2026-01-04,2026-07-04
"SYN00744","SQL",140,0.156599552572707,2026-01-04,2026-07-04
"SYN00745","TypeScript",49,0.210300429184549,2026-01-04,2026-07-04
"SYN00745","Python",22,0.0944206008583691,2026-01-04,2026-07-04
"SYN00745","Java",49,0.210300429184549,2026-01-04,2026-07-04
"SYN00745","Go",43,0.184549356223176,2026-01-04,2026-07-04
"SYN00745","C#",33,0.141630901287554,2026-01-04,2026-07-04
"SYN00745","SQL",37,0.158798283261803,2026-01-04,2026-07-04
"SYN00746","TypeScript",112,0.166419019316493,2026-01-04,2026-07-04
"SYN00746","Python",109,0.161961367013373,2026-01-04,2026-07-04
"SYN00746","Java",111,0.164933135215453,2026-01-04,2026-07-04
"SYN00746","Go",101,0.150074294205052,2026-01-04,2026-07-04
"SYN00746","C#",118,0.175334323922734,2026-01-04,2026-07-04
"SYN00746","SQL",122,0.181277860326894,2026-01-04,2026-07-04
"SYN00748","TypeScript",389,0.159491594915949,2026-01-04,2026-07-04
"SYN00748","Python",419,0.171791717917179,2026-01-04,2026-07-04
"SYN00748","Java",451,0.184911849118491,2026-01-04,2026-07-04
"SYN00748","Go",400,0.1640016400164,2026-01-04,2026-07-04
"SYN00748","C#",410,0.16810168101681,2026-01-04,2026-07-04
"SYN00748","SQL",370,0.15170151701517,2026-01-04,2026-07-04
"SYN00749","TypeScript",39,0.251612903225806,2026-01-04,2026-07-04
"SYN00749","Python",18,0.116129032258065,2026-01-04,2026-07-04
"SYN00749","Java",22,0.141935483870968,2026-01-04,2026-07-04
"SYN00749","Go",28,0.180645161290323,2026-01-04,2026-07-04
"SYN00749","C#",14,0.0903225806451613,2026-01-04,2026-07-04
"SYN00749","SQL",34,0.219354838709677,2026-01-04,2026-07-04
"SYN00750","TypeScript",287,0.167444574095683,2026-01-04,2026-07-04
"SYN00750","Python",302,0.176196032672112,2026-01-04,2026-07-04
"SYN00750","Java",277,0.161610268378063,2026-01-04,2026-07-04
"SYN00750","Go",300,0.175029171528588,2026-01-04,2026-07-04
"SYN00750","C#",266,0.155192532088681,2026-01-04,2026-07-04
"SYN00750","SQL",282,0.164527421236873,2026-01-04,2026-07-04
"SYN00751","TypeScript",594,0.165505711897464,2026-01-04,2026-07-04
"SYN00751","Python",610,0.169963778211201,2026-01-04,2026-07-04
"SYN00751","Java",546,0.152131512956255,2026-01-04,2026-07-04
"SYN00751","Go",631,0.17581499024798,2026-01-04,2026-07-04
"SYN00751","C#",595,0.165784341042073,2026-01-04,2026-07-04
"SYN00751","SQL",613,0.170799665645026,2026-01-04,2026-07-04
"SYN00752","TypeScript",87,0.174698795180723,2026-01-04,2026-07-04
"SYN00752","Python",82,0.164658634538153,2026-01-04,2026-07-04
"SYN00752","Java",86,0.172690763052209,2026-01-04,2026-07-04
"SYN00752","Go",105,0.210843373493976,2026-01-04,2026-07-04
"SYN00752","C#",69,0.13855421686747,2026-01-04,2026-07-04
"SYN00752","SQL",69,0.13855421686747,2026-01-04,2026-07-04
"SYN00754","TypeScript",98,0.163333333333333,2026-01-04,2026-07-04
"SYN00754","Python",89,0.148333333333333,2026-01-04,2026-07-04
"SYN00754","Java",98,0.163333333333333,2026-01-04,2026-07-04
"SYN00754","Go",109,0.181666666666667,2026-01-04,2026-07-04
"SYN00754","C#",110,0.183333333333333,2026-01-04,2026-07-04
"SYN00754","SQL",96,0.16,2026-01-04,2026-07-04
"SYN00755","TypeScript",177,0.166041275797373,2026-01-04,2026-07-04
"SYN00755","Python",168,0.157598499061914,2026-01-04,2026-07-04
"SYN00755","Java",193,0.181050656660413,2026-01-04,2026-07-04
"SYN00755","Go",187,0.175422138836773,2026-01-04,2026-07-04
"SYN00755","C#",171,0.160412757973734,2026-01-04,2026-07-04
"SYN00755","SQL",170,0.159474671669794,2026-01-04,2026-07-04
"SYN00756","TypeScript",70,0.169902912621359,2026-01-04,2026-07-04
"SYN00756","Python",71,0.172330097087379,2026-01-04,2026-07-04
"SYN00756","Java",75,0.182038834951456,2026-01-04,2026-07-04
"SYN00756","Go",64,0.155339805825243,2026-01-04,2026-07-04
"SYN00756","C#",74,0.179611650485437,2026-01-04,2026-07-04
"SYN00756","SQL",58,0.140776699029126,2026-01-04,2026-07-04
"SYN00757","TypeScript",101,0.154198473282443,2026-01-04,2026-07-04
"SYN00757","Python",102,0.155725190839695,2026-01-04,2026-07-04
"SYN00757","Java",99,0.151145038167939,2026-01-04,2026-07-04
"SYN00757","Go",128,0.195419847328244,2026-01-04,2026-07-04
"SYN00757","C#",123,0.187786259541985,2026-01-04,2026-07-04
"SYN00757","SQL",102,0.155725190839695,2026-01-04,2026-07-04
"SYN00758","TypeScript",84,0.159090909090909,2026-01-04,2026-07-04
"SYN00758","Python",69,0.130681818181818,2026-01-04,2026-07-04
"SYN00758","Java",91,0.172348484848485,2026-01-04,2026-07-04
"SYN00758","Go",92,0.174242424242424,2026-01-04,2026-07-04
"SYN00758","C#",100,0.189393939393939,2026-01-04,2026-07-04
"SYN00758","SQL",92,0.174242424242424,2026-01-04,2026-07-04
"SYN00759","TypeScript",263,0.160757946210269,2026-01-04,2026-07-04
"SYN00759","Python",286,0.17481662591687,2026-01-04,2026-07-04
"SYN00759","Java",297,0.181540342298288,2026-01-04,2026-07-04
"SYN00759","Go",251,0.153422982885086,2026-01-04,2026-07-04
"SYN00759","C#",273,0.166870415647922,2026-01-04,2026-07-04
"SYN00759","SQL",266,0.162591687041565,2026-01-04,2026-07-04
"SYN00760","TypeScript",323,0.169642857142857,2026-01-04,2026-07-04
"SYN00760","Python",296,0.15546218487395,2026-01-04,2026-07-04
"SYN00760","Java",308,0.161764705882353,2026-01-04,2026-07-04
"SYN00760","Go",307,0.161239495798319,2026-01-04,2026-07-04
"SYN00760","C#",338,0.177521008403361,2026-01-04,2026-07-04
"SYN00760","SQL",332,0.17436974789916,2026-01-04,2026-07-04
"SYN00761","TypeScript",86,0.167315175097276,2026-01-04,2026-07-04
"SYN00761","Python",81,0.157587548638132,2026-01-04,2026-07-04
"SYN00761","Java",90,0.175097276264591,2026-01-04,2026-07-04
"SYN00761","Go",75,0.14591439688716,2026-01-04,2026-07-04
"SYN00761","C#",73,0.142023346303502,2026-01-04,2026-07-04
"SYN00761","SQL",109,0.212062256809339,2026-01-04,2026-07-04
"SYN00762","TypeScript",13,0.276595744680851,2026-01-04,2026-07-04
"SYN00762","Python",4,0.0851063829787234,2026-01-04,2026-07-04
"SYN00762","Java",7,0.148936170212766,2026-01-04,2026-07-04
"SYN00762","Go",5,0.106382978723404,2026-01-04,2026-07-04
"SYN00762","C#",5,0.106382978723404,2026-01-04,2026-07-04
"SYN00762","SQL",13,0.276595744680851,2026-01-04,2026-07-04
"SYN00764","TypeScript",73,0.166666666666667,2026-01-04,2026-07-04
"SYN00764","Python",60,0.136986301369863,2026-01-04,2026-07-04
"SYN00764","Java",71,0.162100456621005,2026-01-04,2026-07-04
"SYN00764","Go",71,0.162100456621005,2026-01-04,2026-07-04
"SYN00764","C#",83,0.189497716894977,2026-01-04,2026-07-04
"SYN00764","SQL",80,0.182648401826484,2026-01-04,2026-07-04
"SYN00765","TypeScript",120,0.186915887850467,2026-01-04,2026-07-04
"SYN00765","Python",96,0.149532710280374,2026-01-04,2026-07-04
"SYN00765","Java",102,0.158878504672897,2026-01-04,2026-07-04
"SYN00765","Go",113,0.17601246105919,2026-01-04,2026-07-04
"SYN00765","C#",101,0.157320872274143,2026-01-04,2026-07-04
"SYN00765","SQL",110,0.171339563862928,2026-01-04,2026-07-04
"SYN00766","TypeScript",258,0.185211773151472,2026-01-04,2026-07-04
"SYN00766","Python",224,0.160804020100503,2026-01-04,2026-07-04
"SYN00766","Java",239,0.171572146446518,2026-01-04,2026-07-04
"SYN00766","Go",244,0.17516152189519,2026-01-04,2026-07-04
"SYN00766","C#",204,0.146446518305815,2026-01-04,2026-07-04
"SYN00766","SQL",224,0.160804020100503,2026-01-04,2026-07-04
"SYN00767","TypeScript",4,0.166666666666667,2026-01-04,2026-07-04
"SYN00767","Python",7,0.291666666666667,2026-01-04,2026-07-04
"SYN00767","Java",3,0.125,2026-01-04,2026-07-04
"SYN00767","Go",3,0.125,2026-01-04,2026-07-04
"SYN00767","C#",3,0.125,2026-01-04,2026-07-04
"SYN00767","SQL",4,0.166666666666667,2026-01-04,2026-07-04
"SYN00768","TypeScript",242,0.154533844189017,2026-01-04,2026-07-04
"SYN00768","Python",272,0.173690932311622,2026-01-04,2026-07-04
"SYN00768","Java",267,0.170498084291188,2026-01-04,2026-07-04
"SYN00768","Go",286,0.182630906768838,2026-01-04,2026-07-04
"SYN00768","C#",246,0.157088122605364,2026-01-04,2026-07-04
"SYN00768","SQL",253,0.161558109833972,2026-01-04,2026-07-04
"SYN00769","TypeScript",95,0.167253521126761,2026-01-04,2026-07-04
"SYN00769","Python",106,0.186619718309859,2026-01-04,2026-07-04
"SYN00769","Java",87,0.153169014084507,2026-01-04,2026-07-04
"SYN00769","Go",96,0.169014084507042,2026-01-04,2026-07-04
"SYN00769","C#",98,0.172535211267606,2026-01-04,2026-07-04
"SYN00769","SQL",86,0.151408450704225,2026-01-04,2026-07-04
"SYN00770","TypeScript",92,0.172284644194757,2026-01-04,2026-07-04
"SYN00770","Python",91,0.170411985018727,2026-01-04,2026-07-04
"SYN00770","Java",90,0.168539325842697,2026-01-04,2026-07-04
"SYN00770","Go",77,0.144194756554307,2026-01-04,2026-07-04
"SYN00770","C#",87,0.162921348314607,2026-01-04,2026-07-04
"SYN00770","SQL",97,0.181647940074906,2026-01-04,2026-07-04
"SYN00771","TypeScript",165,0.182926829268293,2026-01-04,2026-07-04
"SYN00771","Python",130,0.144124168514412,2026-01-04,2026-07-04
"SYN00771","Java",146,0.161862527716186,2026-01-04,2026-07-04
"SYN00771","Go",161,0.178492239467849,2026-01-04,2026-07-04
"SYN00771","C#",149,0.165188470066519,2026-01-04,2026-07-04
"SYN00771","SQL",151,0.167405764966741,2026-01-04,2026-07-04
"SYN00772","TypeScript",306,0.165943600867679,2026-01-04,2026-07-04
"SYN00772","Python",339,0.183839479392625,2026-01-04,2026-07-04
"SYN00772","Java",288,0.156182212581345,2026-01-04,2026-07-04
"SYN00772","Go",288,0.156182212581345,2026-01-04,2026-07-04
"SYN00772","C#",327,0.177331887201735,2026-01-04,2026-07-04
"SYN00772","SQL",296,0.160520607375271,2026-01-04,2026-07-04
"SYN00773","TypeScript",97,0.155948553054662,2026-01-04,2026-07-04
"SYN00773","Python",118,0.189710610932476,2026-01-04,2026-07-04
"SYN00773","Java",104,0.167202572347267,2026-01-04,2026-07-04
"SYN00773","Go",113,0.181672025723473,2026-01-04,2026-07-04
"SYN00773","C#",80,0.128617363344051,2026-01-04,2026-07-04
"SYN00773","SQL",110,0.176848874598071,2026-01-04,2026-07-04
"SYN00775","TypeScript",96,0.151419558359621,2026-01-04,2026-07-04
"SYN00775","Python",114,0.17981072555205,2026-01-04,2026-07-04
"SYN00775","Java",100,0.157728706624606,2026-01-04,2026-07-04
"SYN00775","Go",95,0.149842271293375,2026-01-04,2026-07-04
"SYN00775","C#",118,0.186119873817035,2026-01-04,2026-07-04
"SYN00775","SQL",111,0.175078864353312,2026-01-04,2026-07-04
"SYN00776","TypeScript",62,0.185074626865672,2026-01-04,2026-07-04
"SYN00776","Python",49,0.146268656716418,2026-01-04,2026-07-04
"SYN00776","Java",66,0.197014925373134,2026-01-04,2026-07-04
"SYN00776","Go",56,0.167164179104478,2026-01-04,2026-07-04
"SYN00776","C#",59,0.176119402985075,2026-01-04,2026-07-04
"SYN00776","SQL",43,0.128358208955224,2026-01-04,2026-07-04
"SYN00777","TypeScript",198,0.157018239492466,2026-01-04,2026-07-04
"SYN00777","Python",206,0.163362410785091,2026-01-04,2026-07-04
"SYN00777","Java",229,0.181601903251388,2026-01-04,2026-07-04
"SYN00777","Go",210,0.166534496431404,2026-01-04,2026-07-04
"SYN00777","C#",218,0.172878667724029,2026-01-04,2026-07-04
"SYN00777","SQL",200,0.158604282315623,2026-01-04,2026-07-04
"SYN00778","TypeScript",116,0.182677165354331,2026-01-04,2026-07-04
"SYN00778","Python",124,0.195275590551181,2026-01-04,2026-07-04
"SYN00778","Java",119,0.18740157480315,2026-01-04,2026-07-04
"SYN00778","Go",91,0.143307086614173,2026-01-04,2026-07-04
"SYN00778","C#",87,0.137007874015748,2026-01-04,2026-07-04
"SYN00778","SQL",98,0.154330708661417,2026-01-04,2026-07-04
"SYN00781","TypeScript",70,0.158013544018059,2026-01-04,2026-07-04
"SYN00781","Python",86,0.194130925507901,2026-01-04,2026-07-04
"SYN00781","Java",70,0.158013544018059,2026-01-04,2026-07-04
"SYN00781","Go",69,0.155756207674944,2026-01-04,2026-07-04
"SYN00781","C#",68,0.153498871331828,2026-01-04,2026-07-04
"SYN00781","SQL",80,0.18058690744921,2026-01-04,2026-07-04
"SYN00782","TypeScript",97,0.175724637681159,2026-01-04,2026-07-04
"SYN00782","Python",80,0.144927536231884,2026-01-04,2026-07-04
"SYN00782","Java",96,0.173913043478261,2026-01-04,2026-07-04
"SYN00782","Go",92,0.166666666666667,2026-01-04,2026-07-04
"SYN00782","C#",88,0.159420289855072,2026-01-04,2026-07-04
"SYN00782","SQL",99,0.179347826086957,2026-01-04,2026-07-04
"SYN00783","TypeScript",104,0.178387650085763,2026-01-04,2026-07-04
"SYN00783","Python",97,0.166380789022298,2026-01-04,2026-07-04
"SYN00783","Java",91,0.156089193825043,2026-01-04,2026-07-04
"SYN00783","Go",105,0.180102915951973,2026-01-04,2026-07-04
"SYN00783","C#",94,0.161234991423671,2026-01-04,2026-07-04
"SYN00783","SQL",92,0.157804459691252,2026-01-04,2026-07-04
"SYN00784","TypeScript",243,0.170765987350668,2026-01-04,2026-07-04
"SYN00784","Python",220,0.154602951510892,2026-01-04,2026-07-04
"SYN00784","Java",242,0.170063246661982,2026-01-04,2026-07-04
"SYN00784","Go",234,0.164441321152495,2026-01-04,2026-07-04
"SYN00784","C#",240,0.16865776528461,2026-01-04,2026-07-04
"SYN00784","SQL",244,0.171468728039353,2026-01-04,2026-07-04
"SYN00785","TypeScript",55,0.13681592039801,2026-01-04,2026-07-04
"SYN00785","Python",64,0.159203980099502,2026-01-04,2026-07-04
"SYN00785","Java",70,0.174129353233831,2026-01-04,2026-07-04
"SYN00785","Go",66,0.164179104477612,2026-01-04,2026-07-04
"SYN00785","C#",74,0.18407960199005,2026-01-04,2026-07-04
"SYN00785","SQL",73,0.181592039800995,2026-01-04,2026-07-04
"SYN00786","TypeScript",70,0.167865707434053,2026-01-04,2026-07-04
"SYN00786","Python",74,0.177458033573141,2026-01-04,2026-07-04
"SYN00786","Java",60,0.143884892086331,2026-01-04,2026-07-04
"SYN00786","Go",71,0.170263788968825,2026-01-04,2026-07-04
"SYN00786","C#",76,0.182254196642686,2026-01-04,2026-07-04
"SYN00786","SQL",66,0.158273381294964,2026-01-04,2026-07-04
"SYN00788","TypeScript",185,0.158390410958904,2026-01-04,2026-07-04
"SYN00788","Python",197,0.168664383561644,2026-01-04,2026-07-04
"SYN00788","Java",199,0.170376712328767,2026-01-04,2026-07-04
"SYN00788","Go",191,0.163527397260274,2026-01-04,2026-07-04
"SYN00788","C#",200,0.171232876712329,2026-01-04,2026-07-04
"SYN00788","SQL",196,0.167808219178082,2026-01-04,2026-07-04
"SYN00789","TypeScript",69,0.154362416107383,2026-01-04,2026-07-04
"SYN00789","Python",69,0.154362416107383,2026-01-04,2026-07-04
"SYN00789","Java",92,0.205816554809843,2026-01-04,2026-07-04
"SYN00789","Go",78,0.174496644295302,2026-01-04,2026-07-04
"SYN00789","C#",65,0.145413870246085,2026-01-04,2026-07-04
"SYN00789","SQL",74,0.165548098434004,2026-01-04,2026-07-04
"SYN00790","TypeScript",226,0.153532608695652,2026-01-04,2026-07-04
"SYN00790","Python",237,0.161005434782609,2026-01-04,2026-07-04
"SYN00790","Java",264,0.179347826086957,2026-01-04,2026-07-04
"SYN00790","Go",252,0.171195652173913,2026-01-04,2026-07-04
"SYN00790","C#",245,0.166440217391304,2026-01-04,2026-07-04
"SYN00790","SQL",248,0.168478260869565,2026-01-04,2026-07-04
"SYN00791","TypeScript",290,0.173134328358209,2026-01-04,2026-07-04
"SYN00791","Python",262,0.156417910447761,2026-01-04,2026-07-04
"SYN00791","Java",284,0.16955223880597,2026-01-04,2026-07-04
"SYN00791","Go",292,0.174328358208955,2026-01-04,2026-07-04
"SYN00791","C#",274,0.163582089552239,2026-01-04,2026-07-04
"SYN00791","SQL",273,0.162985074626866,2026-01-04,2026-07-04
"SYN00794","TypeScript",34,0.155963302752294,2026-01-04,2026-07-04
"SYN00794","Python",36,0.165137614678899,2026-01-04,2026-07-04
"SYN00794","Java",39,0.178899082568807,2026-01-04,2026-07-04
"SYN00794","Go",38,0.174311926605505,2026-01-04,2026-07-04
"SYN00794","C#",33,0.151376146788991,2026-01-04,2026-07-04
"SYN00794","SQL",38,0.174311926605505,2026-01-04,2026-07-04
"SYN00796","TypeScript",748,0.164794007490637,2026-01-04,2026-07-04
"SYN00796","Python",787,0.173386208415951,2026-01-04,2026-07-04
"SYN00796","Java",742,0.163472130425204,2026-01-04,2026-07-04
"SYN00796","Go",767,0.168979951531174,2026-01-04,2026-07-04
"SYN00796","C#",696,0.153337739590218,2026-01-04,2026-07-04
"SYN00796","SQL",799,0.176029962546816,2026-01-04,2026-07-04
"SYN00799","TypeScript",24,0.137142857142857,2026-01-04,2026-07-04
"SYN00799","Python",25,0.142857142857143,2026-01-04,2026-07-04
"SYN00799","Java",23,0.131428571428571,2026-01-04,2026-07-04
"SYN00799","Go",32,0.182857142857143,2026-01-04,2026-07-04
"SYN00799","C#",29,0.165714285714286,2026-01-04,2026-07-04
"SYN00799","SQL",42,0.24,2026-01-04,2026-07-04
"SYN00800","TypeScript",732,0.171669793621013,2026-01-04,2026-07-04
"SYN00800","Python",703,0.164868667917448,2026-01-04,2026-07-04
"SYN00800","Java",701,0.164399624765478,2026-01-04,2026-07-04
"SYN00800","Go",690,0.161819887429644,2026-01-04,2026-07-04
"SYN00800","C#",750,0.175891181988743,2026-01-04,2026-07-04
"SYN00800","SQL",688,0.161350844277674,2026-01-04,2026-07-04
"SYN00801","TypeScript",211,0.161438408569243,2026-01-04,2026-07-04
"SYN00801","Python",225,0.172149961744453,2026-01-04,2026-07-04
"SYN00801","Java",207,0.158377964804897,2026-01-04,2026-07-04
"SYN00801","Go",204,0.156082631981637,2026-01-04,2026-07-04
"SYN00801","C#",235,0.179801071155318,2026-01-04,2026-07-04
"SYN00801","SQL",225,0.172149961744453,2026-01-04,2026-07-04
"SYN00803","TypeScript",228,0.163910855499641,2026-01-04,2026-07-04
"SYN00803","Python",258,0.185478073328541,2026-01-04,2026-07-04
"SYN00803","Java",260,0.186915887850467,2026-01-04,2026-07-04
"SYN00803","Go",219,0.157440690150971,2026-01-04,2026-07-04
"SYN00803","C#",225,0.161754133716751,2026-01-04,2026-07-04
"SYN00803","SQL",201,0.14450035945363,2026-01-04,2026-07-04
"SYN00804","TypeScript",15,0.185185185185185,2026-01-04,2026-07-04
"SYN00804","Python",11,0.135802469135802,2026-01-04,2026-07-04
"SYN00804","Java",13,0.160493827160494,2026-01-04,2026-07-04
"SYN00804","Go",18,0.222222222222222,2026-01-04,2026-07-04
"SYN00804","C#",9,0.111111111111111,2026-01-04,2026-07-04
"SYN00804","SQL",15,0.185185185185185,2026-01-04,2026-07-04
"SYN00805","TypeScript",246,0.161629434954008,2026-01-04,2026-07-04
"SYN00805","Python",269,0.176741130091984,2026-01-04,2026-07-04
"SYN00805","Java",277,0.181997371879106,2026-01-04,2026-07-04
"SYN00805","Go",232,0.152431011826544,2026-01-04,2026-07-04
"SYN00805","C#",245,0.160972404730618,2026-01-04,2026-07-04
"SYN00805","SQL",253,0.16622864651774,2026-01-04,2026-07-04
"SYN00806","TypeScript",1121,0.159255576076147,2026-01-04,2026-07-04
"SYN00806","Python",1204,0.171047023724961,2026-01-04,2026-07-04
"SYN00806","Java",1187,0.168631907941469,2026-01-04,2026-07-04
"SYN00806","Go",1159,0.164654070180423,2026-01-04,2026-07-04
"SYN00806","C#",1197,0.1700525642847,2026-01-04,2026-07-04
"SYN00806","SQL",1171,0.1663588577923,2026-01-04,2026-07-04
"SYN00807","TypeScript",94,0.145510835913313,2026-01-04,2026-07-04
"SYN00807","Python",107,0.165634674922601,2026-01-04,2026-07-04
"SYN00807","Java",113,0.174922600619195,2026-01-04,2026-07-04
"SYN00807","Go",129,0.19969040247678,2026-01-04,2026-07-04
"SYN00807","C#",101,0.156346749226006,2026-01-04,2026-07-04
"SYN00807","SQL",102,0.157894736842105,2026-01-04,2026-07-04
"SYN00808","TypeScript",401,0.167712254286909,2026-01-04,2026-07-04
"SYN00808","Python",404,0.1689669594312,2026-01-04,2026-07-04
"SYN00808","Java",389,0.162693433709745,2026-01-04,2026-07-04
"SYN00808","Go",375,0.156838143036386,2026-01-04,2026-07-04
"SYN00808","C#",420,0.175658720200753,2026-01-04,2026-07-04
"SYN00808","SQL",402,0.168130489335006,2026-01-04,2026-07-04
"SYN00809","TypeScript",53,0.14804469273743,2026-01-04,2026-07-04
"SYN00809","Python",62,0.173184357541899,2026-01-04,2026-07-04
"SYN00809","Java",54,0.150837988826816,2026-01-04,2026-07-04
"SYN00809","Go",66,0.184357541899441,2026-01-04,2026-07-04
"SYN00809","C#",64,0.17877094972067,2026-01-04,2026-07-04
"SYN00809","SQL",59,0.164804469273743,2026-01-04,2026-07-04
"SYN00810","TypeScript",10,0.178571428571429,2026-01-04,2026-07-04
"SYN00810","Python",8,0.142857142857143,2026-01-04,2026-07-04
"SYN00810","Java",9,0.160714285714286,2026-01-04,2026-07-04
"SYN00810","Go",11,0.196428571428571,2026-01-04,2026-07-04
"SYN00810","C#",10,0.178571428571429,2026-01-04,2026-07-04
"SYN00810","SQL",8,0.142857142857143,2026-01-04,2026-07-04
"SYN00811","TypeScript",203,0.153092006033183,2026-01-04,2026-07-04
"SYN00811","Python",246,0.18552036199095,2026-01-04,2026-07-04
"SYN00811","Java",213,0.160633484162896,2026-01-04,2026-07-04
"SYN00811","Go",215,0.162141779788839,2026-01-04,2026-07-04
"SYN00811","C#",198,0.149321266968326,2026-01-04,2026-07-04
"SYN00811","SQL",251,0.189291101055807,2026-01-04,2026-07-04
"SYN00812","TypeScript",202,0.167634854771784,2026-01-04,2026-07-04
"SYN00812","Python",204,0.169294605809129,2026-01-04,2026-07-04
"SYN00812","Java",182,0.15103734439834,2026-01-04,2026-07-04
"SYN00812","Go",232,0.19253112033195,2026-01-04,2026-07-04
"SYN00812","C#",190,0.157676348547718,2026-01-04,2026-07-04
"SYN00812","SQL",195,0.161825726141079,2026-01-04,2026-07-04
"SYN00813","TypeScript",199,0.144517066085694,2026-01-04,2026-07-04
"SYN00813","Python",239,0.17356572258533,2026-01-04,2026-07-04
"SYN00813","Java",226,0.164124909222948,2026-01-04,2026-07-04
"SYN00813","Go",263,0.190994916485113,2026-01-04,2026-07-04
"SYN00813","C#",212,0.153957879448076,2026-01-04,2026-07-04
"SYN00813","SQL",238,0.172839506172839,2026-01-04,2026-07-04
"SYN00815","TypeScript",104,0.16,2026-01-04,2026-07-04
"SYN00815","Python",124,0.190769230769231,2026-01-04,2026-07-04
"SYN00815","Java",122,0.187692307692308,2026-01-04,2026-07-04
"SYN00815","Go",101,0.155384615384615,2026-01-04,2026-07-04
"SYN00815","C#",99,0.152307692307692,2026-01-04,2026-07-04
"SYN00815","SQL",100,0.153846153846154,2026-01-04,2026-07-04
"SYN00816","TypeScript",3,0.09375,2026-01-04,2026-07-04
"SYN00816","Python",5,0.15625,2026-01-04,2026-07-04
"SYN00816","Java",6,0.1875,2026-01-04,2026-07-04
"SYN00816","Go",4,0.125,2026-01-04,2026-07-04
"SYN00816","C#",8,0.25,2026-01-04,2026-07-04
"SYN00816","SQL",6,0.1875,2026-01-04,2026-07-04
"SYN00817","TypeScript",132,0.173913043478261,2026-01-04,2026-07-04
"SYN00817","Python",121,0.159420289855072,2026-01-04,2026-07-04
"SYN00817","Java",133,0.175230566534914,2026-01-04,2026-07-04
"SYN00817","Go",105,0.138339920948617,2026-01-04,2026-07-04
"SYN00817","C#",138,0.181818181818182,2026-01-04,2026-07-04
"SYN00817","SQL",130,0.171277997364954,2026-01-04,2026-07-04
"SYN00818","TypeScript",312,0.166844919786096,2026-01-04,2026-07-04
"SYN00818","Python",285,0.152406417112299,2026-01-04,2026-07-04
"SYN00818","Java",345,0.184491978609626,2026-01-04,2026-07-04
"SYN00818","Go",314,0.167914438502674,2026-01-04,2026-07-04
"SYN00818","C#",313,0.167379679144385,2026-01-04,2026-07-04
"SYN00818","SQL",301,0.16096256684492,2026-01-04,2026-07-04
"SYN00819","TypeScript",186,0.178674351585014,2026-01-04,2026-07-04
"SYN00819","Python",191,0.183477425552353,2026-01-04,2026-07-04
"SYN00819","Java",171,0.164265129682997,2026-01-04,2026-07-04
"SYN00819","Go",178,0.170989433237272,2026-01-04,2026-07-04
"SYN00819","C#",149,0.143131604226705,2026-01-04,2026-07-04
"SYN00819","SQL",166,0.159462055715658,2026-01-04,2026-07-04
"SYN00820","TypeScript",174,0.173826173826174,2026-01-04,2026-07-04
"SYN00820","Python",162,0.161838161838162,2026-01-04,2026-07-04
"SYN00820","Java",172,0.171828171828172,2026-01-04,2026-07-04
"SYN00820","Go",162,0.161838161838162,2026-01-04,2026-07-04
"SYN00820","C#",168,0.167832167832168,2026-01-04,2026-07-04
"SYN00820","SQL",163,0.162837162837163,2026-01-04,2026-07-04
"SYN00821","TypeScript",78,0.169197396963124,2026-01-04,2026-07-04
"SYN00821","Python",72,0.156182212581345,2026-01-04,2026-07-04
"SYN00821","Java",86,0.186550976138829,2026-01-04,2026-07-04
"SYN00821","Go",72,0.156182212581345,2026-01-04,2026-07-04
"SYN00821","C#",72,0.156182212581345,2026-01-04,2026-07-04
"SYN00821","SQL",81,0.175704989154013,2026-01-04,2026-07-04
"SYN00823","TypeScript",220,0.157819225251076,2026-01-04,2026-07-04
"SYN00823","Python",235,0.16857962697274,2026-01-04,2026-07-04
"SYN00823","Java",231,0.16571018651363,2026-01-04,2026-07-04
"SYN00823","Go",243,0.174318507890961,2026-01-04,2026-07-04
"SYN00823","C#",235,0.16857962697274,2026-01-04,2026-07-04
"SYN00823","SQL",230,0.164992826398852,2026-01-04,2026-07-04
"SYN00824","TypeScript",376,0.166740576496674,2026-01-04,2026-07-04
"SYN00824","Python",380,0.168514412416851,2026-01-04,2026-07-04
"SYN00824","Java",382,0.16940133037694,2026-01-04,2026-07-04
"SYN00824","Go",377,0.167184035476718,2026-01-04,2026-07-04
"SYN00824","C#",361,0.160088691796009,2026-01-04,2026-07-04
"SYN00824","SQL",379,0.168070953436807,2026-01-04,2026-07-04
"SYN00825","TypeScript",84,0.177215189873418,2026-01-04,2026-07-04
"SYN00825","Python",74,0.156118143459916,2026-01-04,2026-07-04
"SYN00825","Java",84,0.177215189873418,2026-01-04,2026-07-04
"SYN00825","Go",73,0.154008438818565,2026-01-04,2026-07-04
"SYN00825","C#",76,0.160337552742616,2026-01-04,2026-07-04
"SYN00825","SQL",83,0.175105485232068,2026-01-04,2026-07-04
"SYN00826","TypeScript",278,0.148742643124666,2026-01-04,2026-07-04
"SYN00826","Python",327,0.174959871589085,2026-01-04,2026-07-04
"SYN00826","Java",321,0.171749598715891,2026-01-04,2026-07-04
"SYN00826","Go",304,0.162653825575174,2026-01-04,2026-07-04
"SYN00826","C#",327,0.174959871589085,2026-01-04,2026-07-04
"SYN00826","SQL",312,0.1669341894061,2026-01-04,2026-07-04
"SYN00828","TypeScript",29,0.169590643274854,2026-01-04,2026-07-04
"SYN00828","Python",37,0.216374269005848,2026-01-04,2026-07-04
"SYN00828","Java",26,0.152046783625731,2026-01-04,2026-07-04
"SYN00828","Go",32,0.187134502923977,2026-01-04,2026-07-04
"SYN00828","C#",23,0.134502923976608,2026-01-04,2026-07-04
"SYN00828","SQL",24,0.140350877192982,2026-01-04,2026-07-04
"SYN00829","TypeScript",0,0,2026-01-04,2026-07-04
"SYN00829","Python",2,0.111111111111111,2026-01-04,2026-07-04
"SYN00829","Java",3,0.166666666666667,2026-01-04,2026-07-04
"SYN00829","Go",3,0.166666666666667,2026-01-04,2026-07-04
"SYN00829","C#",5,0.277777777777778,2026-01-04,2026-07-04
"SYN00829","SQL",5,0.277777777777778,2026-01-04,2026-07-04
"SYN00830","TypeScript",273,0.175,2026-01-04,2026-07-04
"SYN00830","Python",251,0.160897435897436,2026-01-04,2026-07-04
"SYN00830","Java",273,0.175,2026-01-04,2026-07-04
"SYN00830","Go",247,0.158333333333333,2026-01-04,2026-07-04
"SYN00830","C#",255,0.163461538461538,2026-01-04,2026-07-04
"SYN00830","SQL",261,0.167307692307692,2026-01-04,2026-07-04
"SYN00831","TypeScript",188,0.159187129551228,2026-01-04,2026-07-04
"SYN00831","Python",205,0.173581710414903,2026-01-04,2026-07-04
"SYN00831","Java",198,0.167654530059272,2026-01-04,2026-07-04
"SYN00831","Go",188,0.159187129551228,2026-01-04,2026-07-04
"SYN00831","C#",193,0.16342082980525,2026-01-04,2026-07-04
"SYN00831","SQL",209,0.17696867061812,2026-01-04,2026-07-04
"SYN00832","TypeScript",66,0.13469387755102,2026-01-04,2026-07-04
"SYN00832","Python",94,0.191836734693878,2026-01-04,2026-07-04
"SYN00832","Java",88,0.179591836734694,2026-01-04,2026-07-04
"SYN00832","Go",81,0.16530612244898,2026-01-04,2026-07-04
"SYN00832","C#",84,0.171428571428571,2026-01-04,2026-07-04
"SYN00832","SQL",77,0.157142857142857,2026-01-04,2026-07-04
"SYN00833","TypeScript",142,0.144750254841998,2026-01-04,2026-07-04
"SYN00833","Python",165,0.168195718654434,2026-01-04,2026-07-04
"SYN00833","Java",156,0.159021406727829,2026-01-04,2026-07-04
"SYN00833","Go",177,0.180428134556575,2026-01-04,2026-07-04
"SYN00833","C#",185,0.188583078491335,2026-01-04,2026-07-04
"SYN00833","SQL",156,0.159021406727829,2026-01-04,2026-07-04
"SYN00834","TypeScript",134,0.166459627329193,2026-01-04,2026-07-04
"SYN00834","Python",148,0.183850931677019,2026-01-04,2026-07-04
"SYN00834","Java",129,0.160248447204969,2026-01-04,2026-07-04
"SYN00834","Go",155,0.192546583850932,2026-01-04,2026-07-04
"SYN00834","C#",119,0.147826086956522,2026-01-04,2026-07-04
"SYN00834","SQL",120,0.149068322981366,2026-01-04,2026-07-04
"SYN00835","TypeScript",5,0.277777777777778,2026-01-04,2026-07-04
"SYN00835","Python",3,0.166666666666667,2026-01-04,2026-07-04
"SYN00835","Java",3,0.166666666666667,2026-01-04,2026-07-04
"SYN00835","Go",0,0,2026-01-04,2026-07-04
"SYN00835","C#",4,0.222222222222222,2026-01-04,2026-07-04
"SYN00835","SQL",3,0.166666666666667,2026-01-04,2026-07-04
"SYN00836","TypeScript",101,0.148967551622419,2026-01-04,2026-07-04
"SYN00836","Python",125,0.184365781710914,2026-01-04,2026-07-04
"SYN00836","Java",103,0.151917404129794,2026-01-04,2026-07-04
"SYN00836","Go",117,0.172566371681416,2026-01-04,2026-07-04
"SYN00836","C#",133,0.196165191740413,2026-01-04,2026-07-04
"SYN00836","SQL",99,0.146017699115044,2026-01-04,2026-07-04
"SYN00839","TypeScript",30,0.121457489878543,2026-01-04,2026-07-04
"SYN00839","Python",43,0.174089068825911,2026-01-04,2026-07-04
"SYN00839","Java",45,0.182186234817814,2026-01-04,2026-07-04
"SYN00839","Go",53,0.214574898785425,2026-01-04,2026-07-04
"SYN00839","C#",38,0.153846153846154,2026-01-04,2026-07-04
"SYN00839","SQL",38,0.153846153846154,2026-01-04,2026-07-04
"SYN00840","TypeScript",100,0.190839694656489,2026-01-04,2026-07-04
"SYN00840","Python",76,0.145038167938931,2026-01-04,2026-07-04
"SYN00840","Java",73,0.139312977099237,2026-01-04,2026-07-04
"SYN00840","Go",89,0.169847328244275,2026-01-04,2026-07-04
"SYN00840","C#",79,0.150763358778626,2026-01-04,2026-07-04
"SYN00840","SQL",107,0.204198473282443,2026-01-04,2026-07-04
"SYN00841","TypeScript",31,0.223021582733813,2026-01-04,2026-07-04
"SYN00841","Python",26,0.18705035971223,2026-01-04,2026-07-04
"SYN00841","Java",22,0.158273381294964,2026-01-04,2026-07-04
"SYN00841","Go",22,0.158273381294964,2026-01-04,2026-07-04
"SYN00841","C#",21,0.151079136690647,2026-01-04,2026-07-04
"SYN00841","SQL",17,0.122302158273381,2026-01-04,2026-07-04
"SYN00842","TypeScript",149,0.16195652173913,2026-01-04,2026-07-04
"SYN00842","Python",171,0.185869565217391,2026-01-04,2026-07-04
"SYN00842","Java",139,0.151086956521739,2026-01-04,2026-07-04
"SYN00842","Go",162,0.176086956521739,2026-01-04,2026-07-04
"SYN00842","C#",151,0.164130434782609,2026-01-04,2026-07-04
"SYN00842","SQL",148,0.160869565217391,2026-01-04,2026-07-04
"SYN00843","TypeScript",213,0.162719633307869,2026-01-04,2026-07-04
"SYN00843","Python",210,0.160427807486631,2026-01-04,2026-07-04
"SYN00843","Java",236,0.180290297937357,2026-01-04,2026-07-04
"SYN00843","Go",201,0.153552330022918,2026-01-04,2026-07-04
"SYN00843","C#",199,0.152024446142093,2026-01-04,2026-07-04
"SYN00843","SQL",250,0.190985485103132,2026-01-04,2026-07-04
"SYN00845","TypeScript",158,0.17752808988764,2026-01-04,2026-07-04
"SYN00845","Python",134,0.150561797752809,2026-01-04,2026-07-04
"SYN00845","Java",137,0.153932584269663,2026-01-04,2026-07-04
"SYN00845","Go",156,0.175280898876404,2026-01-04,2026-07-04
"SYN00845","C#",153,0.171910112359551,2026-01-04,2026-07-04
"SYN00845","SQL",152,0.170786516853933,2026-01-04,2026-07-04
"SYN00846","TypeScript",349,0.184753838009529,2026-01-04,2026-07-04
"SYN00846","Python",262,0.138697723663314,2026-01-04,2026-07-04
"SYN00846","Java",346,0.183165696135521,2026-01-04,2026-07-04
"SYN00846","Go",291,0.154049761778719,2026-01-04,2026-07-04
"SYN00846","C#",325,0.17204870301747,2026-01-04,2026-07-04
"SYN00846","SQL",316,0.167284277395447,2026-01-04,2026-07-04
"SYN00848","TypeScript",37,0.202185792349727,2026-01-04,2026-07-04
"SYN00848","Python",30,0.163934426229508,2026-01-04,2026-07-04
"SYN00848","Java",34,0.185792349726776,2026-01-04,2026-07-04
"SYN00848","Go",26,0.14207650273224,2026-01-04,2026-07-04
"SYN00848","C#",33,0.180327868852459,2026-01-04,2026-07-04
"SYN00848","SQL",23,0.12568306010929,2026-01-04,2026-07-04
"SYN00850","TypeScript",82,0.157692307692308,2026-01-04,2026-07-04
"SYN00850","Python",75,0.144230769230769,2026-01-04,2026-07-04
"SYN00850","Java",81,0.155769230769231,2026-01-04,2026-07-04
"SYN00850","Go",110,0.211538461538462,2026-01-04,2026-07-04
"SYN00850","C#",88,0.169230769230769,2026-01-04,2026-07-04
"SYN00850","SQL",84,0.161538461538462,2026-01-04,2026-07-04
"SYN00851","TypeScript",4,0.0888888888888889,2026-01-04,2026-07-04
"SYN00851","Python",13,0.288888888888889,2026-01-04,2026-07-04
"SYN00851","Java",10,0.222222222222222,2026-01-04,2026-07-04
"SYN00851","Go",7,0.155555555555556,2026-01-04,2026-07-04
"SYN00851","C#",3,0.0666666666666667,2026-01-04,2026-07-04
"SYN00851","SQL",8,0.177777777777778,2026-01-04,2026-07-04
"SYN00852","TypeScript",30,0.197368421052632,2026-01-04,2026-07-04
"SYN00852","Python",24,0.157894736842105,2026-01-04,2026-07-04
"SYN00852","Java",28,0.184210526315789,2026-01-04,2026-07-04
"SYN00852","Go",24,0.157894736842105,2026-01-04,2026-07-04
"SYN00852","C#",26,0.171052631578947,2026-01-04,2026-07-04
"SYN00852","SQL",20,0.131578947368421,2026-01-04,2026-07-04
"SYN00853","TypeScript",58,0.149484536082474,2026-01-04,2026-07-04
"SYN00853","Python",69,0.177835051546392,2026-01-04,2026-07-04
"SYN00853","Java",63,0.162371134020619,2026-01-04,2026-07-04
"SYN00853","Go",74,0.190721649484536,2026-01-04,2026-07-04
"SYN00853","C#",63,0.162371134020619,2026-01-04,2026-07-04
"SYN00853","SQL",61,0.157216494845361,2026-01-04,2026-07-04
"SYN00854","TypeScript",6,0.193548387096774,2026-01-04,2026-07-04
"SYN00854","Python",4,0.129032258064516,2026-01-04,2026-07-04
"SYN00854","Java",6,0.193548387096774,2026-01-04,2026-07-04
"SYN00854","Go",5,0.161290322580645,2026-01-04,2026-07-04
"SYN00854","C#",3,0.0967741935483871,2026-01-04,2026-07-04
"SYN00854","SQL",7,0.225806451612903,2026-01-04,2026-07-04
"SYN00855","TypeScript",153,0.151635282457879,2026-01-04,2026-07-04
"SYN00855","Python",191,0.189296333002973,2026-01-04,2026-07-04
"SYN00855","Java",149,0.147670961347869,2026-01-04,2026-07-04
"SYN00855","Go",185,0.183349851337958,2026-01-04,2026-07-04
"SYN00855","C#",174,0.172447968285431,2026-01-04,2026-07-04
"SYN00855","SQL",157,0.155599603567889,2026-01-04,2026-07-04
"SYN00856","TypeScript",173,0.166186359269933,2026-01-04,2026-07-04
"SYN00856","Python",169,0.162343900096061,2026-01-04,2026-07-04
"SYN00856","Java",163,0.156580211335255,2026-01-04,2026-07-04
"SYN00856","Go",176,0.169068203650336,2026-01-04,2026-07-04
"SYN00856","C#",178,0.170989433237272,2026-01-04,2026-07-04
"SYN00856","SQL",182,0.174831892411143,2026-01-04,2026-07-04
"SYN00857","TypeScript",79,0.175555555555556,2026-01-04,2026-07-04
"SYN00857","Python",74,0.164444444444444,2026-01-04,2026-07-04
"SYN00857","Java",77,0.171111111111111,2026-01-04,2026-07-04
"SYN00857","Go",71,0.157777777777778,2026-01-04,2026-07-04
"SYN00857","C#",72,0.16,2026-01-04,2026-07-04
"SYN00857","SQL",77,0.171111111111111,2026-01-04,2026-07-04
"SYN00858","TypeScript",379,0.178185237423601,2026-01-04,2026-07-04
"SYN00858","Python",376,0.176774800188058,2026-01-04,2026-07-04
"SYN00858","Java",331,0.155618241654913,2026-01-04,2026-07-04
"SYN00858","Go",329,0.154677950164551,2026-01-04,2026-07-04
"SYN00858","C#",357,0.167842031029619,2026-01-04,2026-07-04
"SYN00858","SQL",355,0.166901739539257,2026-01-04,2026-07-04
"SYN00859","TypeScript",136,0.147665580890337,2026-01-04,2026-07-04
"SYN00859","Python",155,0.168295331161781,2026-01-04,2026-07-04
"SYN00859","Java",150,0.162866449511401,2026-01-04,2026-07-04
"SYN00859","Go",152,0.165038002171553,2026-01-04,2026-07-04
"SYN00859","C#",160,0.173724212812161,2026-01-04,2026-07-04
"SYN00859","SQL",168,0.182410423452769,2026-01-04,2026-07-04
"SYN00860","TypeScript",65,0.171052631578947,2026-01-04,2026-07-04
"SYN00860","Python",55,0.144736842105263,2026-01-04,2026-07-04
"SYN00860","Java",67,0.176315789473684,2026-01-04,2026-07-04
"SYN00860","Go",58,0.152631578947368,2026-01-04,2026-07-04
"SYN00860","C#",64,0.168421052631579,2026-01-04,2026-07-04
"SYN00860","SQL",71,0.186842105263158,2026-01-04,2026-07-04
"SYN00863","TypeScript",10,0.153846153846154,2026-01-04,2026-07-04
"SYN00863","Python",6,0.0923076923076923,2026-01-04,2026-07-04
"SYN00863","Java",8,0.123076923076923,2026-01-04,2026-07-04
"SYN00863","Go",14,0.215384615384615,2026-01-04,2026-07-04
"SYN00863","C#",10,0.153846153846154,2026-01-04,2026-07-04
"SYN00863","SQL",17,0.261538461538462,2026-01-04,2026-07-04
"SYN00864","TypeScript",139,0.143595041322314,2026-01-04,2026-07-04
"SYN00864","Python",179,0.184917355371901,2026-01-04,2026-07-04
"SYN00864","Java",150,0.15495867768595,2026-01-04,2026-07-04
"SYN00864","Go",164,0.169421487603306,2026-01-04,2026-07-04
"SYN00864","C#",172,0.177685950413223,2026-01-04,2026-07-04
"SYN00864","SQL",164,0.169421487603306,2026-01-04,2026-07-04
"SYN00865","TypeScript",89,0.147840531561462,2026-01-04,2026-07-04
"SYN00865","Python",103,0.17109634551495,2026-01-04,2026-07-04
"SYN00865","Java",96,0.159468438538206,2026-01-04,2026-07-04
"SYN00865","Go",96,0.159468438538206,2026-01-04,2026-07-04
"SYN00865","C#",105,0.174418604651163,2026-01-04,2026-07-04
"SYN00865","SQL",113,0.187707641196013,2026-01-04,2026-07-04
"SYN00868","TypeScript",113,0.181089743589744,2026-01-04,2026-07-04
"SYN00868","Python",120,0.192307692307692,2026-01-04,2026-07-04
"SYN00868","Java",105,0.168269230769231,2026-01-04,2026-07-04
"SYN00868","Go",93,0.149038461538462,2026-01-04,2026-07-04
"SYN00868","C#",100,0.16025641025641,2026-01-04,2026-07-04
"SYN00868","SQL",93,0.149038461538462,2026-01-04,2026-07-04
"SYN00869","TypeScript",251,0.15876027830487,2026-01-04,2026-07-04
"SYN00869","Python",274,0.173308032890576,2026-01-04,2026-07-04
"SYN00869","Java",250,0.158127767235927,2026-01-04,2026-07-04
"SYN00869","Go",270,0.170777988614801,2026-01-04,2026-07-04
"SYN00869","C#",264,0.166982922201139,2026-01-04,2026-07-04
"SYN00869","SQL",272,0.172043010752688,2026-01-04,2026-07-04
"SYN00870","TypeScript",41,0.166666666666667,2026-01-04,2026-07-04
"SYN00870","Python",49,0.199186991869919,2026-01-04,2026-07-04
"SYN00870","Java",36,0.146341463414634,2026-01-04,2026-07-04
"SYN00870","Go",37,0.150406504065041,2026-01-04,2026-07-04
"SYN00870","C#",43,0.17479674796748,2026-01-04,2026-07-04
"SYN00870","SQL",40,0.16260162601626,2026-01-04,2026-07-04
"SYN00872","TypeScript",213,0.16877971473851,2026-01-04,2026-07-04
"SYN00872","Python",232,0.183835182250396,2026-01-04,2026-07-04
"SYN00872","Java",209,0.165610142630745,2026-01-04,2026-07-04
"SYN00872","Go",204,0.161648177496038,2026-01-04,2026-07-04
"SYN00872","C#",202,0.160063391442155,2026-01-04,2026-07-04
"SYN00872","SQL",202,0.160063391442155,2026-01-04,2026-07-04
"SYN00873","TypeScript",7,0.11864406779661,2026-01-04,2026-07-04
"SYN00873","Python",14,0.23728813559322,2026-01-04,2026-07-04
"SYN00873","Java",11,0.186440677966102,2026-01-04,2026-07-04
"SYN00873","Go",12,0.203389830508475,2026-01-04,2026-07-04
"SYN00873","C#",5,0.0847457627118644,2026-01-04,2026-07-04
"SYN00873","SQL",10,0.169491525423729,2026-01-04,2026-07-04
"SYN00876","TypeScript",454,0.172492401215805,2026-01-04,2026-07-04
"SYN00876","Python",452,0.171732522796353,2026-01-04,2026-07-04
"SYN00876","Java",442,0.167933130699088,2026-01-04,2026-07-04
"SYN00876","Go",432,0.164133738601824,2026-01-04,2026-07-04
"SYN00876","C#",399,0.151595744680851,2026-01-04,2026-07-04
"SYN00876","SQL",453,0.172112462006079,2026-01-04,2026-07-04
"SYN00878","TypeScript",847,0.169264588329337,2026-01-04,2026-07-04
"SYN00878","Python",808,0.161470823341327,2026-01-04,2026-07-04
"SYN00878","Java",802,0.160271782573941,2026-01-04,2026-07-04
"SYN00878","Go",809,0.161670663469225,2026-01-04,2026-07-04
"SYN00878","C#",866,0.173061550759392,2026-01-04,2026-07-04
"SYN00878","SQL",872,0.174260591526779,2026-01-04,2026-07-04
"SYN00880","TypeScript",142,0.146694214876033,2026-01-04,2026-07-04
"SYN00880","Python",160,0.165289256198347,2026-01-04,2026-07-04
"SYN00880","Java",167,0.172520661157025,2026-01-04,2026-07-04
"SYN00880","Go",168,0.173553719008264,2026-01-04,2026-07-04
"SYN00880","C#",154,0.159090909090909,2026-01-04,2026-07-04
"SYN00880","SQL",177,0.182851239669421,2026-01-04,2026-07-04
"SYN00881","TypeScript",177,0.165420560747664,2026-01-04,2026-07-04
"SYN00881","Python",165,0.154205607476636,2026-01-04,2026-07-04
"SYN00881","Java",217,0.202803738317757,2026-01-04,2026-07-04
"SYN00881","Go",174,0.162616822429907,2026-01-04,2026-07-04
"SYN00881","C#",176,0.164485981308411,2026-01-04,2026-07-04
"SYN00881","SQL",161,0.150467289719626,2026-01-04,2026-07-04
"SYN00882","TypeScript",268,0.17312661498708,2026-01-04,2026-07-04
"SYN00882","Python",277,0.178940568475452,2026-01-04,2026-07-04
"SYN00882","Java",241,0.155684754521964,2026-01-04,2026-07-04
"SYN00882","Go",257,0.166020671834625,2026-01-04,2026-07-04
"SYN00882","C#",248,0.160206718346253,2026-01-04,2026-07-04
"SYN00882","SQL",257,0.166020671834625,2026-01-04,2026-07-04
"SYN00883","TypeScript",56,0.184210526315789,2026-01-04,2026-07-04
"SYN00883","Python",54,0.177631578947368,2026-01-04,2026-07-04
"SYN00883","Java",49,0.161184210526316,2026-01-04,2026-07-04
"SYN00883","Go",55,0.180921052631579,2026-01-04,2026-07-04
"SYN00883","C#",45,0.148026315789474,2026-01-04,2026-07-04
"SYN00883","SQL",45,0.148026315789474,2026-01-04,2026-07-04
"SYN00884","TypeScript",41,0.175965665236052,2026-01-04,2026-07-04
"SYN00884","Python",36,0.15450643776824,2026-01-04,2026-07-04
"SYN00884","Java",42,0.180257510729614,2026-01-04,2026-07-04
"SYN00884","Go",32,0.137339055793991,2026-01-04,2026-07-04
"SYN00884","C#",44,0.188841201716738,2026-01-04,2026-07-04
"SYN00884","SQL",38,0.163090128755365,2026-01-04,2026-07-04
"SYN00885","TypeScript",25,0.153374233128834,2026-01-04,2026-07-04
"SYN00885","Python",26,0.159509202453988,2026-01-04,2026-07-04
"SYN00885","Java",26,0.159509202453988,2026-01-04,2026-07-04
"SYN00885","Go",33,0.202453987730061,2026-01-04,2026-07-04
"SYN00885","C#",24,0.147239263803681,2026-01-04,2026-07-04
"SYN00885","SQL",29,0.177914110429448,2026-01-04,2026-07-04
"SYN00886","TypeScript",8,0.148148148148148,2026-01-04,2026-07-04
"SYN00886","Python",7,0.12962962962963,2026-01-04,2026-07-04
"SYN00886","Java",6,0.111111111111111,2026-01-04,2026-07-04
"SYN00886","Go",10,0.185185185185185,2026-01-04,2026-07-04
"SYN00886","C#",6,0.111111111111111,2026-01-04,2026-07-04
"SYN00886","SQL",17,0.314814814814815,2026-01-04,2026-07-04
"SYN00887","TypeScript",192,0.176146788990826,2026-01-04,2026-07-04
"SYN00887","Python",167,0.153211009174312,2026-01-04,2026-07-04
"SYN00887","Java",185,0.169724770642202,2026-01-04,2026-07-04
"SYN00887","Go",190,0.174311926605505,2026-01-04,2026-07-04
"SYN00887","C#",185,0.169724770642202,2026-01-04,2026-07-04
"SYN00887","SQL",171,0.156880733944954,2026-01-04,2026-07-04
"SYN00888","TypeScript",177,0.161643835616438,2026-01-04,2026-07-04
"SYN00888","Python",196,0.178995433789954,2026-01-04,2026-07-04
"SYN00888","Java",180,0.164383561643836,2026-01-04,2026-07-04
"SYN00888","Go",179,0.163470319634703,2026-01-04,2026-07-04
"SYN00888","C#",177,0.161643835616438,2026-01-04,2026-07-04
"SYN00888","SQL",186,0.16986301369863,2026-01-04,2026-07-04
"SYN00889","TypeScript",199,0.16231647634584,2026-01-04,2026-07-04
"SYN00889","Python",203,0.16557911908646,2026-01-04,2026-07-04
"SYN00889","Java",222,0.181076672104405,2026-01-04,2026-07-04
"SYN00889","Go",207,0.16884176182708,2026-01-04,2026-07-04
"SYN00889","C#",208,0.169657422512235,2026-01-04,2026-07-04
"SYN00889","SQL",187,0.15252854812398,2026-01-04,2026-07-04
"SYN00890","TypeScript",66,0.183333333333333,2026-01-04,2026-07-04
"SYN00890","Python",51,0.141666666666667,2026-01-04,2026-07-04
"SYN00890","Java",69,0.191666666666667,2026-01-04,2026-07-04
"SYN00890","Go",64,0.177777777777778,2026-01-04,2026-07-04
"SYN00890","C#",59,0.163888888888889,2026-01-04,2026-07-04
"SYN00890","SQL",51,0.141666666666667,2026-01-04,2026-07-04
"SYN00891","TypeScript",123,0.161842105263158,2026-01-04,2026-07-04
"SYN00891","Python",120,0.157894736842105,2026-01-04,2026-07-04
"SYN00891","Java",142,0.186842105263158,2026-01-04,2026-07-04
"SYN00891","Go",112,0.147368421052632,2026-01-04,2026-07-04
"SYN00891","C#",129,0.169736842105263,2026-01-04,2026-07-04
"SYN00891","SQL",134,0.176315789473684,2026-01-04,2026-07-04
"SYN00892","TypeScript",473,0.170573386224306,2026-01-04,2026-07-04
"SYN00892","Python",474,0.170934006491165,2026-01-04,2026-07-04
"SYN00892","Java",440,0.158672917417959,2026-01-04,2026-07-04
"SYN00892","Go",448,0.161557879552831,2026-01-04,2026-07-04
"SYN00892","C#",467,0.168409664623152,2026-01-04,2026-07-04
"SYN00892","SQL",471,0.169852145690588,2026-01-04,2026-07-04
"SYN00893","TypeScript",50,0.146627565982405,2026-01-04,2026-07-04
"SYN00893","Python",52,0.152492668621701,2026-01-04,2026-07-04
"SYN00893","Java",64,0.187683284457478,2026-01-04,2026-07-04
"SYN00893","Go",53,0.155425219941349,2026-01-04,2026-07-04
"SYN00893","C#",67,0.196480938416422,2026-01-04,2026-07-04
"SYN00893","SQL",55,0.161290322580645,2026-01-04,2026-07-04
"SYN00894","TypeScript",159,0.145737855178735,2026-01-04,2026-07-04
"SYN00894","Python",186,0.170485792850596,2026-01-04,2026-07-04
"SYN00894","Java",205,0.187901008249313,2026-01-04,2026-07-04
"SYN00894","Go",187,0.171402383134739,2026-01-04,2026-07-04
"SYN00894","C#",176,0.161319890009166,2026-01-04,2026-07-04
"SYN00894","SQL",178,0.163153070577452,2026-01-04,2026-07-04
"SYN00895","TypeScript",30,0.153846153846154,2026-01-04,2026-07-04
"SYN00895","Python",22,0.112820512820513,2026-01-04,2026-07-04
"SYN00895","Java",32,0.164102564102564,2026-01-04,2026-07-04
"SYN00895","Go",40,0.205128205128205,2026-01-04,2026-07-04
"SYN00895","C#",34,0.174358974358974,2026-01-04,2026-07-04
"SYN00895","SQL",37,0.18974358974359,2026-01-04,2026-07-04
"SYN00897","TypeScript",322,0.163120567375887,2026-01-04,2026-07-04
"SYN00897","Python",327,0.165653495440729,2026-01-04,2026-07-04
"SYN00897","Java",329,0.166666666666667,2026-01-04,2026-07-04
"SYN00897","Go",344,0.174265450861196,2026-01-04,2026-07-04
"SYN00897","C#",307,0.155521783181358,2026-01-04,2026-07-04
"SYN00897","SQL",345,0.174772036474164,2026-01-04,2026-07-04
"SYN00899","TypeScript",545,0.166870789957134,2026-01-04,2026-07-04
"SYN00899","Python",571,0.174831598285364,2026-01-04,2026-07-04
"SYN00899","Java",518,0.158603796693203,2026-01-04,2026-07-04
"SYN00899","Go",538,0.164727495407226,2026-01-04,2026-07-04
"SYN00899","C#",543,0.166258420085732,2026-01-04,2026-07-04
"SYN00899","SQL",551,0.168707899571341,2026-01-04,2026-07-04
"SYN00901","TypeScript",17,0.130769230769231,2026-01-04,2026-07-04
"SYN00901","Python",22,0.169230769230769,2026-01-04,2026-07-04
"SYN00901","Java",21,0.161538461538462,2026-01-04,2026-07-04
"SYN00901","Go",18,0.138461538461538,2026-01-04,2026-07-04
"SYN00901","C#",30,0.230769230769231,2026-01-04,2026-07-04
"SYN00901","SQL",22,0.169230769230769,2026-01-04,2026-07-04
"SYN00902","TypeScript",46,0.156462585034014,2026-01-04,2026-07-04
"SYN00902","Python",43,0.146258503401361,2026-01-04,2026-07-04
"SYN00902","Java",64,0.217687074829932,2026-01-04,2026-07-04
"SYN00902","Go",49,0.166666666666667,2026-01-04,2026-07-04
"SYN00902","C#",36,0.122448979591837,2026-01-04,2026-07-04
"SYN00902","SQL",56,0.19047619047619,2026-01-04,2026-07-04
"SYN00903","TypeScript",34,0.185792349726776,2026-01-04,2026-07-04
"SYN00903","Python",31,0.169398907103825,2026-01-04,2026-07-04
"SYN00903","Java",36,0.19672131147541,2026-01-04,2026-07-04
"SYN00903","Go",30,0.163934426229508,2026-01-04,2026-07-04
"SYN00903","C#",24,0.131147540983607,2026-01-04,2026-07-04
"SYN00903","SQL",28,0.153005464480874,2026-01-04,2026-07-04
"SYN00904","TypeScript",147,0.160655737704918,2026-01-04,2026-07-04
"SYN00904","Python",175,0.191256830601093,2026-01-04,2026-07-04
"SYN00904","Java",155,0.169398907103825,2026-01-04,2026-07-04
"SYN00904","Go",140,0.153005464480874,2026-01-04,2026-07-04
"SYN00904","C#",138,0.150819672131148,2026-01-04,2026-07-04
"SYN00904","SQL",160,0.174863387978142,2026-01-04,2026-07-04
"SYN00905","TypeScript",240,0.155642023346304,2026-01-04,2026-07-04
"SYN00905","Python",266,0.172503242542153,2026-01-04,2026-07-04
"SYN00905","Java",246,0.159533073929961,2026-01-04,2026-07-04
"SYN00905","Go",276,0.178988326848249,2026-01-04,2026-07-04
"SYN00905","C#",234,0.151750972762646,2026-01-04,2026-07-04
"SYN00905","SQL",280,0.181582360570687,2026-01-04,2026-07-04
"SYN00906","TypeScript",213,0.178541492036882,2026-01-04,2026-07-04
"SYN00906","Python",163,0.136630343671417,2026-01-04,2026-07-04
"SYN00906","Java",203,0.170159262363789,2026-01-04,2026-07-04
"SYN00906","Go",194,0.162615255658005,2026-01-04,2026-07-04
"SYN00906","C#",224,0.187761944677284,2026-01-04,2026-07-04
"SYN00906","SQL",196,0.164291701592624,2026-01-04,2026-07-04
"SYN00907","TypeScript",4,0.181818181818182,2026-01-04,2026-07-04
"SYN00907","Python",4,0.181818181818182,2026-01-04,2026-07-04
"SYN00907","Java",4,0.181818181818182,2026-01-04,2026-07-04
"SYN00907","Go",2,0.0909090909090909,2026-01-04,2026-07-04
"SYN00907","C#",3,0.136363636363636,2026-01-04,2026-07-04
"SYN00907","SQL",5,0.227272727272727,2026-01-04,2026-07-04
"SYN00908","TypeScript",192,0.164665523156089,2026-01-04,2026-07-04
"SYN00908","Python",199,0.170668953687822,2026-01-04,2026-07-04
"SYN00908","Java",181,0.155231560891938,2026-01-04,2026-07-04
"SYN00908","Go",190,0.16295025728988,2026-01-04,2026-07-04
"SYN00908","C#",202,0.173241852487136,2026-01-04,2026-07-04
"SYN00908","SQL",202,0.173241852487136,2026-01-04,2026-07-04
"SYN00909","TypeScript",54,0.173076923076923,2026-01-04,2026-07-04
"SYN00909","Python",56,0.179487179487179,2026-01-04,2026-07-04
"SYN00909","Java",55,0.176282051282051,2026-01-04,2026-07-04
"SYN00909","Go",49,0.157051282051282,2026-01-04,2026-07-04
"SYN00909","C#",55,0.176282051282051,2026-01-04,2026-07-04
"SYN00909","SQL",43,0.137820512820513,2026-01-04,2026-07-04
"SYN00910","TypeScript",376,0.165931156222418,2026-01-04,2026-07-04
"SYN00910","Python",367,0.161959399823477,2026-01-04,2026-07-04
"SYN00910","Java",394,0.1738746690203,2026-01-04,2026-07-04
"SYN00910","Go",375,0.165489849955869,2026-01-04,2026-07-04
"SYN00910","C#",384,0.16946160635481,2026-01-04,2026-07-04
"SYN00910","SQL",370,0.163283318623124,2026-01-04,2026-07-04
"SYN00911","TypeScript",83,0.16023166023166,2026-01-04,2026-07-04
"SYN00911","Python",89,0.171814671814672,2026-01-04,2026-07-04
"SYN00911","Java",99,0.191119691119691,2026-01-04,2026-07-04
"SYN00911","Go",74,0.142857142857143,2026-01-04,2026-07-04
"SYN00911","C#",92,0.177606177606178,2026-01-04,2026-07-04
"SYN00911","SQL",81,0.156370656370656,2026-01-04,2026-07-04
"SYN00912","TypeScript",186,0.174484052532833,2026-01-04,2026-07-04
"SYN00912","Python",174,0.163227016885553,2026-01-04,2026-07-04
"SYN00912","Java",180,0.168855534709193,2026-01-04,2026-07-04
"SYN00912","Go",188,0.176360225140713,2026-01-04,2026-07-04
"SYN00912","C#",149,0.139774859287054,2026-01-04,2026-07-04
"SYN00912","SQL",189,0.177298311444653,2026-01-04,2026-07-04
"SYN00914","TypeScript",217,0.18468085106383,2026-01-04,2026-07-04
"SYN00914","Python",184,0.156595744680851,2026-01-04,2026-07-04
"SYN00914","Java",160,0.136170212765957,2026-01-04,2026-07-04
"SYN00914","Go",204,0.173617021276596,2026-01-04,2026-07-04
"SYN00914","C#",200,0.170212765957447,2026-01-04,2026-07-04
"SYN00914","SQL",210,0.178723404255319,2026-01-04,2026-07-04
"SYN00915","TypeScript",259,0.176070700203943,2026-01-04,2026-07-04
"SYN00915","Python",240,0.163154316791298,2026-01-04,2026-07-04
"SYN00915","Java",247,0.167912984364378,2026-01-04,2026-07-04
"SYN00915","Go",238,0.161794697484704,2026-01-04,2026-07-04
"SYN00915","C#",248,0.168592794017675,2026-01-04,2026-07-04
"SYN00915","SQL",239,0.162474507138001,2026-01-04,2026-07-04
"SYN00916","TypeScript",210,0.172131147540984,2026-01-04,2026-07-04
"SYN00916","Python",232,0.19016393442623,2026-01-04,2026-07-04
"SYN00916","Java",199,0.163114754098361,2026-01-04,2026-07-04
"SYN00916","Go",192,0.157377049180328,2026-01-04,2026-07-04
"SYN00916","C#",194,0.159016393442623,2026-01-04,2026-07-04
"SYN00916","SQL",193,0.158196721311475,2026-01-04,2026-07-04
"SYN00917","TypeScript",244,0.172682236376504,2026-01-04,2026-07-04
"SYN00917","Python",246,0.174097664543524,2026-01-04,2026-07-04
"SYN00917","Java",234,0.165605095541401,2026-01-04,2026-07-04
"SYN00917","Go",229,0.16206652512385,2026-01-04,2026-07-04
"SYN00917","C#",232,0.164189667374381,2026-01-04,2026-07-04
"SYN00917","SQL",228,0.16135881104034,2026-01-04,2026-07-04
"SYN00918","TypeScript",103,0.164274322169059,2026-01-04,2026-07-04
"SYN00918","Python",109,0.17384370015949,2026-01-04,2026-07-04
"SYN00918","Java",104,0.165869218500797,2026-01-04,2026-07-04
"SYN00918","Go",102,0.162679425837321,2026-01-04,2026-07-04
"SYN00918","C#",106,0.169059011164274,2026-01-04,2026-07-04
"SYN00918","SQL",103,0.164274322169059,2026-01-04,2026-07-04
"SYN00919","TypeScript",125,0.147405660377358,2026-01-04,2026-07-04
"SYN00919","Python",151,0.178066037735849,2026-01-04,2026-07-04
"SYN00919","Java",154,0.181603773584906,2026-01-04,2026-07-04
"SYN00919","Go",156,0.183962264150943,2026-01-04,2026-07-04
"SYN00919","C#",130,0.153301886792453,2026-01-04,2026-07-04
"SYN00919","SQL",132,0.155660377358491,2026-01-04,2026-07-04
"SYN00920","TypeScript",97,0.193227091633466,2026-01-04,2026-07-04
"SYN00920","Python",70,0.139442231075697,2026-01-04,2026-07-04
"SYN00920","Java",89,0.177290836653386,2026-01-04,2026-07-04
"SYN00920","Go",78,0.155378486055777,2026-01-04,2026-07-04
"SYN00920","C#",72,0.143426294820717,2026-01-04,2026-07-04
"SYN00920","SQL",96,0.191235059760956,2026-01-04,2026-07-04
"SYN00921","TypeScript",10,0.196078431372549,2026-01-04,2026-07-04
"SYN00921","Python",9,0.176470588235294,2026-01-04,2026-07-04
"SYN00921","Java",15,0.294117647058824,2026-01-04,2026-07-04
"SYN00921","Go",4,0.0784313725490196,2026-01-04,2026-07-04
"SYN00921","C#",6,0.117647058823529,2026-01-04,2026-07-04
"SYN00921","SQL",7,0.137254901960784,2026-01-04,2026-07-04
"SYN00922","TypeScript",44,0.181069958847737,2026-01-04,2026-07-04
"SYN00922","Python",34,0.139917695473251,2026-01-04,2026-07-04
"SYN00922","Java",40,0.164609053497942,2026-01-04,2026-07-04
"SYN00922","Go",33,0.135802469135802,2026-01-04,2026-07-04
"SYN00922","C#",47,0.193415637860082,2026-01-04,2026-07-04
"SYN00922","SQL",45,0.185185185185185,2026-01-04,2026-07-04
"SYN00923","TypeScript",528,0.163975155279503,2026-01-04,2026-07-04
"SYN00923","Python",536,0.166459627329193,2026-01-04,2026-07-04
"SYN00923","Java",526,0.163354037267081,2026-01-04,2026-07-04
"SYN00923","Go",538,0.167080745341615,2026-01-04,2026-07-04
"SYN00923","C#",567,0.176086956521739,2026-01-04,2026-07-04
"SYN00923","SQL",525,0.16304347826087,2026-01-04,2026-07-04
"SYN00924","TypeScript",21,0.166666666666667,2026-01-04,2026-07-04
"SYN00924","Python",23,0.182539682539683,2026-01-04,2026-07-04
"SYN00924","Java",20,0.158730158730159,2026-01-04,2026-07-04
"SYN00924","Go",24,0.19047619047619,2026-01-04,2026-07-04
"SYN00924","C#",21,0.166666666666667,2026-01-04,2026-07-04
"SYN00924","SQL",17,0.134920634920635,2026-01-04,2026-07-04
"SYN00925","TypeScript",337,0.171414038657172,2026-01-04,2026-07-04
"SYN00925","Python",316,0.160732451678535,2026-01-04,2026-07-04
"SYN00925","Java",333,0.169379450661241,2026-01-04,2026-07-04
"SYN00925","Go",329,0.16734486266531,2026-01-04,2026-07-04
"SYN00925","C#",334,0.169888097660224,2026-01-04,2026-07-04
"SYN00925","SQL",317,0.161241098677518,2026-01-04,2026-07-04
"SYN00926","TypeScript",86,0.154398563734291,2026-01-04,2026-07-04
"SYN00926","Python",86,0.154398563734291,2026-01-04,2026-07-04
"SYN00926","Java",97,0.174147217235189,2026-01-04,2026-07-04
"SYN00926","Go",92,0.165170556552962,2026-01-04,2026-07-04
"SYN00926","C#",104,0.186714542190305,2026-01-04,2026-07-04
"SYN00926","SQL",92,0.165170556552962,2026-01-04,2026-07-04
"SYN00928","TypeScript",115,0.160839160839161,2026-01-04,2026-07-04
"SYN00928","Python",135,0.188811188811189,2026-01-04,2026-07-04
"SYN00928","Java",117,0.163636363636364,2026-01-04,2026-07-04
"SYN00928","Go",111,0.155244755244755,2026-01-04,2026-07-04
"SYN00928","C#",114,0.159440559440559,2026-01-04,2026-07-04
"SYN00928","SQL",123,0.172027972027972,2026-01-04,2026-07-04
"SYN00929","TypeScript",29,0.194630872483221,2026-01-04,2026-07-04
"SYN00929","Python",25,0.167785234899329,2026-01-04,2026-07-04
"SYN00929","Java",25,0.167785234899329,2026-01-04,2026-07-04
"SYN00929","Go",26,0.174496644295302,2026-01-04,2026-07-04
"SYN00929","C#",24,0.161073825503356,2026-01-04,2026-07-04
"SYN00929","SQL",20,0.134228187919463,2026-01-04,2026-07-04
"SYN00930","TypeScript",31,0.181286549707602,2026-01-04,2026-07-04
"SYN00930","Python",32,0.187134502923977,2026-01-04,2026-07-04
"SYN00930","Java",28,0.16374269005848,2026-01-04,2026-07-04
"SYN00930","Go",29,0.169590643274854,2026-01-04,2026-07-04
"SYN00930","C#",24,0.140350877192982,2026-01-04,2026-07-04
"SYN00930","SQL",27,0.157894736842105,2026-01-04,2026-07-04
"SYN00931","TypeScript",245,0.179224579370885,2026-01-04,2026-07-04
"SYN00931","Python",224,0.163862472567666,2026-01-04,2026-07-04
"SYN00931","Java",213,0.155815654718361,2026-01-04,2026-07-04
"SYN00931","Go",221,0.161667885881492,2026-01-04,2026-07-04
"SYN00931","C#",231,0.168983174835406,2026-01-04,2026-07-04
"SYN00931","SQL",233,0.170446232626189,2026-01-04,2026-07-04
"SYN00932","TypeScript",325,0.165816326530612,2026-01-04,2026-07-04
"SYN00932","Python",329,0.167857142857143,2026-01-04,2026-07-04
"SYN00932","Java",338,0.172448979591837,2026-01-04,2026-07-04
"SYN00932","Go",331,0.168877551020408,2026-01-04,2026-07-04
"SYN00932","C#",316,0.161224489795918,2026-01-04,2026-07-04
"SYN00932","SQL",321,0.163775510204082,2026-01-04,2026-07-04
"SYN00933","TypeScript",116,0.173913043478261,2026-01-04,2026-07-04
"SYN00933","Python",113,0.169415292353823,2026-01-04,2026-07-04
"SYN00933","Java",96,0.143928035982009,2026-01-04,2026-07-04
"SYN00933","Go",105,0.157421289355322,2026-01-04,2026-07-04
"SYN00933","C#",123,0.184407796101949,2026-01-04,2026-07-04
"SYN00933","SQL",114,0.170914542728636,2026-01-04,2026-07-04
"SYN00934","TypeScript",182,0.147607461476075,2026-01-04,2026-07-04
"SYN00934","Python",212,0.171938361719384,2026-01-04,2026-07-04
"SYN00934","Java",194,0.157339821573398,2026-01-04,2026-07-04
"SYN00934","Go",239,0.193836171938362,2026-01-04,2026-07-04
"SYN00934","C#",207,0.167883211678832,2026-01-04,2026-07-04
"SYN00934","SQL",199,0.16139497161395,2026-01-04,2026-07-04
"SYN00935","TypeScript",188,0.171689497716895,2026-01-04,2026-07-04
"SYN00935","Python",190,0.17351598173516,2026-01-04,2026-07-04
"SYN00935","Java",192,0.175342465753425,2026-01-04,2026-07-04
"SYN00935","Go",170,0.155251141552511,2026-01-04,2026-07-04
"SYN00935","C#",166,0.151598173515982,2026-01-04,2026-07-04
"SYN00935","SQL",189,0.172602739726027,2026-01-04,2026-07-04
"SYN00938","TypeScript",259,0.164863144493953,2026-01-04,2026-07-04
"SYN00938","Python",266,0.169318905155952,2026-01-04,2026-07-04
"SYN00938","Java",243,0.154678548695099,2026-01-04,2026-07-04
"SYN00938","Go",285,0.181413112667091,2026-01-04,2026-07-04
"SYN00938","C#",273,0.17377466581795,2026-01-04,2026-07-04
"SYN00938","SQL",245,0.155951623169955,2026-01-04,2026-07-04
"SYN00939","TypeScript",41,0.164658634538153,2026-01-04,2026-07-04
"SYN00939","Python",43,0.172690763052209,2026-01-04,2026-07-04
"SYN00939","Java",44,0.176706827309237,2026-01-04,2026-07-04
"SYN00939","Go",53,0.21285140562249,2026-01-04,2026-07-04
"SYN00939","C#",35,0.140562248995984,2026-01-04,2026-07-04
"SYN00939","SQL",33,0.132530120481928,2026-01-04,2026-07-04
"SYN00940","TypeScript",10,0.208333333333333,2026-01-04,2026-07-04
"SYN00940","Python",9,0.1875,2026-01-04,2026-07-04
"SYN00940","Java",8,0.166666666666667,2026-01-04,2026-07-04
"SYN00940","Go",4,0.0833333333333333,2026-01-04,2026-07-04
"SYN00940","C#",8,0.166666666666667,2026-01-04,2026-07-04
"SYN00940","SQL",9,0.1875,2026-01-04,2026-07-04
"SYN00941","TypeScript",24,0.216216216216216,2026-01-04,2026-07-04
"SYN00941","Python",16,0.144144144144144,2026-01-04,2026-07-04
"SYN00941","Java",21,0.189189189189189,2026-01-04,2026-07-04
"SYN00941","Go",15,0.135135135135135,2026-01-04,2026-07-04
"SYN00941","C#",17,0.153153153153153,2026-01-04,2026-07-04
"SYN00941","SQL",18,0.162162162162162,2026-01-04,2026-07-04
"SYN00943","TypeScript",123,0.168493150684932,2026-01-04,2026-07-04
"SYN00943","Python",117,0.16027397260274,2026-01-04,2026-07-04
"SYN00943","Java",121,0.165753424657534,2026-01-04,2026-07-04
"SYN00943","Go",121,0.165753424657534,2026-01-04,2026-07-04
"SYN00943","C#",135,0.184931506849315,2026-01-04,2026-07-04
"SYN00943","SQL",113,0.154794520547945,2026-01-04,2026-07-04
"SYN00944","TypeScript",7,0.194444444444444,2026-01-04,2026-07-04
"SYN00944","Python",2,0.0555555555555556,2026-01-04,2026-07-04
"SYN00944","Java",7,0.194444444444444,2026-01-04,2026-07-04
"SYN00944","Go",3,0.0833333333333333,2026-01-04,2026-07-04
"SYN00944","C#",7,0.194444444444444,2026-01-04,2026-07-04
"SYN00944","SQL",10,0.277777777777778,2026-01-04,2026-07-04
"SYN00945","TypeScript",233,0.176783004552352,2026-01-04,2026-07-04
"SYN00945","Python",218,0.165402124430956,2026-01-04,2026-07-04
"SYN00945","Java",208,0.157814871016692,2026-01-04,2026-07-04
"SYN00945","Go",228,0.17298937784522,2026-01-04,2026-07-04
"SYN00945","C#",217,0.16464339908953,2026-01-04,2026-07-04
"SYN00945","SQL",214,0.16236722306525,2026-01-04,2026-07-04
"SYN00947","TypeScript",2,0.125,2026-01-04,2026-07-04
"SYN00947","Python",3,0.1875,2026-01-04,2026-07-04
"SYN00947","Java",2,0.125,2026-01-04,2026-07-04
"SYN00947","Go",3,0.1875,2026-01-04,2026-07-04
"SYN00947","C#",3,0.1875,2026-01-04,2026-07-04
"SYN00947","SQL",3,0.1875,2026-01-04,2026-07-04
"SYN00948","TypeScript",190,0.177073625349487,2026-01-04,2026-07-04
"SYN00948","Python",169,0.157502329916123,2026-01-04,2026-07-04
"SYN00948","Java",165,0.153774464119292,2026-01-04,2026-07-04
"SYN00948","Go",173,0.161230195712954,2026-01-04,2026-07-04
"SYN00948","C#",200,0.186393289841566,2026-01-04,2026-07-04
"SYN00948","SQL",176,0.164026095060578,2026-01-04,2026-07-04
"SYN00949","TypeScript",187,0.167562724014337,2026-01-04,2026-07-04
"SYN00949","Python",169,0.151433691756272,2026-01-04,2026-07-04
"SYN00949","Java",187,0.167562724014337,2026-01-04,2026-07-04
"SYN00949","Go",185,0.165770609318996,2026-01-04,2026-07-04
"SYN00949","C#",172,0.154121863799283,2026-01-04,2026-07-04
"SYN00949","SQL",216,0.193548387096774,2026-01-04,2026-07-04
"SYN00950","TypeScript",11,0.126436781609195,2026-01-04,2026-07-04
"SYN00950","Python",17,0.195402298850575,2026-01-04,2026-07-04
"SYN00950","Java",10,0.114942528735632,2026-01-04,2026-07-04
"SYN00950","Go",19,0.218390804597701,2026-01-04,2026-07-04
"SYN00950","C#",11,0.126436781609195,2026-01-04,2026-07-04
"SYN00950","SQL",19,0.218390804597701,2026-01-04,2026-07-04
"SYN00951","TypeScript",328,0.171189979123173,2026-01-04,2026-07-04
"SYN00951","Python",297,0.155010438413361,2026-01-04,2026-07-04
"SYN00951","Java",321,0.167536534446764,2026-01-04,2026-07-04
"SYN00951","Go",332,0.173277661795407,2026-01-04,2026-07-04
"SYN00951","C#",321,0.167536534446764,2026-01-04,2026-07-04
"SYN00951","SQL",317,0.16544885177453,2026-01-04,2026-07-04
"SYN00952","TypeScript",6,0.103448275862069,2026-01-04,2026-07-04
"SYN00952","Python",6,0.103448275862069,2026-01-04,2026-07-04
"SYN00952","Java",11,0.189655172413793,2026-01-04,2026-07-04
"SYN00952","Go",15,0.258620689655172,2026-01-04,2026-07-04
"SYN00952","C#",9,0.155172413793103,2026-01-04,2026-07-04
"SYN00952","SQL",11,0.189655172413793,2026-01-04,2026-07-04
"SYN00953","TypeScript",117,0.152145643693108,2026-01-04,2026-07-04
"SYN00953","Python",116,0.150845253576073,2026-01-04,2026-07-04
"SYN00953","Java",141,0.183355006501951,2026-01-04,2026-07-04
"SYN00953","Go",141,0.183355006501951,2026-01-04,2026-07-04
"SYN00953","C#",140,0.182054616384915,2026-01-04,2026-07-04
"SYN00953","SQL",114,0.148244473342003,2026-01-04,2026-07-04
"SYN00954","TypeScript",59,0.184952978056426,2026-01-04,2026-07-04
"SYN00954","Python",48,0.150470219435737,2026-01-04,2026-07-04
"SYN00954","Java",47,0.147335423197492,2026-01-04,2026-07-04
"SYN00954","Go",51,0.15987460815047,2026-01-04,2026-07-04
"SYN00954","C#",54,0.169278996865204,2026-01-04,2026-07-04
"SYN00954","SQL",60,0.188087774294671,2026-01-04,2026-07-04
"SYN00955","TypeScript",303,0.180679785330948,2026-01-04,2026-07-04
"SYN00955","Python",286,0.170542635658915,2026-01-04,2026-07-04
"SYN00955","Java",258,0.153846153846154,2026-01-04,2026-07-04
"SYN00955","Go",313,0.186642814549791,2026-01-04,2026-07-04
"SYN00955","C#",279,0.166368515205725,2026-01-04,2026-07-04
"SYN00955","SQL",238,0.141920095408468,2026-01-04,2026-07-04
"SYN00956","TypeScript",6,0.285714285714286,2026-01-04,2026-07-04
"SYN00956","Python",5,0.238095238095238,2026-01-04,2026-07-04
"SYN00956","Java",2,0.0952380952380952,2026-01-04,2026-07-04
"SYN00956","Go",2,0.0952380952380952,2026-01-04,2026-07-04
"SYN00956","C#",3,0.142857142857143,2026-01-04,2026-07-04
"SYN00956","SQL",3,0.142857142857143,2026-01-04,2026-07-04
"SYN00957","TypeScript",35,0.116279069767442,2026-01-04,2026-07-04
"SYN00957","Python",59,0.196013289036545,2026-01-04,2026-07-04
"SYN00957","Java",64,0.212624584717608,2026-01-04,2026-07-04
"SYN00957","Go",42,0.13953488372093,2026-01-04,2026-07-04
"SYN00957","C#",50,0.166112956810631,2026-01-04,2026-07-04
"SYN00957","SQL",51,0.169435215946844,2026-01-04,2026-07-04
"SYN00958","TypeScript",134,0.187675070028011,2026-01-04,2026-07-04
"SYN00958","Python",128,0.179271708683473,2026-01-04,2026-07-04
"SYN00958","Java",94,0.131652661064426,2026-01-04,2026-07-04
"SYN00958","Go",125,0.175070028011204,2026-01-04,2026-07-04
"SYN00958","C#",115,0.161064425770308,2026-01-04,2026-07-04
"SYN00958","SQL",118,0.165266106442577,2026-01-04,2026-07-04
"SYN00961","TypeScript",128,0.163892445582586,2026-01-04,2026-07-04
"SYN00961","Python",134,0.17157490396927,2026-01-04,2026-07-04
"SYN00961","Java",127,0.162612035851472,2026-01-04,2026-07-04
"SYN00961","Go",145,0.185659411011524,2026-01-04,2026-07-04
"SYN00961","C#",123,0.157490396927017,2026-01-04,2026-07-04
"SYN00961","SQL",124,0.158770806658131,2026-01-04,2026-07-04
"SYN00962","TypeScript",17,0.25,2026-01-04,2026-07-04
"SYN00962","Python",10,0.147058823529412,2026-01-04,2026-07-04
"SYN00962","Java",11,0.161764705882353,2026-01-04,2026-07-04
"SYN00962","Go",13,0.191176470588235,2026-01-04,2026-07-04
"SYN00962","C#",6,0.0882352941176471,2026-01-04,2026-07-04
"SYN00962","SQL",11,0.161764705882353,2026-01-04,2026-07-04
"SYN00963","TypeScript",79,0.1975,2026-01-04,2026-07-04
"SYN00963","Python",63,0.1575,2026-01-04,2026-07-04
"SYN00963","Java",60,0.15,2026-01-04,2026-07-04
"SYN00963","Go",57,0.1425,2026-01-04,2026-07-04
"SYN00963","C#",66,0.165,2026-01-04,2026-07-04
"SYN00963","SQL",75,0.1875,2026-01-04,2026-07-04
"SYN00965","TypeScript",31,0.146919431279621,2026-01-04,2026-07-04
"SYN00965","Python",32,0.151658767772512,2026-01-04,2026-07-04
"SYN00965","Java",38,0.180094786729858,2026-01-04,2026-07-04
"SYN00965","Go",32,0.151658767772512,2026-01-04,2026-07-04
"SYN00965","C#",44,0.208530805687204,2026-01-04,2026-07-04
"SYN00965","SQL",34,0.161137440758294,2026-01-04,2026-07-04
"SYN00966","TypeScript",150,0.172215843857635,2026-01-04,2026-07-04
"SYN00966","Python",151,0.173363949483352,2026-01-04,2026-07-04
"SYN00966","Java",158,0.181400688863375,2026-01-04,2026-07-04
"SYN00966","Go",147,0.168771526980482,2026-01-04,2026-07-04
"SYN00966","C#",129,0.148105625717566,2026-01-04,2026-07-04
"SYN00966","SQL",136,0.156142365097589,2026-01-04,2026-07-04
"SYN00967","TypeScript",133,0.172503242542153,2026-01-04,2026-07-04
"SYN00967","Python",140,0.181582360570687,2026-01-04,2026-07-04
"SYN00967","Java",97,0.125810635538262,2026-01-04,2026-07-04
"SYN00967","Go",142,0.184176394293126,2026-01-04,2026-07-04
"SYN00967","C#",144,0.186770428015564,2026-01-04,2026-07-04
"SYN00967","SQL",115,0.149156939040208,2026-01-04,2026-07-04
"SYN00969","TypeScript",453,0.17185128983308,2026-01-04,2026-07-04
"SYN00969","Python",474,0.179817905918058,2026-01-04,2026-07-04
"SYN00969","Java",445,0.168816388467375,2026-01-04,2026-07-04
"SYN00969","Go",419,0.158952959028832,2026-01-04,2026-07-04
"SYN00969","C#",409,0.1551593323217,2026-01-04,2026-07-04
"SYN00969","SQL",436,0.165402124430956,2026-01-04,2026-07-04
"SYN00970","TypeScript",20,0.172413793103448,2026-01-04,2026-07-04
"SYN00970","Python",19,0.163793103448276,2026-01-04,2026-07-04
"SYN00970","Java",25,0.21551724137931,2026-01-04,2026-07-04
"SYN00970","Go",12,0.103448275862069,2026-01-04,2026-07-04
"SYN00970","C#",21,0.181034482758621,2026-01-04,2026-07-04
"SYN00970","SQL",19,0.163793103448276,2026-01-04,2026-07-04
"SYN00971","TypeScript",26,0.211382113821138,2026-01-04,2026-07-04
"SYN00971","Python",21,0.170731707317073,2026-01-04,2026-07-04
"SYN00971","Java",14,0.113821138211382,2026-01-04,2026-07-04
"SYN00971","Go",19,0.154471544715447,2026-01-04,2026-07-04
"SYN00971","C#",20,0.16260162601626,2026-01-04,2026-07-04
"SYN00971","SQL",23,0.186991869918699,2026-01-04,2026-07-04
"SYN00972","TypeScript",223,0.151186440677966,2026-01-04,2026-07-04
"SYN00972","Python",243,0.164745762711864,2026-01-04,2026-07-04
"SYN00972","Java",264,0.178983050847458,2026-01-04,2026-07-04
"SYN00972","Go",259,0.175593220338983,2026-01-04,2026-07-04
"SYN00972","C#",256,0.173559322033898,2026-01-04,2026-07-04
"SYN00972","SQL",230,0.155932203389831,2026-01-04,2026-07-04
"SYN00973","TypeScript",89,0.153713298791019,2026-01-04,2026-07-04
"SYN00973","Python",102,0.176165803108808,2026-01-04,2026-07-04
"SYN00973","Java",96,0.16580310880829,2026-01-04,2026-07-04
"SYN00973","Go",96,0.16580310880829,2026-01-04,2026-07-04
"SYN00973","C#",94,0.162348877374784,2026-01-04,2026-07-04
"SYN00973","SQL",102,0.176165803108808,2026-01-04,2026-07-04
"SYN00974","TypeScript",11,0.174603174603175,2026-01-04,2026-07-04
"SYN00974","Python",10,0.158730158730159,2026-01-04,2026-07-04
"SYN00974","Java",10,0.158730158730159,2026-01-04,2026-07-04
"SYN00974","Go",10,0.158730158730159,2026-01-04,2026-07-04
"SYN00974","C#",11,0.174603174603175,2026-01-04,2026-07-04
"SYN00974","SQL",11,0.174603174603175,2026-01-04,2026-07-04
"SYN00975","TypeScript",112,0.163265306122449,2026-01-04,2026-07-04
"SYN00975","Python",113,0.164723032069971,2026-01-04,2026-07-04
"SYN00975","Java",112,0.163265306122449,2026-01-04,2026-07-04
"SYN00975","Go",113,0.164723032069971,2026-01-04,2026-07-04
"SYN00975","C#",113,0.164723032069971,2026-01-04,2026-07-04
"SYN00975","SQL",123,0.17930029154519,2026-01-04,2026-07-04
"SYN00976","TypeScript",19,0.162393162393162,2026-01-04,2026-07-04
"SYN00976","Python",22,0.188034188034188,2026-01-04,2026-07-04
"SYN00976","Java",22,0.188034188034188,2026-01-04,2026-07-04
"SYN00976","Go",17,0.145299145299145,2026-01-04,2026-07-04
"SYN00976","C#",15,0.128205128205128,2026-01-04,2026-07-04
"SYN00976","SQL",22,0.188034188034188,2026-01-04,2026-07-04
"SYN00977","TypeScript",43,0.14527027027027,2026-01-04,2026-07-04
"SYN00977","Python",61,0.206081081081081,2026-01-04,2026-07-04
"SYN00977","Java",44,0.148648648648649,2026-01-04,2026-07-04
"SYN00977","Go",50,0.168918918918919,2026-01-04,2026-07-04
"SYN00977","C#",49,0.165540540540541,2026-01-04,2026-07-04
"SYN00977","SQL",49,0.165540540540541,2026-01-04,2026-07-04
"SYN00978","TypeScript",140,0.162980209545984,2026-01-04,2026-07-04
"SYN00978","Python",143,0.166472642607683,2026-01-04,2026-07-04
"SYN00978","Java",151,0.175785797438882,2026-01-04,2026-07-04
"SYN00978","Go",164,0.190919674039581,2026-01-04,2026-07-04
"SYN00978","C#",135,0.157159487776484,2026-01-04,2026-07-04
"SYN00978","SQL",126,0.146682188591385,2026-01-04,2026-07-04
"SYN00979","TypeScript",150,0.140977443609023,2026-01-04,2026-07-04
"SYN00979","Python",195,0.183270676691729,2026-01-04,2026-07-04
"SYN00979","Java",167,0.156954887218045,2026-01-04,2026-07-04
"SYN00979","Go",193,0.181390977443609,2026-01-04,2026-07-04
"SYN00979","C#",165,0.155075187969925,2026-01-04,2026-07-04
"SYN00979","SQL",194,0.182330827067669,2026-01-04,2026-07-04
"SYN00980","TypeScript",100,0.157232704402516,2026-01-04,2026-07-04
"SYN00980","Python",108,0.169811320754717,2026-01-04,2026-07-04
"SYN00980","Java",101,0.158805031446541,2026-01-04,2026-07-04
"SYN00980","Go",104,0.163522012578616,2026-01-04,2026-07-04
"SYN00980","C#",107,0.168238993710692,2026-01-04,2026-07-04
"SYN00980","SQL",116,0.182389937106918,2026-01-04,2026-07-04
"SYN00981","TypeScript",182,0.1499176276771,2026-01-04,2026-07-04
"SYN00981","Python",191,0.157331136738056,2026-01-04,2026-07-04
"SYN00981","Java",230,0.189456342668863,2026-01-04,2026-07-04
"SYN00981","Go",197,0.162273476112026,2026-01-04,2026-07-04
"SYN00981","C#",198,0.163097199341021,2026-01-04,2026-07-04
"SYN00981","SQL",216,0.177924217462932,2026-01-04,2026-07-04
"SYN00982","TypeScript",491,0.163721240413471,2026-01-04,2026-07-04
"SYN00982","Python",517,0.172390796932311,2026-01-04,2026-07-04
"SYN00982","Java",487,0.162387462487496,2026-01-04,2026-07-04
"SYN00982","Go",479,0.159719906635545,2026-01-04,2026-07-04
"SYN00982","C#",515,0.171723907969323,2026-01-04,2026-07-04
"SYN00982","SQL",510,0.170056685561854,2026-01-04,2026-07-04
"SYN00983","TypeScript",43,0.172690763052209,2026-01-04,2026-07-04
"SYN00983","Python",41,0.164658634538153,2026-01-04,2026-07-04
"SYN00983","Java",47,0.188755020080321,2026-01-04,2026-07-04
"SYN00983","Go",38,0.152610441767068,2026-01-04,2026-07-04
"SYN00983","C#",49,0.196787148594378,2026-01-04,2026-07-04
"SYN00983","SQL",31,0.124497991967871,2026-01-04,2026-07-04
"SYN00984","TypeScript",215,0.13764404609475,2026-01-04,2026-07-04
"SYN00984","Python",267,0.170934699103713,2026-01-04,2026-07-04
"SYN00984","Java",281,0.179897567221511,2026-01-04,2026-07-04
"SYN00984","Go",264,0.169014084507042,2026-01-04,2026-07-04
"SYN00984","C#",267,0.170934699103713,2026-01-04,2026-07-04
"SYN00984","SQL",268,0.17157490396927,2026-01-04,2026-07-04
"SYN00985","TypeScript",51,0.188888888888889,2026-01-04,2026-07-04
"SYN00985","Python",43,0.159259259259259,2026-01-04,2026-07-04
"SYN00985","Java",43,0.159259259259259,2026-01-04,2026-07-04
"SYN00985","Go",38,0.140740740740741,2026-01-04,2026-07-04
"SYN00985","C#",48,0.177777777777778,2026-01-04,2026-07-04
"SYN00985","SQL",47,0.174074074074074,2026-01-04,2026-07-04
"SYN00986","TypeScript",149,0.161605206073753,2026-01-04,2026-07-04
"SYN00986","Python",182,0.197396963123644,2026-01-04,2026-07-04
"SYN00986","Java",135,0.146420824295011,2026-01-04,2026-07-04
"SYN00986","Go",153,0.165943600867679,2026-01-04,2026-07-04
"SYN00986","C#",148,0.160520607375271,2026-01-04,2026-07-04
"SYN00986","SQL",155,0.168112798264642,2026-01-04,2026-07-04
"SYN00987","TypeScript",153,0.15346038114343,2026-01-04,2026-07-04
"SYN00987","Python",157,0.157472417251755,2026-01-04,2026-07-04
"SYN00987","Java",169,0.16950852557673,2026-01-04,2026-07-04
"SYN00987","Go",197,0.197592778335005,2026-01-04,2026-07-04
"SYN00987","C#",147,0.147442326980943,2026-01-04,2026-07-04
"SYN00987","SQL",174,0.174523570712136,2026-01-04,2026-07-04
"SYN00988","TypeScript",74,0.170506912442396,2026-01-04,2026-07-04
"SYN00988","Python",92,0.211981566820276,2026-01-04,2026-07-04
"SYN00988","Java",67,0.154377880184332,2026-01-04,2026-07-04
"SYN00988","Go",59,0.135944700460829,2026-01-04,2026-07-04
"SYN00988","C#",74,0.170506912442396,2026-01-04,2026-07-04
"SYN00988","SQL",68,0.15668202764977,2026-01-04,2026-07-04
"SYN00989","TypeScript",25,0.189393939393939,2026-01-04,2026-07-04
"SYN00989","Python",21,0.159090909090909,2026-01-04,2026-07-04
"SYN00989","Java",20,0.151515151515152,2026-01-04,2026-07-04
"SYN00989","Go",21,0.159090909090909,2026-01-04,2026-07-04
"SYN00989","C#",23,0.174242424242424,2026-01-04,2026-07-04
"SYN00989","SQL",22,0.166666666666667,2026-01-04,2026-07-04
"SYN00990","TypeScript",58,0.188311688311688,2026-01-04,2026-07-04
"SYN00990","Python",46,0.149350649350649,2026-01-04,2026-07-04
"SYN00990","Java",51,0.165584415584416,2026-01-04,2026-07-04
"SYN00990","Go",44,0.142857142857143,2026-01-04,2026-07-04
"SYN00990","C#",59,0.191558441558442,2026-01-04,2026-07-04
"SYN00990","SQL",50,0.162337662337662,2026-01-04,2026-07-04
"SYN00991","TypeScript",250,0.14585764294049,2026-01-04,2026-07-04
"SYN00991","Python",289,0.168611435239207,2026-01-04,2026-07-04
"SYN00991","Java",274,0.159859976662777,2026-01-04,2026-07-04
"SYN00991","Go",308,0.179696616102684,2026-01-04,2026-07-04
"SYN00991","C#",298,0.173862310385064,2026-01-04,2026-07-04
"SYN00991","SQL",295,0.172112018669778,2026-01-04,2026-07-04
"SYN00992","TypeScript",20,0.127388535031847,2026-01-04,2026-07-04
"SYN00992","Python",25,0.159235668789809,2026-01-04,2026-07-04
"SYN00992","Java",28,0.178343949044586,2026-01-04,2026-07-04
"SYN00992","Go",26,0.165605095541401,2026-01-04,2026-07-04
"SYN00992","C#",23,0.146496815286624,2026-01-04,2026-07-04
"SYN00992","SQL",35,0.222929936305732,2026-01-04,2026-07-04
"SYN00993","TypeScript",629,0.170230040595399,2026-01-04,2026-07-04
"SYN00993","Python",647,0.17510148849797,2026-01-04,2026-07-04
"SYN00993","Java",608,0.164546684709066,2026-01-04,2026-07-04
"SYN00993","Go",590,0.159675236806495,2026-01-04,2026-07-04
"SYN00993","C#",617,0.166982408660352,2026-01-04,2026-07-04
"SYN00993","SQL",604,0.163464140730717,2026-01-04,2026-07-04
"SYN00994","TypeScript",64,0.180281690140845,2026-01-04,2026-07-04
"SYN00994","Python",54,0.152112676056338,2026-01-04,2026-07-04
"SYN00994","Java",52,0.146478873239437,2026-01-04,2026-07-04
"SYN00994","Go",66,0.185915492957746,2026-01-04,2026-07-04
"SYN00994","C#",67,0.188732394366197,2026-01-04,2026-07-04
"SYN00994","SQL",52,0.146478873239437,2026-01-04,2026-07-04
"SYN00995","TypeScript",40,0.12987012987013,2026-01-04,2026-07-04
"SYN00995","Python",55,0.178571428571429,2026-01-04,2026-07-04
"SYN00995","Java",45,0.146103896103896,2026-01-04,2026-07-04
"SYN00995","Go",60,0.194805194805195,2026-01-04,2026-07-04
"SYN00995","C#",51,0.165584415584416,2026-01-04,2026-07-04
"SYN00995","SQL",57,0.185064935064935,2026-01-04,2026-07-04
"SYN00996","TypeScript",180,0.167597765363128,2026-01-04,2026-07-04
"SYN00996","Python",196,0.182495344506518,2026-01-04,2026-07-04
"SYN00996","Java",192,0.17877094972067,2026-01-04,2026-07-04
"SYN00996","Go",176,0.163873370577281,2026-01-04,2026-07-04
"SYN00996","C#",173,0.161080074487896,2026-01-04,2026-07-04
"SYN00996","SQL",157,0.146182495344507,2026-01-04,2026-07-04
"SYN00997","TypeScript",171,0.171859296482412,2026-01-04,2026-07-04
"SYN00997","Python",152,0.152763819095477,2026-01-04,2026-07-04
"SYN00997","Java",166,0.166834170854271,2026-01-04,2026-07-04
"SYN00997","Go",169,0.169849246231156,2026-01-04,2026-07-04
"SYN00997","C#",156,0.15678391959799,2026-01-04,2026-07-04
"SYN00997","SQL",181,0.181909547738693,2026-01-04,2026-07-04
"SYN00998","TypeScript",600,0.166712975826619,2026-01-04,2026-07-04
"SYN00998","Python",591,0.164212281189219,2026-01-04,2026-07-04
"SYN00998","Java",617,0.171436510141706,2026-01-04,2026-07-04
"SYN00998","Go",634,0.176160044456794,2026-01-04,2026-07-04
"SYN00998","C#",559,0.155320922478466,2026-01-04,2026-07-04
"SYN00998","SQL",598,0.166157265907196,2026-01-04,2026-07-04
"SYN00999","TypeScript",140,0.174129353233831,2026-01-04,2026-07-04
"SYN00999","Python",148,0.18407960199005,2026-01-04,2026-07-04
"SYN00999","Java",132,0.164179104477612,2026-01-04,2026-07-04
"SYN00999","Go",129,0.16044776119403,2026-01-04,2026-07-04
"SYN00999","C#",127,0.157960199004975,2026-01-04,2026-07-04
"SYN00999","SQL",128,0.159203980099502,2026-01-04,2026-07-04
"SYN01000","TypeScript",246,0.174468085106383,2026-01-04,2026-07-04
"SYN01000","Python",229,0.162411347517731,2026-01-04,2026-07-04
"SYN01000","Java",237,0.168085106382979,2026-01-04,2026-07-04
"SYN01000","Go",254,0.180141843971631,2026-01-04,2026-07-04
"SYN01000","C#",208,0.147517730496454,2026-01-04,2026-07-04
"SYN01000","SQL",236,0.167375886524823,2026-01-04,2026-07-04
"SYN01001","TypeScript",87,0.156474820143885,2026-01-04,2026-07-04
"SYN01001","Python",88,0.158273381294964,2026-01-04,2026-07-04
"SYN01001","Java",102,0.183453237410072,2026-01-04,2026-07-04
"SYN01001","Go",80,0.143884892086331,2026-01-04,2026-07-04
"SYN01001","C#",106,0.190647482014388,2026-01-04,2026-07-04
"SYN01001","SQL",93,0.16726618705036,2026-01-04,2026-07-04
"SYN01002","TypeScript",144,0.166089965397924,2026-01-04,2026-07-04
"SYN01002","Python",153,0.176470588235294,2026-01-04,2026-07-04
"SYN01002","Java",144,0.166089965397924,2026-01-04,2026-07-04
"SYN01002","Go",160,0.184544405997693,2026-01-04,2026-07-04
"SYN01002","C#",124,0.143021914648212,2026-01-04,2026-07-04
"SYN01002","SQL",142,0.163783160322953,2026-01-04,2026-07-04
"SYN01004","TypeScript",52,0.178082191780822,2026-01-04,2026-07-04
"SYN01004","Python",52,0.178082191780822,2026-01-04,2026-07-04
"SYN01004","Java",45,0.154109589041096,2026-01-04,2026-07-04
"SYN01004","Go",43,0.147260273972603,2026-01-04,2026-07-04
"SYN01004","C#",56,0.191780821917808,2026-01-04,2026-07-04
"SYN01004","SQL",44,0.150684931506849,2026-01-04,2026-07-04
"SYN01005","TypeScript",59,0.149746192893401,2026-01-04,2026-07-04
"SYN01005","Python",67,0.17005076142132,2026-01-04,2026-07-04
"SYN01005","Java",65,0.16497461928934,2026-01-04,2026-07-04
"SYN01005","Go",69,0.175126903553299,2026-01-04,2026-07-04
"SYN01005","C#",79,0.200507614213198,2026-01-04,2026-07-04
"SYN01005","SQL",55,0.139593908629442,2026-01-04,2026-07-04
"SYN01006","TypeScript",195,0.181226765799257,2026-01-04,2026-07-04
"SYN01006","Python",180,0.16728624535316,2026-01-04,2026-07-04
"SYN01006","Java",169,0.157063197026022,2026-01-04,2026-07-04
"SYN01006","Go",179,0.16635687732342,2026-01-04,2026-07-04
"SYN01006","C#",189,0.175650557620818,2026-01-04,2026-07-04
"SYN01006","SQL",164,0.152416356877323,2026-01-04,2026-07-04
"SYN01007","TypeScript",571,0.166666666666667,2026-01-04,2026-07-04
"SYN01007","Python",573,0.167250437828371,2026-01-04,2026-07-04
"SYN01007","Java",581,0.16958552247519,2026-01-04,2026-07-04
"SYN01007","Go",546,0.159369527145359,2026-01-04,2026-07-04
"SYN01007","C#",562,0.164039696438996,2026-01-04,2026-07-04
"SYN01007","SQL",593,0.173088149445417,2026-01-04,2026-07-04
"SYN01008","TypeScript",57,0.161931818181818,2026-01-04,2026-07-04
"SYN01008","Python",68,0.193181818181818,2026-01-04,2026-07-04
"SYN01008","Java",51,0.144886363636364,2026-01-04,2026-07-04
"SYN01008","Go",54,0.153409090909091,2026-01-04,2026-07-04
"SYN01008","C#",60,0.170454545454545,2026-01-04,2026-07-04
"SYN01008","SQL",62,0.176136363636364,2026-01-04,2026-07-04
"SYN01011","TypeScript",476,0.178410794602699,2026-01-04,2026-07-04
"SYN01011","Python",445,0.166791604197901,2026-01-04,2026-07-04
"SYN01011","Java",475,0.178035982008996,2026-01-04,2026-07-04
"SYN01011","Go",459,0.172038980509745,2026-01-04,2026-07-04
"SYN01011","C#",436,0.163418290854573,2026-01-04,2026-07-04
"SYN01011","SQL",377,0.141304347826087,2026-01-04,2026-07-04
"SYN01014","TypeScript",173,0.174219536757301,2026-01-04,2026-07-04
"SYN01014","Python",182,0.183282980866062,2026-01-04,2026-07-04
"SYN01014","Java",146,0.147029204431017,2026-01-04,2026-07-04
"SYN01014","Go",170,0.171198388721047,2026-01-04,2026-07-04
"SYN01014","C#",168,0.169184290030211,2026-01-04,2026-07-04
"SYN01014","SQL",154,0.155085599194361,2026-01-04,2026-07-04
"SYN01015","TypeScript",295,0.169345579793341,2026-01-04,2026-07-04
"SYN01015","Python",291,0.167049368541906,2026-01-04,2026-07-04
"SYN01015","Java",291,0.167049368541906,2026-01-04,2026-07-04
"SYN01015","Go",296,0.1699196326062,2026-01-04,2026-07-04
"SYN01015","C#",285,0.163605051664753,2026-01-04,2026-07-04
"SYN01015","SQL",284,0.163030998851894,2026-01-04,2026-07-04
"SYN01018","TypeScript",256,0.168089297439265,2026-01-04,2026-07-04
"SYN01018","Python",252,0.165462902166776,2026-01-04,2026-07-04
"SYN01018","Java",248,0.162836506894288,2026-01-04,2026-07-04
"SYN01018","Go",273,0.179251477347341,2026-01-04,2026-07-04
"SYN01018","C#",242,0.158896913985555,2026-01-04,2026-07-04
"SYN01018","SQL",252,0.165462902166776,2026-01-04,2026-07-04
"SYN01019","TypeScript",449,0.165805022156573,2026-01-04,2026-07-04
"SYN01019","Python",476,0.175775480059084,2026-01-04,2026-07-04
"SYN01019","Java",440,0.162481536189069,2026-01-04,2026-07-04
"SYN01019","Go",459,0.169497784342688,2026-01-04,2026-07-04
"SYN01019","C#",437,0.161373707533235,2026-01-04,2026-07-04
"SYN01019","SQL",447,0.16506646971935,2026-01-04,2026-07-04
"SYN01020","TypeScript",9,0.272727272727273,2026-01-04,2026-07-04
"SYN01020","Python",7,0.212121212121212,2026-01-04,2026-07-04
"SYN01020","Java",3,0.0909090909090909,2026-01-04,2026-07-04
"SYN01020","Go",8,0.242424242424242,2026-01-04,2026-07-04
"SYN01020","C#",4,0.121212121212121,2026-01-04,2026-07-04
"SYN01020","SQL",2,0.0606060606060606,2026-01-04,2026-07-04
"SYN01021","TypeScript",2,0.08,2026-01-04,2026-07-04
"SYN01021","Python",4,0.16,2026-01-04,2026-07-04
"SYN01021","Java",3,0.12,2026-01-04,2026-07-04
"SYN01021","Go",3,0.12,2026-01-04,2026-07-04
"SYN01021","C#",6,0.24,2026-01-04,2026-07-04
"SYN01021","SQL",7,0.28,2026-01-04,2026-07-04
"SYN01022","TypeScript",247,0.177187948350072,2026-01-04,2026-07-04
"SYN01022","Python",233,0.167144906743185,2026-01-04,2026-07-04
"SYN01022","Java",230,0.164992826398852,2026-01-04,2026-07-04
"SYN01022","Go",211,0.151362984218077,2026-01-04,2026-07-04
"SYN01022","C#",219,0.157101865136298,2026-01-04,2026-07-04
"SYN01022","SQL",254,0.182209469153515,2026-01-04,2026-07-04
"SYN01023","TypeScript",111,0.152054794520548,2026-01-04,2026-07-04
"SYN01023","Python",139,0.19041095890411,2026-01-04,2026-07-04
"SYN01023","Java",133,0.182191780821918,2026-01-04,2026-07-04
"SYN01023","Go",122,0.167123287671233,2026-01-04,2026-07-04
"SYN01023","C#",119,0.163013698630137,2026-01-04,2026-07-04
"SYN01023","SQL",106,0.145205479452055,2026-01-04,2026-07-04
"SYN01024","TypeScript",332,0.16869918699187,2026-01-04,2026-07-04
"SYN01024","Python",357,0.18140243902439,2026-01-04,2026-07-04
"SYN01024","Java",319,0.162093495934959,2026-01-04,2026-07-04
"SYN01024","Go",322,0.163617886178862,2026-01-04,2026-07-04
"SYN01024","C#",320,0.16260162601626,2026-01-04,2026-07-04
"SYN01024","SQL",318,0.161585365853659,2026-01-04,2026-07-04
"SYN01025","TypeScript",1,0.1,2026-01-04,2026-07-04
"SYN01025","Python",3,0.3,2026-01-04,2026-07-04
"SYN01025","Java",2,0.2,2026-01-04,2026-07-04
"SYN01025","Go",2,0.2,2026-01-04,2026-07-04
"SYN01025","C#",1,0.1,2026-01-04,2026-07-04
"SYN01025","SQL",1,0.1,2026-01-04,2026-07-04
"SYN01026","TypeScript",73,0.210374639769452,2026-01-04,2026-07-04
"SYN01026","Python",51,0.146974063400576,2026-01-04,2026-07-04
"SYN01026","Java",69,0.198847262247839,2026-01-04,2026-07-04
"SYN01026","Go",65,0.187319884726225,2026-01-04,2026-07-04
"SYN01026","C#",44,0.126801152737752,2026-01-04,2026-07-04
"SYN01026","SQL",45,0.129682997118156,2026-01-04,2026-07-04
"SYN01027","TypeScript",18,0.189473684210526,2026-01-04,2026-07-04
"SYN01027","Python",17,0.178947368421053,2026-01-04,2026-07-04
"SYN01027","Java",18,0.189473684210526,2026-01-04,2026-07-04
"SYN01027","Go",15,0.157894736842105,2026-01-04,2026-07-04
"SYN01027","C#",14,0.147368421052632,2026-01-04,2026-07-04
"SYN01027","SQL",13,0.136842105263158,2026-01-04,2026-07-04
"SYN01028","TypeScript",327,0.166074149314373,2026-01-04,2026-07-04
"SYN01028","Python",296,0.150330116810564,2026-01-04,2026-07-04
"SYN01028","Java",339,0.172168613509396,2026-01-04,2026-07-04
"SYN01028","Go",330,0.167597765363128,2026-01-04,2026-07-04
"SYN01028","C#",331,0.16810563737938,2026-01-04,2026-07-04
"SYN01028","SQL",346,0.175723717623159,2026-01-04,2026-07-04
"SYN01029","TypeScript",10,0.222222222222222,2026-01-04,2026-07-04
"SYN01029","Python",5,0.111111111111111,2026-01-04,2026-07-04
"SYN01029","Java",8,0.177777777777778,2026-01-04,2026-07-04
"SYN01029","Go",8,0.177777777777778,2026-01-04,2026-07-04
"SYN01029","C#",8,0.177777777777778,2026-01-04,2026-07-04
"SYN01029","SQL",6,0.133333333333333,2026-01-04,2026-07-04
"SYN01031","TypeScript",166,0.169907881269191,2026-01-04,2026-07-04
"SYN01031","Python",172,0.176049129989765,2026-01-04,2026-07-04
"SYN01031","Java",151,0.154554759467758,2026-01-04,2026-07-04
"SYN01031","Go",169,0.172978505629478,2026-01-04,2026-07-04
"SYN01031","C#",167,0.17093142272262,2026-01-04,2026-07-04
"SYN01031","SQL",152,0.155578300921187,2026-01-04,2026-07-04
"SYN01033","TypeScript",27,0.158823529411765,2026-01-04,2026-07-04
"SYN01033","Python",21,0.123529411764706,2026-01-04,2026-07-04
"SYN01033","Java",28,0.164705882352941,2026-01-04,2026-07-04
"SYN01033","Go",29,0.170588235294118,2026-01-04,2026-07-04
"SYN01033","C#",33,0.194117647058824,2026-01-04,2026-07-04
"SYN01033","SQL",32,0.188235294117647,2026-01-04,2026-07-04
"SYN01034","TypeScript",49,0.155555555555556,2026-01-04,2026-07-04
"SYN01034","Python",61,0.193650793650794,2026-01-04,2026-07-04
"SYN01034","Java",48,0.152380952380952,2026-01-04,2026-07-04
"SYN01034","Go",47,0.149206349206349,2026-01-04,2026-07-04
"SYN01034","C#",47,0.149206349206349,2026-01-04,2026-07-04
"SYN01034","SQL",63,0.2,2026-01-04,2026-07-04
"SYN01035","TypeScript",155,0.176136363636364,2026-01-04,2026-07-04
"SYN01035","Python",156,0.177272727272727,2026-01-04,2026-07-04
"SYN01035","Java",135,0.153409090909091,2026-01-04,2026-07-04
"SYN01035","Go",149,0.169318181818182,2026-01-04,2026-07-04
"SYN01035","C#",148,0.168181818181818,2026-01-04,2026-07-04
"SYN01035","SQL",137,0.155681818181818,2026-01-04,2026-07-04
"SYN01036","TypeScript",18,0.305084745762712,2026-01-04,2026-07-04
"SYN01036","Python",4,0.0677966101694915,2026-01-04,2026-07-04
"SYN01036","Java",10,0.169491525423729,2026-01-04,2026-07-04
"SYN01036","Go",9,0.152542372881356,2026-01-04,2026-07-04
"SYN01036","C#",10,0.169491525423729,2026-01-04,2026-07-04
"SYN01036","SQL",8,0.135593220338983,2026-01-04,2026-07-04
"SYN01037","TypeScript",153,0.164516129032258,2026-01-04,2026-07-04
"SYN01037","Python",164,0.176344086021505,2026-01-04,2026-07-04
"SYN01037","Java",160,0.172043010752688,2026-01-04,2026-07-04
"SYN01037","Go",139,0.149462365591398,2026-01-04,2026-07-04
"SYN01037","C#",163,0.175268817204301,2026-01-04,2026-07-04
"SYN01037","SQL",151,0.162365591397849,2026-01-04,2026-07-04
"SYN01038","TypeScript",98,0.168096054888508,2026-01-04,2026-07-04
"SYN01038","Python",97,0.166380789022298,2026-01-04,2026-07-04
"SYN01038","Java",92,0.157804459691252,2026-01-04,2026-07-04
"SYN01038","Go",105,0.180102915951973,2026-01-04,2026-07-04
"SYN01038","C#",94,0.161234991423671,2026-01-04,2026-07-04
"SYN01038","SQL",97,0.166380789022298,2026-01-04,2026-07-04
"SYN01040","TypeScript",4,0.0909090909090909,2026-01-04,2026-07-04
"SYN01040","Python",6,0.136363636363636,2026-01-04,2026-07-04
"SYN01040","Java",7,0.159090909090909,2026-01-04,2026-07-04
"SYN01040","Go",10,0.227272727272727,2026-01-04,2026-07-04
"SYN01040","C#",10,0.227272727272727,2026-01-04,2026-07-04
"SYN01040","SQL",7,0.159090909090909,2026-01-04,2026-07-04
"SYN01041","TypeScript",25,0.135135135135135,2026-01-04,2026-07-04
"SYN01041","Python",26,0.140540540540541,2026-01-04,2026-07-04
"SYN01041","Java",27,0.145945945945946,2026-01-04,2026-07-04
"SYN01041","Go",37,0.2,2026-01-04,2026-07-04
"SYN01041","C#",39,0.210810810810811,2026-01-04,2026-07-04
"SYN01041","SQL",31,0.167567567567568,2026-01-04,2026-07-04
"SYN01042","TypeScript",203,0.17854001759015,2026-01-04,2026-07-04
"SYN01042","Python",205,0.180299032541777,2026-01-04,2026-07-04
"SYN01042","Java",179,0.157431838170624,2026-01-04,2026-07-04
"SYN01042","Go",158,0.13896218117854,2026-01-04,2026-07-04
"SYN01042","C#",187,0.164467897977133,2026-01-04,2026-07-04
"SYN01042","SQL",205,0.180299032541777,2026-01-04,2026-07-04
"SYN01043","TypeScript",193,0.176578225068618,2026-01-04,2026-07-04
"SYN01043","Python",161,0.147301006404392,2026-01-04,2026-07-04
"SYN01043","Java",188,0.172003659652333,2026-01-04,2026-07-04
"SYN01043","Go",183,0.167429094236048,2026-01-04,2026-07-04
"SYN01043","C#",185,0.169258920402562,2026-01-04,2026-07-04
"SYN01043","SQL",183,0.167429094236048,2026-01-04,2026-07-04
"SYN01044","TypeScript",86,0.146258503401361,2026-01-04,2026-07-04
"SYN01044","Python",90,0.153061224489796,2026-01-04,2026-07-04
"SYN01044","Java",90,0.153061224489796,2026-01-04,2026-07-04
"SYN01044","Go",109,0.185374149659864,2026-01-04,2026-07-04
"SYN01044","C#",108,0.183673469387755,2026-01-04,2026-07-04
"SYN01044","SQL",105,0.178571428571429,2026-01-04,2026-07-04
"SYN01045","TypeScript",180,0.157618213660245,2026-01-04,2026-07-04
"SYN01045","Python",215,0.188266199649737,2026-01-04,2026-07-04
"SYN01045","Java",207,0.181260945709282,2026-01-04,2026-07-04
"SYN01045","Go",167,0.146234676007005,2026-01-04,2026-07-04
"SYN01045","C#",189,0.165499124343257,2026-01-04,2026-07-04
"SYN01045","SQL",184,0.161120840630473,2026-01-04,2026-07-04
"SYN01046","TypeScript",748,0.163640341281995,2026-01-04,2026-07-04
"SYN01046","Python",774,0.169328374535113,2026-01-04,2026-07-04
"SYN01046","Java",775,0.169547145044848,2026-01-04,2026-07-04
"SYN01046","Go",752,0.164515423320936,2026-01-04,2026-07-04
"SYN01046","C#",787,0.172172391161671,2026-01-04,2026-07-04
"SYN01046","SQL",735,0.160796324655436,2026-01-04,2026-07-04
"SYN01047","TypeScript",8,0.296296296296296,2026-01-04,2026-07-04
"SYN01047","Python",1,0.037037037037037,2026-01-04,2026-07-04
"SYN01047","Java",4,0.148148148148148,2026-01-04,2026-07-04
"SYN01047","Go",4,0.148148148148148,2026-01-04,2026-07-04
"SYN01047","C#",7,0.259259259259259,2026-01-04,2026-07-04
"SYN01047","SQL",3,0.111111111111111,2026-01-04,2026-07-04
"SYN01048","TypeScript",203,0.176521739130435,2026-01-04,2026-07-04
"SYN01048","Python",188,0.163478260869565,2026-01-04,2026-07-04
"SYN01048","Java",204,0.177391304347826,2026-01-04,2026-07-04
"SYN01048","Go",179,0.155652173913043,2026-01-04,2026-07-04
"SYN01048","C#",184,0.16,2026-01-04,2026-07-04
"SYN01048","SQL",192,0.16695652173913,2026-01-04,2026-07-04
"SYN01049","TypeScript",252,0.163530175210902,2026-01-04,2026-07-04
"SYN01049","Python",275,0.17845554834523,2026-01-04,2026-07-04
"SYN01049","Java",244,0.158338741077223,2026-01-04,2026-07-04
"SYN01049","Go",282,0.1829980532122,2026-01-04,2026-07-04
"SYN01049","C#",227,0.147306943543154,2026-01-04,2026-07-04
"SYN01049","SQL",261,0.169370538611291,2026-01-04,2026-07-04
"SYN01050","TypeScript",381,0.15724308708213,2026-01-04,2026-07-04
"SYN01050","Python",441,0.182005777961205,2026-01-04,2026-07-04
"SYN01050","Java",392,0.161782913743293,2026-01-04,2026-07-04
"SYN01050","Go",418,0.172513413124226,2026-01-04,2026-07-04
"SYN01050","C#",400,0.165084605860503,2026-01-04,2026-07-04
"SYN01050","SQL",391,0.161370202228642,2026-01-04,2026-07-04
"SYN01051","TypeScript",26,0.167741935483871,2026-01-04,2026-07-04
"SYN01051","Python",32,0.206451612903226,2026-01-04,2026-07-04
"SYN01051","Java",24,0.154838709677419,2026-01-04,2026-07-04
"SYN01051","Go",19,0.12258064516129,2026-01-04,2026-07-04
"SYN01051","C#",22,0.141935483870968,2026-01-04,2026-07-04
"SYN01051","SQL",32,0.206451612903226,2026-01-04,2026-07-04
"SYN01053","TypeScript",113,0.173047473200613,2026-01-04,2026-07-04
"SYN01053","Python",94,0.143950995405819,2026-01-04,2026-07-04
"SYN01053","Java",109,0.166921898928025,2026-01-04,2026-07-04
"SYN01053","Go",122,0.186830015313936,2026-01-04,2026-07-04
"SYN01053","C#",109,0.166921898928025,2026-01-04,2026-07-04
"SYN01053","SQL",106,0.162327718223583,2026-01-04,2026-07-04
"SYN01054","TypeScript",111,0.180781758957655,2026-01-04,2026-07-04
"SYN01054","Python",90,0.146579804560261,2026-01-04,2026-07-04
"SYN01054","Java",92,0.149837133550489,2026-01-04,2026-07-04
"SYN01054","Go",115,0.187296416938111,2026-01-04,2026-07-04
"SYN01054","C#",106,0.172638436482085,2026-01-04,2026-07-04
"SYN01054","SQL",100,0.162866449511401,2026-01-04,2026-07-04
"SYN01055","TypeScript",163,0.176406926406926,2026-01-04,2026-07-04
"SYN01055","Python",147,0.159090909090909,2026-01-04,2026-07-04
"SYN01055","Java",169,0.182900432900433,2026-01-04,2026-07-04
"SYN01055","Go",125,0.135281385281385,2026-01-04,2026-07-04
"SYN01055","C#",158,0.170995670995671,2026-01-04,2026-07-04
"SYN01055","SQL",162,0.175324675324675,2026-01-04,2026-07-04
"SYN01056","TypeScript",70,0.155555555555556,2026-01-04,2026-07-04
"SYN01056","Python",71,0.157777777777778,2026-01-04,2026-07-04
"SYN01056","Java",86,0.191111111111111,2026-01-04,2026-07-04
"SYN01056","Go",84,0.186666666666667,2026-01-04,2026-07-04
"SYN01056","C#",85,0.188888888888889,2026-01-04,2026-07-04
"SYN01056","SQL",54,0.12,2026-01-04,2026-07-04
"SYN01057","TypeScript",398,0.166318428750522,2026-01-04,2026-07-04
"SYN01057","Python",384,0.160468031759298,2026-01-04,2026-07-04
"SYN01057","Java",390,0.162975344755537,2026-01-04,2026-07-04
"SYN01057","Go",415,0.173422482239866,2026-01-04,2026-07-04
"SYN01057","C#",384,0.160468031759298,2026-01-04,2026-07-04
"SYN01057","SQL",422,0.176347680735478,2026-01-04,2026-07-04
"SYN01058","TypeScript",325,0.164890918315576,2026-01-04,2026-07-04
"SYN01058","Python",330,0.167427701674277,2026-01-04,2026-07-04
"SYN01058","Java",304,0.154236428209031,2026-01-04,2026-07-04
"SYN01058","Go",366,0.185692541856925,2026-01-04,2026-07-04
"SYN01058","C#",337,0.170979198376459,2026-01-04,2026-07-04
"SYN01058","SQL",309,0.156773211567732,2026-01-04,2026-07-04
"SYN01059","TypeScript",92,0.137724550898204,2026-01-04,2026-07-04
"SYN01059","Python",103,0.154191616766467,2026-01-04,2026-07-04
"SYN01059","Java",124,0.18562874251497,2026-01-04,2026-07-04
"SYN01059","Go",117,0.175149700598802,2026-01-04,2026-07-04
"SYN01059","C#",109,0.163173652694611,2026-01-04,2026-07-04
"SYN01059","SQL",123,0.184131736526946,2026-01-04,2026-07-04
"SYN01060","TypeScript",134,0.168341708542714,2026-01-04,2026-07-04
"SYN01060","Python",122,0.153266331658291,2026-01-04,2026-07-04
"SYN01060","Java",127,0.159547738693467,2026-01-04,2026-07-04
"SYN01060","Go",162,0.203517587939698,2026-01-04,2026-07-04
"SYN01060","C#",116,0.14572864321608,2026-01-04,2026-07-04
"SYN01060","SQL",135,0.169597989949749,2026-01-04,2026-07-04
"SYN01061","TypeScript",5,0.166666666666667,2026-01-04,2026-07-04
"SYN01061","Python",1,0.0333333333333333,2026-01-04,2026-07-04
"SYN01061","Java",4,0.133333333333333,2026-01-04,2026-07-04
"SYN01061","Go",3,0.1,2026-01-04,2026-07-04
"SYN01061","C#",9,0.3,2026-01-04,2026-07-04
"SYN01061","SQL",8,0.266666666666667,2026-01-04,2026-07-04
"SYN01062","TypeScript",1,0.05,2026-01-04,2026-07-04
"SYN01062","Python",4,0.2,2026-01-04,2026-07-04
"SYN01062","Java",2,0.1,2026-01-04,2026-07-04
"SYN01062","Go",5,0.25,2026-01-04,2026-07-04
"SYN01062","C#",3,0.15,2026-01-04,2026-07-04
"SYN01062","SQL",5,0.25,2026-01-04,2026-07-04
"SYN01063","TypeScript",301,0.16796875,2026-01-04,2026-07-04
"SYN01063","Python",279,0.155691964285714,2026-01-04,2026-07-04
"SYN01063","Java",294,0.1640625,2026-01-04,2026-07-04
"SYN01063","Go",315,0.17578125,2026-01-04,2026-07-04
"SYN01063","C#",283,0.157924107142857,2026-01-04,2026-07-04
"SYN01063","SQL",320,0.178571428571429,2026-01-04,2026-07-04
"SYN01065","TypeScript",2,0.0645161290322581,2026-01-04,2026-07-04
"SYN01065","Python",10,0.32258064516129,2026-01-04,2026-07-04
"SYN01065","Java",5,0.161290322580645,2026-01-04,2026-07-04
"SYN01065","Go",4,0.129032258064516,2026-01-04,2026-07-04
"SYN01065","C#",5,0.161290322580645,2026-01-04,2026-07-04
"SYN01065","SQL",5,0.161290322580645,2026-01-04,2026-07-04
"SYN01066","TypeScript",233,0.163051084674598,2026-01-04,2026-07-04
"SYN01066","Python",263,0.184044786564031,2026-01-04,2026-07-04
"SYN01066","Java",238,0.166550034989503,2026-01-04,2026-07-04
"SYN01066","Go",243,0.170048985304409,2026-01-04,2026-07-04
"SYN01066","C#",236,0.165150454863541,2026-01-04,2026-07-04
"SYN01066","SQL",216,0.151154653603919,2026-01-04,2026-07-04
"SYN01067","TypeScript",70,0.172839506172839,2026-01-04,2026-07-04
"SYN01067","Python",72,0.177777777777778,2026-01-04,2026-07-04
"SYN01067","Java",61,0.150617283950617,2026-01-04,2026-07-04
"SYN01067","Go",69,0.17037037037037,2026-01-04,2026-07-04
"SYN01067","C#",68,0.167901234567901,2026-01-04,2026-07-04
"SYN01067","SQL",65,0.160493827160494,2026-01-04,2026-07-04
"SYN01069","TypeScript",336,0.17527386541471,2026-01-04,2026-07-04
"SYN01069","Python",333,0.173708920187793,2026-01-04,2026-07-04
"SYN01069","Java",324,0.169014084507042,2026-01-04,2026-07-04
"SYN01069","Go",295,0.153886280646844,2026-01-04,2026-07-04
"SYN01069","C#",324,0.169014084507042,2026-01-04,2026-07-04
"SYN01069","SQL",305,0.159102764736568,2026-01-04,2026-07-04
"SYN01070","TypeScript",638,0.175322890904095,2026-01-04,2026-07-04
"SYN01070","Python",587,0.161308051662545,2026-01-04,2026-07-04
"SYN01070","Java",655,0.179994503984611,2026-01-04,2026-07-04
"SYN01070","Go",582,0.159934047815334,2026-01-04,2026-07-04
"SYN01070","C#",578,0.158834844737565,2026-01-04,2026-07-04
"SYN01070","SQL",599,0.164605660895851,2026-01-04,2026-07-04
"SYN01071","TypeScript",48,0.159468438538206,2026-01-04,2026-07-04
"SYN01071","Python",46,0.152823920265781,2026-01-04,2026-07-04
"SYN01071","Java",58,0.192691029900332,2026-01-04,2026-07-04
"SYN01071","Go",46,0.152823920265781,2026-01-04,2026-07-04
"SYN01071","C#",46,0.152823920265781,2026-01-04,2026-07-04
"SYN01071","SQL",57,0.18936877076412,2026-01-04,2026-07-04
"SYN01072","TypeScript",18,0.209302325581395,2026-01-04,2026-07-04
"SYN01072","Python",13,0.151162790697674,2026-01-04,2026-07-04
"SYN01072","Java",16,0.186046511627907,2026-01-04,2026-07-04
"SYN01072","Go",6,0.0697674418604651,2026-01-04,2026-07-04
"SYN01072","C#",20,0.232558139534884,2026-01-04,2026-07-04
"SYN01072","SQL",13,0.151162790697674,2026-01-04,2026-07-04
"SYN01073","TypeScript",287,0.169121979964643,2026-01-04,2026-07-04
"SYN01073","Python",253,0.149086623453153,2026-01-04,2026-07-04
"SYN01073","Java",287,0.169121979964643,2026-01-04,2026-07-04
"SYN01073","Go",298,0.175604007071302,2026-01-04,2026-07-04
"SYN01073","C#",267,0.157336476134355,2026-01-04,2026-07-04
"SYN01073","SQL",305,0.179728933411903,2026-01-04,2026-07-04
"SYN01074","TypeScript",21,0.212121212121212,2026-01-04,2026-07-04
"SYN01074","Python",15,0.151515151515152,2026-01-04,2026-07-04
"SYN01074","Java",15,0.151515151515152,2026-01-04,2026-07-04
"SYN01074","Go",16,0.161616161616162,2026-01-04,2026-07-04
"SYN01074","C#",21,0.212121212121212,2026-01-04,2026-07-04
"SYN01074","SQL",11,0.111111111111111,2026-01-04,2026-07-04
"SYN01075","TypeScript",81,0.184090909090909,2026-01-04,2026-07-04
"SYN01075","Python",66,0.15,2026-01-04,2026-07-04
"SYN01075","Java",71,0.161363636363636,2026-01-04,2026-07-04
"SYN01075","Go",74,0.168181818181818,2026-01-04,2026-07-04
"SYN01075","C#",68,0.154545454545455,2026-01-04,2026-07-04
"SYN01075","SQL",80,0.181818181818182,2026-01-04,2026-07-04
"SYN01076","TypeScript",0,0,2026-01-04,2026-07-04
"SYN01076","Python",2,0.25,2026-01-04,2026-07-04
"SYN01076","Java",0,0,2026-01-04,2026-07-04
"SYN01076","Go",2,0.25,2026-01-04,2026-07-04
"SYN01076","C#",3,0.375,2026-01-04,2026-07-04
"SYN01076","SQL",1,0.125,2026-01-04,2026-07-04
"SYN01077","TypeScript",2,0.142857142857143,2026-01-04,2026-07-04
"SYN01077","Python",2,0.142857142857143,2026-01-04,2026-07-04
"SYN01077","Java",4,0.285714285714286,2026-01-04,2026-07-04
"SYN01077","Go",2,0.142857142857143,2026-01-04,2026-07-04
"SYN01077","C#",2,0.142857142857143,2026-01-04,2026-07-04
"SYN01077","SQL",2,0.142857142857143,2026-01-04,2026-07-04
"SYN01078","TypeScript",584,0.166714244932915,2026-01-04,2026-07-04
"SYN01078","Python",601,0.171567228090208,2026-01-04,2026-07-04
"SYN01078","Java",579,0.165286896945475,2026-01-04,2026-07-04
"SYN01078","Go",534,0.152440765058521,2026-01-04,2026-07-04
"SYN01078","C#",590,0.168427062517842,2026-01-04,2026-07-04
"SYN01078","SQL",615,0.175563802455039,2026-01-04,2026-07-04
"SYN01080","TypeScript",139,0.19041095890411,2026-01-04,2026-07-04
"SYN01080","Python",124,0.16986301369863,2026-01-04,2026-07-04
"SYN01080","Java",107,0.146575342465753,2026-01-04,2026-07-04
"SYN01080","Go",110,0.150684931506849,2026-01-04,2026-07-04
"SYN01080","C#",120,0.164383561643836,2026-01-04,2026-07-04
"SYN01080","SQL",130,0.178082191780822,2026-01-04,2026-07-04
