"PersonId","Model","Suggestions","Share","PeriodStart","PeriodEnd"
"SYN00001","Model A",54,0.352941176470588,2026-01-04,2026-07-04
"SYN00001","Model B",48,0.313725490196078,2026-01-04,2026-07-04
"SYN00001","Model C",51,0.333333333333333,2026-01-04,2026-07-04
"SYN00002","Model A",10,0.454545454545455,2026-01-04,2026-07-04
"SYN00002","Model B",6,0.272727272727273,2026-01-04,2026-07-04
"SYN00002","Model C",6,0.272727272727273,2026-01-04,2026-07-04
"SYN00003","Model A",5,0.357142857142857,2026-01-04,2026-07-04
"SYN00003","Model B",6,0.428571428571429,2026-01-04,2026-07-04
"SYN00003","Model C",3,0.214285714285714,2026-01-04,2026-07-04
"SYN00004","Model A",157,0.314,2026-01-04,2026-07-04
"SYN00004","Model B",173,0.346,2026-01-04,2026-07-04
"SYN00004","Model C",170,0.34,2026-01-04,2026-07-04
"SYN00005","Model A",473,0.338825214899713,2026-01-04,2026-07-04
"SYN00005","Model B",465,0.333094555873926,2026-01-04,2026-07-04
"SYN00005","Model C",458,0.328080229226361,2026-01-04,2026-07-04
"SYN00006","Model A",93,0.385892116182573,2026-01-04,2026-07-04
"SYN00006","Model B",84,0.348547717842324,2026-01-04,2026-07-04
"SYN00006","Model C",64,0.265560165975104,2026-01-04,2026-07-04
"SYN00008","Model A",237,0.334273624823695,2026-01-04,2026-07-04
"SYN00008","Model B",220,0.310296191819464,2026-01-04,2026-07-04
"SYN00008","Model C",252,0.355430183356841,2026-01-04,2026-07-04
"SYN00009","Model A",432,0.319763138415988,2026-01-04,2026-07-04
"SYN00009","Model B",443,0.327905255366395,2026-01-04,2026-07-04
"SYN00009","Model C",476,0.352331606217617,2026-01-04,2026-07-04
"SYN00010","Model A",613,0.31243628950051,2026-01-04,2026-07-04
"SYN00010","Model B",685,0.349133537206932,2026-01-04,2026-07-04
"SYN00010","Model C",664,0.338430173292559,2026-01-04,2026-07-04
"SYN00012","Model A",155,0.349887133182844,2026-01-04,2026-07-04
"SYN00012","Model B",139,0.313769751693002,2026-01-04,2026-07-04
"SYN00012","Model C",149,0.336343115124153,2026-01-04,2026-07-04
"SYN00014","Model A",591,0.35623869801085,2026-01-04,2026-07-04
"SYN00014","Model B",533,0.321277878239904,2026-01-04,2026-07-04
"SYN00014","Model C",535,0.322483423749247,2026-01-04,2026-07-04
"SYN00015","Model A",687,0.337924249877029,2026-01-04,2026-07-04
"SYN00015","Model B",647,0.31824889326119,2026-01-04,2026-07-04
"SYN00015","Model C",699,0.343826856861781,2026-01-04,2026-07-04
"SYN00016","Model A",1050,0.345735923608824,2026-01-04,2026-07-04
"SYN00016","Model B",1001,0.329601580507079,2026-01-04,2026-07-04
"SYN00016","Model C",986,0.324662495884096,2026-01-04,2026-07-04
"SYN00018","Model A",196,0.358974358974359,2026-01-04,2026-07-04
"SYN00018","Model B",159,0.291208791208791,2026-01-04,2026-07-04
"SYN00018","Model C",191,0.34981684981685,2026-01-04,2026-07-04
"SYN00019","Model A",371,0.35,2026-01-04,2026-07-04
"SYN00019","Model B",339,0.319811320754717,2026-01-04,2026-07-04
"SYN00019","Model C",350,0.330188679245283,2026-01-04,2026-07-04
"SYN00020","Model A",4,0.181818181818182,2026-01-04,2026-07-04
"SYN00020","Model B",10,0.454545454545455,2026-01-04,2026-07-04
"SYN00020","Model C",8,0.363636363636364,2026-01-04,2026-07-04
"SYN00021","Model A",83,0.377272727272727,2026-01-04,2026-07-04
"SYN00021","Model B",59,0.268181818181818,2026-01-04,2026-07-04
"SYN00021","Model C",78,0.354545454545455,2026-01-04,2026-07-04
"SYN00022","Model A",816,0.326008789452657,2026-01-04,2026-07-04
"SYN00022","Model B",841,0.335996803835398,2026-01-04,2026-07-04
"SYN00022","Model C",846,0.337994406711946,2026-01-04,2026-07-04
"SYN00024","Model A",329,0.329659318637275,2026-01-04,2026-07-04
"SYN00024","Model B",308,0.308617234468938,2026-01-04,2026-07-04
"SYN00024","Model C",361,0.361723446893788,2026-01-04,2026-07-04
"SYN00025","Model A",16,0.25,2026-01-04,2026-07-04
"SYN00025","Model B",18,0.28125,2026-01-04,2026-07-04
"SYN00025","Model C",30,0.46875,2026-01-04,2026-07-04
"SYN00026","Model A",248,0.318356867779204,2026-01-04,2026-07-04
"SYN00026","Model B",266,0.341463414634146,2026-01-04,2026-07-04
"SYN00026","Model C",265,0.34017971758665,2026-01-04,2026-07-04
"SYN00027","Model A",129,0.347708894878706,2026-01-04,2026-07-04
"SYN00027","Model B",115,0.309973045822102,2026-01-04,2026-07-04
"SYN00027","Model C",127,0.342318059299191,2026-01-04,2026-07-04
"SYN00028","Model A",167,0.307550644567219,2026-01-04,2026-07-04
"SYN00028","Model B",195,0.359116022099448,2026-01-04,2026-07-04
"SYN00028","Model C",181,0.333333333333333,2026-01-04,2026-07-04
"SYN00029","Model A",439,0.338212634822804,2026-01-04,2026-07-04
"SYN00029","Model B",424,0.326656394453005,2026-01-04,2026-07-04
"SYN00029","Model C",435,0.335130970724191,2026-01-04,2026-07-04
"SYN00030","Model A",641,0.333506763787721,2026-01-04,2026-07-04
"SYN00030","Model B",664,0.345473465140479,2026-01-04,2026-07-04
"SYN00030","Model C",617,0.3210197710718,2026-01-04,2026-07-04
"SYN00031","Model A",351,0.318801089918256,2026-01-04,2026-07-04
"SYN00031","Model B",382,0.346957311534968,2026-01-04,2026-07-04
"SYN00031","Model C",368,0.334241598546776,2026-01-04,2026-07-04
"SYN00033","Model A",44,0.4,2026-01-04,2026-07-04
"SYN00033","Model B",36,0.327272727272727,2026-01-04,2026-07-04
"SYN00033","Model C",30,0.272727272727273,2026-01-04,2026-07-04
"SYN00034","Model A",459,0.323011963406052,2026-01-04,2026-07-04
"SYN00034","Model B",491,0.345531315974666,2026-01-04,2026-07-04
"SYN00034","Model C",471,0.331456720619282,2026-01-04,2026-07-04
"SYN00036","Model A",677,0.335813492063492,2026-01-04,2026-07-04
"SYN00036","Model B",701,0.347718253968254,2026-01-04,2026-07-04
"SYN00036","Model C",638,0.316468253968254,2026-01-04,2026-07-04
"SYN00037","Model A",89,0.343629343629344,2026-01-04,2026-07-04
"SYN00037","Model B",81,0.312741312741313,2026-01-04,2026-07-04
"SYN00037","Model C",89,0.343629343629344,2026-01-04,2026-07-04
"SYN00038","Model A",329,0.355675675675676,2026-01-04,2026-07-04
"SYN00038","Model B",285,0.308108108108108,2026-01-04,2026-07-04
"SYN00038","Model C",311,0.336216216216216,2026-01-04,2026-07-04
"SYN00039","Model A",272,0.332112332112332,2026-01-04,2026-07-04
"SYN00039","Model B",279,0.340659340659341,2026-01-04,2026-07-04
"SYN00039","Model C",268,0.327228327228327,2026-01-04,2026-07-04
"SYN00040","Model A",122,0.317708333333333,2026-01-04,2026-07-04
"SYN00040","Model B",132,0.34375,2026-01-04,2026-07-04
"SYN00040","Model C",130,0.338541666666667,2026-01-04,2026-07-04
"SYN00041","Model A",191,0.342293906810036,2026-01-04,2026-07-04
"SYN00041","Model B",168,0.301075268817204,2026-01-04,2026-07-04
"SYN00041","Model C",199,0.35663082437276,2026-01-04,2026-07-04
"SYN00042","Model A",128,0.371014492753623,2026-01-04,2026-07-04
"SYN00042","Model B",116,0.336231884057971,2026-01-04,2026-07-04
"SYN00042","Model C",101,0.292753623188406,2026-01-04,2026-07-04
"SYN00043","Model A",521,0.346179401993356,2026-01-04,2026-07-04
"SYN00043","Model B",474,0.314950166112957,2026-01-04,2026-07-04
"SYN00043","Model C",510,0.338870431893688,2026-01-04,2026-07-04
"SYN00044","Model A",1319,0.337081523128035,2026-01-04,2026-07-04
"SYN00044","Model B",1284,0.32813697929977,2026-01-04,2026-07-04
"SYN00044","Model C",1310,0.334781497572195,2026-01-04,2026-07-04
"SYN00045","Model A",660,0.326409495548961,2026-01-04,2026-07-04
"SYN00045","Model B",688,0.340257171117705,2026-01-04,2026-07-04
"SYN00045","Model C",674,0.333333333333333,2026-01-04,2026-07-04
"SYN00046","Model A",109,0.352750809061489,2026-01-04,2026-07-04
"SYN00046","Model B",104,0.336569579288026,2026-01-04,2026-07-04
"SYN00046","Model C",96,0.310679611650485,2026-01-04,2026-07-04
"SYN00047","Model A",49,0.320261437908497,2026-01-04,2026-07-04
"SYN00047","Model B",52,0.339869281045752,2026-01-04,2026-07-04
"SYN00047","Model C",52,0.339869281045752,2026-01-04,2026-07-04
"SYN00048","Model A",129,0.313106796116505,2026-01-04,2026-07-04
"SYN00048","Model B",148,0.359223300970874,2026-01-04,2026-07-04
"SYN00048","Model C",135,0.327669902912621,2026-01-04,2026-07-04
"SYN00051","Model A",163,0.366292134831461,2026-01-04,2026-07-04
"SYN00051","Model B",137,0.307865168539326,2026-01-04,2026-07-04
"SYN00051","Model C",145,0.325842696629214,2026-01-04,2026-07-04
"SYN00052","Model A",125,0.368731563421829,2026-01-04,2026-07-04
"SYN00052","Model B",113,0.333333333333333,2026-01-04,2026-07-04
"SYN00052","Model C",101,0.297935103244838,2026-01-04,2026-07-04
"SYN00053","Model A",83,0.325490196078431,2026-01-04,2026-07-04
"SYN00053","Model B",81,0.317647058823529,2026-01-04,2026-07-04
"SYN00053","Model C",91,0.356862745098039,2026-01-04,2026-07-04
"SYN00054","Model A",762,0.322881355932203,2026-01-04,2026-07-04
"SYN00054","Model B",792,0.335593220338983,2026-01-04,2026-07-04
"SYN00054","Model C",806,0.341525423728814,2026-01-04,2026-07-04
"SYN00055","Model A",1749,0.339150668993601,2026-01-04,2026-07-04
"SYN00055","Model B",1695,0.328679464805119,2026-01-04,2026-07-04
"SYN00055","Model C",1713,0.33216986620128,2026-01-04,2026-07-04
"SYN00056","Model A",633,0.346849315068493,2026-01-04,2026-07-04
"SYN00056","Model B",606,0.332054794520548,2026-01-04,2026-07-04
"SYN00056","Model C",586,0.321095890410959,2026-01-04,2026-07-04
"SYN00057","Model A",496,0.330226364846871,2026-01-04,2026-07-04
"SYN00057","Model B",487,0.324234354194407,2026-01-04,2026-07-04
"SYN00057","Model C",519,0.345539280958722,2026-01-04,2026-07-04
"SYN00058","Model A",199,0.341337907375643,2026-01-04,2026-07-04
"SYN00058","Model B",191,0.327615780445969,2026-01-04,2026-07-04
"SYN00058","Model C",193,0.331046312178388,2026-01-04,2026-07-04
"SYN00059","Model A",625,0.33476164970541,2026-01-04,2026-07-04
"SYN00059","Model B",599,0.320835565077665,2026-01-04,2026-07-04
"SYN00059","Model C",643,0.344402785216926,2026-01-04,2026-07-04
"SYN00060","Model A",18,0.321428571428571,2026-01-04,2026-07-04
"SYN00060","Model B",17,0.303571428571429,2026-01-04,2026-07-04
"SYN00060","Model C",21,0.375,2026-01-04,2026-07-04
"SYN00061","Model A",488,0.320841551610782,2026-01-04,2026-07-04
"SYN00061","Model B",510,0.335305719921105,2026-01-04,2026-07-04
"SYN00061","Model C",523,0.343852728468113,2026-01-04,2026-07-04
"SYN00062","Model A",209,0.330696202531646,2026-01-04,2026-07-04
"SYN00062","Model B",197,0.311708860759494,2026-01-04,2026-07-04
"SYN00062","Model C",226,0.357594936708861,2026-01-04,2026-07-04
"SYN00063","Model A",173,0.385300668151448,2026-01-04,2026-07-04
"SYN00063","Model B",133,0.296213808463252,2026-01-04,2026-07-04
"SYN00063","Model C",143,0.318485523385301,2026-01-04,2026-07-04
"SYN00064","Model A",209,0.336553945249597,2026-01-04,2026-07-04
"SYN00064","Model B",198,0.318840579710145,2026-01-04,2026-07-04
"SYN00064","Model C",214,0.344605475040258,2026-01-04,2026-07-04
"SYN00066","Model A",5,0.294117647058824,2026-01-04,2026-07-04
"SYN00066","Model B",7,0.411764705882353,2026-01-04,2026-07-04
"SYN00066","Model C",5,0.294117647058824,2026-01-04,2026-07-04
"SYN00067","Model A",262,0.308962264150943,2026-01-04,2026-07-04
"SYN00067","Model B",302,0.356132075471698,2026-01-04,2026-07-04
"SYN00067","Model C",284,0.334905660377358,2026-01-04,2026-07-04
"SYN00068","Model A",905,0.338191330343797,2026-01-04,2026-07-04
"SYN00068","Model B",889,0.332212257100149,2026-01-04,2026-07-04
"SYN00068","Model C",882,0.329596412556054,2026-01-04,2026-07-04
"SYN00069","Model A",311,0.318974358974359,2026-01-04,2026-07-04
"SYN00069","Model B",324,0.332307692307692,2026-01-04,2026-07-04
"SYN00069","Model C",340,0.348717948717949,2026-01-04,2026-07-04
"SYN00070","Model A",34,0.377777777777778,2026-01-04,2026-07-04
"SYN00070","Model B",21,0.233333333333333,2026-01-04,2026-07-04
"SYN00070","Model C",35,0.388888888888889,2026-01-04,2026-07-04
"SYN00071","Model A",447,0.361943319838057,2026-01-04,2026-07-04
"SYN00071","Model B",419,0.339271255060729,2026-01-04,2026-07-04
"SYN00071","Model C",369,0.298785425101215,2026-01-04,2026-07-04
"SYN00072","Model A",178,0.32962962962963,2026-01-04,2026-07-04
"SYN00072","Model B",195,0.361111111111111,2026-01-04,2026-07-04
"SYN00072","Model C",167,0.309259259259259,2026-01-04,2026-07-04
"SYN00073","Model A",889,0.337125521425863,2026-01-04,2026-07-04
"SYN00073","Model B",840,0.318543799772469,2026-01-04,2026-07-04
"SYN00073","Model C",908,0.344330678801669,2026-01-04,2026-07-04
"SYN00074","Model A",224,0.339393939393939,2026-01-04,2026-07-04
"SYN00074","Model B",226,0.342424242424242,2026-01-04,2026-07-04
"SYN00074","Model C",210,0.318181818181818,2026-01-04,2026-07-04
"SYN00075","Model A",343,0.333333333333333,2026-01-04,2026-07-04
"SYN00075","Model B",332,0.322643343051506,2026-01-04,2026-07-04
"SYN00075","Model C",354,0.34402332361516,2026-01-04,2026-07-04
"SYN00076","Model A",546,0.320046893317702,2026-01-04,2026-07-04
"SYN00076","Model B",580,0.339976553341149,2026-01-04,2026-07-04
"SYN00076","Model C",580,0.339976553341149,2026-01-04,2026-07-04
"SYN00079","Model A",617,0.337712096332786,2026-01-04,2026-07-04
"SYN00079","Model B",636,0.348111658456486,2026-01-04,2026-07-04
"SYN00079","Model C",574,0.314176245210728,2026-01-04,2026-07-04
"SYN00080","Model A",513,0.315110565110565,2026-01-04,2026-07-04
"SYN00080","Model B",580,0.356265356265356,2026-01-04,2026-07-04
"SYN00080","Model C",535,0.328624078624079,2026-01-04,2026-07-04
"SYN00081","Model A",211,0.357627118644068,2026-01-04,2026-07-04
"SYN00081","Model B",210,0.355932203389831,2026-01-04,2026-07-04
"SYN00081","Model C",169,0.286440677966102,2026-01-04,2026-07-04
"SYN00082","Model A",177,0.378205128205128,2026-01-04,2026-07-04
"SYN00082","Model B",142,0.303418803418803,2026-01-04,2026-07-04
"SYN00082","Model C",149,0.318376068376068,2026-01-04,2026-07-04
"SYN00083","Model A",104,0.289693593314763,2026-01-04,2026-07-04
"SYN00083","Model B",136,0.37883008356546,2026-01-04,2026-07-04
"SYN00083","Model C",119,0.331476323119777,2026-01-04,2026-07-04
"SYN00085","Model A",178,0.340344168260038,2026-01-04,2026-07-04
"SYN00085","Model B",164,0.313575525812619,2026-01-04,2026-07-04
"SYN00085","Model C",181,0.346080305927342,2026-01-04,2026-07-04
"SYN00086","Model A",264,0.352,2026-01-04,2026-07-04
"SYN00086","Model B",249,0.332,2026-01-04,2026-07-04
"SYN00086","Model C",237,0.316,2026-01-04,2026-07-04
"SYN00087","Model A",259,0.338120104438642,2026-01-04,2026-07-04
"SYN00087","Model B",255,0.33289817232376,2026-01-04,2026-07-04
"SYN00087","Model C",252,0.328981723237598,2026-01-04,2026-07-04
"SYN00088","Model A",2,0.181818181818182,2026-01-04,2026-07-04
"SYN00088","Model B",4,0.363636363636364,2026-01-04,2026-07-04
"SYN00088","Model C",5,0.454545454545455,2026-01-04,2026-07-04
"SYN00089","Model A",45,0.371900826446281,2026-01-04,2026-07-04
"SYN00089","Model B",39,0.322314049586777,2026-01-04,2026-07-04
"SYN00089","Model C",37,0.305785123966942,2026-01-04,2026-07-04
"SYN00090","Model A",193,0.321131447587354,2026-01-04,2026-07-04
"SYN00090","Model B",196,0.3261231281198,2026-01-04,2026-07-04
"SYN00090","Model C",212,0.352745424292845,2026-01-04,2026-07-04
"SYN00091","Model A",96,0.369230769230769,2026-01-04,2026-07-04
"SYN00091","Model B",83,0.319230769230769,2026-01-04,2026-07-04
"SYN00091","Model C",81,0.311538461538462,2026-01-04,2026-07-04
"SYN00092","Model A",269,0.355350066050198,2026-01-04,2026-07-04
"SYN00092","Model B",253,0.334214002642008,2026-01-04,2026-07-04
"SYN00092","Model C",235,0.310435931307794,2026-01-04,2026-07-04
"SYN00093","Model A",565,0.347906403940887,2026-01-04,2026-07-04
"SYN00093","Model B",559,0.344211822660099,2026-01-04,2026-07-04
"SYN00093","Model C",500,0.307881773399015,2026-01-04,2026-07-04
"SYN00094","Model A",48,0.3,2026-01-04,2026-07-04
"SYN00094","Model B",61,0.38125,2026-01-04,2026-07-04
"SYN00094","Model C",51,0.31875,2026-01-04,2026-07-04
"SYN00095","Model A",809,0.328061638280616,2026-01-04,2026-07-04
"SYN00095","Model B",837,0.339416058394161,2026-01-04,2026-07-04
"SYN00095","Model C",820,0.332522303325223,2026-01-04,2026-07-04
"SYN00096","Model A",1358,0.331867057673509,2026-01-04,2026-07-04
"SYN00096","Model B",1376,0.336265884652981,2026-01-04,2026-07-04
"SYN00096","Model C",1358,0.331867057673509,2026-01-04,2026-07-04
"SYN00097","Model A",540,0.333745364647713,2026-01-04,2026-07-04
"SYN00097","Model B",528,0.326328800988875,2026-01-04,2026-07-04
"SYN00097","Model C",550,0.339925834363412,2026-01-04,2026-07-04
"SYN00098","Model A",361,0.334259259259259,2026-01-04,2026-07-04
"SYN00098","Model B",368,0.340740740740741,2026-01-04,2026-07-04
"SYN00098","Model C",351,0.325,2026-01-04,2026-07-04
"SYN00099","Model A",65,0.302325581395349,2026-01-04,2026-07-04
"SYN00099","Model B",65,0.302325581395349,2026-01-04,2026-07-04
"SYN00099","Model C",85,0.395348837209302,2026-01-04,2026-07-04
"SYN00100","Model A",335,0.333998005982054,2026-01-04,2026-07-04
"SYN00100","Model B",342,0.340977068793619,2026-01-04,2026-07-04
"SYN00100","Model C",326,0.325024925224327,2026-01-04,2026-07-04
"SYN00102","Model A",234,0.363919129082426,2026-01-04,2026-07-04
"SYN00102","Model B",218,0.339035769828927,2026-01-04,2026-07-04
"SYN00102","Model C",191,0.297045101088647,2026-01-04,2026-07-04
"SYN00103","Model A",37,0.272058823529412,2026-01-04,2026-07-04
"SYN00103","Model B",45,0.330882352941176,2026-01-04,2026-07-04
"SYN00103","Model C",54,0.397058823529412,2026-01-04,2026-07-04
"SYN00104","Model A",297,0.329633740288568,2026-01-04,2026-07-04
"SYN00104","Model B",298,0.330743618201998,2026-01-04,2026-07-04
"SYN00104","Model C",306,0.339622641509434,2026-01-04,2026-07-04
"SYN00105","Model A",547,0.340385812072184,2026-01-04,2026-07-04
"SYN00105","Model B",548,0.341008089607965,2026-01-04,2026-07-04
"SYN00105","Model C",512,0.318606098319851,2026-01-04,2026-07-04
"SYN00106","Model A",462,0.323529411764706,2026-01-04,2026-07-04
"SYN00106","Model B",477,0.334033613445378,2026-01-04,2026-07-04
"SYN00106","Model C",489,0.342436974789916,2026-01-04,2026-07-04
"SYN00107","Model A",717,0.320089285714286,2026-01-04,2026-07-04
"SYN00107","Model B",755,0.337053571428571,2026-01-04,2026-07-04
"SYN00107","Model C",768,0.342857142857143,2026-01-04,2026-07-04
"SYN00108","Model A",68,0.275303643724696,2026-01-04,2026-07-04
"SYN00108","Model B",84,0.340080971659919,2026-01-04,2026-07-04
"SYN00108","Model C",95,0.384615384615385,2026-01-04,2026-07-04
"SYN00109","Model A",255,0.337301587301587,2026-01-04,2026-07-04
"SYN00109","Model B",268,0.354497354497354,2026-01-04,2026-07-04
"SYN00109","Model C",233,0.308201058201058,2026-01-04,2026-07-04
"SYN00111","Model A",492,0.34119278779473,2026-01-04,2026-07-04
"SYN00111","Model B",476,0.330097087378641,2026-01-04,2026-07-04
"SYN00111","Model C",474,0.32871012482663,2026-01-04,2026-07-04
"SYN00112","Model A",48,0.315789473684211,2026-01-04,2026-07-04
"SYN00112","Model B",55,0.361842105263158,2026-01-04,2026-07-04
"SYN00112","Model C",49,0.322368421052632,2026-01-04,2026-07-04
"SYN00114","Model A",182,0.354775828460039,2026-01-04,2026-07-04
"SYN00114","Model B",168,0.327485380116959,2026-01-04,2026-07-04
"SYN00114","Model C",163,0.317738791423002,2026-01-04,2026-07-04
"SYN00115","Model A",188,0.36084452975048,2026-01-04,2026-07-04
"SYN00115","Model B",154,0.295585412667946,2026-01-04,2026-07-04
"SYN00115","Model C",179,0.343570057581574,2026-01-04,2026-07-04
"SYN00116","Model A",797,0.347579590056694,2026-01-04,2026-07-04
"SYN00116","Model B",760,0.33144352376799,2026-01-04,2026-07-04
"SYN00116","Model C",736,0.320976886175316,2026-01-04,2026-07-04
"SYN00117","Model A",362,0.335807050092764,2026-01-04,2026-07-04
"SYN00117","Model B",361,0.334879406307978,2026-01-04,2026-07-04
"SYN00117","Model C",355,0.329313543599258,2026-01-04,2026-07-04
"SYN00118","Model A",72,0.354679802955665,2026-01-04,2026-07-04
"SYN00118","Model B",65,0.320197044334975,2026-01-04,2026-07-04
"SYN00118","Model C",66,0.32512315270936,2026-01-04,2026-07-04
"SYN00119","Model A",244,0.331071913161465,2026-01-04,2026-07-04
"SYN00119","Model B",259,0.351424694708277,2026-01-04,2026-07-04
"SYN00119","Model C",234,0.317503392130258,2026-01-04,2026-07-04
"SYN00120","Model A",73,0.386243386243386,2026-01-04,2026-07-04
"SYN00120","Model B",56,0.296296296296296,2026-01-04,2026-07-04
"SYN00120","Model C",60,0.317460317460317,2026-01-04,2026-07-04
"SYN00122","Model A",1020,0.337190082644628,2026-01-04,2026-07-04
"SYN00122","Model B",980,0.32396694214876,2026-01-04,2026-07-04
"SYN00122","Model C",1025,0.338842975206612,2026-01-04,2026-07-04
"SYN00123","Model A",238,0.31151832460733,2026-01-04,2026-07-04
"SYN00123","Model B",269,0.352094240837696,2026-01-04,2026-07-04
"SYN00123","Model C",257,0.336387434554974,2026-01-04,2026-07-04
"SYN00124","Model A",347,0.345617529880478,2026-01-04,2026-07-04
"SYN00124","Model B",316,0.314741035856574,2026-01-04,2026-07-04
"SYN00124","Model C",341,0.339641434262948,2026-01-04,2026-07-04
"SYN00125","Model A",97,0.389558232931727,2026-01-04,2026-07-04
"SYN00125","Model B",78,0.313253012048193,2026-01-04,2026-07-04
"SYN00125","Model C",74,0.29718875502008,2026-01-04,2026-07-04
"SYN00126","Model A",80,0.333333333333333,2026-01-04,2026-07-04
"SYN00126","Model B",80,0.333333333333333,2026-01-04,2026-07-04
"SYN00126","Model C",80,0.333333333333333,2026-01-04,2026-07-04
"SYN00128","Model A",583,0.337189126662811,2026-01-04,2026-07-04
"SYN00128","Model B",582,0.336610757663389,2026-01-04,2026-07-04
"SYN00128","Model C",564,0.3262001156738,2026-01-04,2026-07-04
"SYN00129","Model A",3,0.166666666666667,2026-01-04,2026-07-04
"SYN00129","Model B",8,0.444444444444444,2026-01-04,2026-07-04
"SYN00129","Model C",7,0.388888888888889,2026-01-04,2026-07-04
"SYN00130","Model A",562,0.340193704600484,2026-01-04,2026-07-04
"SYN00130","Model B",550,0.332929782082324,2026-01-04,2026-07-04
"SYN00130","Model C",540,0.326876513317191,2026-01-04,2026-07-04
"SYN00131","Model A",29,0.276190476190476,2026-01-04,2026-07-04
"SYN00131","Model B",34,0.323809523809524,2026-01-04,2026-07-04
"SYN00131","Model C",42,0.4,2026-01-04,2026-07-04
"SYN00132","Model A",523,0.341383812010444,2026-01-04,2026-07-04
"SYN00132","Model B",506,0.330287206266319,2026-01-04,2026-07-04
"SYN00132","Model C",503,0.328328981723238,2026-01-04,2026-07-04
"SYN00133","Model A",315,0.349223946784922,2026-01-04,2026-07-04
"SYN00133","Model B",284,0.314855875831486,2026-01-04,2026-07-04
"SYN00133","Model C",303,0.335920177383592,2026-01-04,2026-07-04
"SYN00134","Model A",267,0.344516129032258,2026-01-04,2026-07-04
"SYN00134","Model B",268,0.345806451612903,2026-01-04,2026-07-04
"SYN00134","Model C",240,0.309677419354839,2026-01-04,2026-07-04
"SYN00135","Model A",455,0.328046142754146,2026-01-04,2026-07-04
"SYN00135","Model B",440,0.317231434751262,2026-01-04,2026-07-04
"SYN00135","Model C",492,0.354722422494593,2026-01-04,2026-07-04
"SYN00136","Model A",4,0.266666666666667,2026-01-04,2026-07-04
"SYN00136","Model B",6,0.4,2026-01-04,2026-07-04
"SYN00136","Model C",5,0.333333333333333,2026-01-04,2026-07-04
"SYN00137","Model A",344,0.315018315018315,2026-01-04,2026-07-04
"SYN00137","Model B",358,0.327838827838828,2026-01-04,2026-07-04
"SYN00137","Model C",390,0.357142857142857,2026-01-04,2026-07-04
"SYN00138","Model A",413,0.331726907630522,2026-01-04,2026-07-04
"SYN00138","Model B",409,0.3285140562249,2026-01-04,2026-07-04
"SYN00138","Model C",423,0.339759036144578,2026-01-04,2026-07-04
"SYN00139","Model A",19,0.246753246753247,2026-01-04,2026-07-04
"SYN00139","Model B",29,0.376623376623377,2026-01-04,2026-07-04
"SYN00139","Model C",29,0.376623376623377,2026-01-04,2026-07-04
"SYN00140","Model A",171,0.309222423146474,2026-01-04,2026-07-04
"SYN00140","Model B",184,0.332730560578662,2026-01-04,2026-07-04
"SYN00140","Model C",198,0.358047016274864,2026-01-04,2026-07-04
"SYN00141","Model A",248,0.331108144192256,2026-01-04,2026-07-04
"SYN00141","Model B",260,0.347129506008011,2026-01-04,2026-07-04
"SYN00141","Model C",241,0.321762349799733,2026-01-04,2026-07-04
"SYN00142","Model A",299,0.312108559498956,2026-01-04,2026-07-04
"SYN00142","Model B",346,0.361169102296451,2026-01-04,2026-07-04
"SYN00142","Model C",313,0.326722338204593,2026-01-04,2026-07-04
"SYN00143","Model A",567,0.331967213114754,2026-01-04,2026-07-04
"SYN00143","Model B",563,0.329625292740047,2026-01-04,2026-07-04
"SYN00143","Model C",578,0.338407494145199,2026-01-04,2026-07-04
"SYN00144","Model A",16,0.290909090909091,2026-01-04,2026-07-04
"SYN00144","Model B",20,0.363636363636364,2026-01-04,2026-07-04
"SYN00144","Model C",19,0.345454545454545,2026-01-04,2026-07-04
"SYN00145","Model A",1024,0.329154612664738,2026-01-04,2026-07-04
"SYN00145","Model B",1040,0.334297653487625,2026-01-04,2026-07-04
"SYN00145","Model C",1047,0.336547733847637,2026-01-04,2026-07-04
"SYN00146","Model A",89,0.364754098360656,2026-01-04,2026-07-04
"SYN00146","Model B",79,0.323770491803279,2026-01-04,2026-07-04
"SYN00146","Model C",76,0.311475409836066,2026-01-04,2026-07-04
"SYN00147","Model A",188,0.312811980033278,2026-01-04,2026-07-04
"SYN00147","Model B",201,0.334442595673877,2026-01-04,2026-07-04
"SYN00147","Model C",212,0.352745424292845,2026-01-04,2026-07-04
"SYN00149","Model A",10,0.32258064516129,2026-01-04,2026-07-04
"SYN00149","Model B",9,0.290322580645161,2026-01-04,2026-07-04
"SYN00149","Model C",12,0.387096774193548,2026-01-04,2026-07-04
"SYN00150","Model A",9,0.346153846153846,2026-01-04,2026-07-04
"SYN00150","Model B",7,0.269230769230769,2026-01-04,2026-07-04
"SYN00150","Model C",10,0.384615384615385,2026-01-04,2026-07-04
"SYN00151","Model A",1368,0.344844971010839,2026-01-04,2026-07-04
"SYN00151","Model B",1284,0.323670279808419,2026-01-04,2026-07-04
"SYN00151","Model C",1315,0.331484749180741,2026-01-04,2026-07-04
"SYN00152","Model A",97,0.343971631205674,2026-01-04,2026-07-04
"SYN00152","Model B",83,0.294326241134752,2026-01-04,2026-07-04
"SYN00152","Model C",102,0.361702127659574,2026-01-04,2026-07-04
"SYN00153","Model A",571,0.342942942942943,2026-01-04,2026-07-04
"SYN00153","Model B",555,0.333333333333333,2026-01-04,2026-07-04
"SYN00153","Model C",539,0.323723723723724,2026-01-04,2026-07-04
"SYN00157","Model A",399,0.320739549839228,2026-01-04,2026-07-04
"SYN00157","Model B",435,0.34967845659164,2026-01-04,2026-07-04
"SYN00157","Model C",410,0.329581993569132,2026-01-04,2026-07-04
"SYN00158","Model A",317,0.301904761904762,2026-01-04,2026-07-04
"SYN00158","Model B",371,0.353333333333333,2026-01-04,2026-07-04
"SYN00158","Model C",362,0.344761904761905,2026-01-04,2026-07-04
"SYN00159","Model A",614,0.332791327913279,2026-01-04,2026-07-04
"SYN00159","Model B",648,0.351219512195122,2026-01-04,2026-07-04
"SYN00159","Model C",583,0.315989159891599,2026-01-04,2026-07-04
"SYN00160","Model A",195,0.332764505119454,2026-01-04,2026-07-04
"SYN00160","Model B",208,0.354948805460751,2026-01-04,2026-07-04
"SYN00160","Model C",183,0.312286689419795,2026-01-04,2026-07-04
"SYN00161","Model A",97,0.312903225806452,2026-01-04,2026-07-04
"SYN00161","Model B",106,0.341935483870968,2026-01-04,2026-07-04
"SYN00161","Model C",107,0.345161290322581,2026-01-04,2026-07-04
"SYN00162","Model A",1345,0.349078640020763,2026-01-04,2026-07-04
"SYN00162","Model B",1257,0.326239294056579,2026-01-04,2026-07-04
"SYN00162","Model C",1251,0.324682065922658,2026-01-04,2026-07-04
"SYN00163","Model A",267,0.324029126213592,2026-01-04,2026-07-04
"SYN00163","Model B",288,0.349514563106796,2026-01-04,2026-07-04
"SYN00163","Model C",269,0.326456310679612,2026-01-04,2026-07-04
"SYN00164","Model A",88,0.317689530685921,2026-01-04,2026-07-04
"SYN00164","Model B",96,0.346570397111913,2026-01-04,2026-07-04
"SYN00164","Model C",93,0.335740072202166,2026-01-04,2026-07-04
"SYN00168","Model A",438,0.312410841654779,2026-01-04,2026-07-04
"SYN00168","Model B",497,0.354493580599144,2026-01-04,2026-07-04
"SYN00168","Model C",467,0.333095577746077,2026-01-04,2026-07-04
"SYN00169","Model A",445,0.326725403817915,2026-01-04,2026-07-04
"SYN00169","Model B",444,0.325991189427313,2026-01-04,2026-07-04
"SYN00169","Model C",473,0.347283406754772,2026-01-04,2026-07-04
"SYN00170","Model A",362,0.345090562440419,2026-01-04,2026-07-04
"SYN00170","Model B",334,0.318398474737846,2026-01-04,2026-07-04
"SYN00170","Model C",353,0.336510962821735,2026-01-04,2026-07-04
"SYN00171","Model A",187,0.336330935251799,2026-01-04,2026-07-04
"SYN00171","Model B",182,0.327338129496403,2026-01-04,2026-07-04
"SYN00171","Model C",187,0.336330935251799,2026-01-04,2026-07-04
"SYN00173","Model A",187,0.341864716636197,2026-01-04,2026-07-04
"SYN00173","Model B",182,0.3327239488117,2026-01-04,2026-07-04
"SYN00173","Model C",178,0.325411334552102,2026-01-04,2026-07-04
"SYN00174","Model A",305,0.341545352743561,2026-01-04,2026-07-04
"SYN00174","Model B",296,0.331466965285554,2026-01-04,2026-07-04
"SYN00174","Model C",292,0.326987681970885,2026-01-04,2026-07-04
"SYN00175","Model A",151,0.303212851405622,2026-01-04,2026-07-04
"SYN00175","Model B",170,0.34136546184739,2026-01-04,2026-07-04
"SYN00175","Model C",177,0.355421686746988,2026-01-04,2026-07-04
"SYN00176","Model A",415,0.337947882736156,2026-01-04,2026-07-04
"SYN00176","Model B",419,0.341205211726384,2026-01-04,2026-07-04
"SYN00176","Model C",394,0.320846905537459,2026-01-04,2026-07-04
"SYN00177","Model A",2080,0.334512705049855,2026-01-04,2026-07-04
"SYN00177","Model B",2111,0.339498230942425,2026-01-04,2026-07-04
"SYN00177","Model C",2027,0.32598906400772,2026-01-04,2026-07-04
"SYN00178","Model A",290,0.348557692307692,2026-01-04,2026-07-04
"SYN00178","Model B",266,0.319711538461538,2026-01-04,2026-07-04
"SYN00178","Model C",276,0.331730769230769,2026-01-04,2026-07-04
"SYN00179","Model A",22,0.314285714285714,2026-01-04,2026-07-04
"SYN00179","Model B",29,0.414285714285714,2026-01-04,2026-07-04
"SYN00179","Model C",19,0.271428571428571,2026-01-04,2026-07-04
"SYN00180","Model A",977,0.332312925170068,2026-01-04,2026-07-04
"SYN00180","Model B",994,0.338095238095238,2026-01-04,2026-07-04
"SYN00180","Model C",969,0.329591836734694,2026-01-04,2026-07-04
"SYN00181","Model A",258,0.336375488917862,2026-01-04,2026-07-04
"SYN00181","Model B",254,0.33116036505867,2026-01-04,2026-07-04
"SYN00181","Model C",255,0.332464146023468,2026-01-04,2026-07-04
"SYN00183","Model A",75,0.407608695652174,2026-01-04,2026-07-04
"SYN00183","Model B",63,0.342391304347826,2026-01-04,2026-07-04
"SYN00183","Model C",46,0.25,2026-01-04,2026-07-04
"SYN00184","Model A",457,0.321152494729445,2026-01-04,2026-07-04
"SYN00184","Model B",484,0.340126493323963,2026-01-04,2026-07-04
"SYN00184","Model C",482,0.338721011946592,2026-01-04,2026-07-04
"SYN00185","Model A",596,0.326039387308534,2026-01-04,2026-07-04
"SYN00185","Model B",611,0.334245076586433,2026-01-04,2026-07-04
"SYN00185","Model C",621,0.339715536105033,2026-01-04,2026-07-04
"SYN00186","Model A",245,0.341701534170153,2026-01-04,2026-07-04
"SYN00186","Model B",230,0.320781032078103,2026-01-04,2026-07-04
"SYN00186","Model C",242,0.337517433751743,2026-01-04,2026-07-04
"SYN00187","Model A",275,0.325059101654846,2026-01-04,2026-07-04
"SYN00187","Model B",295,0.348699763593381,2026-01-04,2026-07-04
"SYN00187","Model C",276,0.326241134751773,2026-01-04,2026-07-04
"SYN00189","Model A",643,0.322629202207727,2026-01-04,2026-07-04
"SYN00189","Model B",678,0.340190667335675,2026-01-04,2026-07-04
"SYN00189","Model C",672,0.337180130456598,2026-01-04,2026-07-04
"SYN00191","Model A",20,0.294117647058824,2026-01-04,2026-07-04
"SYN00191","Model B",21,0.308823529411765,2026-01-04,2026-07-04
"SYN00191","Model C",27,0.397058823529412,2026-01-04,2026-07-04
"SYN00192","Model A",10,0.37037037037037,2026-01-04,2026-07-04
"SYN00192","Model B",12,0.444444444444444,2026-01-04,2026-07-04
"SYN00192","Model C",5,0.185185185185185,2026-01-04,2026-07-04
"SYN00193","Model A",62,0.298076923076923,2026-01-04,2026-07-04
"SYN00193","Model B",66,0.317307692307692,2026-01-04,2026-07-04
"SYN00193","Model C",80,0.384615384615385,2026-01-04,2026-07-04
"SYN00194","Model A",1,0.142857142857143,2026-01-04,2026-07-04
"SYN00194","Model B",3,0.428571428571429,2026-01-04,2026-07-04
"SYN00194","Model C",3,0.428571428571429,2026-01-04,2026-07-04
"SYN00195","Model A",138,0.351145038167939,2026-01-04,2026-07-04
"SYN00195","Model B",134,0.340966921119593,2026-01-04,2026-07-04
"SYN00195","Model C",121,0.307888040712468,2026-01-04,2026-07-04
"SYN00197","Model A",115,0.33625730994152,2026-01-04,2026-07-04
"SYN00197","Model B",112,0.327485380116959,2026-01-04,2026-07-04
"SYN00197","Model C",115,0.33625730994152,2026-01-04,2026-07-04
"SYN00198","Model A",60,0.333333333333333,2026-01-04,2026-07-04
"SYN00198","Model B",67,0.372222222222222,2026-01-04,2026-07-04
"SYN00198","Model C",53,0.294444444444444,2026-01-04,2026-07-04
"SYN00199","Model A",580,0.341176470588235,2026-01-04,2026-07-04
"SYN00199","Model B",551,0.324117647058824,2026-01-04,2026-07-04
"SYN00199","Model C",569,0.334705882352941,2026-01-04,2026-07-04
"SYN00200","Model A",6,0.375,2026-01-04,2026-07-04
"SYN00200","Model B",3,0.1875,2026-01-04,2026-07-04
"SYN00200","Model C",7,0.4375,2026-01-04,2026-07-04
"SYN00201","Model A",56,0.386206896551724,2026-01-04,2026-07-04
"SYN00201","Model B",42,0.289655172413793,2026-01-04,2026-07-04
"SYN00201","Model C",47,0.324137931034483,2026-01-04,2026-07-04
"SYN00202","Model A",210,0.37567084078712,2026-01-04,2026-07-04
"SYN00202","Model B",180,0.322003577817531,2026-01-04,2026-07-04
"SYN00202","Model C",169,0.302325581395349,2026-01-04,2026-07-04
"SYN00203","Model A",28,0.337349397590361,2026-01-04,2026-07-04
"SYN00203","Model B",31,0.373493975903614,2026-01-04,2026-07-04
"SYN00203","Model C",24,0.289156626506024,2026-01-04,2026-07-04
"SYN00205","Model A",1379,0.328177058543551,2026-01-04,2026-07-04
"SYN00205","Model B",1432,0.340790099952404,2026-01-04,2026-07-04
"SYN00205","Model C",1391,0.331032841504046,2026-01-04,2026-07-04
"SYN00206","Model A",17,0.288135593220339,2026-01-04,2026-07-04
"SYN00206","Model B",18,0.305084745762712,2026-01-04,2026-07-04
"SYN00206","Model C",24,0.406779661016949,2026-01-04,2026-07-04
"SYN00208","Model A",348,0.304461942257218,2026-01-04,2026-07-04
"SYN00208","Model B",392,0.342957130358705,2026-01-04,2026-07-04
"SYN00208","Model C",403,0.352580927384077,2026-01-04,2026-07-04
"SYN00209","Model A",90,0.33210332103321,2026-01-04,2026-07-04
"SYN00209","Model B",88,0.324723247232472,2026-01-04,2026-07-04
"SYN00209","Model C",93,0.343173431734317,2026-01-04,2026-07-04
"SYN00210","Model A",191,0.338652482269504,2026-01-04,2026-07-04
"SYN00210","Model B",165,0.292553191489362,2026-01-04,2026-07-04
"SYN00210","Model C",208,0.368794326241135,2026-01-04,2026-07-04
"SYN00211","Model A",98,0.351254480286738,2026-01-04,2026-07-04
"SYN00211","Model B",94,0.336917562724014,2026-01-04,2026-07-04
"SYN00211","Model C",87,0.311827956989247,2026-01-04,2026-07-04
"SYN00212","Model A",137,0.340796019900498,2026-01-04,2026-07-04
"SYN00212","Model B",119,0.296019900497512,2026-01-04,2026-07-04
"SYN00212","Model C",146,0.36318407960199,2026-01-04,2026-07-04
"SYN00213","Model A",211,0.327639751552795,2026-01-04,2026-07-04
"SYN00213","Model B",245,0.380434782608696,2026-01-04,2026-07-04
"SYN00213","Model C",188,0.291925465838509,2026-01-04,2026-07-04
"SYN00215","Model A",205,0.34453781512605,2026-01-04,2026-07-04
"SYN00215","Model B",201,0.33781512605042,2026-01-04,2026-07-04
"SYN00215","Model C",189,0.317647058823529,2026-01-04,2026-07-04
"SYN00216","Model A",61,0.324468085106383,2026-01-04,2026-07-04
"SYN00216","Model B",65,0.345744680851064,2026-01-04,2026-07-04
"SYN00216","Model C",62,0.329787234042553,2026-01-04,2026-07-04
"SYN00217","Model A",340,0.345528455284553,2026-01-04,2026-07-04
"SYN00217","Model B",326,0.33130081300813,2026-01-04,2026-07-04
"SYN00217","Model C",318,0.323170731707317,2026-01-04,2026-07-04
"SYN00218","Model A",429,0.344855305466238,2026-01-04,2026-07-04
"SYN00218","Model B",421,0.338424437299035,2026-01-04,2026-07-04
"SYN00218","Model C",394,0.316720257234727,2026-01-04,2026-07-04
"SYN00219","Model A",191,0.323181049069374,2026-01-04,2026-07-04
"SYN00219","Model B",193,0.326565143824027,2026-01-04,2026-07-04
"SYN00219","Model C",207,0.350253807106599,2026-01-04,2026-07-04
"SYN00220","Model A",14,0.4,2026-01-04,2026-07-04
"SYN00220","Model B",9,0.257142857142857,2026-01-04,2026-07-04
"SYN00220","Model C",12,0.342857142857143,2026-01-04,2026-07-04
"SYN00221","Model A",225,0.349922239502333,2026-01-04,2026-07-04
"SYN00221","Model B",211,0.328149300155521,2026-01-04,2026-07-04
"SYN00221","Model C",207,0.321928460342146,2026-01-04,2026-07-04
"SYN00222","Model A",260,0.349462365591398,2026-01-04,2026-07-04
"SYN00222","Model B",250,0.336021505376344,2026-01-04,2026-07-04
"SYN00222","Model C",234,0.314516129032258,2026-01-04,2026-07-04
"SYN00223","Model A",135,0.362903225806452,2026-01-04,2026-07-04
"SYN00223","Model B",128,0.344086021505376,2026-01-04,2026-07-04
"SYN00223","Model C",109,0.293010752688172,2026-01-04,2026-07-04
"SYN00224","Model A",29,0.353658536585366,2026-01-04,2026-07-04
"SYN00224","Model B",28,0.341463414634146,2026-01-04,2026-07-04
"SYN00224","Model C",25,0.304878048780488,2026-01-04,2026-07-04
"SYN00225","Model A",237,0.336647727272727,2026-01-04,2026-07-04
"SYN00225","Model B",244,0.346590909090909,2026-01-04,2026-07-04
"SYN00225","Model C",223,0.316761363636364,2026-01-04,2026-07-04
"SYN00226","Model A",17,0.320754716981132,2026-01-04,2026-07-04
"SYN00226","Model B",16,0.30188679245283,2026-01-04,2026-07-04
"SYN00226","Model C",20,0.377358490566038,2026-01-04,2026-07-04
"SYN00227","Model A",536,0.325242718446602,2026-01-04,2026-07-04
"SYN00227","Model B",558,0.338592233009709,2026-01-04,2026-07-04
"SYN00227","Model C",554,0.336165048543689,2026-01-04,2026-07-04
"SYN00228","Model A",208,0.333333333333333,2026-01-04,2026-07-04
"SYN00228","Model B",201,0.322115384615385,2026-01-04,2026-07-04
"SYN00228","Model C",215,0.344551282051282,2026-01-04,2026-07-04
"SYN00229","Model A",161,0.320079522862823,2026-01-04,2026-07-04
"SYN00229","Model B",179,0.355864811133201,2026-01-04,2026-07-04
"SYN00229","Model C",163,0.324055666003976,2026-01-04,2026-07-04
"SYN00230","Model A",14,0.482758620689655,2026-01-04,2026-07-04
"SYN00230","Model B",8,0.275862068965517,2026-01-04,2026-07-04
"SYN00230","Model C",7,0.241379310344828,2026-01-04,2026-07-04
"SYN00231","Model A",736,0.335613315093479,2026-01-04,2026-07-04
"SYN00231","Model B",717,0.326949384404925,2026-01-04,2026-07-04
"SYN00231","Model C",740,0.337437300501596,2026-01-04,2026-07-04
"SYN00232","Model A",25,0.352112676056338,2026-01-04,2026-07-04
"SYN00232","Model B",26,0.366197183098592,2026-01-04,2026-07-04
"SYN00232","Model C",20,0.28169014084507,2026-01-04,2026-07-04
"SYN00233","Model A",520,0.335917312661499,2026-01-04,2026-07-04
"SYN00233","Model B",525,0.339147286821705,2026-01-04,2026-07-04
"SYN00233","Model C",503,0.324935400516796,2026-01-04,2026-07-04
"SYN00234","Model A",482,0.307006369426752,2026-01-04,2026-07-04
"SYN00234","Model B",557,0.354777070063694,2026-01-04,2026-07-04
"SYN00234","Model C",531,0.338216560509554,2026-01-04,2026-07-04
"SYN00235","Model A",230,0.312075983717775,2026-01-04,2026-07-04
"SYN00235","Model B",265,0.359565807327001,2026-01-04,2026-07-04
"SYN00235","Model C",242,0.328358208955224,2026-01-04,2026-07-04
"SYN00237","Model A",188,0.332155477031802,2026-01-04,2026-07-04
"SYN00237","Model B",190,0.335689045936396,2026-01-04,2026-07-04
"SYN00237","Model C",188,0.332155477031802,2026-01-04,2026-07-04
"SYN00238","Model A",1062,0.329098233653548,2026-01-04,2026-07-04
"SYN00238","Model B",1127,0.349240780911063,2026-01-04,2026-07-04
"SYN00238","Model C",1038,0.321660985435389,2026-01-04,2026-07-04
"SYN00239","Model A",50,0.290697674418605,2026-01-04,2026-07-04
"SYN00239","Model B",55,0.319767441860465,2026-01-04,2026-07-04
"SYN00239","Model C",67,0.38953488372093,2026-01-04,2026-07-04
"SYN00240","Model A",123,0.296385542168675,2026-01-04,2026-07-04
"SYN00240","Model B",127,0.306024096385542,2026-01-04,2026-07-04
"SYN00240","Model C",165,0.397590361445783,2026-01-04,2026-07-04
"SYN00241","Model A",199,0.354092526690391,2026-01-04,2026-07-04
"SYN00241","Model B",185,0.329181494661922,2026-01-04,2026-07-04
"SYN00241","Model C",178,0.316725978647687,2026-01-04,2026-07-04
"SYN00242","Model A",90,0.326086956521739,2026-01-04,2026-07-04
"SYN00242","Model B",83,0.300724637681159,2026-01-04,2026-07-04
"SYN00242","Model C",103,0.373188405797101,2026-01-04,2026-07-04
"SYN00243","Model A",1433,0.328820559889858,2026-01-04,2026-07-04
"SYN00243","Model B",1456,0.33409821018816,2026-01-04,2026-07-04
"SYN00243","Model C",1469,0.337081229921983,2026-01-04,2026-07-04
"SYN00245","Model A",462,0.357585139318885,2026-01-04,2026-07-04
"SYN00245","Model B",411,0.318111455108359,2026-01-04,2026-07-04
"SYN00245","Model C",419,0.324303405572755,2026-01-04,2026-07-04
"SYN00247","Model A",189,0.338709677419355,2026-01-04,2026-07-04
"SYN00247","Model B",196,0.351254480286738,2026-01-04,2026-07-04
"SYN00247","Model C",173,0.310035842293907,2026-01-04,2026-07-04
"SYN00249","Model A",13,0.295454545454545,2026-01-04,2026-07-04
"SYN00249","Model B",13,0.295454545454545,2026-01-04,2026-07-04
"SYN00249","Model C",18,0.409090909090909,2026-01-04,2026-07-04
"SYN00250","Model A",66,0.351063829787234,2026-01-04,2026-07-04
"SYN00250","Model B",66,0.351063829787234,2026-01-04,2026-07-04
"SYN00250","Model C",56,0.297872340425532,2026-01-04,2026-07-04
"SYN00251","Model A",140,0.32258064516129,2026-01-04,2026-07-04
"SYN00251","Model B",149,0.34331797235023,2026-01-04,2026-07-04
"SYN00251","Model C",145,0.334101382488479,2026-01-04,2026-07-04
"SYN00252","Model A",204,0.32484076433121,2026-01-04,2026-07-04
"SYN00252","Model B",213,0.339171974522293,2026-01-04,2026-07-04
"SYN00252","Model C",211,0.335987261146497,2026-01-04,2026-07-04
"SYN00255","Model A",102,0.338870431893688,2026-01-04,2026-07-04
"SYN00255","Model B",99,0.32890365448505,2026-01-04,2026-07-04
"SYN00255","Model C",100,0.332225913621262,2026-01-04,2026-07-04
"SYN00256","Model A",1495,0.333630885962955,2026-01-04,2026-07-04
"SYN00256","Model B",1532,0.341887971434948,2026-01-04,2026-07-04
"SYN00256","Model C",1454,0.324481142602098,2026-01-04,2026-07-04
"SYN00257","Model A",550,0.335980452046426,2026-01-04,2026-07-04
"SYN00257","Model B",543,0.331704337202199,2026-01-04,2026-07-04
"SYN00257","Model C",544,0.332315210751374,2026-01-04,2026-07-04
"SYN00258","Model A",177,0.308900523560209,2026-01-04,2026-07-04
"SYN00258","Model B",206,0.359511343804538,2026-01-04,2026-07-04
"SYN00258","Model C",190,0.331588132635253,2026-01-04,2026-07-04
"SYN00260","Model A",1437,0.334575087310827,2026-01-04,2026-07-04
"SYN00260","Model B",1473,0.342956926658906,2026-01-04,2026-07-04
"SYN00260","Model C",1385,0.322467986030268,2026-01-04,2026-07-04
"SYN00261","Model A",106,0.301994301994302,2026-01-04,2026-07-04
"SYN00261","Model B",118,0.336182336182336,2026-01-04,2026-07-04
"SYN00261","Model C",127,0.361823361823362,2026-01-04,2026-07-04
"SYN00262","Model A",268,0.375876577840112,2026-01-04,2026-07-04
"SYN00262","Model B",227,0.318373071528752,2026-01-04,2026-07-04
"SYN00262","Model C",218,0.305750350631136,2026-01-04,2026-07-04
"SYN00264","Model A",498,0.345353675450763,2026-01-04,2026-07-04
"SYN00264","Model B",499,0.346047156726768,2026-01-04,2026-07-04
"SYN00264","Model C",445,0.308599167822469,2026-01-04,2026-07-04
"SYN00266","Model A",761,0.327734711455642,2026-01-04,2026-07-04
"SYN00266","Model B",794,0.341946597760551,2026-01-04,2026-07-04
"SYN00266","Model C",767,0.330318690783807,2026-01-04,2026-07-04
"SYN00267","Model A",51,0.314814814814815,2026-01-04,2026-07-04
"SYN00267","Model B",49,0.302469135802469,2026-01-04,2026-07-04
"SYN00267","Model C",62,0.382716049382716,2026-01-04,2026-07-04
"SYN00268","Model A",254,0.35326842837274,2026-01-04,2026-07-04
"SYN00268","Model B",223,0.310152990264256,2026-01-04,2026-07-04
"SYN00268","Model C",242,0.336578581363004,2026-01-04,2026-07-04
"SYN00269","Model A",19,0.333333333333333,2026-01-04,2026-07-04
"SYN00269","Model B",17,0.298245614035088,2026-01-04,2026-07-04
"SYN00269","Model C",21,0.368421052631579,2026-01-04,2026-07-04
"SYN00271","Model A",958,0.336612789880534,2026-01-04,2026-07-04
"SYN00271","Model B",963,0.338369641602249,2026-01-04,2026-07-04
"SYN00271","Model C",925,0.325017568517217,2026-01-04,2026-07-04
"SYN00272","Model A",154,0.323529411764706,2026-01-04,2026-07-04
"SYN00272","Model B",157,0.329831932773109,2026-01-04,2026-07-04
"SYN00272","Model C",165,0.346638655462185,2026-01-04,2026-07-04
"SYN00273","Model A",211,0.317293233082707,2026-01-04,2026-07-04
"SYN00273","Model B",232,0.348872180451128,2026-01-04,2026-07-04
"SYN00273","Model C",222,0.333834586466165,2026-01-04,2026-07-04
"SYN00274","Model A",268,0.337957124842371,2026-01-04,2026-07-04
"SYN00274","Model B",263,0.331651954602774,2026-01-04,2026-07-04
"SYN00274","Model C",262,0.330390920554855,2026-01-04,2026-07-04
"SYN00275","Model A",754,0.324859974149074,2026-01-04,2026-07-04
"SYN00275","Model B",775,0.333907798362775,2026-01-04,2026-07-04
"SYN00275","Model C",792,0.341232227488152,2026-01-04,2026-07-04
"SYN00276","Model A",9,0.333333333333333,2026-01-04,2026-07-04
"SYN00276","Model B",9,0.333333333333333,2026-01-04,2026-07-04
"SYN00276","Model C",9,0.333333333333333,2026-01-04,2026-07-04
"SYN00277","Model A",677,0.335480673934589,2026-01-04,2026-07-04
"SYN00277","Model B",691,0.342418235877106,2026-01-04,2026-07-04
"SYN00277","Model C",650,0.322101090188305,2026-01-04,2026-07-04
"SYN00278","Model A",329,0.347780126849894,2026-01-04,2026-07-04
"SYN00278","Model B",303,0.320295983086681,2026-01-04,2026-07-04
"SYN00278","Model C",314,0.331923890063425,2026-01-04,2026-07-04
"SYN00279","Model A",651,0.334360554699538,2026-01-04,2026-07-04
"SYN00279","Model B",641,0.329224447868516,2026-01-04,2026-07-04
"SYN00279","Model C",655,0.336414997431947,2026-01-04,2026-07-04
"SYN00281","Model A",549,0.323512080141426,2026-01-04,2026-07-04
"SYN00281","Model B",547,0.322333529758397,2026-01-04,2026-07-04
"SYN00281","Model C",601,0.354154390100177,2026-01-04,2026-07-04
"SYN00282","Model A",23,0.294871794871795,2026-01-04,2026-07-04
"SYN00282","Model B",33,0.423076923076923,2026-01-04,2026-07-04
"SYN00282","Model C",22,0.282051282051282,2026-01-04,2026-07-04
"SYN00283","Model A",853,0.333073018352206,2026-01-04,2026-07-04
"SYN00283","Model B",860,0.335806325654041,2026-01-04,2026-07-04
"SYN00283","Model C",848,0.331120655993752,2026-01-04,2026-07-04
"SYN00284","Model A",408,0.327185244587009,2026-01-04,2026-07-04
"SYN00284","Model B",418,0.335204490777867,2026-01-04,2026-07-04
"SYN00284","Model C",421,0.337610264635124,2026-01-04,2026-07-04
"SYN00285","Model A",204,0.327974276527331,2026-01-04,2026-07-04
"SYN00285","Model B",214,0.344051446945338,2026-01-04,2026-07-04
"SYN00285","Model C",204,0.327974276527331,2026-01-04,2026-07-04
"SYN00286","Model A",29,0.292929292929293,2026-01-04,2026-07-04
"SYN00286","Model B",32,0.323232323232323,2026-01-04,2026-07-04
"SYN00286","Model C",38,0.383838383838384,2026-01-04,2026-07-04
"SYN00287","Model A",202,0.338358458961474,2026-01-04,2026-07-04
"SYN00287","Model B",203,0.340033500837521,2026-01-04,2026-07-04
"SYN00287","Model C",192,0.321608040201005,2026-01-04,2026-07-04
"SYN00289","Model A",395,0.335598980458794,2026-01-04,2026-07-04
"SYN00289","Model B",398,0.338147833474936,2026-01-04,2026-07-04
"SYN00289","Model C",384,0.32625318606627,2026-01-04,2026-07-04
"SYN00290","Model A",365,0.327648114901257,2026-01-04,2026-07-04
"SYN00290","Model B",378,0.339317773788151,2026-01-04,2026-07-04
"SYN00290","Model C",371,0.333034111310592,2026-01-04,2026-07-04
"SYN00291","Model A",3,0.1875,2026-01-04,2026-07-04
"SYN00291","Model B",5,0.3125,2026-01-04,2026-07-04
"SYN00291","Model C",8,0.5,2026-01-04,2026-07-04
"SYN00292","Model A",34,0.326923076923077,2026-01-04,2026-07-04
"SYN00292","Model B",34,0.326923076923077,2026-01-04,2026-07-04
"SYN00292","Model C",36,0.346153846153846,2026-01-04,2026-07-04
"SYN00293","Model A",416,0.343234323432343,2026-01-04,2026-07-04
"SYN00293","Model B",419,0.345709570957096,2026-01-04,2026-07-04
"SYN00293","Model C",377,0.311056105610561,2026-01-04,2026-07-04
"SYN00294","Model A",78,0.320987654320988,2026-01-04,2026-07-04
"SYN00294","Model B",90,0.37037037037037,2026-01-04,2026-07-04
"SYN00294","Model C",75,0.308641975308642,2026-01-04,2026-07-04
"SYN00295","Model A",256,0.310679611650485,2026-01-04,2026-07-04
"SYN00295","Model B",264,0.320388349514563,2026-01-04,2026-07-04
"SYN00295","Model C",304,0.368932038834951,2026-01-04,2026-07-04
"SYN00296","Model A",187,0.328646748681898,2026-01-04,2026-07-04
"SYN00296","Model B",200,0.351493848857645,2026-01-04,2026-07-04
"SYN00296","Model C",182,0.319859402460457,2026-01-04,2026-07-04
"SYN00298","Model A",19,0.372549019607843,2026-01-04,2026-07-04
"SYN00298","Model B",14,0.274509803921569,2026-01-04,2026-07-04
"SYN00298","Model C",18,0.352941176470588,2026-01-04,2026-07-04
"SYN00299","Model A",1423,0.330162412993039,2026-01-04,2026-07-04
"SYN00299","Model B",1456,0.337819025522042,2026-01-04,2026-07-04
"SYN00299","Model C",1431,0.332018561484919,2026-01-04,2026-07-04
"SYN00300","Model A",9,0.243243243243243,2026-01-04,2026-07-04
"SYN00300","Model B",19,0.513513513513513,2026-01-04,2026-07-04
"SYN00300","Model C",9,0.243243243243243,2026-01-04,2026-07-04
"SYN00301","Model A",891,0.336099585062241,2026-01-04,2026-07-04
"SYN00301","Model B",882,0.332704639758582,2026-01-04,2026-07-04
"SYN00301","Model C",878,0.331195775179178,2026-01-04,2026-07-04
"SYN00302","Model A",43,0.316176470588235,2026-01-04,2026-07-04
"SYN00302","Model B",52,0.382352941176471,2026-01-04,2026-07-04
"SYN00302","Model C",41,0.301470588235294,2026-01-04,2026-07-04
"SYN00303","Model A",133,0.336708860759494,2026-01-04,2026-07-04
"SYN00303","Model B",134,0.339240506329114,2026-01-04,2026-07-04
"SYN00303","Model C",128,0.324050632911392,2026-01-04,2026-07-04
"SYN00304","Model A",121,0.378125,2026-01-04,2026-07-04
"SYN00304","Model B",96,0.3,2026-01-04,2026-07-04
"SYN00304","Model C",103,0.321875,2026-01-04,2026-07-04
"SYN00305","Model A",404,0.379342723004695,2026-01-04,2026-07-04
"SYN00305","Model B",347,0.325821596244131,2026-01-04,2026-07-04
"SYN00305","Model C",314,0.294835680751174,2026-01-04,2026-07-04
"SYN00306","Model A",1417,0.333098260460743,2026-01-04,2026-07-04
"SYN00306","Model B",1460,0.343206393982134,2026-01-04,2026-07-04
"SYN00306","Model C",1377,0.323695345557123,2026-01-04,2026-07-04
"SYN00307","Model A",497,0.344660194174757,2026-01-04,2026-07-04
"SYN00307","Model B",482,0.334257975034674,2026-01-04,2026-07-04
"SYN00307","Model C",463,0.321081830790569,2026-01-04,2026-07-04
"SYN00308","Model A",378,0.346153846153846,2026-01-04,2026-07-04
"SYN00308","Model B",324,0.296703296703297,2026-01-04,2026-07-04
"SYN00308","Model C",390,0.357142857142857,2026-01-04,2026-07-04
"SYN00309","Model A",52,0.393939393939394,2026-01-04,2026-07-04
"SYN00309","Model B",42,0.318181818181818,2026-01-04,2026-07-04
"SYN00309","Model C",38,0.287878787878788,2026-01-04,2026-07-04
"SYN00310","Model A",181,0.297208538587849,2026-01-04,2026-07-04
"SYN00310","Model B",205,0.336617405582923,2026-01-04,2026-07-04
"SYN00310","Model C",223,0.366174055829228,2026-01-04,2026-07-04
"SYN00311","Model A",246,0.345021037868163,2026-01-04,2026-07-04
"SYN00311","Model B",238,0.333800841514726,2026-01-04,2026-07-04
"SYN00311","Model C",229,0.321178120617111,2026-01-04,2026-07-04
"SYN00313","Model A",93,0.376518218623482,2026-01-04,2026-07-04
"SYN00313","Model B",77,0.311740890688259,2026-01-04,2026-07-04
"SYN00313","Model C",77,0.311740890688259,2026-01-04,2026-07-04
"SYN00314","Model A",827,0.344870725604671,2026-01-04,2026-07-04
"SYN00314","Model B",776,0.323603002502085,2026-01-04,2026-07-04
"SYN00314","Model C",795,0.331526271893244,2026-01-04,2026-07-04
"SYN00315","Model A",277,0.338217338217338,2026-01-04,2026-07-04
"SYN00315","Model B",258,0.315018315018315,2026-01-04,2026-07-04
"SYN00315","Model C",284,0.346764346764347,2026-01-04,2026-07-04
"SYN00316","Model A",331,0.324191968658178,2026-01-04,2026-07-04
"SYN00316","Model B",347,0.339862879529873,2026-01-04,2026-07-04
"SYN00316","Model C",343,0.335945151811949,2026-01-04,2026-07-04
"SYN00317","Model A",308,0.335511982570806,2026-01-04,2026-07-04
"SYN00317","Model B",302,0.328976034858388,2026-01-04,2026-07-04
"SYN00317","Model C",308,0.335511982570806,2026-01-04,2026-07-04
"SYN00318","Model A",226,0.341389728096677,2026-01-04,2026-07-04
"SYN00318","Model B",208,0.314199395770393,2026-01-04,2026-07-04
"SYN00318","Model C",228,0.344410876132931,2026-01-04,2026-07-04
"SYN00320","Model A",35,0.380434782608696,2026-01-04,2026-07-04
"SYN00320","Model B",27,0.293478260869565,2026-01-04,2026-07-04
"SYN00320","Model C",30,0.326086956521739,2026-01-04,2026-07-04
"SYN00321","Model A",80,0.372093023255814,2026-01-04,2026-07-04
"SYN00321","Model B",67,0.311627906976744,2026-01-04,2026-07-04
"SYN00321","Model C",68,0.316279069767442,2026-01-04,2026-07-04
"SYN00322","Model A",31,0.326315789473684,2026-01-04,2026-07-04
"SYN00322","Model B",32,0.336842105263158,2026-01-04,2026-07-04
"SYN00322","Model C",32,0.336842105263158,2026-01-04,2026-07-04
"SYN00323","Model A",1332,0.32416646385982,2026-01-04,2026-07-04
"SYN00323","Model B",1441,0.350693599415916,2026-01-04,2026-07-04
"SYN00323","Model C",1336,0.325139936724264,2026-01-04,2026-07-04
"SYN00324","Model A",316,0.315684315684316,2026-01-04,2026-07-04
"SYN00324","Model B",338,0.337662337662338,2026-01-04,2026-07-04
"SYN00324","Model C",347,0.346653346653347,2026-01-04,2026-07-04
"SYN00325","Model A",180,0.331491712707182,2026-01-04,2026-07-04
"SYN00325","Model B",170,0.313075506445672,2026-01-04,2026-07-04
"SYN00325","Model C",193,0.355432780847145,2026-01-04,2026-07-04
"SYN00327","Model A",45,0.314685314685315,2026-01-04,2026-07-04
"SYN00327","Model B",57,0.398601398601399,2026-01-04,2026-07-04
"SYN00327","Model C",41,0.286713286713287,2026-01-04,2026-07-04
"SYN00328","Model A",102,0.380597014925373,2026-01-04,2026-07-04
"SYN00328","Model B",77,0.287313432835821,2026-01-04,2026-07-04
"SYN00328","Model C",89,0.332089552238806,2026-01-04,2026-07-04
"SYN00329","Model A",214,0.353719008264463,2026-01-04,2026-07-04
"SYN00329","Model B",200,0.330578512396694,2026-01-04,2026-07-04
"SYN00329","Model C",191,0.315702479338843,2026-01-04,2026-07-04
"SYN00330","Model A",199,0.355992844364937,2026-01-04,2026-07-04
"SYN00330","Model B",161,0.288014311270125,2026-01-04,2026-07-04
"SYN00330","Model C",199,0.355992844364937,2026-01-04,2026-07-04
"SYN00331","Model A",11,0.333333333333333,2026-01-04,2026-07-04
"SYN00331","Model B",7,0.212121212121212,2026-01-04,2026-07-04
"SYN00331","Model C",15,0.454545454545455,2026-01-04,2026-07-04
"SYN00332","Model A",22,0.4,2026-01-04,2026-07-04
"SYN00332","Model B",15,0.272727272727273,2026-01-04,2026-07-04
"SYN00332","Model C",18,0.327272727272727,2026-01-04,2026-07-04
"SYN00336","Model A",329,0.337090163934426,2026-01-04,2026-07-04
"SYN00336","Model B",313,0.320696721311475,2026-01-04,2026-07-04
"SYN00336","Model C",334,0.342213114754098,2026-01-04,2026-07-04
"SYN00337","Model A",3,0.272727272727273,2026-01-04,2026-07-04
"SYN00337","Model B",4,0.363636363636364,2026-01-04,2026-07-04
"SYN00337","Model C",4,0.363636363636364,2026-01-04,2026-07-04
"SYN00338","Model A",322,0.33025641025641,2026-01-04,2026-07-04
"SYN00338","Model B",330,0.338461538461538,2026-01-04,2026-07-04
"SYN00338","Model C",323,0.331282051282051,2026-01-04,2026-07-04
"SYN00339","Model A",159,0.328512396694215,2026-01-04,2026-07-04
"SYN00339","Model B",150,0.309917355371901,2026-01-04,2026-07-04
"SYN00339","Model C",175,0.361570247933884,2026-01-04,2026-07-04
"SYN00340","Model A",260,0.347129506008011,2026-01-04,2026-07-04
"SYN00340","Model B",248,0.331108144192256,2026-01-04,2026-07-04
"SYN00340","Model C",241,0.321762349799733,2026-01-04,2026-07-04
"SYN00341","Model A",108,0.27979274611399,2026-01-04,2026-07-04
"SYN00341","Model B",131,0.339378238341969,2026-01-04,2026-07-04
"SYN00341","Model C",147,0.380829015544041,2026-01-04,2026-07-04
"SYN00343","Model A",212,0.337042925278219,2026-01-04,2026-07-04
"SYN00343","Model B",215,0.34181240063593,2026-01-04,2026-07-04
"SYN00343","Model C",202,0.321144674085851,2026-01-04,2026-07-04
"SYN00345","Model A",351,0.32409972299169,2026-01-04,2026-07-04
"SYN00345","Model B",374,0.34533702677747,2026-01-04,2026-07-04
"SYN00345","Model C",358,0.33056325023084,2026-01-04,2026-07-04
"SYN00346","Model A",269,0.33921815889029,2026-01-04,2026-07-04
"SYN00346","Model B",251,0.316519546027743,2026-01-04,2026-07-04
"SYN00346","Model C",273,0.344262295081967,2026-01-04,2026-07-04
"SYN00347","Model A",110,0.349206349206349,2026-01-04,2026-07-04
"SYN00347","Model B",108,0.342857142857143,2026-01-04,2026-07-04
"SYN00347","Model C",97,0.307936507936508,2026-01-04,2026-07-04
"SYN00348","Model A",21,0.411764705882353,2026-01-04,2026-07-04
"SYN00348","Model B",13,0.254901960784314,2026-01-04,2026-07-04
"SYN00348","Model C",17,0.333333333333333,2026-01-04,2026-07-04
"SYN00349","Model A",667,0.342226782965623,2026-01-04,2026-07-04
"SYN00349","Model B",625,0.320677270395074,2026-01-04,2026-07-04
"SYN00349","Model C",657,0.337095946639302,2026-01-04,2026-07-04
"SYN00350","Model A",414,0.301969365426696,2026-01-04,2026-07-04
"SYN00350","Model B",487,0.355215171407732,2026-01-04,2026-07-04
"SYN00350","Model C",470,0.342815463165573,2026-01-04,2026-07-04
"SYN00351","Model A",21,0.344262295081967,2026-01-04,2026-07-04
"SYN00351","Model B",18,0.295081967213115,2026-01-04,2026-07-04
"SYN00351","Model C",22,0.360655737704918,2026-01-04,2026-07-04
"SYN00352","Model A",271,0.343472750316857,2026-01-04,2026-07-04
"SYN00352","Model B",269,0.340937896070976,2026-01-04,2026-07-04
"SYN00352","Model C",249,0.315589353612167,2026-01-04,2026-07-04
"SYN00353","Model A",589,0.339677047289504,2026-01-04,2026-07-04
"SYN00353","Model B",591,0.34083044982699,2026-01-04,2026-07-04
"SYN00353","Model C",554,0.319492502883506,2026-01-04,2026-07-04
"SYN00355","Model A",181,0.346080305927342,2026-01-04,2026-07-04
"SYN00355","Model B",177,0.338432122370937,2026-01-04,2026-07-04
"SYN00355","Model C",165,0.315487571701721,2026-01-04,2026-07-04
"SYN00356","Model A",674,0.330554193231976,2026-01-04,2026-07-04
"SYN00356","Model B",693,0.339872486512997,2026-01-04,2026-07-04
"SYN00356","Model C",672,0.329573320255027,2026-01-04,2026-07-04
"SYN00357","Model A",384,0.346257889990983,2026-01-04,2026-07-04
"SYN00357","Model B",350,0.315599639314698,2026-01-04,2026-07-04
"SYN00357","Model C",375,0.338142470694319,2026-01-04,2026-07-04
"SYN00358","Model A",558,0.349405134627426,2026-01-04,2026-07-04
"SYN00358","Model B",523,0.327489041953663,2026-01-04,2026-07-04
"SYN00358","Model C",516,0.32310582341891,2026-01-04,2026-07-04
"SYN00359","Model A",607,0.331693989071038,2026-01-04,2026-07-04
"SYN00359","Model B",601,0.328415300546448,2026-01-04,2026-07-04
"SYN00359","Model C",622,0.339890710382514,2026-01-04,2026-07-04
"SYN00360","Model A",426,0.342995169082126,2026-01-04,2026-07-04
"SYN00360","Model B",423,0.340579710144928,2026-01-04,2026-07-04
"SYN00360","Model C",393,0.316425120772947,2026-01-04,2026-07-04
"SYN00362","Model A",242,0.327469553450609,2026-01-04,2026-07-04
"SYN00362","Model B",253,0.342354533152909,2026-01-04,2026-07-04
"SYN00362","Model C",244,0.330175913396482,2026-01-04,2026-07-04
"SYN00363","Model A",2310,0.328451585383194,2026-01-04,2026-07-04
"SYN00363","Model B",2359,0.335418740224655,2026-01-04,2026-07-04
"SYN00363","Model C",2364,0.336129674392151,2026-01-04,2026-07-04
"SYN00364","Model A",331,0.315238095238095,2026-01-04,2026-07-04
"SYN00364","Model B",360,0.342857142857143,2026-01-04,2026-07-04
"SYN00364","Model C",359,0.341904761904762,2026-01-04,2026-07-04
"SYN00365","Model A",84,0.336,2026-01-04,2026-07-04
"SYN00365","Model B",86,0.344,2026-01-04,2026-07-04
"SYN00365","Model C",80,0.32,2026-01-04,2026-07-04
"SYN00366","Model A",137,0.305803571428571,2026-01-04,2026-07-04
"SYN00366","Model B",163,0.363839285714286,2026-01-04,2026-07-04
"SYN00366","Model C",148,0.330357142857143,2026-01-04,2026-07-04
"SYN00367","Model A",289,0.354166666666667,2026-01-04,2026-07-04
"SYN00367","Model B",268,0.32843137254902,2026-01-04,2026-07-04
"SYN00367","Model C",259,0.317401960784314,2026-01-04,2026-07-04
"SYN00368","Model A",30,0.319148936170213,2026-01-04,2026-07-04
"SYN00368","Model B",33,0.351063829787234,2026-01-04,2026-07-04
"SYN00368","Model C",31,0.329787234042553,2026-01-04,2026-07-04
"SYN00369","Model A",66,0.305555555555556,2026-01-04,2026-07-04
"SYN00369","Model B",72,0.333333333333333,2026-01-04,2026-07-04
"SYN00369","Model C",78,0.361111111111111,2026-01-04,2026-07-04
"SYN00370","Model A",997,0.326350245499182,2026-01-04,2026-07-04
"SYN00370","Model B",1042,0.341080196399345,2026-01-04,2026-07-04
"SYN00370","Model C",1016,0.332569558101473,2026-01-04,2026-07-04
"SYN00371","Model A",583,0.346611177170036,2026-01-04,2026-07-04
"SYN00371","Model B",513,0.30499405469679,2026-01-04,2026-07-04
"SYN00371","Model C",586,0.348394768133175,2026-01-04,2026-07-04
"SYN00373","Model A",152,0.334065934065934,2026-01-04,2026-07-04
"SYN00373","Model B",139,0.305494505494506,2026-01-04,2026-07-04
"SYN00373","Model C",164,0.36043956043956,2026-01-04,2026-07-04
"SYN00374","Model A",20,0.307692307692308,2026-01-04,2026-07-04
"SYN00374","Model B",14,0.215384615384615,2026-01-04,2026-07-04
"SYN00374","Model C",31,0.476923076923077,2026-01-04,2026-07-04
"SYN00375","Model A",682,0.326784858648778,2026-01-04,2026-07-04
"SYN00375","Model B",760,0.364159080019166,2026-01-04,2026-07-04
"SYN00375","Model C",645,0.309056061332056,2026-01-04,2026-07-04
"SYN00376","Model A",102,0.346938775510204,2026-01-04,2026-07-04
"SYN00376","Model B",99,0.336734693877551,2026-01-04,2026-07-04
"SYN00376","Model C",93,0.316326530612245,2026-01-04,2026-07-04
"SYN00378","Model A",229,0.322990126939351,2026-01-04,2026-07-04
"SYN00378","Model B",241,0.339915373765867,2026-01-04,2026-07-04
"SYN00378","Model C",239,0.337094499294781,2026-01-04,2026-07-04
"SYN00379","Model A",80,0.329218106995885,2026-01-04,2026-07-04
"SYN00379","Model B",81,0.333333333333333,2026-01-04,2026-07-04
"SYN00379","Model C",82,0.337448559670782,2026-01-04,2026-07-04
"SYN00380","Model A",620,0.344062153163152,2026-01-04,2026-07-04
"SYN00380","Model B",575,0.319089900110988,2026-01-04,2026-07-04
"SYN00380","Model C",607,0.33684794672586,2026-01-04,2026-07-04
"SYN00381","Model A",1088,0.335285053929122,2026-01-04,2026-07-04
"SYN00381","Model B",1040,0.320493066255778,2026-01-04,2026-07-04
"SYN00381","Model C",1117,0.3442218798151,2026-01-04,2026-07-04
"SYN00382","Model A",957,0.328527291452111,2026-01-04,2026-07-04
"SYN00382","Model B",978,0.335736354273944,2026-01-04,2026-07-04
"SYN00382","Model C",978,0.335736354273944,2026-01-04,2026-07-04
"SYN00383","Model A",160,0.342612419700214,2026-01-04,2026-07-04
"SYN00383","Model B",147,0.314775160599572,2026-01-04,2026-07-04
"SYN00383","Model C",160,0.342612419700214,2026-01-04,2026-07-04
"SYN00384","Model A",623,0.334406870638755,2026-01-04,2026-07-04
"SYN00384","Model B",612,0.328502415458937,2026-01-04,2026-07-04
"SYN00384","Model C",628,0.337090713902308,2026-01-04,2026-07-04
"SYN00385","Model A",549,0.340570719602978,2026-01-04,2026-07-04
"SYN00385","Model B",539,0.334367245657568,2026-01-04,2026-07-04
"SYN00385","Model C",524,0.325062034739454,2026-01-04,2026-07-04
"SYN00386","Model A",868,0.332312404287902,2026-01-04,2026-07-04
"SYN00386","Model B",878,0.33614088820827,2026-01-04,2026-07-04
"SYN00386","Model C",866,0.331546707503828,2026-01-04,2026-07-04
"SYN00388","Model A",116,0.338192419825073,2026-01-04,2026-07-04
"SYN00388","Model B",122,0.355685131195335,2026-01-04,2026-07-04
"SYN00388","Model C",105,0.306122448979592,2026-01-04,2026-07-04
"SYN00390","Model A",206,0.33605220228385,2026-01-04,2026-07-04
"SYN00390","Model B",212,0.34584013050571,2026-01-04,2026-07-04
"SYN00390","Model C",195,0.31810766721044,2026-01-04,2026-07-04
"SYN00391","Model A",513,0.314338235294118,2026-01-04,2026-07-04
"SYN00391","Model B",575,0.352328431372549,2026-01-04,2026-07-04
"SYN00391","Model C",544,0.333333333333333,2026-01-04,2026-07-04
"SYN00392","Model A",541,0.336024844720497,2026-01-04,2026-07-04
"SYN00392","Model B",540,0.335403726708075,2026-01-04,2026-07-04
"SYN00392","Model C",529,0.328571428571429,2026-01-04,2026-07-04
"SYN00393","Model A",406,0.318931657501964,2026-01-04,2026-07-04
"SYN00393","Model B",440,0.345640219952867,2026-01-04,2026-07-04
"SYN00393","Model C",427,0.335428122545169,2026-01-04,2026-07-04
"SYN00394","Model A",378,0.336,2026-01-04,2026-07-04
"SYN00394","Model B",372,0.330666666666667,2026-01-04,2026-07-04
"SYN00394","Model C",375,0.333333333333333,2026-01-04,2026-07-04
"SYN00395","Model A",352,0.309586631486368,2026-01-04,2026-07-04
"SYN00395","Model B",393,0.345646437994723,2026-01-04,2026-07-04
"SYN00395","Model C",392,0.344766930518909,2026-01-04,2026-07-04
"SYN00396","Model A",15,0.357142857142857,2026-01-04,2026-07-04
"SYN00396","Model B",11,0.261904761904762,2026-01-04,2026-07-04
"SYN00396","Model C",16,0.380952380952381,2026-01-04,2026-07-04
"SYN00397","Model A",90,0.410958904109589,2026-01-04,2026-07-04
"SYN00397","Model B",60,0.273972602739726,2026-01-04,2026-07-04
"SYN00397","Model C",69,0.315068493150685,2026-01-04,2026-07-04
"SYN00398","Model A",225,0.321888412017167,2026-01-04,2026-07-04
"SYN00398","Model B",239,0.341917024320458,2026-01-04,2026-07-04
"SYN00398","Model C",235,0.336194563662375,2026-01-04,2026-07-04
"SYN00399","Model A",136,0.343434343434343,2026-01-04,2026-07-04
"SYN00399","Model B",126,0.318181818181818,2026-01-04,2026-07-04
"SYN00399","Model C",134,0.338383838383838,2026-01-04,2026-07-04
"SYN00400","Model A",422,0.327639751552795,2026-01-04,2026-07-04
"SYN00400","Model B",442,0.343167701863354,2026-01-04,2026-07-04
"SYN00400","Model C",424,0.329192546583851,2026-01-04,2026-07-04
"SYN00401","Model A",558,0.342962507682852,2026-01-04,2026-07-04
"SYN00401","Model B",553,0.339889366933006,2026-01-04,2026-07-04
"SYN00401","Model C",516,0.317148125384143,2026-01-04,2026-07-04
"SYN00402","Model A",857,0.337136113296617,2026-01-04,2026-07-04
"SYN00402","Model B",863,0.339496459480724,2026-01-04,2026-07-04
"SYN00402","Model C",822,0.323367427222659,2026-01-04,2026-07-04
"SYN00403","Model A",168,0.31638418079096,2026-01-04,2026-07-04
"SYN00403","Model B",163,0.306967984934087,2026-01-04,2026-07-04
"SYN00403","Model C",200,0.376647834274953,2026-01-04,2026-07-04
"SYN00405","Model A",19,0.41304347826087,2026-01-04,2026-07-04
"SYN00405","Model B",11,0.239130434782609,2026-01-04,2026-07-04
"SYN00405","Model C",16,0.347826086956522,2026-01-04,2026-07-04
"SYN00406","Model A",3181,0.344562391681109,2026-01-04,2026-07-04
"SYN00406","Model B",2991,0.323981802426343,2026-01-04,2026-07-04
"SYN00406","Model C",3060,0.331455805892548,2026-01-04,2026-07-04
"SYN00407","Model A",298,0.354761904761905,2026-01-04,2026-07-04
"SYN00407","Model B",275,0.327380952380952,2026-01-04,2026-07-04
"SYN00407","Model C",267,0.317857142857143,2026-01-04,2026-07-04
"SYN00408","Model A",92,0.306666666666667,2026-01-04,2026-07-04
"SYN00408","Model B",111,0.37,2026-01-04,2026-07-04
"SYN00408","Model C",97,0.323333333333333,2026-01-04,2026-07-04
"SYN00409","Model A",290,0.318681318681319,2026-01-04,2026-07-04
"SYN00409","Model B",315,0.346153846153846,2026-01-04,2026-07-04
"SYN00409","Model C",305,0.335164835164835,2026-01-04,2026-07-04
"SYN00410","Model A",286,0.349633251833741,2026-01-04,2026-07-04
"SYN00410","Model B",257,0.314180929095354,2026-01-04,2026-07-04
"SYN00410","Model C",275,0.336185819070905,2026-01-04,2026-07-04
"SYN00411","Model A",1,0.166666666666667,2026-01-04,2026-07-04
"SYN00411","Model B",3,0.5,2026-01-04,2026-07-04
"SYN00411","Model C",2,0.333333333333333,2026-01-04,2026-07-04
"SYN00412","Model A",3,0.272727272727273,2026-01-04,2026-07-04
"SYN00412","Model B",2,0.181818181818182,2026-01-04,2026-07-04
"SYN00412","Model C",6,0.545454545454545,2026-01-04,2026-07-04
"SYN00413","Model A",43,0.307142857142857,2026-01-04,2026-07-04
"SYN00413","Model B",52,0.371428571428571,2026-01-04,2026-07-04
"SYN00413","Model C",45,0.321428571428571,2026-01-04,2026-07-04
"SYN00414","Model A",239,0.3234100135318,2026-01-04,2026-07-04
"SYN00414","Model B",254,0.343707713125846,2026-01-04,2026-07-04
"SYN00414","Model C",246,0.332882273342355,2026-01-04,2026-07-04
"SYN00415","Model A",120,0.336134453781513,2026-01-04,2026-07-04
"SYN00415","Model B",127,0.355742296918768,2026-01-04,2026-07-04
"SYN00415","Model C",110,0.30812324929972,2026-01-04,2026-07-04
"SYN00416","Model A",1255,0.344307270233196,2026-01-04,2026-07-04
"SYN00416","Model B",1179,0.323456790123457,2026-01-04,2026-07-04
"SYN00416","Model C",1211,0.332235939643347,2026-01-04,2026-07-04
"SYN00418","Model A",472,0.330763840224247,2026-01-04,2026-07-04
"SYN00418","Model B",458,0.320953048353188,2026-01-04,2026-07-04
"SYN00418","Model C",497,0.348283111422565,2026-01-04,2026-07-04
"SYN00419","Model A",280,0.36036036036036,2026-01-04,2026-07-04
"SYN00419","Model B",254,0.326898326898327,2026-01-04,2026-07-04
"SYN00419","Model C",243,0.312741312741313,2026-01-04,2026-07-04
"SYN00421","Model A",825,0.323022709475333,2026-01-04,2026-07-04
"SYN00421","Model B",887,0.347298355520752,2026-01-04,2026-07-04
"SYN00421","Model C",842,0.329678935003915,2026-01-04,2026-07-04
"SYN00422","Model A",71,0.304721030042918,2026-01-04,2026-07-04
"SYN00422","Model B",77,0.330472103004292,2026-01-04,2026-07-04
"SYN00422","Model C",85,0.36480686695279,2026-01-04,2026-07-04
"SYN00423","Model A",139,0.298283261802575,2026-01-04,2026-07-04
"SYN00423","Model B",180,0.386266094420601,2026-01-04,2026-07-04
"SYN00423","Model C",147,0.315450643776824,2026-01-04,2026-07-04
"SYN00426","Model A",280,0.338164251207729,2026-01-04,2026-07-04
"SYN00426","Model B",249,0.300724637681159,2026-01-04,2026-07-04
"SYN00426","Model C",299,0.361111111111111,2026-01-04,2026-07-04
"SYN00428","Model A",171,0.322641509433962,2026-01-04,2026-07-04
"SYN00428","Model B",158,0.29811320754717,2026-01-04,2026-07-04
"SYN00428","Model C",201,0.379245283018868,2026-01-04,2026-07-04
"SYN00429","Model A",1714,0.33740157480315,2026-01-04,2026-07-04
"SYN00429","Model B",1686,0.331889763779528,2026-01-04,2026-07-04
"SYN00429","Model C",1680,0.330708661417323,2026-01-04,2026-07-04
"SYN00430","Model A",1090,0.345812182741117,2026-01-04,2026-07-04
"SYN00430","Model B",1024,0.3248730964467,2026-01-04,2026-07-04
"SYN00430","Model C",1038,0.329314720812183,2026-01-04,2026-07-04
"SYN00431","Model A",1087,0.319236417033774,2026-01-04,2026-07-04
"SYN00431","Model B",1153,0.338619676945668,2026-01-04,2026-07-04
"SYN00431","Model C",1165,0.342143906020558,2026-01-04,2026-07-04
"SYN00432","Model A",246,0.324538258575198,2026-01-04,2026-07-04
"SYN00432","Model B",265,0.349604221635884,2026-01-04,2026-07-04
"SYN00432","Model C",247,0.325857519788918,2026-01-04,2026-07-04
"SYN00433","Model A",22,0.349206349206349,2026-01-04,2026-07-04
"SYN00433","Model B",23,0.365079365079365,2026-01-04,2026-07-04
"SYN00433","Model C",18,0.285714285714286,2026-01-04,2026-07-04
"SYN00435","Model A",123,0.35243553008596,2026-01-04,2026-07-04
"SYN00435","Model B",125,0.358166189111748,2026-01-04,2026-07-04
"SYN00435","Model C",101,0.289398280802292,2026-01-04,2026-07-04
"SYN00436","Model A",102,0.356643356643357,2026-01-04,2026-07-04
"SYN00436","Model B",84,0.293706293706294,2026-01-04,2026-07-04
"SYN00436","Model C",100,0.34965034965035,2026-01-04,2026-07-04
"SYN00438","Model A",29,0.325842696629214,2026-01-04,2026-07-04
"SYN00438","Model B",25,0.280898876404494,2026-01-04,2026-07-04
"SYN00438","Model C",35,0.393258426966292,2026-01-04,2026-07-04
"SYN00439","Model A",226,0.327062228654124,2026-01-04,2026-07-04
"SYN00439","Model B",234,0.338639652677279,2026-01-04,2026-07-04
"SYN00439","Model C",231,0.334298118668596,2026-01-04,2026-07-04
"SYN00441","Model A",1314,0.333248795333502,2026-01-04,2026-07-04
"SYN00441","Model B",1269,0.321836165356328,2026-01-04,2026-07-04
"SYN00441","Model C",1360,0.34491503931017,2026-01-04,2026-07-04
"SYN00442","Model A",293,0.354721549636804,2026-01-04,2026-07-04
"SYN00442","Model B",269,0.325665859564165,2026-01-04,2026-07-04
"SYN00442","Model C",264,0.319612590799031,2026-01-04,2026-07-04
"SYN00443","Model A",549,0.343125,2026-01-04,2026-07-04
"SYN00443","Model B",517,0.323125,2026-01-04,2026-07-04
"SYN00443","Model C",534,0.33375,2026-01-04,2026-07-04
"SYN00444","Model A",159,0.305769230769231,2026-01-04,2026-07-04
"SYN00444","Model B",178,0.342307692307692,2026-01-04,2026-07-04
"SYN00444","Model C",183,0.351923076923077,2026-01-04,2026-07-04
"SYN00446","Model A",362,0.341187558906692,2026-01-04,2026-07-04
"SYN00446","Model B",323,0.304429783223374,2026-01-04,2026-07-04
"SYN00446","Model C",376,0.354382657869934,2026-01-04,2026-07-04
"SYN00447","Model A",2564,0.32202964079377,2026-01-04,2026-07-04
"SYN00447","Model B",2685,0.337226827430294,2026-01-04,2026-07-04
"SYN00447","Model C",2713,0.340743531775936,2026-01-04,2026-07-04
"SYN00448","Model A",262,0.318347509113001,2026-01-04,2026-07-04
"SYN00448","Model B",282,0.342648845686513,2026-01-04,2026-07-04
"SYN00448","Model C",279,0.339003645200486,2026-01-04,2026-07-04
"SYN00449","Model A",89,0.335849056603774,2026-01-04,2026-07-04
"SYN00449","Model B",81,0.305660377358491,2026-01-04,2026-07-04
"SYN00449","Model C",95,0.358490566037736,2026-01-04,2026-07-04
"SYN00450","Model A",815,0.333469721767594,2026-01-04,2026-07-04
"SYN00450","Model B",775,0.317103109656301,2026-01-04,2026-07-04
"SYN00450","Model C",854,0.349427168576105,2026-01-04,2026-07-04
"SYN00451","Model A",518,0.342819324950364,2026-01-04,2026-07-04
"SYN00451","Model B",478,0.316346790205162,2026-01-04,2026-07-04
"SYN00451","Model C",515,0.340833884844474,2026-01-04,2026-07-04
"SYN00452","Model A",308,0.332972972972973,2026-01-04,2026-07-04
"SYN00452","Model B",312,0.337297297297297,2026-01-04,2026-07-04
"SYN00452","Model C",305,0.32972972972973,2026-01-04,2026-07-04
"SYN00455","Model A",141,0.347290640394089,2026-01-04,2026-07-04
"SYN00455","Model B",140,0.344827586206897,2026-01-04,2026-07-04
"SYN00455","Model C",125,0.307881773399015,2026-01-04,2026-07-04
"SYN00457","Model A",110,0.359477124183007,2026-01-04,2026-07-04
"SYN00457","Model B",110,0.359477124183007,2026-01-04,2026-07-04
"SYN00457","Model C",86,0.281045751633987,2026-01-04,2026-07-04
"SYN00458","Model A",4,0.285714285714286,2026-01-04,2026-07-04
"SYN00458","Model B",3,0.214285714285714,2026-01-04,2026-07-04
"SYN00458","Model C",7,0.5,2026-01-04,2026-07-04
"SYN00459","Model A",544,0.323809523809524,2026-01-04,2026-07-04
"SYN00459","Model B",562,0.33452380952381,2026-01-04,2026-07-04
"SYN00459","Model C",574,0.341666666666667,2026-01-04,2026-07-04
"SYN00460","Model A",163,0.321499013806706,2026-01-04,2026-07-04
"SYN00460","Model B",165,0.325443786982249,2026-01-04,2026-07-04
"SYN00460","Model C",179,0.353057199211045,2026-01-04,2026-07-04
"SYN00462","Model A",601,0.30414979757085,2026-01-04,2026-07-04
"SYN00462","Model B",711,0.359817813765182,2026-01-04,2026-07-04
"SYN00462","Model C",664,0.336032388663968,2026-01-04,2026-07-04
"SYN00463","Model A",222,0.357487922705314,2026-01-04,2026-07-04
"SYN00463","Model B",186,0.29951690821256,2026-01-04,2026-07-04
"SYN00463","Model C",213,0.342995169082126,2026-01-04,2026-07-04
"SYN00464","Model A",373,0.324912891986063,2026-01-04,2026-07-04
"SYN00464","Model B",378,0.329268292682927,2026-01-04,2026-07-04
"SYN00464","Model C",397,0.34581881533101,2026-01-04,2026-07-04
"SYN00466","Model A",632,0.330716902145474,2026-01-04,2026-07-04
"SYN00466","Model B",641,0.335426478283621,2026-01-04,2026-07-04
"SYN00466","Model C",638,0.333856619570905,2026-01-04,2026-07-04
"SYN00467","Model A",234,0.349253731343284,2026-01-04,2026-07-04
"SYN00467","Model B",213,0.317910447761194,2026-01-04,2026-07-04
"SYN00467","Model C",223,0.332835820895522,2026-01-04,2026-07-04
"SYN00469","Model A",185,0.344506517690875,2026-01-04,2026-07-04
"SYN00469","Model B",173,0.322160148975791,2026-01-04,2026-07-04
"SYN00469","Model C",179,0.333333333333333,2026-01-04,2026-07-04
"SYN00470","Model A",11,0.478260869565217,2026-01-04,2026-07-04
"SYN00470","Model B",5,0.217391304347826,2026-01-04,2026-07-04
"SYN00470","Model C",7,0.304347826086957,2026-01-04,2026-07-04
"SYN00473","Model A",655,0.337802991232594,2026-01-04,2026-07-04
"SYN00473","Model B",637,0.328519855595668,2026-01-04,2026-07-04
"SYN00473","Model C",647,0.333677153171738,2026-01-04,2026-07-04
"SYN00474","Model A",239,0.335674157303371,2026-01-04,2026-07-04
"SYN00474","Model B",234,0.328651685393258,2026-01-04,2026-07-04
"SYN00474","Model C",239,0.335674157303371,2026-01-04,2026-07-04
"SYN00475","Model A",133,0.30787037037037,2026-01-04,2026-07-04
"SYN00475","Model B",160,0.37037037037037,2026-01-04,2026-07-04
"SYN00475","Model C",139,0.321759259259259,2026-01-04,2026-07-04
"SYN00477","Model A",130,0.361111111111111,2026-01-04,2026-07-04
"SYN00477","Model B",119,0.330555555555556,2026-01-04,2026-07-04
"SYN00477","Model C",111,0.308333333333333,2026-01-04,2026-07-04
"SYN00478","Model A",121,0.315104166666667,2026-01-04,2026-07-04
"SYN00478","Model B",126,0.328125,2026-01-04,2026-07-04
"SYN00478","Model C",137,0.356770833333333,2026-01-04,2026-07-04
"SYN00481","Model A",30,0.375,2026-01-04,2026-07-04
"SYN00481","Model B",23,0.2875,2026-01-04,2026-07-04
"SYN00481","Model C",27,0.3375,2026-01-04,2026-07-04
"SYN00482","Model A",688,0.324069712670749,2026-01-04,2026-07-04
"SYN00482","Model B",714,0.336316533207725,2026-01-04,2026-07-04
"SYN00482","Model C",721,0.339613754121526,2026-01-04,2026-07-04
"SYN00483","Model A",81,0.292418772563177,2026-01-04,2026-07-04
"SYN00483","Model B",103,0.371841155234657,2026-01-04,2026-07-04
"SYN00483","Model C",93,0.335740072202166,2026-01-04,2026-07-04
"SYN00485","Model A",523,0.338292367399741,2026-01-04,2026-07-04
"SYN00485","Model B",529,0.342173350582147,2026-01-04,2026-07-04
"SYN00485","Model C",494,0.319534282018111,2026-01-04,2026-07-04
"SYN00488","Model A",32,0.340425531914894,2026-01-04,2026-07-04
"SYN00488","Model B",30,0.319148936170213,2026-01-04,2026-07-04
"SYN00488","Model C",32,0.340425531914894,2026-01-04,2026-07-04
"SYN00489","Model A",19,0.558823529411765,2026-01-04,2026-07-04
"SYN00489","Model B",7,0.205882352941176,2026-01-04,2026-07-04
"SYN00489","Model C",8,0.235294117647059,2026-01-04,2026-07-04
"SYN00490","Model A",605,0.332235035694673,2026-01-04,2026-07-04
"SYN00490","Model B",608,0.333882482152663,2026-01-04,2026-07-04
"SYN00490","Model C",608,0.333882482152663,2026-01-04,2026-07-04
"SYN00491","Model A",1194,0.332312830503757,2026-01-04,2026-07-04
"SYN00491","Model B",1184,0.32952964096855,2026-01-04,2026-07-04
"SYN00491","Model C",1215,0.338157528527693,2026-01-04,2026-07-04
"SYN00492","Model A",175,0.331439393939394,2026-01-04,2026-07-04
"SYN00492","Model B",174,0.329545454545455,2026-01-04,2026-07-04
"SYN00492","Model C",179,0.339015151515151,2026-01-04,2026-07-04
"SYN00493","Model A",164,0.323471400394477,2026-01-04,2026-07-04
"SYN00493","Model B",173,0.341222879684418,2026-01-04,2026-07-04
"SYN00493","Model C",170,0.335305719921105,2026-01-04,2026-07-04
"SYN00494","Model A",15,0.405405405405405,2026-01-04,2026-07-04
"SYN00494","Model B",14,0.378378378378378,2026-01-04,2026-07-04
"SYN00494","Model C",8,0.216216216216216,2026-01-04,2026-07-04
"SYN00495","Model A",295,0.329977628635347,2026-01-04,2026-07-04
"SYN00495","Model B",288,0.322147651006711,2026-01-04,2026-07-04
"SYN00495","Model C",311,0.347874720357942,2026-01-04,2026-07-04
"SYN00496","Model A",148,0.341801385681293,2026-01-04,2026-07-04
"SYN00496","Model B",146,0.337182448036952,2026-01-04,2026-07-04
"SYN00496","Model C",139,0.321016166281755,2026-01-04,2026-07-04
"SYN00497","Model A",814,0.323658051689861,2026-01-04,2026-07-04
"SYN00497","Model B",849,0.337574552683897,2026-01-04,2026-07-04
"SYN00497","Model C",852,0.338767395626243,2026-01-04,2026-07-04
"SYN00498","Model A",426,0.328957528957529,2026-01-04,2026-07-04
"SYN00498","Model B",433,0.334362934362934,2026-01-04,2026-07-04
"SYN00498","Model C",436,0.336679536679537,2026-01-04,2026-07-04
"SYN00499","Model A",228,0.322946175637394,2026-01-04,2026-07-04
"SYN00499","Model B",254,0.359773371104816,2026-01-04,2026-07-04
"SYN00499","Model C",224,0.31728045325779,2026-01-04,2026-07-04
"SYN00500","Model A",237,0.349557522123894,2026-01-04,2026-07-04
"SYN00500","Model B",228,0.336283185840708,2026-01-04,2026-07-04
"SYN00500","Model C",213,0.314159292035398,2026-01-04,2026-07-04
"SYN00502","Model A",59,0.307291666666667,2026-01-04,2026-07-04
"SYN00502","Model B",69,0.359375,2026-01-04,2026-07-04
"SYN00502","Model C",64,0.333333333333333,2026-01-04,2026-07-04
"SYN00503","Model A",655,0.34311157674175,2026-01-04,2026-07-04
"SYN00503","Model B",634,0.332111052907281,2026-01-04,2026-07-04
"SYN00503","Model C",620,0.324777370350969,2026-01-04,2026-07-04
"SYN00504","Model A",277,0.336165048543689,2026-01-04,2026-07-04
"SYN00504","Model B",274,0.33252427184466,2026-01-04,2026-07-04
"SYN00504","Model C",273,0.331310679611651,2026-01-04,2026-07-04
"SYN00505","Model A",228,0.34703196347032,2026-01-04,2026-07-04
"SYN00505","Model B",217,0.330289193302892,2026-01-04,2026-07-04
"SYN00505","Model C",212,0.322678843226788,2026-01-04,2026-07-04
"SYN00506","Model A",370,0.337591240875912,2026-01-04,2026-07-04
"SYN00506","Model B",381,0.347627737226277,2026-01-04,2026-07-04
"SYN00506","Model C",345,0.31478102189781,2026-01-04,2026-07-04
"SYN00507","Model A",172,0.345381526104418,2026-01-04,2026-07-04
"SYN00507","Model B",165,0.331325301204819,2026-01-04,2026-07-04
"SYN00507","Model C",161,0.323293172690763,2026-01-04,2026-07-04
"SYN00508","Model A",6,0.24,2026-01-04,2026-07-04
"SYN00508","Model B",11,0.44,2026-01-04,2026-07-04
"SYN00508","Model C",8,0.32,2026-01-04,2026-07-04
"SYN00509","Model A",354,0.324175824175824,2026-01-04,2026-07-04
"SYN00509","Model B",367,0.336080586080586,2026-01-04,2026-07-04
"SYN00509","Model C",371,0.33974358974359,2026-01-04,2026-07-04
"SYN00511","Model A",168,0.321223709369025,2026-01-04,2026-07-04
"SYN00511","Model B",176,0.336520076481836,2026-01-04,2026-07-04
"SYN00511","Model C",179,0.34225621414914,2026-01-04,2026-07-04
"SYN00512","Model A",111,0.375,2026-01-04,2026-07-04
"SYN00512","Model B",94,0.317567567567568,2026-01-04,2026-07-04
"SYN00512","Model C",91,0.307432432432432,2026-01-04,2026-07-04
"SYN00514","Model A",1102,0.336385836385836,2026-01-04,2026-07-04
"SYN00514","Model B",1088,0.332112332112332,2026-01-04,2026-07-04
"SYN00514","Model C",1086,0.331501831501831,2026-01-04,2026-07-04
"SYN00515","Model A",116,0.316939890710383,2026-01-04,2026-07-04
"SYN00515","Model B",118,0.322404371584699,2026-01-04,2026-07-04
"SYN00515","Model C",132,0.360655737704918,2026-01-04,2026-07-04
"SYN00516","Model A",7,0.368421052631579,2026-01-04,2026-07-04
"SYN00516","Model B",3,0.157894736842105,2026-01-04,2026-07-04
"SYN00516","Model C",9,0.473684210526316,2026-01-04,2026-07-04
"SYN00518","Model A",165,0.305555555555556,2026-01-04,2026-07-04
"SYN00518","Model B",184,0.340740740740741,2026-01-04,2026-07-04
"SYN00518","Model C",191,0.353703703703704,2026-01-04,2026-07-04
"SYN00519","Model A",13,0.26530612244898,2026-01-04,2026-07-04
"SYN00519","Model B",14,0.285714285714286,2026-01-04,2026-07-04
"SYN00519","Model C",22,0.448979591836735,2026-01-04,2026-07-04
"SYN00521","Model A",215,0.324283559577677,2026-01-04,2026-07-04
"SYN00521","Model B",241,0.363499245852187,2026-01-04,2026-07-04
"SYN00521","Model C",207,0.312217194570136,2026-01-04,2026-07-04
"SYN00522","Model A",437,0.323703703703704,2026-01-04,2026-07-04
"SYN00522","Model B",466,0.345185185185185,2026-01-04,2026-07-04
"SYN00522","Model C",447,0.331111111111111,2026-01-04,2026-07-04
"SYN00524","Model A",574,0.332560834298957,2026-01-04,2026-07-04
"SYN00524","Model B",583,0.337775202780997,2026-01-04,2026-07-04
"SYN00524","Model C",569,0.329663962920046,2026-01-04,2026-07-04
"SYN00526","Model A",414,0.349662162162162,2026-01-04,2026-07-04
"SYN00526","Model B",387,0.326858108108108,2026-01-04,2026-07-04
"SYN00526","Model C",383,0.32347972972973,2026-01-04,2026-07-04
"SYN00527","Model A",804,0.31741018555073,2026-01-04,2026-07-04
"SYN00527","Model B",869,0.343071456770628,2026-01-04,2026-07-04
"SYN00527","Model C",860,0.339518357678642,2026-01-04,2026-07-04
"SYN00530","Model A",74,0.310924369747899,2026-01-04,2026-07-04
"SYN00530","Model B",86,0.361344537815126,2026-01-04,2026-07-04
"SYN00530","Model C",78,0.327731092436975,2026-01-04,2026-07-04
"SYN00531","Model A",62,0.305418719211823,2026-01-04,2026-07-04
"SYN00531","Model B",67,0.330049261083744,2026-01-04,2026-07-04
"SYN00531","Model C",74,0.364532019704433,2026-01-04,2026-07-04
"SYN00533","Model A",6,0.315789473684211,2026-01-04,2026-07-04
"SYN00533","Model B",6,0.315789473684211,2026-01-04,2026-07-04
"SYN00533","Model C",7,0.368421052631579,2026-01-04,2026-07-04
"SYN00534","Model A",28,0.269230769230769,2026-01-04,2026-07-04
"SYN00534","Model B",38,0.365384615384615,2026-01-04,2026-07-04
"SYN00534","Model C",38,0.365384615384615,2026-01-04,2026-07-04
"SYN00535","Model A",927,0.331901181525242,2026-01-04,2026-07-04
"SYN00535","Model B",912,0.326530612244898,2026-01-04,2026-07-04
"SYN00535","Model C",954,0.34156820622986,2026-01-04,2026-07-04
"SYN00536","Model A",823,0.329463570856685,2026-01-04,2026-07-04
"SYN00536","Model B",860,0.344275420336269,2026-01-04,2026-07-04
"SYN00536","Model C",815,0.326261008807046,2026-01-04,2026-07-04
"SYN00537","Model A",3,0.25,2026-01-04,2026-07-04
"SYN00537","Model B",4,0.333333333333333,2026-01-04,2026-07-04
"SYN00537","Model C",5,0.416666666666667,2026-01-04,2026-07-04
"SYN00538","Model A",1055,0.335026992696094,2026-01-04,2026-07-04
"SYN00538","Model B",1042,0.330898697999365,2026-01-04,2026-07-04
"SYN00538","Model C",1052,0.334074309304541,2026-01-04,2026-07-04
"SYN00539","Model A",129,0.396923076923077,2026-01-04,2026-07-04
"SYN00539","Model B",97,0.298461538461538,2026-01-04,2026-07-04
"SYN00539","Model C",99,0.304615384615385,2026-01-04,2026-07-04
"SYN00540","Model A",13,0.351351351351351,2026-01-04,2026-07-04
"SYN00540","Model B",14,0.378378378378378,2026-01-04,2026-07-04
"SYN00540","Model C",10,0.27027027027027,2026-01-04,2026-07-04
"SYN00542","Model A",562,0.325231481481481,2026-01-04,2026-07-04
"SYN00542","Model B",591,0.342013888888889,2026-01-04,2026-07-04
"SYN00542","Model C",575,0.33275462962963,2026-01-04,2026-07-04
"SYN00543","Model A",0,0,2026-01-04,2026-07-04
"SYN00543","Model B",5,0.625,2026-01-04,2026-07-04
"SYN00543","Model C",3,0.375,2026-01-04,2026-07-04
"SYN00544","Model A",43,0.32089552238806,2026-01-04,2026-07-04
"SYN00544","Model B",41,0.305970149253731,2026-01-04,2026-07-04
"SYN00544","Model C",50,0.373134328358209,2026-01-04,2026-07-04
"SYN00545","Model A",1087,0.337263419174682,2026-01-04,2026-07-04
"SYN00545","Model B",1052,0.326403971455166,2026-01-04,2026-07-04
"SYN00545","Model C",1084,0.336332609370152,2026-01-04,2026-07-04
"SYN00546","Model A",840,0.320978219335117,2026-01-04,2026-07-04
"SYN00546","Model B",876,0.334734428735193,2026-01-04,2026-07-04
"SYN00546","Model C",901,0.344287351929691,2026-01-04,2026-07-04
"SYN00547","Model A",249,0.338775510204082,2026-01-04,2026-07-04
"SYN00547","Model B",244,0.331972789115646,2026-01-04,2026-07-04
"SYN00547","Model C",242,0.329251700680272,2026-01-04,2026-07-04
"SYN00548","Model A",121,0.384126984126984,2026-01-04,2026-07-04
"SYN00548","Model B",105,0.333333333333333,2026-01-04,2026-07-04
"SYN00548","Model C",89,0.282539682539683,2026-01-04,2026-07-04
"SYN00549","Model A",287,0.339644970414201,2026-01-04,2026-07-04
"SYN00549","Model B",286,0.338461538461538,2026-01-04,2026-07-04
"SYN00549","Model C",272,0.32189349112426,2026-01-04,2026-07-04
"SYN00550","Model A",254,0.351313969571231,2026-01-04,2026-07-04
"SYN00550","Model B",236,0.326417704011065,2026-01-04,2026-07-04
"SYN00550","Model C",233,0.322268326417704,2026-01-04,2026-07-04
"SYN00551","Model A",217,0.314492753623188,2026-01-04,2026-07-04
"SYN00551","Model B",221,0.320289855072464,2026-01-04,2026-07-04
"SYN00551","Model C",252,0.365217391304348,2026-01-04,2026-07-04
"SYN00552","Model A",775,0.332760841562903,2026-01-04,2026-07-04
"SYN00552","Model B",754,0.323744096178617,2026-01-04,2026-07-04
"SYN00552","Model C",800,0.34349506225848,2026-01-04,2026-07-04
"SYN00553","Model A",320,0.32258064516129,2026-01-04,2026-07-04
"SYN00553","Model B",343,0.345766129032258,2026-01-04,2026-07-04
"SYN00553","Model C",329,0.331653225806452,2026-01-04,2026-07-04
"SYN00554","Model A",824,0.324537219377708,2026-01-04,2026-07-04
"SYN00554","Model B",847,0.333595903899173,2026-01-04,2026-07-04
"SYN00554","Model C",868,0.341866876723119,2026-01-04,2026-07-04
"SYN00555","Model A",408,0.345762711864407,2026-01-04,2026-07-04
"SYN00555","Model B",405,0.343220338983051,2026-01-04,2026-07-04
"SYN00555","Model C",367,0.311016949152542,2026-01-04,2026-07-04
"SYN00557","Model A",131,0.303240740740741,2026-01-04,2026-07-04
"SYN00557","Model B",157,0.363425925925926,2026-01-04,2026-07-04
"SYN00557","Model C",144,0.333333333333333,2026-01-04,2026-07-04
"SYN00558","Model A",323,0.354945054945055,2026-01-04,2026-07-04
"SYN00558","Model B",296,0.325274725274725,2026-01-04,2026-07-04
"SYN00558","Model C",291,0.31978021978022,2026-01-04,2026-07-04
"SYN00559","Model A",210,0.341463414634146,2026-01-04,2026-07-04
"SYN00559","Model B",209,0.339837398373984,2026-01-04,2026-07-04
"SYN00559","Model C",196,0.31869918699187,2026-01-04,2026-07-04
"SYN00561","Model A",60,0.344827586206897,2026-01-04,2026-07-04
"SYN00561","Model B",64,0.367816091954023,2026-01-04,2026-07-04
"SYN00561","Model C",50,0.28735632183908,2026-01-04,2026-07-04
"SYN00562","Model A",319,0.349780701754386,2026-01-04,2026-07-04
"SYN00562","Model B",273,0.299342105263158,2026-01-04,2026-07-04
"SYN00562","Model C",320,0.350877192982456,2026-01-04,2026-07-04
"SYN00563","Model A",654,0.339387649195641,2026-01-04,2026-07-04
"SYN00563","Model B",634,0.329008822003114,2026-01-04,2026-07-04
"SYN00563","Model C",639,0.331603528801245,2026-01-04,2026-07-04
"SYN00564","Model A",304,0.353899883585565,2026-01-04,2026-07-04
"SYN00564","Model B",282,0.328288707799767,2026-01-04,2026-07-04
"SYN00564","Model C",273,0.317811408614668,2026-01-04,2026-07-04
"SYN00565","Model A",100,0.284900284900285,2026-01-04,2026-07-04
"SYN00565","Model B",127,0.361823361823362,2026-01-04,2026-07-04
"SYN00565","Model C",124,0.353276353276353,2026-01-04,2026-07-04
"SYN00566","Model A",1346,0.337936228973136,2026-01-04,2026-07-04
"SYN00566","Model B",1330,0.333919156414763,2026-01-04,2026-07-04
"SYN00566","Model C",1307,0.328144614612101,2026-01-04,2026-07-04
"SYN00567","Model A",246,0.319066147859922,2026-01-04,2026-07-04
"SYN00567","Model B",284,0.368352788586252,2026-01-04,2026-07-04
"SYN00567","Model C",241,0.312581063553826,2026-01-04,2026-07-04
"SYN00568","Model A",155,0.343680709534368,2026-01-04,2026-07-04
"SYN00568","Model B",140,0.310421286031042,2026-01-04,2026-07-04
"SYN00568","Model C",156,0.34589800443459,2026-01-04,2026-07-04
"SYN00569","Model A",162,0.345415778251599,2026-01-04,2026-07-04
"SYN00569","Model B",166,0.353944562899787,2026-01-04,2026-07-04
"SYN00569","Model C",141,0.300639658848614,2026-01-04,2026-07-04
"SYN00571","Model A",689,0.33511673151751,2026-01-04,2026-07-04
"SYN00571","Model B",703,0.341926070038911,2026-01-04,2026-07-04
"SYN00571","Model C",664,0.32295719844358,2026-01-04,2026-07-04
"SYN00572","Model A",110,0.333333333333333,2026-01-04,2026-07-04
"SYN00572","Model B",98,0.296969696969697,2026-01-04,2026-07-04
"SYN00572","Model C",122,0.36969696969697,2026-01-04,2026-07-04
"SYN00573","Model A",296,0.345390898483081,2026-01-04,2026-07-04
"SYN00573","Model B",283,0.33022170361727,2026-01-04,2026-07-04
"SYN00573","Model C",278,0.32438739789965,2026-01-04,2026-07-04
"SYN00574","Model A",50,0.381679389312977,2026-01-04,2026-07-04
"SYN00574","Model B",39,0.297709923664122,2026-01-04,2026-07-04
"SYN00574","Model C",42,0.320610687022901,2026-01-04,2026-07-04
"SYN00575","Model A",167,0.295575221238938,2026-01-04,2026-07-04
"SYN00575","Model B",201,0.355752212389381,2026-01-04,2026-07-04
"SYN00575","Model C",197,0.348672566371681,2026-01-04,2026-07-04
"SYN00576","Model A",117,0.295454545454545,2026-01-04,2026-07-04
"SYN00576","Model B",138,0.348484848484849,2026-01-04,2026-07-04
"SYN00576","Model C",141,0.356060606060606,2026-01-04,2026-07-04
"SYN00577","Model A",170,0.376940133037694,2026-01-04,2026-07-04
"SYN00577","Model B",155,0.343680709534368,2026-01-04,2026-07-04
"SYN00577","Model C",126,0.279379157427938,2026-01-04,2026-07-04
"SYN00578","Model A",664,0.342444559051057,2026-01-04,2026-07-04
"SYN00578","Model B",655,0.337802991232594,2026-01-04,2026-07-04
"SYN00578","Model C",620,0.319752449716349,2026-01-04,2026-07-04
"SYN00579","Model A",280,0.350877192982456,2026-01-04,2026-07-04
"SYN00579","Model B",242,0.303258145363409,2026-01-04,2026-07-04
"SYN00579","Model C",276,0.345864661654135,2026-01-04,2026-07-04
"SYN00580","Model A",642,0.331098504383703,2026-01-04,2026-07-04
"SYN00580","Model B",657,0.338834450747808,2026-01-04,2026-07-04
"SYN00580","Model C",640,0.330067044868489,2026-01-04,2026-07-04
"SYN00581","Model A",676,0.329756097560976,2026-01-04,2026-07-04
"SYN00581","Model B",706,0.344390243902439,2026-01-04,2026-07-04
"SYN00581","Model C",668,0.325853658536585,2026-01-04,2026-07-04
"SYN00582","Model A",44,0.338461538461538,2026-01-04,2026-07-04
"SYN00582","Model B",39,0.3,2026-01-04,2026-07-04
"SYN00582","Model C",47,0.361538461538462,2026-01-04,2026-07-04
"SYN00583","Model A",1312,0.343635411210058,2026-01-04,2026-07-04
"SYN00583","Model B",1225,0.320848611838659,2026-01-04,2026-07-04
"SYN00583","Model C",1281,0.335515976951283,2026-01-04,2026-07-04
"SYN00584","Model A",338,0.373893805309735,2026-01-04,2026-07-04
"SYN00584","Model B",269,0.297566371681416,2026-01-04,2026-07-04
"SYN00584","Model C",297,0.32853982300885,2026-01-04,2026-07-04
"SYN00585","Model A",410,0.329847144006436,2026-01-04,2026-07-04
"SYN00585","Model B",430,0.345937248592116,2026-01-04,2026-07-04
"SYN00585","Model C",403,0.324215607401448,2026-01-04,2026-07-04
"SYN00586","Model A",224,0.305593451568895,2026-01-04,2026-07-04
"SYN00586","Model B",259,0.353342428376535,2026-01-04,2026-07-04
"SYN00586","Model C",250,0.34106412005457,2026-01-04,2026-07-04
"SYN00587","Model A",388,0.343362831858407,2026-01-04,2026-07-04
"SYN00587","Model B",368,0.325663716814159,2026-01-04,2026-07-04
"SYN00587","Model C",374,0.330973451327434,2026-01-04,2026-07-04
"SYN00588","Model A",197,0.342608695652174,2026-01-04,2026-07-04
"SYN00588","Model B",191,0.332173913043478,2026-01-04,2026-07-04
"SYN00588","Model C",187,0.325217391304348,2026-01-04,2026-07-04
"SYN00590","Model A",154,0.34375,2026-01-04,2026-07-04
"SYN00590","Model B",135,0.301339285714286,2026-01-04,2026-07-04
"SYN00590","Model C",159,0.354910714285714,2026-01-04,2026-07-04
"SYN00591","Model A",361,0.348792270531401,2026-01-04,2026-07-04
"SYN00591","Model B",335,0.323671497584541,2026-01-04,2026-07-04
"SYN00591","Model C",339,0.327536231884058,2026-01-04,2026-07-04
"SYN00592","Model A",24,0.369230769230769,2026-01-04,2026-07-04
"SYN00592","Model B",18,0.276923076923077,2026-01-04,2026-07-04
"SYN00592","Model C",23,0.353846153846154,2026-01-04,2026-07-04
"SYN00593","Model A",204,0.340567612687813,2026-01-04,2026-07-04
"SYN00593","Model B",206,0.343906510851419,2026-01-04,2026-07-04
"SYN00593","Model C",189,0.315525876460768,2026-01-04,2026-07-04
"SYN00594","Model A",228,0.370731707317073,2026-01-04,2026-07-04
"SYN00594","Model B",214,0.347967479674797,2026-01-04,2026-07-04
"SYN00594","Model C",173,0.28130081300813,2026-01-04,2026-07-04
"SYN00595","Model A",218,0.304895104895105,2026-01-04,2026-07-04
"SYN00595","Model B",252,0.352447552447552,2026-01-04,2026-07-04
"SYN00595","Model C",245,0.342657342657343,2026-01-04,2026-07-04
"SYN00596","Model A",235,0.323691460055096,2026-01-04,2026-07-04
"SYN00596","Model B",254,0.349862258953168,2026-01-04,2026-07-04
"SYN00596","Model C",237,0.326446280991736,2026-01-04,2026-07-04
"SYN00597","Model A",567,0.323261117445838,2026-01-04,2026-07-04
"SYN00597","Model B",596,0.339794754846066,2026-01-04,2026-07-04
"SYN00597","Model C",591,0.336944127708096,2026-01-04,2026-07-04
"SYN00598","Model A",268,0.348958333333333,2026-01-04,2026-07-04
"SYN00598","Model B",239,0.311197916666667,2026-01-04,2026-07-04
"SYN00598","Model C",261,0.33984375,2026-01-04,2026-07-04
"SYN00599","Model A",522,0.327683615819209,2026-01-04,2026-07-04
"SYN00599","Model B",537,0.337099811676083,2026-01-04,2026-07-04
"SYN00599","Model C",534,0.335216572504708,2026-01-04,2026-07-04
"SYN00600","Model A",207,0.317484662576687,2026-01-04,2026-07-04
"SYN00600","Model B",236,0.361963190184049,2026-01-04,2026-07-04
"SYN00600","Model C",209,0.320552147239264,2026-01-04,2026-07-04
"SYN00601","Model A",234,0.316644113667118,2026-01-04,2026-07-04
"SYN00601","Model B",246,0.332882273342355,2026-01-04,2026-07-04
"SYN00601","Model C",259,0.350473612990528,2026-01-04,2026-07-04
"SYN00602","Model A",162,0.33264887063655,2026-01-04,2026-07-04
"SYN00602","Model B",162,0.33264887063655,2026-01-04,2026-07-04
"SYN00602","Model C",163,0.334702258726899,2026-01-04,2026-07-04
"SYN00603","Model A",986,0.331428571428571,2026-01-04,2026-07-04
"SYN00603","Model B",1005,0.33781512605042,2026-01-04,2026-07-04
"SYN00603","Model C",984,0.330756302521008,2026-01-04,2026-07-04
"SYN00604","Model A",566,0.341169379144063,2026-01-04,2026-07-04
"SYN00604","Model B",570,0.343580470162749,2026-01-04,2026-07-04
"SYN00604","Model C",523,0.315250150693189,2026-01-04,2026-07-04
"SYN00605","Model A",275,0.329341317365269,2026-01-04,2026-07-04
"SYN00605","Model B",266,0.318562874251497,2026-01-04,2026-07-04
"SYN00605","Model C",294,0.352095808383234,2026-01-04,2026-07-04
"SYN00606","Model A",399,0.314668769716088,2026-01-04,2026-07-04
"SYN00606","Model B",454,0.358044164037855,2026-01-04,2026-07-04
"SYN00606","Model C",415,0.327287066246057,2026-01-04,2026-07-04
"SYN00607","Model A",98,0.325581395348837,2026-01-04,2026-07-04
"SYN00607","Model B",108,0.358803986710963,2026-01-04,2026-07-04
"SYN00607","Model C",95,0.315614617940199,2026-01-04,2026-07-04
"SYN00608","Model A",1379,0.343718843469591,2026-01-04,2026-07-04
"SYN00608","Model B",1346,0.335493519441675,2026-01-04,2026-07-04
"SYN00608","Model C",1287,0.320787637088734,2026-01-04,2026-07-04
"SYN00609","Model A",458,0.352036894696387,2026-01-04,2026-07-04
"SYN00609","Model B",403,0.309761721752498,2026-01-04,2026-07-04
"SYN00609","Model C",440,0.338201383551115,2026-01-04,2026-07-04
"SYN00610","Model A",120,0.319148936170213,2026-01-04,2026-07-04
"SYN00610","Model B",135,0.359042553191489,2026-01-04,2026-07-04
"SYN00610","Model C",121,0.321808510638298,2026-01-04,2026-07-04
"SYN00612","Model A",172,0.319702602230483,2026-01-04,2026-07-04
"SYN00612","Model B",176,0.327137546468401,2026-01-04,2026-07-04
"SYN00612","Model C",190,0.353159851301115,2026-01-04,2026-07-04
"SYN00613","Model A",315,0.329842931937173,2026-01-04,2026-07-04
"SYN00613","Model B",336,0.351832460732984,2026-01-04,2026-07-04
"SYN00613","Model C",304,0.318324607329843,2026-01-04,2026-07-04
"SYN00614","Model A",583,0.321566464423607,2026-01-04,2026-07-04
"SYN00614","Model B",643,0.354660783232212,2026-01-04,2026-07-04
"SYN00614","Model C",587,0.323772752344181,2026-01-04,2026-07-04
"SYN00617","Model A",241,0.327001356852103,2026-01-04,2026-07-04
"SYN00617","Model B",247,0.335142469470828,2026-01-04,2026-07-04
"SYN00617","Model C",249,0.337856173677069,2026-01-04,2026-07-04
"SYN00618","Model A",36,0.342857142857143,2026-01-04,2026-07-04
"SYN00618","Model B",39,0.371428571428571,2026-01-04,2026-07-04
"SYN00618","Model C",30,0.285714285714286,2026-01-04,2026-07-04
"SYN00619","Model A",487,0.331292517006803,2026-01-04,2026-07-04
"SYN00619","Model B",503,0.342176870748299,2026-01-04,2026-07-04
"SYN00619","Model C",480,0.326530612244898,2026-01-04,2026-07-04
"SYN00620","Model A",680,0.346585117227319,2026-01-04,2026-07-04
"SYN00620","Model B",643,0.327726809378186,2026-01-04,2026-07-04
"SYN00620","Model C",639,0.325688073394495,2026-01-04,2026-07-04
"SYN00621","Model A",1679,0.333797216699801,2026-01-04,2026-07-04
"SYN00621","Model B",1667,0.331411530815109,2026-01-04,2026-07-04
"SYN00621","Model C",1684,0.334791252485089,2026-01-04,2026-07-04
"SYN00622","Model A",215,0.305832147937411,2026-01-04,2026-07-04
"SYN00622","Model B",251,0.357041251778094,2026-01-04,2026-07-04
"SYN00622","Model C",237,0.337126600284495,2026-01-04,2026-07-04
"SYN00623","Model A",434,0.324607329842932,2026-01-04,2026-07-04
"SYN00623","Model B",430,0.321615557217651,2026-01-04,2026-07-04
"SYN00623","Model C",473,0.353777112939417,2026-01-04,2026-07-04
"SYN00624","Model A",720,0.336134453781513,2026-01-04,2026-07-04
"SYN00624","Model B",716,0.334267040149393,2026-01-04,2026-07-04
"SYN00624","Model C",706,0.329598506069094,2026-01-04,2026-07-04
"SYN00626","Model A",273,0.328915662650602,2026-01-04,2026-07-04
"SYN00626","Model B",282,0.339759036144578,2026-01-04,2026-07-04
"SYN00626","Model C",275,0.331325301204819,2026-01-04,2026-07-04
"SYN00627","Model A",405,0.357142857142857,2026-01-04,2026-07-04
"SYN00627","Model B",368,0.324514991181658,2026-01-04,2026-07-04
"SYN00627","Model C",361,0.318342151675485,2026-01-04,2026-07-04
"SYN00628","Model A",101,0.315625,2026-01-04,2026-07-04
"SYN00628","Model B",122,0.38125,2026-01-04,2026-07-04
"SYN00628","Model C",97,0.303125,2026-01-04,2026-07-04
"SYN00629","Model A",486,0.334941419710544,2026-01-04,2026-07-04
"SYN00629","Model B",464,0.319779462439697,2026-01-04,2026-07-04
"SYN00629","Model C",501,0.345279117849759,2026-01-04,2026-07-04
"SYN00630","Model A",552,0.313636363636364,2026-01-04,2026-07-04
"SYN00630","Model B",616,0.35,2026-01-04,2026-07-04
"SYN00630","Model C",592,0.336363636363636,2026-01-04,2026-07-04
"SYN00632","Model A",163,0.347547974413646,2026-01-04,2026-07-04
"SYN00632","Model B",157,0.334754797441365,2026-01-04,2026-07-04
"SYN00632","Model C",149,0.317697228144989,2026-01-04,2026-07-04
"SYN00633","Model A",228,0.341829085457271,2026-01-04,2026-07-04
"SYN00633","Model B",230,0.344827586206897,2026-01-04,2026-07-04
"SYN00633","Model C",209,0.313343328335832,2026-01-04,2026-07-04
"SYN00635","Model A",207,0.334410339256866,2026-01-04,2026-07-04
"SYN00635","Model B",200,0.323101777059774,2026-01-04,2026-07-04
"SYN00635","Model C",212,0.34248788368336,2026-01-04,2026-07-04
"SYN00636","Model A",74,0.290196078431373,2026-01-04,2026-07-04
"SYN00636","Model B",101,0.396078431372549,2026-01-04,2026-07-04
"SYN00636","Model C",80,0.313725490196078,2026-01-04,2026-07-04
"SYN00637","Model A",279,0.338181818181818,2026-01-04,2026-07-04
"SYN00637","Model B",260,0.315151515151515,2026-01-04,2026-07-04
"SYN00637","Model C",286,0.346666666666667,2026-01-04,2026-07-04
"SYN00638","Model A",72,0.315789473684211,2026-01-04,2026-07-04
"SYN00638","Model B",78,0.342105263157895,2026-01-04,2026-07-04
"SYN00638","Model C",78,0.342105263157895,2026-01-04,2026-07-04
"SYN00639","Model A",10,0.204081632653061,2026-01-04,2026-07-04
"SYN00639","Model B",18,0.36734693877551,2026-01-04,2026-07-04
"SYN00639","Model C",21,0.428571428571429,2026-01-04,2026-07-04
"SYN00640","Model A",14,0.28,2026-01-04,2026-07-04
"SYN00640","Model B",17,0.34,2026-01-04,2026-07-04
"SYN00640","Model C",19,0.38,2026-01-04,2026-07-04
"SYN00641","Model A",159,0.284436493738819,2026-01-04,2026-07-04
"SYN00641","Model B",186,0.332737030411449,2026-01-04,2026-07-04
"SYN00641","Model C",214,0.382826475849732,2026-01-04,2026-07-04
"SYN00642","Model A",251,0.308733087330873,2026-01-04,2026-07-04
"SYN00642","Model B",269,0.330873308733087,2026-01-04,2026-07-04
"SYN00642","Model C",293,0.360393603936039,2026-01-04,2026-07-04
"SYN00643","Model A",9,0.209302325581395,2026-01-04,2026-07-04
"SYN00643","Model B",18,0.418604651162791,2026-01-04,2026-07-04
"SYN00643","Model C",16,0.372093023255814,2026-01-04,2026-07-04
"SYN00644","Model A",889,0.350413874655104,2026-01-04,2026-07-04
"SYN00644","Model B",802,0.316121403232164,2026-01-04,2026-07-04
"SYN00644","Model C",846,0.333464722112732,2026-01-04,2026-07-04
"SYN00645","Model A",9,0.214285714285714,2026-01-04,2026-07-04
"SYN00645","Model B",19,0.452380952380952,2026-01-04,2026-07-04
"SYN00645","Model C",14,0.333333333333333,2026-01-04,2026-07-04
"SYN00646","Model A",8,0.32,2026-01-04,2026-07-04
"SYN00646","Model B",5,0.2,2026-01-04,2026-07-04
"SYN00646","Model C",12,0.48,2026-01-04,2026-07-04
"SYN00647","Model A",345,0.332050048123195,2026-01-04,2026-07-04
"SYN00647","Model B",337,0.324350336862368,2026-01-04,2026-07-04
"SYN00647","Model C",357,0.343599615014437,2026-01-04,2026-07-04
"SYN00649","Model A",74,0.359223300970874,2026-01-04,2026-07-04
"SYN00649","Model B",77,0.37378640776699,2026-01-04,2026-07-04
"SYN00649","Model C",55,0.266990291262136,2026-01-04,2026-07-04
"SYN00651","Model A",88,0.333333333333333,2026-01-04,2026-07-04
"SYN00651","Model B",82,0.310606060606061,2026-01-04,2026-07-04
"SYN00651","Model C",94,0.356060606060606,2026-01-04,2026-07-04
"SYN00653","Model A",1868,0.331617255458903,2026-01-04,2026-07-04
"SYN00653","Model B",1892,0.33587786259542,2026-01-04,2026-07-04
"SYN00653","Model C",1873,0.332504881945677,2026-01-04,2026-07-04
"SYN00654","Model A",473,0.342257597684515,2026-01-04,2026-07-04
"SYN00654","Model B",476,0.344428364688857,2026-01-04,2026-07-04
"SYN00654","Model C",433,0.313314037626628,2026-01-04,2026-07-04
"SYN00655","Model A",854,0.315129151291513,2026-01-04,2026-07-04
"SYN00655","Model B",924,0.340959409594096,2026-01-04,2026-07-04
"SYN00655","Model C",932,0.343911439114391,2026-01-04,2026-07-04
"SYN00656","Model A",54,0.325301204819277,2026-01-04,2026-07-04
"SYN00656","Model B",53,0.319277108433735,2026-01-04,2026-07-04
"SYN00656","Model C",59,0.355421686746988,2026-01-04,2026-07-04
"SYN00657","Model A",51,0.31875,2026-01-04,2026-07-04
"SYN00657","Model B",58,0.3625,2026-01-04,2026-07-04
"SYN00657","Model C",51,0.31875,2026-01-04,2026-07-04
"SYN00658","Model A",1114,0.32592159157402,2026-01-04,2026-07-04
"SYN00658","Model B",1167,0.341427735517847,2026-01-04,2026-07-04
"SYN00658","Model C",1137,0.332650672908133,2026-01-04,2026-07-04
"SYN00659","Model A",749,0.329520457545095,2026-01-04,2026-07-04
"SYN00659","Model B",760,0.334359876814782,2026-01-04,2026-07-04
"SYN00659","Model C",764,0.336119665640123,2026-01-04,2026-07-04
"SYN00660","Model A",256,0.344086021505376,2026-01-04,2026-07-04
"SYN00660","Model B",253,0.34005376344086,2026-01-04,2026-07-04
"SYN00660","Model C",235,0.315860215053763,2026-01-04,2026-07-04
"SYN00661","Model A",409,0.337180544105524,2026-01-04,2026-07-04
"SYN00661","Model B",404,0.333058532563891,2026-01-04,2026-07-04
"SYN00661","Model C",400,0.329760923330585,2026-01-04,2026-07-04
"SYN00662","Model A",631,0.350166481687014,2026-01-04,2026-07-04
"SYN00662","Model B",584,0.324084350721421,2026-01-04,2026-07-04
"SYN00662","Model C",587,0.325749167591565,2026-01-04,2026-07-04
"SYN00664","Model A",12,0.285714285714286,2026-01-04,2026-07-04
"SYN00664","Model B",15,0.357142857142857,2026-01-04,2026-07-04
"SYN00664","Model C",15,0.357142857142857,2026-01-04,2026-07-04
"SYN00665","Model A",719,0.336610486891386,2026-01-04,2026-07-04
"SYN00665","Model B",712,0.333333333333333,2026-01-04,2026-07-04
"SYN00665","Model C",705,0.330056179775281,2026-01-04,2026-07-04
"SYN00666","Model A",789,0.332210526315789,2026-01-04,2026-07-04
"SYN00666","Model B",824,0.346947368421053,2026-01-04,2026-07-04
"SYN00666","Model C",762,0.320842105263158,2026-01-04,2026-07-04
"SYN00667","Model A",143,0.35929648241206,2026-01-04,2026-07-04
"SYN00667","Model B",123,0.309045226130653,2026-01-04,2026-07-04
"SYN00667","Model C",132,0.331658291457286,2026-01-04,2026-07-04
"SYN00668","Model A",1084,0.324162679425837,2026-01-04,2026-07-04
"SYN00668","Model B",1171,0.350179425837321,2026-01-04,2026-07-04
"SYN00668","Model C",1089,0.325657894736842,2026-01-04,2026-07-04
"SYN00669","Model A",7,0.304347826086957,2026-01-04,2026-07-04
"SYN00669","Model B",8,0.347826086956522,2026-01-04,2026-07-04
"SYN00669","Model C",8,0.347826086956522,2026-01-04,2026-07-04
"SYN00670","Model A",132,0.358695652173913,2026-01-04,2026-07-04
"SYN00670","Model B",113,0.307065217391304,2026-01-04,2026-07-04
"SYN00670","Model C",123,0.334239130434783,2026-01-04,2026-07-04
"SYN00671","Model A",87,0.345238095238095,2026-01-04,2026-07-04
"SYN00671","Model B",85,0.337301587301587,2026-01-04,2026-07-04
"SYN00671","Model C",80,0.317460317460317,2026-01-04,2026-07-04
"SYN00672","Model A",729,0.325446428571429,2026-01-04,2026-07-04
"SYN00672","Model B",764,0.341071428571429,2026-01-04,2026-07-04
"SYN00672","Model C",747,0.333482142857143,2026-01-04,2026-07-04
"SYN00673","Model A",734,0.329295648272768,2026-01-04,2026-07-04
"SYN00673","Model B",741,0.332436069986541,2026-01-04,2026-07-04
"SYN00673","Model C",754,0.338268281740691,2026-01-04,2026-07-04
"SYN00674","Model A",593,0.356584485868912,2026-01-04,2026-07-04
"SYN00674","Model B",541,0.325315694527961,2026-01-04,2026-07-04
"SYN00674","Model C",529,0.318099819603127,2026-01-04,2026-07-04
"SYN00675","Model A",1364,0.328595519152012,2026-01-04,2026-07-04
"SYN00675","Model B",1397,0.336545410744399,2026-01-04,2026-07-04
"SYN00675","Model C",1390,0.33485907010359,2026-01-04,2026-07-04
"SYN00676","Model A",130,0.318627450980392,2026-01-04,2026-07-04
"SYN00676","Model B",133,0.325980392156863,2026-01-04,2026-07-04
"SYN00676","Model C",145,0.355392156862745,2026-01-04,2026-07-04
"SYN00677","Model A",330,0.335707019328586,2026-01-04,2026-07-04
"SYN00677","Model B",320,0.325534079348932,2026-01-04,2026-07-04
"SYN00677","Model C",333,0.338758901322482,2026-01-04,2026-07-04
"SYN00678","Model A",69,0.379120879120879,2026-01-04,2026-07-04
"SYN00678","Model B",56,0.307692307692308,2026-01-04,2026-07-04
"SYN00678","Model C",57,0.313186813186813,2026-01-04,2026-07-04
"SYN00679","Model A",1,0.0909090909090909,2026-01-04,2026-07-04
"SYN00679","Model B",5,0.454545454545455,2026-01-04,2026-07-04
"SYN00679","Model C",5,0.454545454545455,2026-01-04,2026-07-04
"SYN00681","Model A",465,0.345982142857143,2026-01-04,2026-07-04
"SYN00681","Model B",435,0.323660714285714,2026-01-04,2026-07-04
"SYN00681","Model C",444,0.330357142857143,2026-01-04,2026-07-04
"SYN00683","Model A",163,0.330628803245436,2026-01-04,2026-07-04
"SYN00683","Model B",167,0.338742393509128,2026-01-04,2026-07-04
"SYN00683","Model C",163,0.330628803245436,2026-01-04,2026-07-04
"SYN00684","Model A",245,0.341225626740947,2026-01-04,2026-07-04
"SYN00684","Model B",235,0.327298050139276,2026-01-04,2026-07-04
"SYN00684","Model C",238,0.331476323119777,2026-01-04,2026-07-04
"SYN00685","Model A",170,0.317164179104478,2026-01-04,2026-07-04
"SYN00685","Model B",186,0.347014925373134,2026-01-04,2026-07-04
"SYN00685","Model C",180,0.335820895522388,2026-01-04,2026-07-04
"SYN00686","Model A",145,0.327313769751693,2026-01-04,2026-07-04
"SYN00686","Model B",139,0.313769751693002,2026-01-04,2026-07-04
"SYN00686","Model C",159,0.358916478555305,2026-01-04,2026-07-04
"SYN00687","Model A",14,0.304347826086957,2026-01-04,2026-07-04
"SYN00687","Model B",16,0.347826086956522,2026-01-04,2026-07-04
"SYN00687","Model C",16,0.347826086956522,2026-01-04,2026-07-04
"SYN00688","Model A",425,0.315515961395694,2026-01-04,2026-07-04
"SYN00688","Model B",454,0.337045285820341,2026-01-04,2026-07-04
"SYN00688","Model C",468,0.347438752783964,2026-01-04,2026-07-04
"SYN00689","Model A",470,0.337886412652768,2026-01-04,2026-07-04
"SYN00689","Model B",455,0.327102803738318,2026-01-04,2026-07-04
"SYN00689","Model C",466,0.335010783608914,2026-01-04,2026-07-04
"SYN00690","Model A",181,0.339587242026266,2026-01-04,2026-07-04
"SYN00690","Model B",178,0.333958724202627,2026-01-04,2026-07-04
"SYN00690","Model C",174,0.326454033771107,2026-01-04,2026-07-04
"SYN00691","Model A",336,0.34320735444331,2026-01-04,2026-07-04
"SYN00691","Model B",330,0.337078651685393,2026-01-04,2026-07-04
"SYN00691","Model C",313,0.319713993871297,2026-01-04,2026-07-04
"SYN00694","Model A",172,0.287625418060201,2026-01-04,2026-07-04
"SYN00694","Model B",231,0.38628762541806,2026-01-04,2026-07-04
"SYN00694","Model C",195,0.326086956521739,2026-01-04,2026-07-04
"SYN00695","Model A",758,0.324486301369863,2026-01-04,2026-07-04
"SYN00695","Model B",809,0.346318493150685,2026-01-04,2026-07-04
"SYN00695","Model C",769,0.329195205479452,2026-01-04,2026-07-04
"SYN00696","Model A",108,0.397058823529412,2026-01-04,2026-07-04
"SYN00696","Model B",92,0.338235294117647,2026-01-04,2026-07-04
"SYN00696","Model C",72,0.264705882352941,2026-01-04,2026-07-04
"SYN00697","Model A",1368,0.332442284325638,2026-01-04,2026-07-04
"SYN00697","Model B",1379,0.335115431348724,2026-01-04,2026-07-04
"SYN00697","Model C",1368,0.332442284325638,2026-01-04,2026-07-04
"SYN00698","Model A",173,0.341897233201581,2026-01-04,2026-07-04
"SYN00698","Model B",163,0.322134387351779,2026-01-04,2026-07-04
"SYN00698","Model C",170,0.33596837944664,2026-01-04,2026-07-04
"SYN00699","Model A",49,0.392,2026-01-04,2026-07-04
"SYN00699","Model B",37,0.296,2026-01-04,2026-07-04
"SYN00699","Model C",39,0.312,2026-01-04,2026-07-04
"SYN00700","Model A",132,0.320388349514563,2026-01-04,2026-07-04
"SYN00700","Model B",136,0.330097087378641,2026-01-04,2026-07-04
"SYN00700","Model C",144,0.349514563106796,2026-01-04,2026-07-04
"SYN00701","Model A",29,0.329545454545455,2026-01-04,2026-07-04
"SYN00701","Model B",30,0.340909090909091,2026-01-04,2026-07-04
"SYN00701","Model C",29,0.329545454545455,2026-01-04,2026-07-04
"SYN00703","Model A",746,0.347138203815728,2026-01-04,2026-07-04
"SYN00703","Model B",707,0.328990228013029,2026-01-04,2026-07-04
"SYN00703","Model C",696,0.323871568171242,2026-01-04,2026-07-04
"SYN00704","Model A",27,0.380281690140845,2026-01-04,2026-07-04
"SYN00704","Model B",25,0.352112676056338,2026-01-04,2026-07-04
"SYN00704","Model C",19,0.267605633802817,2026-01-04,2026-07-04
"SYN00705","Model A",120,0.318302387267904,2026-01-04,2026-07-04
"SYN00705","Model B",123,0.326259946949602,2026-01-04,2026-07-04
"SYN00705","Model C",134,0.355437665782493,2026-01-04,2026-07-04
"SYN00706","Model A",50,0.340136054421769,2026-01-04,2026-07-04
"SYN00706","Model B",51,0.346938775510204,2026-01-04,2026-07-04
"SYN00706","Model C",46,0.312925170068027,2026-01-04,2026-07-04
"SYN00707","Model A",436,0.320824135393672,2026-01-04,2026-07-04
"SYN00707","Model B",469,0.345106696100074,2026-01-04,2026-07-04
"SYN00707","Model C",454,0.334069168506255,2026-01-04,2026-07-04
"SYN00708","Model A",6,0.230769230769231,2026-01-04,2026-07-04
"SYN00708","Model B",12,0.461538461538462,2026-01-04,2026-07-04
"SYN00708","Model C",8,0.307692307692308,2026-01-04,2026-07-04
"SYN00709","Model A",607,0.321164021164021,2026-01-04,2026-07-04
"SYN00709","Model B",652,0.344973544973545,2026-01-04,2026-07-04
"SYN00709","Model C",631,0.333862433862434,2026-01-04,2026-07-04
"SYN00711","Model A",1836,0.342601231573055,2026-01-04,2026-07-04
"SYN00711","Model B",1713,0.319649188281396,2026-01-04,2026-07-04
"SYN00711","Model C",1810,0.33774958014555,2026-01-04,2026-07-04
"SYN00712","Model A",752,0.32274678111588,2026-01-04,2026-07-04
"SYN00712","Model B",778,0.333905579399142,2026-01-04,2026-07-04
"SYN00712","Model C",800,0.343347639484979,2026-01-04,2026-07-04
"SYN00713","Model A",273,0.329710144927536,2026-01-04,2026-07-04
"SYN00713","Model B",278,0.335748792270531,2026-01-04,2026-07-04
"SYN00713","Model C",277,0.334541062801932,2026-01-04,2026-07-04
"SYN00714","Model A",333,0.335685483870968,2026-01-04,2026-07-04
"SYN00714","Model B",350,0.352822580645161,2026-01-04,2026-07-04
"SYN00714","Model C",309,0.311491935483871,2026-01-04,2026-07-04
"SYN00715","Model A",29,0.568627450980392,2026-01-04,2026-07-04
"SYN00715","Model B",14,0.274509803921569,2026-01-04,2026-07-04
"SYN00715","Model C",8,0.156862745098039,2026-01-04,2026-07-04
"SYN00716","Model A",1079,0.332,2026-01-04,2026-07-04
"SYN00716","Model B",1077,0.331384615384615,2026-01-04,2026-07-04
"SYN00716","Model C",1094,0.336615384615385,2026-01-04,2026-07-04
"SYN00717","Model A",8,0.275862068965517,2026-01-04,2026-07-04
"SYN00717","Model B",12,0.413793103448276,2026-01-04,2026-07-04
"SYN00717","Model C",9,0.310344827586207,2026-01-04,2026-07-04
"SYN00718","Model A",216,0.32383808095952,2026-01-04,2026-07-04
"SYN00718","Model B",220,0.329835082458771,2026-01-04,2026-07-04
"SYN00718","Model C",231,0.346326836581709,2026-01-04,2026-07-04
"SYN00719","Model A",440,0.323054331864905,2026-01-04,2026-07-04
"SYN00719","Model B",455,0.334067547723935,2026-01-04,2026-07-04
"SYN00719","Model C",467,0.34287812041116,2026-01-04,2026-07-04
"SYN00720","Model A",2,0.166666666666667,2026-01-04,2026-07-04
"SYN00720","Model B",4,0.333333333333333,2026-01-04,2026-07-04
"SYN00720","Model C",6,0.5,2026-01-04,2026-07-04
"SYN00721","Model A",631,0.360571428571429,2026-01-04,2026-07-04
"SYN00721","Model B",552,0.315428571428571,2026-01-04,2026-07-04
"SYN00721","Model C",567,0.324,2026-01-04,2026-07-04
"SYN00724","Model A",411,0.326190476190476,2026-01-04,2026-07-04
"SYN00724","Model B",435,0.345238095238095,2026-01-04,2026-07-04
"SYN00724","Model C",414,0.328571428571429,2026-01-04,2026-07-04
"SYN00725","Model A",17,0.414634146341463,2026-01-04,2026-07-04
"SYN00725","Model B",12,0.292682926829268,2026-01-04,2026-07-04
"SYN00725","Model C",12,0.292682926829268,2026-01-04,2026-07-04
"SYN00727","Model A",491,0.320496083550914,2026-01-04,2026-07-04
"SYN00727","Model B",494,0.322454308093995,2026-01-04,2026-07-04
"SYN00727","Model C",547,0.357049608355091,2026-01-04,2026-07-04
"SYN00728","Model A",323,0.330603889457523,2026-01-04,2026-07-04
"SYN00728","Model B",306,0.313203684749232,2026-01-04,2026-07-04
"SYN00728","Model C",348,0.356192425793245,2026-01-04,2026-07-04
"SYN00729","Model A",447,0.361066235864297,2026-01-04,2026-07-04
"SYN00729","Model B",407,0.32875605815832,2026-01-04,2026-07-04
"SYN00729","Model C",384,0.310177705977383,2026-01-04,2026-07-04
"SYN00730","Model A",19,0.256756756756757,2026-01-04,2026-07-04
"SYN00730","Model B",25,0.337837837837838,2026-01-04,2026-07-04
"SYN00730","Model C",30,0.405405405405405,2026-01-04,2026-07-04
"SYN00731","Model A",450,0.342465753424658,2026-01-04,2026-07-04
"SYN00731","Model B",437,0.332572298325723,2026-01-04,2026-07-04
"SYN00731","Model C",427,0.324961948249619,2026-01-04,2026-07-04
"SYN00732","Model A",370,0.347744360902256,2026-01-04,2026-07-04
"SYN00732","Model B",363,0.341165413533835,2026-01-04,2026-07-04
"SYN00732","Model C",331,0.31109022556391,2026-01-04,2026-07-04
"SYN00733","Model A",826,0.341887417218543,2026-01-04,2026-07-04
"SYN00733","Model B",805,0.333195364238411,2026-01-04,2026-07-04
"SYN00733","Model C",785,0.324917218543046,2026-01-04,2026-07-04
"SYN00736","Model A",230,0.339233038348083,2026-01-04,2026-07-04
"SYN00736","Model B",222,0.327433628318584,2026-01-04,2026-07-04
"SYN00736","Model C",226,0.333333333333333,2026-01-04,2026-07-04
"SYN00737","Model A",228,0.357927786499215,2026-01-04,2026-07-04
"SYN00737","Model B",205,0.32182103610675,2026-01-04,2026-07-04
"SYN00737","Model C",204,0.320251177394035,2026-01-04,2026-07-04
"SYN00738","Model A",691,0.349342770475227,2026-01-04,2026-07-04
"SYN00738","Model B",632,0.319514661274014,2026-01-04,2026-07-04
"SYN00738","Model C",655,0.331142568250758,2026-01-04,2026-07-04
"SYN00739","Model A",1195,0.339778220073927,2026-01-04,2026-07-04
"SYN00739","Model B",1201,0.34148421950526,2026-01-04,2026-07-04
"SYN00739","Model C",1121,0.318737560420813,2026-01-04,2026-07-04
"SYN00740","Model A",315,0.353932584269663,2026-01-04,2026-07-04
"SYN00740","Model B",302,0.339325842696629,2026-01-04,2026-07-04
"SYN00740","Model C",273,0.306741573033708,2026-01-04,2026-07-04
"SYN00741","Model A",531,0.342139175257732,2026-01-04,2026-07-04
"SYN00741","Model B",489,0.315077319587629,2026-01-04,2026-07-04
"SYN00741","Model C",532,0.342783505154639,2026-01-04,2026-07-04
"SYN00742","Model A",413,0.316960859554873,2026-01-04,2026-07-04
"SYN00742","Model B",436,0.334612432847276,2026-01-04,2026-07-04
"SYN00742","Model C",454,0.348426707597851,2026-01-04,2026-07-04
"SYN00743","Model A",1170,0.323025952512424,2026-01-04,2026-07-04
"SYN00743","Model B",1208,0.333517393705135,2026-01-04,2026-07-04
"SYN00743","Model C",1244,0.343456653782441,2026-01-04,2026-07-04
"SYN00744","Model A",309,0.345637583892617,2026-01-04,2026-07-04
"SYN00744","Model B",292,0.32662192393736,2026-01-04,2026-07-04
"SYN00744","Model C",293,0.327740492170022,2026-01-04,2026-07-04
"SYN00745","Model A",79,0.339055793991416,2026-01-04,2026-07-04
"SYN00745","Model B",90,0.386266094420601,2026-01-04,2026-07-04
"SYN00745","Model C",64,0.274678111587983,2026-01-04,2026-07-04
"SYN00746","Model A",211,0.313521545319465,2026-01-04,2026-07-04
"SYN00746","Model B",216,0.320950965824666,2026-01-04,2026-07-04
"SYN00746","Model C",246,0.365527488855869,2026-01-04,2026-07-04
"SYN00748","Model A",824,0.337843378433784,2026-01-04,2026-07-04
"SYN00748","Model B",793,0.325133251332513,2026-01-04,2026-07-04
"SYN00748","Model C",822,0.337023370233702,2026-01-04,2026-07-04
"SYN00749","Model A",51,0.329032258064516,2026-01-04,2026-07-04
"SYN00749","Model B",50,0.32258064516129,2026-01-04,2026-07-04
"SYN00749","Model C",54,0.348387096774194,2026-01-04,2026-07-04
"SYN00750","Model A",588,0.343057176196033,2026-01-04,2026-07-04
"SYN00750","Model B",530,0.309218203033839,2026-01-04,2026-07-04
"SYN00750","Model C",596,0.347724620770128,2026-01-04,2026-07-04
"SYN00751","Model A",1221,0.34020618556701,2026-01-04,2026-07-04
"SYN00751","Model B",1179,0.328503761493452,2026-01-04,2026-07-04
"SYN00751","Model C",1189,0.331290052939537,2026-01-04,2026-07-04
"SYN00752","Model A",174,0.349397590361446,2026-01-04,2026-07-04
"SYN00752","Model B",159,0.319277108433735,2026-01-04,2026-07-04
"SYN00752","Model C",165,0.331325301204819,2026-01-04,2026-07-04
"SYN00754","Model A",203,0.338333333333333,2026-01-04,2026-07-04
"SYN00754","Model B",201,0.335,2026-01-04,2026-07-04
"SYN00754","Model C",196,0.326666666666667,2026-01-04,2026-07-04
"SYN00755","Model A",386,0.362101313320826,2026-01-04,2026-07-04
"SYN00755","Model B",319,0.299249530956848,2026-01-04,2026-07-04
"SYN00755","Model C",361,0.338649155722326,2026-01-04,2026-07-04
"SYN00756","Model A",147,0.356796116504854,2026-01-04,2026-07-04
"SYN00756","Model B",136,0.330097087378641,2026-01-04,2026-07-04
"SYN00756","Model C",129,0.313106796116505,2026-01-04,2026-07-04
"SYN00757","Model A",222,0.338931297709924,2026-01-04,2026-07-04
"SYN00757","Model B",199,0.30381679389313,2026-01-04,2026-07-04
"SYN00757","Model C",234,0.357251908396947,2026-01-04,2026-07-04
"SYN00758","Model A",180,0.340909090909091,2026-01-04,2026-07-04
"SYN00758","Model B",199,0.376893939393939,2026-01-04,2026-07-04
"SYN00758","Model C",149,0.28219696969697,2026-01-04,2026-07-04
"SYN00759","Model A",556,0.339853300733496,2026-01-04,2026-07-04
"SYN00759","Model B",527,0.322127139364303,2026-01-04,2026-07-04
"SYN00759","Model C",553,0.338019559902201,2026-01-04,2026-07-04
"SYN00760","Model A",644,0.338235294117647,2026-01-04,2026-07-04
"SYN00760","Model B",602,0.316176470588235,2026-01-04,2026-07-04
"SYN00760","Model C",658,0.345588235294118,2026-01-04,2026-07-04
"SYN00761","Model A",157,0.305447470817121,2026-01-04,2026-07-04
"SYN00761","Model B",193,0.375486381322957,2026-01-04,2026-07-04
"SYN00761","Model C",164,0.319066147859922,2026-01-04,2026-07-04
"SYN00762","Model A",12,0.25531914893617,2026-01-04,2026-07-04
"SYN00762","Model B",21,0.446808510638298,2026-01-04,2026-07-04
"SYN00762","Model C",14,0.297872340425532,2026-01-04,2026-07-04
"SYN00764","Model A",176,0.401826484018265,2026-01-04,2026-07-04
"SYN00764","Model B",135,0.308219178082192,2026-01-04,2026-07-04
"SYN00764","Model C",127,0.289954337899543,2026-01-04,2026-07-04
"SYN00765","Model A",225,0.350467289719626,2026-01-04,2026-07-04
"SYN00765","Model B",218,0.339563862928349,2026-01-04,2026-07-04
"SYN00765","Model C",199,0.309968847352025,2026-01-04,2026-07-04
"SYN00766","Model A",454,0.325915290739411,2026-01-04,2026-07-04
"SYN00766","Model B",497,0.35678391959799,2026-01-04,2026-07-04
"SYN00766","Model C",442,0.317300789662599,2026-01-04,2026-07-04
"SYN00767","Model A",6,0.25,2026-01-04,2026-07-04
"SYN00767","Model B",13,0.541666666666667,2026-01-04,2026-07-04
"SYN00767","Model C",5,0.208333333333333,2026-01-04,2026-07-04
"SYN00768","Model A",537,0.342911877394636,2026-01-04,2026-07-04
"SYN00768","Model B",507,0.323754789272031,2026-01-04,2026-07-04
"SYN00768","Model C",522,0.333333333333333,2026-01-04,2026-07-04
"SYN00769","Model A",195,0.34330985915493,2026-01-04,2026-07-04
"SYN00769","Model B",177,0.311619718309859,2026-01-04,2026-07-04
"SYN00769","Model C",196,0.345070422535211,2026-01-04,2026-07-04
"SYN00770","Model A",172,0.322097378277154,2026-01-04,2026-07-04
"SYN00770","Model B",160,0.299625468164794,2026-01-04,2026-07-04
"SYN00770","Model C",202,0.378277153558052,2026-01-04,2026-07-04
"SYN00771","Model A",291,0.322616407982262,2026-01-04,2026-07-04
"SYN00771","Model B",320,0.354767184035477,2026-01-04,2026-07-04
"SYN00771","Model C",291,0.322616407982262,2026-01-04,2026-07-04
"SYN00772","Model A",626,0.339479392624729,2026-01-04,2026-07-04
"SYN00772","Model B",597,0.323752711496746,2026-01-04,2026-07-04
"SYN00772","Model C",621,0.336767895878525,2026-01-04,2026-07-04
"SYN00773","Model A",185,0.297427652733119,2026-01-04,2026-07-04
"SYN00773","Model B",238,0.382636655948553,2026-01-04,2026-07-04
"SYN00773","Model C",199,0.319935691318328,2026-01-04,2026-07-04
"SYN00775","Model A",224,0.353312302839117,2026-01-04,2026-07-04
"SYN00775","Model B",224,0.353312302839117,2026-01-04,2026-07-04
"SYN00775","Model C",186,0.293375394321767,2026-01-04,2026-07-04
"SYN00776","Model A",101,0.301492537313433,2026-01-04,2026-07-04
"SYN00776","Model B",116,0.346268656716418,2026-01-04,2026-07-04
"SYN00776","Model C",118,0.352238805970149,2026-01-04,2026-07-04
"SYN00777","Model A",414,0.328310864393339,2026-01-04,2026-07-04
"SYN00777","Model B",437,0.346550356859635,2026-01-04,2026-07-04
"SYN00777","Model C",410,0.325138778747026,2026-01-04,2026-07-04
"SYN00778","Model A",215,0.338582677165354,2026-01-04,2026-07-04
"SYN00778","Model B",207,0.325984251968504,2026-01-04,2026-07-04
"SYN00778","Model C",213,0.335433070866142,2026-01-04,2026-07-04
"SYN00781","Model A",133,0.300225733634311,2026-01-04,2026-07-04
"SYN00781","Model B",167,0.376975169300226,2026-01-04,2026-07-04
"SYN00781","Model C",143,0.322799097065463,2026-01-04,2026-07-04
"SYN00782","Model A",180,0.326086956521739,2026-01-04,2026-07-04
"SYN00782","Model B",194,0.351449275362319,2026-01-04,2026-07-04
"SYN00782","Model C",178,0.322463768115942,2026-01-04,2026-07-04
"SYN00783","Model A",217,0.37221269296741,2026-01-04,2026-07-04
"SYN00783","Model B",196,0.336192109777015,2026-01-04,2026-07-04
"SYN00783","Model C",170,0.291595197255575,2026-01-04,2026-07-04
"SYN00784","Model A",490,0.344342937456079,2026-01-04,2026-07-04
"SYN00784","Model B",446,0.3134223471539,2026-01-04,2026-07-04
"SYN00784","Model C",487,0.342234715390021,2026-01-04,2026-07-04
"SYN00785","Model A",123,0.305970149253731,2026-01-04,2026-07-04
"SYN00785","Model B",144,0.358208955223881,2026-01-04,2026-07-04
"SYN00785","Model C",135,0.335820895522388,2026-01-04,2026-07-04
"SYN00786","Model A",125,0.299760191846523,2026-01-04,2026-07-04
"SYN00786","Model B",149,0.357314148681055,2026-01-04,2026-07-04
"SYN00786","Model C",143,0.342925659472422,2026-01-04,2026-07-04
"SYN00788","Model A",379,0.324486301369863,2026-01-04,2026-07-04
"SYN00788","Model B",389,0.333047945205479,2026-01-04,2026-07-04
"SYN00788","Model C",400,0.342465753424658,2026-01-04,2026-07-04
"SYN00789","Model A",155,0.34675615212528,2026-01-04,2026-07-04
"SYN00789","Model B",146,0.32662192393736,2026-01-04,2026-07-04
"SYN00789","Model C",146,0.32662192393736,2026-01-04,2026-07-04
"SYN00790","Model A",503,0.341711956521739,2026-01-04,2026-07-04
"SYN00790","Model B",458,0.311141304347826,2026-01-04,2026-07-04
"SYN00790","Model C",511,0.347146739130435,2026-01-04,2026-07-04
"SYN00791","Model A",576,0.343880597014925,2026-01-04,2026-07-04
"SYN00791","Model B",565,0.337313432835821,2026-01-04,2026-07-04
"SYN00791","Model C",534,0.318805970149254,2026-01-04,2026-07-04
"SYN00794","Model A",75,0.344036697247706,2026-01-04,2026-07-04
"SYN00794","Model B",71,0.325688073394495,2026-01-04,2026-07-04
"SYN00794","Model C",72,0.330275229357798,2026-01-04,2026-07-04
"SYN00796","Model A",1532,0.337519277373871,2026-01-04,2026-07-04
"SYN00796","Model B",1553,0.342145847102886,2026-01-04,2026-07-04
"SYN00796","Model C",1454,0.320334875523243,2026-01-04,2026-07-04
"SYN00799","Model A",55,0.314285714285714,2026-01-04,2026-07-04
"SYN00799","Model B",52,0.297142857142857,2026-01-04,2026-07-04
"SYN00799","Model C",68,0.388571428571429,2026-01-04,2026-07-04
"SYN00800","Model A",1466,0.343808630393996,2026-01-04,2026-07-04
"SYN00800","Model B",1361,0.319183864915572,2026-01-04,2026-07-04
"SYN00800","Model C",1437,0.337007504690432,2026-01-04,2026-07-04
"SYN00801","Model A",431,0.329762815608263,2026-01-04,2026-07-04
"SYN00801","Model B",402,0.307574598316756,2026-01-04,2026-07-04
"SYN00801","Model C",474,0.362662586074981,2026-01-04,2026-07-04
"SYN00803","Model A",489,0.351545650611071,2026-01-04,2026-07-04
"SYN00803","Model B",444,0.319194823867721,2026-01-04,2026-07-04
"SYN00803","Model C",458,0.329259525521208,2026-01-04,2026-07-04
"SYN00804","Model A",30,0.37037037037037,2026-01-04,2026-07-04
"SYN00804","Model B",28,0.345679012345679,2026-01-04,2026-07-04
"SYN00804","Model C",23,0.283950617283951,2026-01-04,2026-07-04
"SYN00805","Model A",539,0.354139290407359,2026-01-04,2026-07-04
"SYN00805","Model B",474,0.311432325886991,2026-01-04,2026-07-04
"SYN00805","Model C",509,0.33442838370565,2026-01-04,2026-07-04
"SYN00806","Model A",2351,0.333996306293508,2026-01-04,2026-07-04
"SYN00806","Model B",2354,0.334422503196477,2026-01-04,2026-07-04
"SYN00806","Model C",2334,0.331581190510016,2026-01-04,2026-07-04
"SYN00807","Model A",229,0.354489164086687,2026-01-04,2026-07-04
"SYN00807","Model B",213,0.329721362229102,2026-01-04,2026-07-04
"SYN00807","Model C",204,0.315789473684211,2026-01-04,2026-07-04
"SYN00808","Model A",790,0.330405687996654,2026-01-04,2026-07-04
"SYN00808","Model B",794,0.332078628189042,2026-01-04,2026-07-04
"SYN00808","Model C",807,0.337515683814304,2026-01-04,2026-07-04
"SYN00809","Model A",117,0.326815642458101,2026-01-04,2026-07-04
"SYN00809","Model B",126,0.35195530726257,2026-01-04,2026-07-04
"SYN00809","Model C",115,0.32122905027933,2026-01-04,2026-07-04
"SYN00810","Model A",23,0.410714285714286,2026-01-04,2026-07-04
"SYN00810","Model B",23,0.410714285714286,2026-01-04,2026-07-04
"SYN00810","Model C",10,0.178571428571429,2026-01-04,2026-07-04
"SYN00811","Model A",465,0.350678733031674,2026-01-04,2026-07-04
"SYN00811","Model B",425,0.320512820512821,2026-01-04,2026-07-04
"SYN00811","Model C",436,0.328808446455505,2026-01-04,2026-07-04
"SYN00812","Model A",417,0.346058091286307,2026-01-04,2026-07-04
"SYN00812","Model B",409,0.339419087136929,2026-01-04,2026-07-04
"SYN00812","Model C",379,0.314522821576763,2026-01-04,2026-07-04
"SYN00813","Model A",451,0.327523602033406,2026-01-04,2026-07-04
"SYN00813","Model B",463,0.336238198983297,2026-01-04,2026-07-04
"SYN00813","Model C",463,0.336238198983297,2026-01-04,2026-07-04
"SYN00815","Model A",226,0.347692307692308,2026-01-04,2026-07-04
"SYN00815","Model B",222,0.341538461538462,2026-01-04,2026-07-04
"SYN00815","Model C",202,0.310769230769231,2026-01-04,2026-07-04
"SYN00816","Model A",9,0.28125,2026-01-04,2026-07-04
"SYN00816","Model B",11,0.34375,2026-01-04,2026-07-04
"SYN00816","Model C",12,0.375,2026-01-04,2026-07-04
"SYN00817","Model A",271,0.357048748353096,2026-01-04,2026-07-04
"SYN00817","Model B",245,0.322793148880105,2026-01-04,2026-07-04
"SYN00817","Model C",243,0.320158102766798,2026-01-04,2026-07-04
"SYN00818","Model A",598,0.319786096256684,2026-01-04,2026-07-04
"SYN00818","Model B",630,0.336898395721925,2026-01-04,2026-07-04
"SYN00818","Model C",642,0.34331550802139,2026-01-04,2026-07-04
"SYN00819","Model A",380,0.365033621517771,2026-01-04,2026-07-04
"SYN00819","Model B",318,0.305475504322767,2026-01-04,2026-07-04
"SYN00819","Model C",343,0.329490874159462,2026-01-04,2026-07-04
"SYN00820","Model A",316,0.315684315684316,2026-01-04,2026-07-04
"SYN00820","Model B",327,0.326673326673327,2026-01-04,2026-07-04
"SYN00820","Model C",358,0.357642357642358,2026-01-04,2026-07-04
"SYN00821","Model A",144,0.31236442516269,2026-01-04,2026-07-04
"SYN00821","Model B",153,0.331887201735358,2026-01-04,2026-07-04
"SYN00821","Model C",164,0.355748373101952,2026-01-04,2026-07-04
"SYN00823","Model A",456,0.327116212338594,2026-01-04,2026-07-04
"SYN00823","Model B",473,0.339311334289813,2026-01-04,2026-07-04
"SYN00823","Model C",465,0.333572453371593,2026-01-04,2026-07-04
"SYN00824","Model A",713,0.316186252771619,2026-01-04,2026-07-04
"SYN00824","Model B",773,0.342793791574279,2026-01-04,2026-07-04
"SYN00824","Model C",769,0.341019955654102,2026-01-04,2026-07-04
"SYN00825","Model A",151,0.318565400843882,2026-01-04,2026-07-04
"SYN00825","Model B",159,0.335443037974684,2026-01-04,2026-07-04
"SYN00825","Model C",164,0.345991561181435,2026-01-04,2026-07-04
"SYN00826","Model A",639,0.341894060995185,2026-01-04,2026-07-04
"SYN00826","Model B",616,0.329588014981273,2026-01-04,2026-07-04
"SYN00826","Model C",614,0.328517924023542,2026-01-04,2026-07-04
"SYN00828","Model A",61,0.35672514619883,2026-01-04,2026-07-04
"SYN00828","Model B",59,0.345029239766082,2026-01-04,2026-07-04
"SYN00828","Model C",51,0.298245614035088,2026-01-04,2026-07-04
"SYN00829","Model A",4,0.222222222222222,2026-01-04,2026-07-04
"SYN00829","Model B",4,0.222222222222222,2026-01-04,2026-07-04
"SYN00829","Model C",10,0.555555555555556,2026-01-04,2026-07-04
"SYN00830","Model A",496,0.317948717948718,2026-01-04,2026-07-04
"SYN00830","Model B",544,0.348717948717949,2026-01-04,2026-07-04
"SYN00830","Model C",520,0.333333333333333,2026-01-04,2026-07-04
"SYN00831","Model A",407,0.344623200677392,2026-01-04,2026-07-04
"SYN00831","Model B",356,0.301439458086367,2026-01-04,2026-07-04
"SYN00831","Model C",418,0.35393734123624,2026-01-04,2026-07-04
"SYN00832","Model A",156,0.318367346938775,2026-01-04,2026-07-04
"SYN00832","Model B",166,0.338775510204082,2026-01-04,2026-07-04
"SYN00832","Model C",168,0.342857142857143,2026-01-04,2026-07-04
"SYN00833","Model A",321,0.327217125382263,2026-01-04,2026-07-04
"SYN00833","Model B",344,0.350662589194699,2026-01-04,2026-07-04
"SYN00833","Model C",316,0.322120285423038,2026-01-04,2026-07-04
"SYN00834","Model A",266,0.330434782608696,2026-01-04,2026-07-04
"SYN00834","Model B",278,0.345341614906832,2026-01-04,2026-07-04
"SYN00834","Model C",261,0.324223602484472,2026-01-04,2026-07-04
"SYN00835","Model A",5,0.277777777777778,2026-01-04,2026-07-04
"SYN00835","Model B",5,0.277777777777778,2026-01-04,2026-07-04
"SYN00835","Model C",8,0.444444444444444,2026-01-04,2026-07-04
"SYN00836","Model A",219,0.323008849557522,2026-01-04,2026-07-04
"SYN00836","Model B",209,0.308259587020649,2026-01-04,2026-07-04
"SYN00836","Model C",250,0.368731563421829,2026-01-04,2026-07-04
"SYN00839","Model A",77,0.311740890688259,2026-01-04,2026-07-04
"SYN00839","Model B",79,0.319838056680162,2026-01-04,2026-07-04
"SYN00839","Model C",91,0.368421052631579,2026-01-04,2026-07-04
"SYN00840","Model A",181,0.345419847328244,2026-01-04,2026-07-04
"SYN00840","Model B",178,0.33969465648855,2026-01-04,2026-07-04
"SYN00840","Model C",165,0.314885496183206,2026-01-04,2026-07-04
"SYN00841","Model A",42,0.302158273381295,2026-01-04,2026-07-04
"SYN00841","Model B",43,0.309352517985612,2026-01-04,2026-07-04
"SYN00841","Model C",54,0.388489208633094,2026-01-04,2026-07-04
"SYN00842","Model A",291,0.316304347826087,2026-01-04,2026-07-04
"SYN00842","Model B",326,0.354347826086957,2026-01-04,2026-07-04
"SYN00842","Model C",303,0.329347826086957,2026-01-04,2026-07-04
"SYN00843","Model A",477,0.364400305576776,2026-01-04,2026-07-04
"SYN00843","Model B",425,0.324675324675325,2026-01-04,2026-07-04
"SYN00843","Model C",407,0.310924369747899,2026-01-04,2026-07-04
"SYN00845","Model A",286,0.321348314606742,2026-01-04,2026-07-04
"SYN00845","Model B",309,0.347191011235955,2026-01-04,2026-07-04
"SYN00845","Model C",295,0.331460674157303,2026-01-04,2026-07-04
"SYN00846","Model A",612,0.323980942297512,2026-01-04,2026-07-04
"SYN00846","Model B",665,0.352038115404976,2026-01-04,2026-07-04
"SYN00846","Model C",612,0.323980942297512,2026-01-04,2026-07-04
"SYN00848","Model A",60,0.327868852459016,2026-01-04,2026-07-04
"SYN00848","Model B",67,0.366120218579235,2026-01-04,2026-07-04
"SYN00848","Model C",56,0.306010928961749,2026-01-04,2026-07-04
"SYN00850","Model A",168,0.323076923076923,2026-01-04,2026-07-04
"SYN00850","Model B",159,0.305769230769231,2026-01-04,2026-07-04
"SYN00850","Model C",193,0.371153846153846,2026-01-04,2026-07-04
"SYN00851","Model A",15,0.333333333333333,2026-01-04,2026-07-04
"SYN00851","Model B",16,0.355555555555556,2026-01-04,2026-07-04
"SYN00851","Model C",14,0.311111111111111,2026-01-04,2026-07-04
"SYN00852","Model A",62,0.407894736842105,2026-01-04,2026-07-04
"SYN00852","Model B",37,0.243421052631579,2026-01-04,2026-07-04
"SYN00852","Model C",53,0.348684210526316,2026-01-04,2026-07-04
"SYN00853","Model A",129,0.332474226804124,2026-01-04,2026-07-04
"SYN00853","Model B",126,0.324742268041237,2026-01-04,2026-07-04
"SYN00853","Model C",133,0.342783505154639,2026-01-04,2026-07-04
"SYN00854","Model A",14,0.451612903225806,2026-01-04,2026-07-04
"SYN00854","Model B",11,0.354838709677419,2026-01-04,2026-07-04
"SYN00854","Model C",6,0.193548387096774,2026-01-04,2026-07-04
"SYN00855","Model A",360,0.356788899900892,2026-01-04,2026-07-04
"SYN00855","Model B",312,0.309217046580773,2026-01-04,2026-07-04
"SYN00855","Model C",337,0.333994053518335,2026-01-04,2026-07-04
"SYN00856","Model A",363,0.348703170028818,2026-01-04,2026-07-04
"SYN00856","Model B",333,0.319884726224784,2026-01-04,2026-07-04
"SYN00856","Model C",345,0.331412103746398,2026-01-04,2026-07-04
"SYN00857","Model A",140,0.311111111111111,2026-01-04,2026-07-04
"SYN00857","Model B",154,0.342222222222222,2026-01-04,2026-07-04
"SYN00857","Model C",156,0.346666666666667,2026-01-04,2026-07-04
"SYN00858","Model A",751,0.353079454630936,2026-01-04,2026-07-04
"SYN00858","Model B",689,0.323930418429713,2026-01-04,2026-07-04
"SYN00858","Model C",687,0.322990126939351,2026-01-04,2026-07-04
"SYN00859","Model A",295,0.320304017372421,2026-01-04,2026-07-04
"SYN00859","Model B",322,0.349619978284473,2026-01-04,2026-07-04
"SYN00859","Model C",304,0.330076004343105,2026-01-04,2026-07-04
"SYN00860","Model A",132,0.347368421052632,2026-01-04,2026-07-04
"SYN00860","Model B",125,0.328947368421053,2026-01-04,2026-07-04
"SYN00860","Model C",123,0.323684210526316,2026-01-04,2026-07-04
"SYN00863","Model A",26,0.4,2026-01-04,2026-07-04
"SYN00863","Model B",24,0.369230769230769,2026-01-04,2026-07-04
"SYN00863","Model C",15,0.230769230769231,2026-01-04,2026-07-04
"SYN00864","Model A",323,0.333677685950413,2026-01-04,2026-07-04
"SYN00864","Model B",348,0.359504132231405,2026-01-04,2026-07-04
"SYN00864","Model C",297,0.306818181818182,2026-01-04,2026-07-04
"SYN00865","Model A",205,0.340531561461794,2026-01-04,2026-07-04
"SYN00865","Model B",193,0.320598006644518,2026-01-04,2026-07-04
"SYN00865","Model C",204,0.338870431893688,2026-01-04,2026-07-04
"SYN00868","Model A",215,0.344551282051282,2026-01-04,2026-07-04
"SYN00868","Model B",202,0.323717948717949,2026-01-04,2026-07-04
"SYN00868","Model C",207,0.331730769230769,2026-01-04,2026-07-04
"SYN00869","Model A",511,0.323213156230234,2026-01-04,2026-07-04
"SYN00869","Model B",556,0.351676154332701,2026-01-04,2026-07-04
"SYN00869","Model C",514,0.325110689437065,2026-01-04,2026-07-04
"SYN00870","Model A",86,0.349593495934959,2026-01-04,2026-07-04
"SYN00870","Model B",89,0.361788617886179,2026-01-04,2026-07-04
"SYN00870","Model C",71,0.288617886178862,2026-01-04,2026-07-04
"SYN00872","Model A",426,0.337559429477021,2026-01-04,2026-07-04
"SYN00872","Model B",418,0.33122028526149,2026-01-04,2026-07-04
"SYN00872","Model C",418,0.33122028526149,2026-01-04,2026-07-04
"SYN00873","Model A",16,0.271186440677966,2026-01-04,2026-07-04
"SYN00873","Model B",24,0.406779661016949,2026-01-04,2026-07-04
"SYN00873","Model C",19,0.322033898305085,2026-01-04,2026-07-04
"SYN00876","Model A",857,0.325607902735562,2026-01-04,2026-07-04
"SYN00876","Model B",872,0.331306990881459,2026-01-04,2026-07-04
"SYN00876","Model C",903,0.343085106382979,2026-01-04,2026-07-04
"SYN00878","Model A",1692,0.338129496402878,2026-01-04,2026-07-04
"SYN00878","Model B",1631,0.325939248601119,2026-01-04,2026-07-04
"SYN00878","Model C",1681,0.335931254996003,2026-01-04,2026-07-04
"SYN00880","Model A",311,0.321280991735537,2026-01-04,2026-07-04
"SYN00880","Model B",338,0.349173553719008,2026-01-04,2026-07-04
"SYN00880","Model C",319,0.329545454545455,2026-01-04,2026-07-04
"SYN00881","Model A",378,0.353271028037383,2026-01-04,2026-07-04
"SYN00881","Model B",332,0.310280373831776,2026-01-04,2026-07-04
"SYN00881","Model C",360,0.336448598130841,2026-01-04,2026-07-04
"SYN00882","Model A",450,0.290697674418605,2026-01-04,2026-07-04
"SYN00882","Model B",549,0.354651162790698,2026-01-04,2026-07-04
"SYN00882","Model C",549,0.354651162790698,2026-01-04,2026-07-04
"SYN00883","Model A",94,0.309210526315789,2026-01-04,2026-07-04
"SYN00883","Model B",118,0.388157894736842,2026-01-04,2026-07-04
"SYN00883","Model C",92,0.302631578947368,2026-01-04,2026-07-04
"SYN00884","Model A",84,0.360515021459227,2026-01-04,2026-07-04
"SYN00884","Model B",76,0.32618025751073,2026-01-04,2026-07-04
"SYN00884","Model C",73,0.313304721030043,2026-01-04,2026-07-04
"SYN00885","Model A",45,0.276073619631902,2026-01-04,2026-07-04
"SYN00885","Model B",52,0.319018404907975,2026-01-04,2026-07-04
"SYN00885","Model C",66,0.404907975460123,2026-01-04,2026-07-04
"SYN00886","Model A",15,0.277777777777778,2026-01-04,2026-07-04
"SYN00886","Model B",18,0.333333333333333,2026-01-04,2026-07-04
"SYN00886","Model C",21,0.388888888888889,2026-01-04,2026-07-04
"SYN00887","Model A",390,0.357798165137615,2026-01-04,2026-07-04
"SYN00887","Model B",351,0.322018348623853,2026-01-04,2026-07-04
"SYN00887","Model C",349,0.320183486238532,2026-01-04,2026-07-04
"SYN00888","Model A",386,0.352511415525114,2026-01-04,2026-07-04
"SYN00888","Model B",344,0.314155251141553,2026-01-04,2026-07-04
"SYN00888","Model C",365,0.333333333333333,2026-01-04,2026-07-04
"SYN00889","Model A",387,0.315660685154976,2026-01-04,2026-07-04
"SYN00889","Model B",435,0.354812398042414,2026-01-04,2026-07-04
"SYN00889","Model C",404,0.32952691680261,2026-01-04,2026-07-04
"SYN00890","Model A",130,0.361111111111111,2026-01-04,2026-07-04
"SYN00890","Model B",115,0.319444444444444,2026-01-04,2026-07-04
"SYN00890","Model C",115,0.319444444444444,2026-01-04,2026-07-04
"SYN00891","Model A",229,0.301315789473684,2026-01-04,2026-07-04
"SYN00891","Model B",261,0.343421052631579,2026-01-04,2026-07-04
"SYN00891","Model C",270,0.355263157894737,2026-01-04,2026-07-04
"SYN00892","Model A",925,0.333573746844573,2026-01-04,2026-07-04
"SYN00892","Model B",945,0.340786152181753,2026-01-04,2026-07-04
"SYN00892","Model C",903,0.325640100973675,2026-01-04,2026-07-04
"SYN00893","Model A",113,0.331378299120235,2026-01-04,2026-07-04
"SYN00893","Model B",122,0.357771260997067,2026-01-04,2026-07-04
"SYN00893","Model C",106,0.310850439882698,2026-01-04,2026-07-04
"SYN00894","Model A",376,0.344637946837763,2026-01-04,2026-07-04
"SYN00894","Model B",369,0.338221814848763,2026-01-04,2026-07-04
"SYN00894","Model C",346,0.317140238313474,2026-01-04,2026-07-04
"SYN00895","Model A",68,0.348717948717949,2026-01-04,2026-07-04
"SYN00895","Model B",57,0.292307692307692,2026-01-04,2026-07-04
"SYN00895","Model C",70,0.358974358974359,2026-01-04,2026-07-04
"SYN00897","Model A",688,0.348530901722391,2026-01-04,2026-07-04
"SYN00897","Model B",660,0.334346504559271,2026-01-04,2026-07-04
"SYN00897","Model C",626,0.317122593718338,2026-01-04,2026-07-04
"SYN00899","Model A",1119,0.342620943049602,2026-01-04,2026-07-04
"SYN00899","Model B",1093,0.334660134721372,2026-01-04,2026-07-04
"SYN00899","Model C",1054,0.322718922229026,2026-01-04,2026-07-04
"SYN00901","Model A",42,0.323076923076923,2026-01-04,2026-07-04
"SYN00901","Model B",41,0.315384615384615,2026-01-04,2026-07-04
"SYN00901","Model C",47,0.361538461538462,2026-01-04,2026-07-04
"SYN00902","Model A",102,0.346938775510204,2026-01-04,2026-07-04
"SYN00902","Model B",87,0.295918367346939,2026-01-04,2026-07-04
"SYN00902","Model C",105,0.357142857142857,2026-01-04,2026-07-04
"SYN00903","Model A",62,0.33879781420765,2026-01-04,2026-07-04
"SYN00903","Model B",64,0.349726775956284,2026-01-04,2026-07-04
"SYN00903","Model C",57,0.311475409836066,2026-01-04,2026-07-04
"SYN00904","Model A",315,0.344262295081967,2026-01-04,2026-07-04
"SYN00904","Model B",294,0.321311475409836,2026-01-04,2026-07-04
"SYN00904","Model C",306,0.334426229508197,2026-01-04,2026-07-04
"SYN00905","Model A",521,0.337872892347601,2026-01-04,2026-07-04
"SYN00905","Model B",496,0.321660181582361,2026-01-04,2026-07-04
"SYN00905","Model C",525,0.340466926070039,2026-01-04,2026-07-04
"SYN00906","Model A",375,0.314333612740989,2026-01-04,2026-07-04
"SYN00906","Model B",416,0.348700754400671,2026-01-04,2026-07-04
"SYN00906","Model C",402,0.33696563285834,2026-01-04,2026-07-04
"SYN00907","Model A",8,0.363636363636364,2026-01-04,2026-07-04
"SYN00907","Model B",8,0.363636363636364,2026-01-04,2026-07-04
"SYN00907","Model C",6,0.272727272727273,2026-01-04,2026-07-04
"SYN00908","Model A",379,0.325042881646655,2026-01-04,2026-07-04
"SYN00908","Model B",405,0.347341337907376,2026-01-04,2026-07-04
"SYN00908","Model C",382,0.327615780445969,2026-01-04,2026-07-04
"SYN00909","Model A",101,0.323717948717949,2026-01-04,2026-07-04
"SYN00909","Model B",107,0.342948717948718,2026-01-04,2026-07-04
"SYN00909","Model C",104,0.333333333333333,2026-01-04,2026-07-04
"SYN00910","Model A",720,0.317740511915269,2026-01-04,2026-07-04
"SYN00910","Model B",748,0.330097087378641,2026-01-04,2026-07-04
"SYN00910","Model C",798,0.35216240070609,2026-01-04,2026-07-04
"SYN00911","Model A",162,0.312741312741313,2026-01-04,2026-07-04
"SYN00911","Model B",182,0.351351351351351,2026-01-04,2026-07-04
"SYN00911","Model C",174,0.335907335907336,2026-01-04,2026-07-04
"SYN00912","Model A",363,0.340525328330206,2026-01-04,2026-07-04
"SYN00912","Model B",371,0.348030018761726,2026-01-04,2026-07-04
"SYN00912","Model C",332,0.311444652908068,2026-01-04,2026-07-04
"SYN00914","Model A",356,0.302978723404255,2026-01-04,2026-07-04
"SYN00914","Model B",414,0.352340425531915,2026-01-04,2026-07-04
"SYN00914","Model C",405,0.34468085106383,2026-01-04,2026-07-04
"SYN00915","Model A",480,0.326308633582597,2026-01-04,2026-07-04
"SYN00915","Model B",506,0.343983684568321,2026-01-04,2026-07-04
"SYN00915","Model C",485,0.329707681849082,2026-01-04,2026-07-04
"SYN00916","Model A",388,0.318032786885246,2026-01-04,2026-07-04
"SYN00916","Model B",422,0.345901639344262,2026-01-04,2026-07-04
"SYN00916","Model C",410,0.336065573770492,2026-01-04,2026-07-04
"SYN00917","Model A",479,0.338995046001415,2026-01-04,2026-07-04
"SYN00917","Model B",454,0.321302193913659,2026-01-04,2026-07-04
"SYN00917","Model C",480,0.339702760084926,2026-01-04,2026-07-04
"SYN00918","Model A",206,0.328548644338118,2026-01-04,2026-07-04
"SYN00918","Model B",213,0.339712918660287,2026-01-04,2026-07-04
"SYN00918","Model C",208,0.331738437001595,2026-01-04,2026-07-04
"SYN00919","Model A",281,0.331367924528302,2026-01-04,2026-07-04
"SYN00919","Model B",281,0.331367924528302,2026-01-04,2026-07-04
"SYN00919","Model C",286,0.337264150943396,2026-01-04,2026-07-04
"SYN00920","Model A",187,0.372509960159363,2026-01-04,2026-07-04
"SYN00920","Model B",159,0.316733067729084,2026-01-04,2026-07-04
"SYN00920","Model C",156,0.310756972111554,2026-01-04,2026-07-04
"SYN00921","Model A",19,0.372549019607843,2026-01-04,2026-07-04
"SYN00921","Model B",14,0.274509803921569,2026-01-04,2026-07-04
"SYN00921","Model C",18,0.352941176470588,2026-01-04,2026-07-04
"SYN00922","Model A",99,0.407407407407407,2026-01-04,2026-07-04
"SYN00922","Model B",60,0.246913580246914,2026-01-04,2026-07-04
"SYN00922","Model C",84,0.345679012345679,2026-01-04,2026-07-04
"SYN00923","Model A",1066,0.331055900621118,2026-01-04,2026-07-04
"SYN00923","Model B",1106,0.343478260869565,2026-01-04,2026-07-04
"SYN00923","Model C",1048,0.325465838509317,2026-01-04,2026-07-04
"SYN00924","Model A",50,0.396825396825397,2026-01-04,2026-07-04
"SYN00924","Model B",39,0.30952380952381,2026-01-04,2026-07-04
"SYN00924","Model C",37,0.293650793650794,2026-01-04,2026-07-04
"SYN00925","Model A",684,0.347914547304171,2026-01-04,2026-07-04
"SYN00925","Model B",646,0.328585961342828,2026-01-04,2026-07-04
"SYN00925","Model C",636,0.323499491353001,2026-01-04,2026-07-04
"SYN00926","Model A",181,0.324955116696589,2026-01-04,2026-07-04
"SYN00926","Model B",185,0.33213644524237,2026-01-04,2026-07-04
"SYN00926","Model C",191,0.342908438061041,2026-01-04,2026-07-04
"SYN00928","Model A",243,0.33986013986014,2026-01-04,2026-07-04
"SYN00928","Model B",248,0.346853146853147,2026-01-04,2026-07-04
"SYN00928","Model C",224,0.313286713286713,2026-01-04,2026-07-04
"SYN00929","Model A",49,0.328859060402685,2026-01-04,2026-07-04
"SYN00929","Model B",51,0.342281879194631,2026-01-04,2026-07-04
"SYN00929","Model C",49,0.328859060402685,2026-01-04,2026-07-04
"SYN00930","Model A",60,0.350877192982456,2026-01-04,2026-07-04
"SYN00930","Model B",51,0.298245614035088,2026-01-04,2026-07-04
"SYN00930","Model C",60,0.350877192982456,2026-01-04,2026-07-04
"SYN00931","Model A",468,0.34235552304316,2026-01-04,2026-07-04
"SYN00931","Model B",479,0.350402340892465,2026-01-04,2026-07-04
"SYN00931","Model C",420,0.307242136064375,2026-01-04,2026-07-04
"SYN00932","Model A",650,0.331632653061224,2026-01-04,2026-07-04
"SYN00932","Model B",624,0.318367346938775,2026-01-04,2026-07-04
"SYN00932","Model C",686,0.35,2026-01-04,2026-07-04
"SYN00933","Model A",241,0.361319340329835,2026-01-04,2026-07-04
"SYN00933","Model B",200,0.299850074962519,2026-01-04,2026-07-04
"SYN00933","Model C",226,0.338830584707646,2026-01-04,2026-07-04
"SYN00934","Model A",424,0.343876723438767,2026-01-04,2026-07-04
"SYN00934","Model B",417,0.338199513381995,2026-01-04,2026-07-04
"SYN00934","Model C",392,0.317923763179238,2026-01-04,2026-07-04
"SYN00935","Model A",381,0.347945205479452,2026-01-04,2026-07-04
"SYN00935","Model B",369,0.336986301369863,2026-01-04,2026-07-04
"SYN00935","Model C",345,0.315068493150685,2026-01-04,2026-07-04
"SYN00938","Model A",551,0.350732017823043,2026-01-04,2026-07-04
"SYN00938","Model B",494,0.314449395289624,2026-01-04,2026-07-04
"SYN00938","Model C",526,0.334818586887333,2026-01-04,2026-07-04
"SYN00939","Model A",84,0.337349397590361,2026-01-04,2026-07-04
"SYN00939","Model B",87,0.349397590361446,2026-01-04,2026-07-04
"SYN00939","Model C",78,0.313253012048193,2026-01-04,2026-07-04
"SYN00940","Model A",13,0.270833333333333,2026-01-04,2026-07-04
"SYN00940","Model B",16,0.333333333333333,2026-01-04,2026-07-04
"SYN00940","Model C",19,0.395833333333333,2026-01-04,2026-07-04
"SYN00941","Model A",29,0.261261261261261,2026-01-04,2026-07-04
"SYN00941","Model B",39,0.351351351351351,2026-01-04,2026-07-04
"SYN00941","Model C",43,0.387387387387387,2026-01-04,2026-07-04
"SYN00943","Model A",242,0.331506849315069,2026-01-04,2026-07-04
"SYN00943","Model B",251,0.343835616438356,2026-01-04,2026-07-04
"SYN00943","Model C",237,0.324657534246575,2026-01-04,2026-07-04
"SYN00944","Model A",11,0.305555555555556,2026-01-04,2026-07-04
"SYN00944","Model B",13,0.361111111111111,2026-01-04,2026-07-04
"SYN00944","Model C",12,0.333333333333333,2026-01-04,2026-07-04
"SYN00945","Model A",403,0.305766312594841,2026-01-04,2026-07-04
"SYN00945","Model B",460,0.349013657056146,2026-01-04,2026-07-04
"SYN00945","Model C",455,0.345220030349014,2026-01-04,2026-07-04
"SYN00947","Model A",13,0.8125,2026-01-04,2026-07-04
"SYN00947","Model B",3,0.1875,2026-01-04,2026-07-04
"SYN00947","Model C",0,0,2026-01-04,2026-07-04
"SYN00948","Model A",382,0.35601118359739,2026-01-04,2026-07-04
"SYN00948","Model B",335,0.312208760484623,2026-01-04,2026-07-04
"SYN00948","Model C",356,0.331780055917987,2026-01-04,2026-07-04
"SYN00949","Model A",392,0.351254480286738,2026-01-04,2026-07-04
"SYN00949","Model B",353,0.316308243727599,2026-01-04,2026-07-04
"SYN00949","Model C",371,0.332437275985663,2026-01-04,2026-07-04
"SYN00950","Model A",33,0.379310344827586,2026-01-04,2026-07-04
"SYN00950","Model B",27,0.310344827586207,2026-01-04,2026-07-04
"SYN00950","Model C",27,0.310344827586207,2026-01-04,2026-07-04
"SYN00951","Model A",658,0.343423799582463,2026-01-04,2026-07-04
"SYN00951","Model B",628,0.32776617954071,2026-01-04,2026-07-04
"SYN00951","Model C",630,0.328810020876827,2026-01-04,2026-07-04
"SYN00952","Model A",22,0.379310344827586,2026-01-04,2026-07-04
"SYN00952","Model B",19,0.327586206896552,2026-01-04,2026-07-04
"SYN00952","Model C",17,0.293103448275862,2026-01-04,2026-07-04
"SYN00953","Model A",271,0.352405721716515,2026-01-04,2026-07-04
"SYN00953","Model B",248,0.322496749024707,2026-01-04,2026-07-04
"SYN00953","Model C",250,0.325097529258778,2026-01-04,2026-07-04
"SYN00954","Model A",104,0.326018808777429,2026-01-04,2026-07-04
"SYN00954","Model B",125,0.391849529780564,2026-01-04,2026-07-04
"SYN00954","Model C",90,0.282131661442006,2026-01-04,2026-07-04
"SYN00955","Model A",578,0.344663088849135,2026-01-04,2026-07-04
"SYN00955","Model B",612,0.364937388193202,2026-01-04,2026-07-04
"SYN00955","Model C",487,0.290399522957662,2026-01-04,2026-07-04
"SYN00956","Model A",7,0.333333333333333,2026-01-04,2026-07-04
"SYN00956","Model B",9,0.428571428571429,2026-01-04,2026-07-04
"SYN00956","Model C",5,0.238095238095238,2026-01-04,2026-07-04
"SYN00957","Model A",94,0.312292358803987,2026-01-04,2026-07-04
"SYN00957","Model B",105,0.348837209302326,2026-01-04,2026-07-04
"SYN00957","Model C",102,0.338870431893688,2026-01-04,2026-07-04
"SYN00958","Model A",225,0.315126050420168,2026-01-04,2026-07-04
"SYN00958","Model B",268,0.375350140056022,2026-01-04,2026-07-04
"SYN00958","Model C",221,0.30952380952381,2026-01-04,2026-07-04
"SYN00961","Model A",247,0.316261203585147,2026-01-04,2026-07-04
"SYN00961","Model B",265,0.339308578745198,2026-01-04,2026-07-04
"SYN00961","Model C",269,0.344430217669654,2026-01-04,2026-07-04
"SYN00962","Model A",22,0.323529411764706,2026-01-04,2026-07-04
"SYN00962","Model B",25,0.367647058823529,2026-01-04,2026-07-04
"SYN00962","Model C",21,0.308823529411765,2026-01-04,2026-07-04
"SYN00963","Model A",147,0.3675,2026-01-04,2026-07-04
"SYN00963","Model B",131,0.3275,2026-01-04,2026-07-04
"SYN00963","Model C",122,0.305,2026-01-04,2026-07-04
"SYN00965","Model A",83,0.393364928909953,2026-01-04,2026-07-04
"SYN00965","Model B",63,0.298578199052133,2026-01-04,2026-07-04
"SYN00965","Model C",65,0.308056872037915,2026-01-04,2026-07-04
"SYN00966","Model A",290,0.332950631458094,2026-01-04,2026-07-04
"SYN00966","Model B",286,0.328358208955224,2026-01-04,2026-07-04
"SYN00966","Model C",295,0.338691159586682,2026-01-04,2026-07-04
"SYN00967","Model A",256,0.332036316472114,2026-01-04,2026-07-04
"SYN00967","Model B",247,0.320363164721141,2026-01-04,2026-07-04
"SYN00967","Model C",268,0.347600518806744,2026-01-04,2026-07-04
"SYN00969","Model A",868,0.329286798179059,2026-01-04,2026-07-04
"SYN00969","Model B",858,0.325493171471927,2026-01-04,2026-07-04
"SYN00969","Model C",910,0.345220030349014,2026-01-04,2026-07-04
"SYN00970","Model A",37,0.318965517241379,2026-01-04,2026-07-04
"SYN00970","Model B",37,0.318965517241379,2026-01-04,2026-07-04
"SYN00970","Model C",42,0.362068965517241,2026-01-04,2026-07-04
"SYN00971","Model A",43,0.349593495934959,2026-01-04,2026-07-04
"SYN00971","Model B",46,0.373983739837398,2026-01-04,2026-07-04
"SYN00971","Model C",34,0.276422764227642,2026-01-04,2026-07-04
"SYN00972","Model A",489,0.331525423728814,2026-01-04,2026-07-04
"SYN00972","Model B",481,0.326101694915254,2026-01-04,2026-07-04
"SYN00972","Model C",505,0.342372881355932,2026-01-04,2026-07-04
"SYN00973","Model A",193,0.333333333333333,2026-01-04,2026-07-04
"SYN00973","Model B",185,0.319516407599309,2026-01-04,2026-07-04
"SYN00973","Model C",201,0.347150259067358,2026-01-04,2026-07-04
"SYN00974","Model A",23,0.365079365079365,2026-01-04,2026-07-04
"SYN00974","Model B",21,0.333333333333333,2026-01-04,2026-07-04
"SYN00974","Model C",19,0.301587301587302,2026-01-04,2026-07-04
"SYN00975","Model A",217,0.316326530612245,2026-01-04,2026-07-04
"SYN00975","Model B",214,0.311953352769679,2026-01-04,2026-07-04
"SYN00975","Model C",255,0.371720116618076,2026-01-04,2026-07-04
"SYN00976","Model A",36,0.307692307692308,2026-01-04,2026-07-04
"SYN00976","Model B",46,0.393162393162393,2026-01-04,2026-07-04
"SYN00976","Model C",35,0.299145299145299,2026-01-04,2026-07-04
"SYN00977","Model A",101,0.341216216216216,2026-01-04,2026-07-04
"SYN00977","Model B",100,0.337837837837838,2026-01-04,2026-07-04
"SYN00977","Model C",95,0.320945945945946,2026-01-04,2026-07-04
"SYN00978","Model A",266,0.309662398137369,2026-01-04,2026-07-04
"SYN00978","Model B",298,0.346915017462165,2026-01-04,2026-07-04
"SYN00978","Model C",295,0.343422584400466,2026-01-04,2026-07-04
"SYN00979","Model A",344,0.323308270676692,2026-01-04,2026-07-04
"SYN00979","Model B",361,0.339285714285714,2026-01-04,2026-07-04
"SYN00979","Model C",359,0.337406015037594,2026-01-04,2026-07-04
"SYN00980","Model A",222,0.349056603773585,2026-01-04,2026-07-04
"SYN00980","Model B",224,0.352201257861635,2026-01-04,2026-07-04
"SYN00980","Model C",190,0.29874213836478,2026-01-04,2026-07-04
"SYN00981","Model A",408,0.336079077429984,2026-01-04,2026-07-04
"SYN00981","Model B",392,0.322899505766063,2026-01-04,2026-07-04
"SYN00981","Model C",414,0.341021416803954,2026-01-04,2026-07-04
"SYN00982","Model A",1011,0.337112370790263,2026-01-04,2026-07-04
"SYN00982","Model B",1005,0.3351117039013,2026-01-04,2026-07-04
"SYN00982","Model C",983,0.327775925308436,2026-01-04,2026-07-04
"SYN00983","Model A",81,0.325301204819277,2026-01-04,2026-07-04
"SYN00983","Model B",86,0.345381526104418,2026-01-04,2026-07-04
"SYN00983","Model C",82,0.329317269076305,2026-01-04,2026-07-04
"SYN00984","Model A",525,0.336107554417414,2026-01-04,2026-07-04
"SYN00984","Model B",516,0.330345710627401,2026-01-04,2026-07-04
"SYN00984","Model C",521,0.333546734955186,2026-01-04,2026-07-04
"SYN00985","Model A",81,0.3,2026-01-04,2026-07-04
"SYN00985","Model B",95,0.351851851851852,2026-01-04,2026-07-04
"SYN00985","Model C",94,0.348148148148148,2026-01-04,2026-07-04
"SYN00986","Model A",287,0.311279826464208,2026-01-04,2026-07-04
"SYN00986","Model B",303,0.328633405639913,2026-01-04,2026-07-04
"SYN00986","Model C",332,0.360086767895879,2026-01-04,2026-07-04
"SYN00987","Model A",344,0.345035105315948,2026-01-04,2026-07-04
"SYN00987","Model B",325,0.325977933801404,2026-01-04,2026-07-04
"SYN00987","Model C",328,0.328986960882648,2026-01-04,2026-07-04
"SYN00988","Model A",142,0.327188940092166,2026-01-04,2026-07-04
"SYN00988","Model B",158,0.36405529953917,2026-01-04,2026-07-04
"SYN00988","Model C",134,0.308755760368664,2026-01-04,2026-07-04
"SYN00989","Model A",45,0.340909090909091,2026-01-04,2026-07-04
"SYN00989","Model B",48,0.363636363636364,2026-01-04,2026-07-04
"SYN00989","Model C",39,0.295454545454545,2026-01-04,2026-07-04
"SYN00990","Model A",115,0.373376623376623,2026-01-04,2026-07-04
"SYN00990","Model B",104,0.337662337662338,2026-01-04,2026-07-04
"SYN00990","Model C",89,0.288961038961039,2026-01-04,2026-07-04
"SYN00991","Model A",588,0.343057176196033,2026-01-04,2026-07-04
"SYN00991","Model B",542,0.316219369894983,2026-01-04,2026-07-04
"SYN00991","Model C",584,0.340723453908985,2026-01-04,2026-07-04
"SYN00992","Model A",50,0.318471337579618,2026-01-04,2026-07-04
"SYN00992","Model B",46,0.292993630573248,2026-01-04,2026-07-04
"SYN00992","Model C",61,0.388535031847134,2026-01-04,2026-07-04
"SYN00993","Model A",1202,0.325304465493911,2026-01-04,2026-07-04
"SYN00993","Model B",1226,0.331799729364005,2026-01-04,2026-07-04
"SYN00993","Model C",1267,0.342895805142084,2026-01-04,2026-07-04
"SYN00994","Model A",116,0.326760563380282,2026-01-04,2026-07-04
"SYN00994","Model B",116,0.326760563380282,2026-01-04,2026-07-04
"SYN00994","Model C",123,0.346478873239437,2026-01-04,2026-07-04
"SYN00995","Model A",104,0.337662337662338,2026-01-04,2026-07-04
"SYN00995","Model B",102,0.331168831168831,2026-01-04,2026-07-04
"SYN00995","Model C",102,0.331168831168831,2026-01-04,2026-07-04
"SYN00996","Model A",379,0.352886405959032,2026-01-04,2026-07-04
"SYN00996","Model B",359,0.334264432029795,2026-01-04,2026-07-04
"SYN00996","Model C",336,0.312849162011173,2026-01-04,2026-07-04
"SYN00997","Model A",374,0.375879396984925,2026-01-04,2026-07-04
"SYN00997","Model B",328,0.32964824120603,2026-01-04,2026-07-04
"SYN00997","Model C",293,0.294472361809045,2026-01-04,2026-07-04
"SYN00998","Model A",1184,0.328980272297861,2026-01-04,2026-07-04
"SYN00998","Model B",1204,0.334537371492081,2026-01-04,2026-07-04
"SYN00998","Model C",1211,0.336482356210058,2026-01-04,2026-07-04
"SYN00999","Model A",263,0.327114427860696,2026-01-04,2026-07-04
"SYN00999","Model B",267,0.332089552238806,2026-01-04,2026-07-04
"SYN00999","Model C",274,0.340796019900498,2026-01-04,2026-07-04
"SYN01000","Model A",469,0.332624113475177,2026-01-04,2026-07-04
"SYN01000","Model B",485,0.343971631205674,2026-01-04,2026-07-04
"SYN01000","Model C",456,0.323404255319149,2026-01-04,2026-07-04
"SYN01001","Model A",190,0.341726618705036,2026-01-04,2026-07-04
"SYN01001","Model B",168,0.302158273381295,2026-01-04,2026-07-04
"SYN01001","Model C",198,0.356115107913669,2026-01-04,2026-07-04
"SYN01002","Model A",295,0.340253748558247,2026-01-04,2026-07-04
"SYN01002","Model B",290,0.334486735870819,2026-01-04,2026-07-04
"SYN01002","Model C",282,0.325259515570934,2026-01-04,2026-07-04
"SYN01004","Model A",96,0.328767123287671,2026-01-04,2026-07-04
"SYN01004","Model B",100,0.342465753424658,2026-01-04,2026-07-04
"SYN01004","Model C",96,0.328767123287671,2026-01-04,2026-07-04
"SYN01005","Model A",139,0.352791878172589,2026-01-04,2026-07-04
"SYN01005","Model B",128,0.3248730964467,2026-01-04,2026-07-04
"SYN01005","Model C",127,0.322335025380711,2026-01-04,2026-07-04
"SYN01006","Model A",366,0.340148698884758,2026-01-04,2026-07-04
"SYN01006","Model B",350,0.325278810408922,2026-01-04,2026-07-04
"SYN01006","Model C",360,0.33457249070632,2026-01-04,2026-07-04
"SYN01007","Model A",1131,0.330122591943958,2026-01-04,2026-07-04
"SYN01007","Model B",1097,0.32019848219498,2026-01-04,2026-07-04
"SYN01007","Model C",1198,0.349678925861062,2026-01-04,2026-07-04
"SYN01008","Model A",129,0.366477272727273,2026-01-04,2026-07-04
"SYN01008","Model B",113,0.321022727272727,2026-01-04,2026-07-04
"SYN01008","Model C",110,0.3125,2026-01-04,2026-07-04
"SYN01011","Model A",867,0.32496251874063,2026-01-04,2026-07-04
"SYN01011","Model B",892,0.334332833583208,2026-01-04,2026-07-04
"SYN01011","Model C",909,0.340704647676162,2026-01-04,2026-07-04
"SYN01014","Model A",324,0.326283987915408,2026-01-04,2026-07-04
"SYN01014","Model B",334,0.336354481369587,2026-01-04,2026-07-04
"SYN01014","Model C",335,0.337361530715005,2026-01-04,2026-07-04
"SYN01015","Model A",579,0.332376578645235,2026-01-04,2026-07-04
"SYN01015","Model B",600,0.34443168771527,2026-01-04,2026-07-04
"SYN01015","Model C",563,0.323191733639495,2026-01-04,2026-07-04
"SYN01018","Model A",494,0.324359816152331,2026-01-04,2026-07-04
"SYN01018","Model B",519,0.340774786605384,2026-01-04,2026-07-04
"SYN01018","Model C",510,0.334865397242285,2026-01-04,2026-07-04
"SYN01019","Model A",898,0.331610044313146,2026-01-04,2026-07-04
"SYN01019","Model B",887,0.327548005908419,2026-01-04,2026-07-04
"SYN01019","Model C",923,0.340841949778434,2026-01-04,2026-07-04
"SYN01020","Model A",13,0.393939393939394,2026-01-04,2026-07-04
"SYN01020","Model B",5,0.151515151515152,2026-01-04,2026-07-04
"SYN01020","Model C",15,0.454545454545455,2026-01-04,2026-07-04
"SYN01021","Model A",11,0.44,2026-01-04,2026-07-04
"SYN01021","Model B",6,0.24,2026-01-04,2026-07-04
"SYN01021","Model C",8,0.32,2026-01-04,2026-07-04
"SYN01022","Model A",490,0.351506456241033,2026-01-04,2026-07-04
"SYN01022","Model B",411,0.294835007173601,2026-01-04,2026-07-04
"SYN01022","Model C",493,0.353658536585366,2026-01-04,2026-07-04
"SYN01023","Model A",239,0.327397260273973,2026-01-04,2026-07-04
"SYN01023","Model B",230,0.315068493150685,2026-01-04,2026-07-04
"SYN01023","Model C",261,0.357534246575342,2026-01-04,2026-07-04
"SYN01024","Model A",664,0.33739837398374,2026-01-04,2026-07-04
"SYN01024","Model B",669,0.339939024390244,2026-01-04,2026-07-04
"SYN01024","Model C",635,0.322662601626016,2026-01-04,2026-07-04
"SYN01025","Model A",2,0.2,2026-01-04,2026-07-04
"SYN01025","Model B",4,0.4,2026-01-04,2026-07-04
"SYN01025","Model C",4,0.4,2026-01-04,2026-07-04
"SYN01026","Model A",105,0.302593659942363,2026-01-04,2026-07-04
"SYN01026","Model B",102,0.293948126801153,2026-01-04,2026-07-04
"SYN01026","Model C",140,0.403458213256484,2026-01-04,2026-07-04
"SYN01027","Model A",31,0.326315789473684,2026-01-04,2026-07-04
"SYN01027","Model B",30,0.315789473684211,2026-01-04,2026-07-04
"SYN01027","Model C",34,0.357894736842105,2026-01-04,2026-07-04
"SYN01028","Model A",678,0.344337227018791,2026-01-04,2026-07-04
"SYN01028","Model B",650,0.330116810563738,2026-01-04,2026-07-04
"SYN01028","Model C",641,0.325545962417471,2026-01-04,2026-07-04
"SYN01029","Model A",15,0.333333333333333,2026-01-04,2026-07-04
"SYN01029","Model B",19,0.422222222222222,2026-01-04,2026-07-04
"SYN01029","Model C",11,0.244444444444444,2026-01-04,2026-07-04
"SYN01031","Model A",332,0.339815762538383,2026-01-04,2026-07-04
"SYN01031","Model B",339,0.346980552712385,2026-01-04,2026-07-04
"SYN01031","Model C",306,0.313203684749232,2026-01-04,2026-07-04
"SYN01033","Model A",59,0.347058823529412,2026-01-04,2026-07-04
"SYN01033","Model B",56,0.329411764705882,2026-01-04,2026-07-04
"SYN01033","Model C",55,0.323529411764706,2026-01-04,2026-07-04
"SYN01034","Model A",101,0.320634920634921,2026-01-04,2026-07-04
"SYN01034","Model B",109,0.346031746031746,2026-01-04,2026-07-04
"SYN01034","Model C",105,0.333333333333333,2026-01-04,2026-07-04
"SYN01035","Model A",292,0.331818181818182,2026-01-04,2026-07-04
"SYN01035","Model B",299,0.339772727272727,2026-01-04,2026-07-04
"SYN01035","Model C",289,0.328409090909091,2026-01-04,2026-07-04
"SYN01036","Model A",21,0.355932203389831,2026-01-04,2026-07-04
"SYN01036","Model B",14,0.23728813559322,2026-01-04,2026-07-04
"SYN01036","Model C",24,0.406779661016949,2026-01-04,2026-07-04
"SYN01037","Model A",278,0.298924731182796,2026-01-04,2026-07-04
"SYN01037","Model B",324,0.348387096774194,2026-01-04,2026-07-04
"SYN01037","Model C",328,0.352688172043011,2026-01-04,2026-07-04
"SYN01038","Model A",187,0.320754716981132,2026-01-04,2026-07-04
"SYN01038","Model B",190,0.32590051457976,2026-01-04,2026-07-04
"SYN01038","Model C",206,0.353344768439108,2026-01-04,2026-07-04
"SYN01040","Model A",16,0.363636363636364,2026-01-04,2026-07-04
"SYN01040","Model B",16,0.363636363636364,2026-01-04,2026-07-04
"SYN01040","Model C",12,0.272727272727273,2026-01-04,2026-07-04
"SYN01041","Model A",69,0.372972972972973,2026-01-04,2026-07-04
"SYN01041","Model B",61,0.32972972972973,2026-01-04,2026-07-04
"SYN01041","Model C",55,0.297297297297297,2026-01-04,2026-07-04
"SYN01042","Model A",390,0.343007915567282,2026-01-04,2026-07-04
"SYN01042","Model B",392,0.344766930518909,2026-01-04,2026-07-04
"SYN01042","Model C",355,0.312225153913808,2026-01-04,2026-07-04
"SYN01043","Model A",378,0.34583714547118,2026-01-04,2026-07-04
"SYN01043","Model B",374,0.342177493138152,2026-01-04,2026-07-04
"SYN01043","Model C",341,0.311985361390668,2026-01-04,2026-07-04
"SYN01044","Model A",205,0.348639455782313,2026-01-04,2026-07-04
"SYN01044","Model B",196,0.333333333333333,2026-01-04,2026-07-04
"SYN01044","Model C",187,0.318027210884354,2026-01-04,2026-07-04
"SYN01045","Model A",363,0.317863397548161,2026-01-04,2026-07-04
"SYN01045","Model B",393,0.344133099824869,2026-01-04,2026-07-04
"SYN01045","Model C",386,0.33800350262697,2026-01-04,2026-07-04
"SYN01046","Model A",1478,0.323342813388755,2026-01-04,2026-07-04
"SYN01046","Model B",1537,0.336250273463137,2026-01-04,2026-07-04
"SYN01046","Model C",1556,0.340406913148108,2026-01-04,2026-07-04
"SYN01047","Model A",12,0.444444444444444,2026-01-04,2026-07-04
"SYN01047","Model B",8,0.296296296296296,2026-01-04,2026-07-04
"SYN01047","Model C",7,0.259259259259259,2026-01-04,2026-07-04
"SYN01048","Model A",390,0.339130434782609,2026-01-04,2026-07-04
"SYN01048","Model B",362,0.314782608695652,2026-01-04,2026-07-04
"SYN01048","Model C",398,0.346086956521739,2026-01-04,2026-07-04
"SYN01049","Model A",534,0.346528228423102,2026-01-04,2026-07-04
"SYN01049","Model B",498,0.323166774821544,2026-01-04,2026-07-04
"SYN01049","Model C",509,0.330304996755354,2026-01-04,2026-07-04
"SYN01050","Model A",796,0.328518365662402,2026-01-04,2026-07-04
"SYN01050","Model B",808,0.333470903838217,2026-01-04,2026-07-04
"SYN01050","Model C",819,0.338010730499381,2026-01-04,2026-07-04
"SYN01051","Model A",45,0.290322580645161,2026-01-04,2026-07-04
"SYN01051","Model B",56,0.361290322580645,2026-01-04,2026-07-04
"SYN01051","Model C",54,0.348387096774194,2026-01-04,2026-07-04
"SYN01053","Model A",202,0.309341500765697,2026-01-04,2026-07-04
"SYN01053","Model B",232,0.355283307810107,2026-01-04,2026-07-04
"SYN01053","Model C",219,0.335375191424196,2026-01-04,2026-07-04
"SYN01054","Model A",197,0.320846905537459,2026-01-04,2026-07-04
"SYN01054","Model B",192,0.312703583061889,2026-01-04,2026-07-04
"SYN01054","Model C",225,0.366449511400651,2026-01-04,2026-07-04
"SYN01055","Model A",279,0.301948051948052,2026-01-04,2026-07-04
"SYN01055","Model B",330,0.357142857142857,2026-01-04,2026-07-04
"SYN01055","Model C",315,0.340909090909091,2026-01-04,2026-07-04
"SYN01056","Model A",161,0.357777777777778,2026-01-04,2026-07-04
"SYN01056","Model B",142,0.315555555555556,2026-01-04,2026-07-04
"SYN01056","Model C",147,0.326666666666667,2026-01-04,2026-07-04
"SYN01057","Model A",826,0.34517342248224,2026-01-04,2026-07-04
"SYN01057","Model B",824,0.344337651483494,2026-01-04,2026-07-04
"SYN01057","Model C",743,0.310488926034267,2026-01-04,2026-07-04
"SYN01058","Model A",671,0.340436326737697,2026-01-04,2026-07-04
"SYN01058","Model B",632,0.320649416539827,2026-01-04,2026-07-04
"SYN01058","Model C",668,0.338914256722476,2026-01-04,2026-07-04
"SYN01059","Model A",226,0.338323353293413,2026-01-04,2026-07-04
"SYN01059","Model B",221,0.330838323353293,2026-01-04,2026-07-04
"SYN01059","Model C",221,0.330838323353293,2026-01-04,2026-07-04
"SYN01060","Model A",255,0.32035175879397,2026-01-04,2026-07-04
"SYN01060","Model B",268,0.336683417085427,2026-01-04,2026-07-04
"SYN01060","Model C",273,0.342964824120603,2026-01-04,2026-07-04
"SYN01061","Model A",11,0.366666666666667,2026-01-04,2026-07-04
"SYN01061","Model B",9,0.3,2026-01-04,2026-07-04
"SYN01061","Model C",10,0.333333333333333,2026-01-04,2026-07-04
"SYN01062","Model A",4,0.2,2026-01-04,2026-07-04
"SYN01062","Model B",12,0.6,2026-01-04,2026-07-04
"SYN01062","Model C",4,0.2,2026-01-04,2026-07-04
"SYN01063","Model A",592,0.330357142857143,2026-01-04,2026-07-04
"SYN01063","Model B",618,0.344866071428571,2026-01-04,2026-07-04
"SYN01063","Model C",582,0.324776785714286,2026-01-04,2026-07-04
"SYN01065","Model A",10,0.32258064516129,2026-01-04,2026-07-04
"SYN01065","Model B",8,0.258064516129032,2026-01-04,2026-07-04
"SYN01065","Model C",13,0.419354838709677,2026-01-04,2026-07-04
"SYN01066","Model A",431,0.301609517144857,2026-01-04,2026-07-04
"SYN01066","Model B",493,0.344996501049685,2026-01-04,2026-07-04
"SYN01066","Model C",505,0.353393981805458,2026-01-04,2026-07-04
"SYN01067","Model A",143,0.353086419753086,2026-01-04,2026-07-04
"SYN01067","Model B",131,0.323456790123457,2026-01-04,2026-07-04
"SYN01067","Model C",131,0.323456790123457,2026-01-04,2026-07-04
"SYN01069","Model A",651,0.339593114241002,2026-01-04,2026-07-04
"SYN01069","Model B",635,0.331246739697444,2026-01-04,2026-07-04
"SYN01069","Model C",631,0.329160146061555,2026-01-04,2026-07-04
"SYN01070","Model A",1190,0.327012915636164,2026-01-04,2026-07-04
"SYN01070","Model B",1243,0.341577356416598,2026-01-04,2026-07-04
"SYN01070","Model C",1206,0.331409727947238,2026-01-04,2026-07-04
"SYN01071","Model A",93,0.308970099667774,2026-01-04,2026-07-04
"SYN01071","Model B",104,0.345514950166113,2026-01-04,2026-07-04
"SYN01071","Model C",104,0.345514950166113,2026-01-04,2026-07-04
"SYN01072","Model A",20,0.232558139534884,2026-01-04,2026-07-04
"SYN01072","Model B",37,0.430232558139535,2026-01-04,2026-07-04
"SYN01072","Model C",29,0.337209302325581,2026-01-04,2026-07-04
"SYN01073","Model A",573,0.337654684737773,2026-01-04,2026-07-04
"SYN01073","Model B",522,0.307601649970536,2026-01-04,2026-07-04
"SYN01073","Model C",602,0.354743665291691,2026-01-04,2026-07-04
"SYN01074","Model A",30,0.303030303030303,2026-01-04,2026-07-04
"SYN01074","Model B",34,0.343434343434343,2026-01-04,2026-07-04
"SYN01074","Model C",35,0.353535353535354,2026-01-04,2026-07-04
"SYN01075","Model A",153,0.347727272727273,2026-01-04,2026-07-04
"SYN01075","Model B",131,0.297727272727273,2026-01-04,2026-07-04
"SYN01075","Model C",156,0.354545454545455,2026-01-04,2026-07-04
"SYN01076","Model A",3,0.375,2026-01-04,2026-07-04
"SYN01076","Model B",4,0.5,2026-01-04,2026-07-04
"SYN01076","Model C",1,0.125,2026-01-04,2026-07-04
"SYN01077","Model A",6,0.428571428571429,2026-01-04,2026-07-04
"SYN01077","Model B",7,0.5,2026-01-04,2026-07-04
"SYN01077","Model C",1,0.0714285714285714,2026-01-04,2026-07-04
"SYN01078","Model A",1154,0.329431915500999,2026-01-04,2026-07-04
"SYN01078","Model B",1221,0.348558378532686,2026-01-04,2026-07-04
"SYN01078","Model C",1128,0.322009705966315,2026-01-04,2026-07-04
"SYN01080","Model A",239,0.327397260273973,2026-01-04,2026-07-04
"SYN01080","Model B",240,0.328767123287671,2026-01-04,2026-07-04
"SYN01080","Model C",251,0.343835616438356,2026-01-04,2026-07-04
